{"baselineNational":{"Labour":33.47874313627685,"Conservative":24.406748108187173,"Reform":1.3681934827893036,"Liberal Democrat":15.343253830997158,"Green":11.109769072431938,"SNP":0,"Plaid Cymru":0},"totalBaselineVotes":6317089}