{"type":"FeatureCollection","features":[{"type":"Feature","properties":{"reference":"E06000046","name":"Isle of Wight"},"geometry":{"type":"MultiPolygon","coordinates":[[[[-1.10895138175638,50.6655372631244],[-1.11692453947754,50.6686504194173],[-1.11768069688851,50.6686200926303],[-1.1217656384008,50.6702372886214],[-1.12835874458753,50.6719145575176],[-1.13058957285773,50.670891555843],[-1.13261101025231,50.6708553615836],[-1.13665777656721,50.6716579355231],[-1.1406461906494,50.6731073391037],[-1.14323561219294,50.6730517700672],[-1.1433006027764,50.6733661027905],[-1.14271754780556,50.6734418335441],[-1.14287134675046,50.6749475096565],[-1.14219718903131,50.6756736533697],[-1.13929382398891,50.6769427479211],[-1.13875219635612,50.6774621723707],[-1.13788062601518,50.676676982957],[-1.13873592581207,50.6758001729336],[-1.13745473662697,50.6755856329633],[-1.13643190010283,50.6761032846303],[-1.13629518159974,50.6768450604399],[-1.13493372294321,50.6761461245965],[-1.13409635123617,50.6763485780238],[-1.1334008992804,50.6773038595133],[-1.13370144653084,50.678277327624],[-1.1328200792783,50.678635879189],[-1.13088627982318,50.6791224320499],[-1.1306235141599,50.678709430925],[-1.1293894438428,50.6782416244118],[-1.12857255376833,50.6785637646867],[-1.12833939516095,50.6794586375583],[-1.12895218090301,50.6806133591827],[-1.12863614705722,50.6813197138291],[-1.12812473848559,50.6814210795125],[-1.12711496423655,50.680686921863],[-1.12648555706527,50.6806633298742],[-1.12641397915999,50.6816969609825],[-1.11581454289676,50.687751166028],[-1.10846633930942,50.6938590669004],[-1.10837691584055,50.6938542862434],[-1.10829185102894,50.6935034059896],[-1.10238923015083,50.6923954089782],[-1.10070769424856,50.6916475956145],[-1.09981740138537,50.6908496505728],[-1.09847982698164,50.6904284935413],[-1.09648380635015,50.6909854734277],[-1.09355426156659,50.6929915235954],[-1.09302453407305,50.6937174124024],[-1.09468525562164,50.6947542536823],[-1.09356372261128,50.6957791899338],[-1.08242214631218,50.6944571783689],[-1.07913296761736,50.6926722795784],[-1.07735922008068,50.692063715373],[-1.07067279078109,50.687928241152],[-1.06959795266028,50.6859486111167],[-1.06987550729442,50.6839847293269],[-1.07012887729041,50.6835211781903],[-1.07350111174659,50.6813721818593],[-1.0771254157234,50.6806558204529],[-1.08539179627767,50.6772525400518],[-1.08625662699188,50.6757729449033],[-1.08768956548882,50.6745941564453],[-1.09195989849497,50.673241033628],[-1.09534874551783,50.6716055314955],[-1.09714512007788,50.6699431289721],[-1.09760361686982,50.6687408567617],[-1.09698290666305,50.6680191080669],[-1.09535365008583,50.6675993629567],[-1.09518581784923,50.6672526201483],[-1.09613021563974,50.6668924468369],[-1.09703145236834,50.6659328182471],[-1.09808546720176,50.6657414936175],[-1.09794649342982,50.6652428630117],[-1.09833201381892,50.6652042397304],[-1.0986040124497,50.6651763637568],[-1.09889432493757,50.6650366172827],[-1.09854495096676,50.6649692480509],[-1.10320904659618,50.6649669226907],[-1.10888781358507,50.6655318356405],[-1.10895138175638,50.6655372631244]]],[[[-1.17439463958128,50.7336680993814],[-1.17436729791054,50.7325556893525],[-1.17481277797441,50.7322379461537],[-1.17567372908037,50.7286479559557],[-1.1768089244818,50.7287513486464],[-1.18320912151012,50.7276003517538],[-1.1822104565462,50.7261301658306],[-1.18246838495658,50.7246606928924],[-1.18370262164025,50.7230946666897],[-1.18375277222515,50.7216076756038],[-1.1822483249349,50.7190699857013],[-1.18698462645802,50.718703836185],[-1.18716650352458,50.7202285313072],[-1.18842568087878,50.7202381999239],[-1.18889438417429,50.7209024371903],[-1.19276308753391,50.7211622242298],[-1.19327989799407,50.7209265654003],[-1.19324343666143,50.7202473562959],[-1.195659965691,50.7202586555379],[-1.19624446104138,50.7206259883815],[-1.19583187645099,50.7209765578665],[-1.19725042745774,50.7218595714371],[-1.19676370011291,50.7231512002102],[-1.1993503711133,50.7236609443439],[-1.20486031563466,50.7233055847039],[-1.20496219302549,50.7238980289848],[-1.20699412004007,50.7238759028747],[-1.20764541419549,50.7231438358145],[-1.20845418871221,50.720633988788],[-1.21205018229967,50.7214406900133],[-1.21206883611829,50.7219372668896],[-1.21257740783166,50.7221880283713],[-1.21605505835274,50.7223768844968],[-1.21781821051969,50.7218176539103],[-1.21929771738967,50.7206756267497],[-1.22343780029771,50.7193524629819],[-1.22456671506597,50.7204742483604],[-1.22502740892014,50.722341562105],[-1.22599529420383,50.7235305893742],[-1.22554168697954,50.7246163648025],[-1.22551376642017,50.7245962167477],[-1.22515806776766,50.7245486397138],[-1.22472708494697,50.7250761450103],[-1.22482020937936,50.7267795484009],[-1.22423034200121,50.7276070352677],[-1.22300567600213,50.7279750936542],[-1.22066936449032,50.7298321191504],[-1.22061142658654,50.7294768512012],[-1.22006344895272,50.7294770409249],[-1.22010130288223,50.7291268873431],[-1.21951874688001,50.7290333657504],[-1.21970648594808,50.7299998380801],[-1.21825048228756,50.7308312261502],[-1.21742414610485,50.7320490787268],[-1.21734826256365,50.7343302202702],[-1.21704620333967,50.7340211641603],[-1.21651532077898,50.7342838082099],[-1.21750730260498,50.7349745221762],[-1.21686448687737,50.7348124689643],[-1.2159372074837,50.7338954918716],[-1.21261312338032,50.7339970176507],[-1.21145920858249,50.7343663504231],[-1.21097100792472,50.7350297321032],[-1.20874684877336,50.7349612262605],[-1.20429907906233,50.7345698511662],[-1.20207904277026,50.7339548791704],[-1.19711009229318,50.7336435717589],[-1.19251223143361,50.7327370304578],[-1.18644843782631,50.733496666973],[-1.18375973437092,50.7329996501187],[-1.18263813090755,50.7334922231278],[-1.18145154744298,50.7333222921891],[-1.17896069933255,50.7341844755612],[-1.17439463958128,50.7336680993814]]],[[[-1.14692739441091,50.7068825147782],[-1.14113173067953,50.7052860928429],[-1.13926236453859,50.7050555583157],[-1.13890110058405,50.7052975242399],[-1.13719409575262,50.7050960247184],[-1.1341548935838,50.7054808701337],[-1.1305928886767,50.7067241857158],[-1.12803057997462,50.7050692345381],[-1.12429401410484,50.7043514873532],[-1.12228965877003,50.7033975454388],[-1.11976934837236,50.7033767537647],[-1.11337094617037,50.7037707084317],[-1.11143227889183,50.7035464784471],[-1.11097602165936,50.7055807679572],[-1.1101552553409,50.7064450494615],[-1.1054427109469,50.7055941959882],[-1.10540503187469,50.706009443079],[-1.10310692650463,50.7056923216506],[-1.10151225705458,50.7072571692684],[-1.10053439591755,50.7064583394681],[-1.09825251222923,50.706392046553],[-1.09794487661891,50.7061551772498],[-1.09808476487184,50.7027875429429],[-1.09910026492252,50.7013421807821],[-1.09791273212834,50.6964913392737],[-1.09614291250082,50.6942314089043],[-1.09846884430914,50.6946616899353],[-1.09909690046447,50.6945212600712],[-1.09960333275548,50.695238088622],[-1.10077174220675,50.6954541243983],[-1.10115933783677,50.6959280305772],[-1.10095205394597,50.6964097179239],[-1.10229391468407,50.6971657584826],[-1.1038876421946,50.6962619782948],[-1.10250814943437,50.6972703675607],[-1.10292798921041,50.6979534661117],[-1.10171839355524,50.6984918301467],[-1.10218649629081,50.6996513010608],[-1.10288960453021,50.6998787470342],[-1.10300288740716,50.6993138701037],[-1.10399484154261,50.6984858661813],[-1.10610688131722,50.6972052820993],[-1.10732503846263,50.6953970387293],[-1.10749764209371,50.6948066210896],[-1.10646146035753,50.6945702670267],[-1.10533055876361,50.6953105347966],[-1.10653116951976,50.69447817322],[-1.10745547520275,50.6944915440132],[-1.10708373498793,50.6940849141436],[-1.10838706213193,50.6938961380121],[-1.10837691584055,50.6938542862434],[-1.10846633930942,50.6938590669004],[-1.11581454289676,50.687751166028],[-1.12641397915999,50.6816969609825],[-1.12648555706527,50.6806633298742],[-1.12711496423655,50.680686921863],[-1.12812473848559,50.6814210795125],[-1.12863614705722,50.6813197138291],[-1.12895218090301,50.6806133591827],[-1.12833939516095,50.6794586375583],[-1.12857255376833,50.6785637646867],[-1.1293894438428,50.6782416244118],[-1.1306235141599,50.678709430925],[-1.13088627982318,50.6791224320499],[-1.1328200792783,50.678635879189],[-1.13370144653084,50.678277327624],[-1.1334008992804,50.6773038595133],[-1.13409635123617,50.6763485780238],[-1.13493372294321,50.6761461245965],[-1.13629518159974,50.6768450604399],[-1.13643190010283,50.6761032846303],[-1.13745473662697,50.6755856329633],[-1.13873592581207,50.6758001729336],[-1.13788062601518,50.676676982957],[-1.13875219635612,50.6774621723707],[-1.13929382398891,50.6769427479211],[-1.14219718903131,50.6756736533697],[-1.14287134675046,50.6749475096565],[-1.14271754780556,50.6734418335441],[-1.1433006027764,50.6733661027905],[-1.14323561219294,50.6730517700672],[-1.14307392567132,50.6726008814394],[-1.1413413621385,50.6720791907832],[-1.14177975135458,50.6708557653723],[-1.1433460624861,50.6694697195699],[-1.14328407301407,50.6691446207001],[-1.14263250062544,50.6689429415492],[-1.14273945891815,50.6685858191786],[-1.14313989895887,50.668200196252],[-1.14443388523752,50.6679318920084],[-1.14511643617479,50.6680591679507],[-1.14581491173695,50.6687944874375],[-1.14748293902082,50.6683400004378],[-1.14848588720874,50.6671899006707],[-1.14841985556914,50.6666930575333],[-1.14905990428656,50.6662732017429],[-1.14887739366859,50.6656495529534],[-1.14973437530556,50.6648123232502],[-1.15018858467554,50.6648102389662],[-1.15076007699719,50.6656857539267],[-1.15056187928023,50.6673336929589],[-1.15110529489897,50.6674131693331],[-1.15490556605312,50.6662581776529],[-1.15750184350917,50.6661105560497],[-1.15799920864502,50.6663120282098],[-1.15849183211695,50.6660610663889],[-1.15828629705562,50.6656090735279],[-1.15940576361705,50.6651224975566],[-1.1612475071226,50.6651510461009],[-1.16194967416886,50.6660050604243],[-1.16301845001654,50.6661368063571],[-1.16795879975878,50.6641856490073],[-1.1711958939859,50.6644407493103],[-1.17206015249221,50.663570955511],[-1.17465980788061,50.6645965830007],[-1.17608391056036,50.6643971801514],[-1.17815347540189,50.6656420339527],[-1.1765351707451,50.6665037618386],[-1.17506385777128,50.6666507815476],[-1.17554082418582,50.6670489242568],[-1.17494322808259,50.6675555310967],[-1.17521712064865,50.6685637654735],[-1.17581014765699,50.6692846743224],[-1.17681375364789,50.6694267104369],[-1.17691582786399,50.6698213000454],[-1.17549003140128,50.670268028658],[-1.17307728387348,50.6726835650042],[-1.17255671317623,50.6742788145407],[-1.17459295557987,50.6748616197129],[-1.17271128993973,50.6790138061732],[-1.17566842246399,50.6800410441872],[-1.17919310771707,50.6818905978438],[-1.18064524856049,50.6820600299445],[-1.18051049300925,50.682808162547],[-1.18162317425386,50.6832116436536],[-1.18080180416432,50.6848588487927],[-1.17974218734711,50.6857947604658],[-1.176991082399,50.6867223338263],[-1.17585515802873,50.687723302017],[-1.17506330610065,50.6879973937592],[-1.17461698661357,50.68777657815],[-1.17316442543382,50.6883463468855],[-1.17273253781817,50.6896418546331],[-1.17339151835318,50.6918569923656],[-1.17107586435157,50.692874717102],[-1.1707914221867,50.6935084944607],[-1.16902417624428,50.6945661283916],[-1.16535058742789,50.6960525255928],[-1.16419536738627,50.6960433531099],[-1.16309518705314,50.6968447776063],[-1.16253170424429,50.6982724496711],[-1.16190206618552,50.6986474103405],[-1.16216108043278,50.6991285476806],[-1.16180119787874,50.6996170163073],[-1.16264171212287,50.700998940923],[-1.16324933139755,50.701154429997],[-1.16231219961351,50.7022528919056],[-1.16294859343106,50.7029311103426],[-1.16369379023981,50.7028365721905],[-1.16384435884977,50.7033646674985],[-1.16314707455157,50.704991871129],[-1.16188888759135,50.7056635921999],[-1.1602501940345,50.7061482588462],[-1.16011628808665,50.706669816017],[-1.15789109453545,50.7077104196804],[-1.15617610574741,50.7076315013095],[-1.15555527856839,50.7078959138501],[-1.15454236602737,50.7086969966695],[-1.15469729010018,50.7093734831943],[-1.15424010939799,50.7093737348156],[-1.14985819718058,50.7088878201165],[-1.14933036777456,50.7085467430971],[-1.14923064081072,50.7077986412624],[-1.14791281654397,50.7076029255795],[-1.14692739441091,50.7068825147782]]],[[[-1.42652067720719,50.7059705761566],[-1.42654892890635,50.705943575163],[-1.42659436952905,50.706025871333],[-1.42652067720719,50.7059705761566]]],[[[-1.33815895967337,50.7344079814656],[-1.33598875113642,50.7325547729754],[-1.33474473144605,50.7329515077757],[-1.33453226070827,50.7324448604716],[-1.33536591788848,50.7302086282322],[-1.33454005598411,50.7307965438018],[-1.33267872988776,50.7307589132355],[-1.33171102216233,50.7282632396321],[-1.33400748448271,50.7275775949387],[-1.33525163244463,50.7267655178917],[-1.33556304178356,50.725180069883],[-1.33843024975611,50.7256082553376],[-1.34208048607577,50.7256631225228],[-1.34526164856527,50.7268474667154],[-1.34729344512429,50.7258202435884],[-1.34735327268133,50.7251793950885],[-1.35071565677902,50.7230012656844],[-1.35147024643153,50.722110675531],[-1.3556920970411,50.7218931092205],[-1.35567669513851,50.7207410131799],[-1.35744877819787,50.7203326792465],[-1.35932027581388,50.720735067521],[-1.36120533712198,50.7204594555776],[-1.36156505622547,50.7186890021987],[-1.36000049547071,50.7186345538559],[-1.35909016332688,50.7180791576321],[-1.35844606510158,50.7162797156085],[-1.35963111120312,50.7129967166058],[-1.35910534794,50.7129119201124],[-1.35804746717717,50.7136273738617],[-1.35592674338246,50.7136570068438],[-1.35318112801008,50.7093728519093],[-1.35331449129946,50.7091514447592],[-1.35672995776812,50.7091938415071],[-1.35792653048946,50.7084836612867],[-1.35753872739547,50.7078439370941],[-1.3582512024327,50.7073173579478],[-1.3587212994684,50.7037929188397],[-1.35919687386268,50.7029781495373],[-1.35778115985362,50.6984982818406],[-1.36345591096996,50.6976858982918],[-1.36587158467059,50.6963078515397],[-1.36636191233504,50.6946010405386],[-1.36593336281626,50.6914197896325],[-1.36640255633469,50.6871750442954],[-1.36626168415754,50.6858685507173],[-1.3648677138985,50.6859517652752],[-1.36525777672447,50.6854674337733],[-1.3651684581275,50.6844337117822],[-1.3659576317991,50.6841664140307],[-1.36648556950899,50.6832268486077],[-1.36648423089929,50.6813356794771],[-1.36852410349829,50.680888969889],[-1.36944253556917,50.6800630789907],[-1.37006765062435,50.6785080227839],[-1.37065456410417,50.6784427805039],[-1.37259885277093,50.6791035251834],[-1.37330651065851,50.6782539003115],[-1.37369973168032,50.6774250569662],[-1.3732481235483,50.6761573560307],[-1.37362167199423,50.67446516741],[-1.37764969568301,50.6670631957705],[-1.37666465096804,50.666228751658],[-1.37728114231636,50.6652913916498],[-1.37656404590011,50.6643118362777],[-1.37752079582222,50.6625813714851],[-1.37682288289554,50.6598293861098],[-1.3784148289916,50.6586256338097],[-1.37782021261281,50.6534155192394],[-1.37469599445796,50.6536928670681],[-1.3741212364603,50.6509540601816],[-1.37303021686597,50.6493932740778],[-1.37278180064409,50.647871178117],[-1.37328341931986,50.647903547577],[-1.3737254298656,50.6468942136358],[-1.3737191314429,50.6430118607294],[-1.37086802674964,50.6425872425139],[-1.37135196421684,50.6411887621652],[-1.36975121192083,50.6412772094456],[-1.36972224546596,50.6381627130836],[-1.37044149371432,50.6361944268553],[-1.37114984929253,50.6354563492006],[-1.37091833571964,50.6300312968132],[-1.36947172461635,50.6277230842942],[-1.36866716620622,50.6248751376226],[-1.36853147834712,50.622018247903],[-1.36601081509751,50.6204478893236],[-1.36772115028745,50.6169733072751],[-1.36608830650545,50.616047163685],[-1.36574452345366,50.6149076604993],[-1.36665999627016,50.6139132898118],[-1.37103450611527,50.6167870698681],[-1.37336914810221,50.6180120364375],[-1.37485981492105,50.6187941233479],[-1.38260561506859,50.6236556805363],[-1.39042206276438,50.6275845123403],[-1.39737000632314,50.6293140677097],[-1.40690453487472,50.6337557139674],[-1.41005341345012,50.6348675202656],[-1.41863588146638,50.6362938109336],[-1.4209140414712,50.6367960435357],[-1.42110255886805,50.6369185001771],[-1.42284599583384,50.6372219100073],[-1.42286795251021,50.6372267500662],[-1.4228676201682,50.6374914616714],[-1.42298168619116,50.6372518188159],[-1.42554339284151,50.6378164391669],[-1.43272420173925,50.6402833792477],[-1.43567572784025,50.6408643897597],[-1.44259567561658,50.6422262348005],[-1.44714831429541,50.6434616401536],[-1.45267349759158,50.6464132067341],[-1.45783353917141,50.6507918333921],[-1.46125361575282,50.6520424567651],[-1.46373896013736,50.6523867815543],[-1.46386763504732,50.6524046061733],[-1.46387407893655,50.6524050485964],[-1.46278002424548,50.6536367993442],[-1.46358657020103,50.6548609012175],[-1.46445085393349,50.655238974669],[-1.46234248513701,50.6572599818605],[-1.46248487100935,50.6581706696777],[-1.46204597214774,50.6584528383961],[-1.46159975482101,50.6599859119502],[-1.46195857297389,50.6633227557831],[-1.46058933931246,50.6682818677396],[-1.45549838984251,50.6675180318595],[-1.45449475893329,50.6663245346577],[-1.44404736856865,50.6656654009669],[-1.44271103297203,50.6641652510416],[-1.44255694883068,50.6653444183451],[-1.44301266932322,50.666651470249],[-1.44227751242846,50.6681515862443],[-1.44407076214721,50.6690773557924],[-1.4451921493002,50.6708156772962],[-1.43919018324742,50.671335491239],[-1.43848194159348,50.6734093677138],[-1.43738221747165,50.6748429461582],[-1.43556663904114,50.6761219163847],[-1.43165516202134,50.6779724890215],[-1.43067772426408,50.67895836847],[-1.42990471871892,50.680660780607],[-1.42877772577499,50.6841909765434],[-1.42913344596356,50.6883108946242],[-1.4286032850007,50.693070809853],[-1.42694031939638,50.6959729395913],[-1.42825240369733,50.6962668258742],[-1.42780312939302,50.6982275056521],[-1.42831072504333,50.7009980794068],[-1.42661343593718,50.7013133140031],[-1.42719396191307,50.7028959217311],[-1.42885943877935,50.7049315402238],[-1.42880793712451,50.7049321928084],[-1.42853613124025,50.7052743829763],[-1.42806625749909,50.7050175758463],[-1.426692518768,50.7051403070991],[-1.42586110175009,50.7049194776838],[-1.42628272854113,50.7051832499425],[-1.42612895383678,50.7060062334632],[-1.42663895090064,50.7065963402423],[-1.42474792068331,50.7080204553987],[-1.42499647745803,50.7092367943883],[-1.42058482808563,50.7117643600798],[-1.42037876460004,50.7115906709913],[-1.41775888448848,50.7120314503011],[-1.4170912934721,50.7108131755071],[-1.41744711163168,50.7118167589474],[-1.41707371036102,50.711889528092],[-1.41673332347184,50.7111270285573],[-1.41687805821463,50.7123624687491],[-1.4146115878724,50.7146622353178],[-1.41502723259414,50.7140420240661],[-1.41479673903887,50.7143529150755],[-1.41462584791137,50.7141991770446],[-1.41423674916251,50.7153033340576],[-1.41413898187841,50.7145096751615],[-1.41349566877433,50.7154389872535],[-1.41400342614306,50.7134523360869],[-1.41435061230196,50.7134387973726],[-1.4140529060036,50.7139148162587],[-1.41431989889228,50.7146544715789],[-1.41443640283179,50.7134877906323],[-1.41523042800314,50.7135340525972],[-1.41515367832749,50.7138186229297],[-1.41551598929944,50.7134644450228],[-1.41408081392474,50.7133798842179],[-1.41383171535683,50.7129101029706],[-1.41387760499926,50.7133195075333],[-1.4133415203962,50.7132610487285],[-1.41343718237138,50.7127453435052],[-1.4131539993845,50.7134192754127],[-1.41297515776032,50.7132223292863],[-1.41358057785188,50.7124906706619],[-1.41417895918126,50.7125503415139],[-1.41405165448668,50.7131054563249],[-1.41434822067256,50.7130619862328],[-1.41454134489132,50.7124927402434],[-1.41356270481412,50.7123594085607],[-1.41419087712715,50.7119343933824],[-1.4144446998667,50.7106587091358],[-1.41375633577641,50.7072398384916],[-1.41295590011112,50.7062402945574],[-1.41302617448024,50.7057154682656],[-1.41258284223465,50.7056078335834],[-1.41304428515784,50.7046040462129],[-1.4124069160754,50.7042725888802],[-1.41324400853918,50.7040322110295],[-1.41305623728034,50.7035321613147],[-1.41316588846518,50.7039373920906],[-1.41234772343824,50.7042498076725],[-1.41280085398891,50.7048195443191],[-1.41226823505944,50.7055119990174],[-1.4130848230684,50.708177909777],[-1.41300611845578,50.7101730200332],[-1.41233540338,50.7108045256793],[-1.41294191114241,50.7108921217122],[-1.41227631689622,50.7109993712996],[-1.41303474875056,50.7111704685569],[-1.41285979300026,50.711457355594],[-1.41162665807361,50.7110779206849],[-1.41187935514528,50.7108040186399],[-1.41147952108957,50.7103856280843],[-1.41071569635493,50.7104204290032],[-1.41034915858933,50.7099455484831],[-1.40915015454258,50.7098980955443],[-1.40866553853065,50.7101429348532],[-1.40731115494267,50.7096126574286],[-1.4076599522012,50.7091315199777],[-1.4070861351619,50.7085427131221],[-1.40746522383214,50.707972431865],[-1.4070236541655,50.7085558837714],[-1.40754118577894,50.7091156271471],[-1.40701884183585,50.709544620316],[-1.40755332655303,50.7099511223538],[-1.40802673405401,50.7099220583701],[-1.40856380763992,50.7104616627052],[-1.40974613940446,50.7101457270031],[-1.41061378428864,50.7108677550692],[-1.41110927552786,50.710772243616],[-1.41095597427889,50.7113649934063],[-1.41172020706557,50.7115253372048],[-1.41183505805424,50.7118550554141],[-1.41233895262912,50.7116543652509],[-1.41201716988475,50.7114495008809],[-1.412545411485,50.7116805883329],[-1.4118480628423,50.7120610567783],[-1.41238064495797,50.7139864139339],[-1.41190284892874,50.7144768048883],[-1.41081505228097,50.7145882050327],[-1.41077007527932,50.7142210702196],[-1.41046593230957,50.7143031618997],[-1.41060313144952,50.7140925261789],[-1.40966048785661,50.7135859453413],[-1.40887205378298,50.7135459688327],[-1.40919230127447,50.7138731363296],[-1.40863837375369,50.7135438814343],[-1.40883916172064,50.7132328515535],[-1.40850269870237,50.7134073998445],[-1.40706321719821,50.7128564530972],[-1.40661076694366,50.7129509079572],[-1.40663477853995,50.7127316056978],[-1.40581483662281,50.712832634992],[-1.40599958430644,50.712559297847],[-1.40437585968855,50.7121562077518],[-1.40311535514212,50.7111470451979],[-1.40297085725988,50.7114844335148],[-1.40269676342076,50.7107618017111],[-1.40233238268146,50.7105692817264],[-1.40267829223199,50.7102086482519],[-1.40251299900354,50.7092280309678],[-1.40248622476278,50.7102769062751],[-1.40223275606359,50.710607438792],[-1.40254742063298,50.7109229053348],[-1.40233883444768,50.7112878413475],[-1.39774295879168,50.7104480302149],[-1.40163678123037,50.7111969107967],[-1.40187557240757,50.711520172162],[-1.40201674197399,50.7113338474887],[-1.40235797618357,50.7115649186116],[-1.40203472751179,50.7117017463471],[-1.40253557861673,50.7116323780933],[-1.4034646368305,50.7125310339518],[-1.40610666467053,50.7136138031023],[-1.40704830604378,50.7144216669227],[-1.40754006788741,50.7141759716454],[-1.40735140256211,50.7145356222288],[-1.40933689406344,50.7150933867068],[-1.40987588759823,50.7166150095706],[-1.40958404067041,50.7168446434467],[-1.40900830854918,50.7171204960715],[-1.40938179923514,50.7178346244833],[-1.40794236593063,50.7184836901763],[-1.40811946505584,50.7190812648143],[-1.40711752352498,50.7176621308813],[-1.40783852434516,50.7177755169476],[-1.40962081646586,50.7167360171245],[-1.4097513230083,50.7166080823988],[-1.409640182852,50.7163215467485],[-1.40935504916615,50.7159037315486],[-1.4096198344305,50.7165885300027],[-1.407951178175,50.7174910183426],[-1.40672883704119,50.7171448602892],[-1.40498520241142,50.7171377502054],[-1.40664958270198,50.7173638805826],[-1.40609334175756,50.7175525880253],[-1.4063635422795,50.718029687556],[-1.4055632876457,50.7182468228276],[-1.40533858347924,50.7177906375888],[-1.40365410789638,50.7178080907188],[-1.40255290667877,50.7175173661789],[-1.40234599300938,50.7177483175935],[-1.40208653560431,50.7175437462377],[-1.40044172353338,50.7176728677663],[-1.39954693761111,50.7173040420532],[-1.39990047780801,50.7165729526497],[-1.3994583773678,50.716585058904],[-1.39926297945025,50.7171335106127],[-1.39919768679059,50.7168112305637],[-1.3988867927179,50.7168644801135],[-1.39906376208361,50.7172044238321],[-1.39696975549236,50.7171252388049],[-1.39741521072838,50.7175151382001],[-1.39742936720994,50.719174385758],[-1.39665158780217,50.7167512859459],[-1.39680612380056,50.7175137790889],[-1.39495454961719,50.7169771814603],[-1.39539892012863,50.7167888448678],[-1.39489605125519,50.7165695024779],[-1.39463368401025,50.7169242525661],[-1.39317482699208,50.7166936274015],[-1.39330670994304,50.71649539436],[-1.39429310928819,50.7166419032873],[-1.39320625016964,50.7163769743693],[-1.3938047108682,50.7158497889759],[-1.39253445119226,50.7165931616696],[-1.39256428955501,50.7161472736969],[-1.39322271806311,50.7157262499656],[-1.39264462891959,50.7159588440981],[-1.39273499819732,50.7156517615907],[-1.39255394579337,50.7159610682999],[-1.3923037263777,50.7154840408247],[-1.39202715014974,50.7156219839317],[-1.39244859999329,50.7158921725516],[-1.39190688124457,50.7159406002321],[-1.39263669945812,50.7160244502687],[-1.39222615266366,50.7165546802823],[-1.39152325010859,50.7164700692593],[-1.39179877685486,50.7163042441159],[-1.39148343611003,50.7157153633109],[-1.3912204907965,50.7164415062906],[-1.3898982571039,50.7161638931697],[-1.3900327396143,50.7156241300418],[-1.3896127891063,50.7161129346733],[-1.38860179539297,50.7160842425728],[-1.38851842360432,50.7158508901273],[-1.38763968560719,50.7162176699233],[-1.38792786416809,50.7156247614061],[-1.38721980245582,50.7161770588787],[-1.38738483369786,50.7155562544683],[-1.38770104627642,50.7156388552051],[-1.38737679222843,50.7155211400941],[-1.38756726561601,50.7147082927298],[-1.38730865445151,50.7155324718021],[-1.38690925118248,50.7155294675854],[-1.38706823832141,50.7152857008241],[-1.38673290679619,50.7155833940078],[-1.38635874269119,50.7154914920379],[-1.38635723514965,50.7158242185825],[-1.38593381009918,50.7154910476134],[-1.38571629264056,50.7162030298347],[-1.38520148639856,50.7160339421914],[-1.38572471774215,50.7159917429715],[-1.3857741484794,50.7154605281233],[-1.38510172305802,50.7153220822824],[-1.38450953398647,50.7156552813396],[-1.38436042157131,50.7149269724628],[-1.38444000565097,50.7154480783619],[-1.38340191632335,50.7159749544792],[-1.38340233652864,50.7163751374229],[-1.38291775432956,50.7163860564933],[-1.38321802453938,50.716063907626],[-1.38274266892053,50.7158684895463],[-1.3826807520789,50.716344690728],[-1.38190572764687,50.7163603585414],[-1.38189457842354,50.7160230683257],[-1.38169504031031,50.7163322601466],[-1.37956780416427,50.7163074421492],[-1.37911358723948,50.7160568161356],[-1.37914904756512,50.7151945932776],[-1.37833217382956,50.7148413079072],[-1.37829450439939,50.7142619683237],[-1.3787367138238,50.7139615428232],[-1.37823701746468,50.7142175961338],[-1.3782246606293,50.7147238263809],[-1.37780116097462,50.7144442225921],[-1.37775450835891,50.7119745413903],[-1.37746905366086,50.7112832633406],[-1.37701857362376,50.7108725763614],[-1.3769217386543,50.7108587481982],[-1.37659343935499,50.7105591460973],[-1.37691951552732,50.7103207848324],[-1.3768605156297,50.7102978571267],[-1.37648455782063,50.7105459724197],[-1.37683750058606,50.7108566763416],[-1.37732735878226,50.7112879004734],[-1.3776911437141,50.7133384150552],[-1.37738090306609,50.7128070767545],[-1.3773111834349,50.71336605764],[-1.37590906780128,50.7131436133219],[-1.37645249128179,50.7134569607534],[-1.37761340263302,50.7134333230567],[-1.37723930855836,50.7136597383764],[-1.37760563658734,50.7145555867581],[-1.37829911491682,50.7150920311161],[-1.37700057140007,50.715216017932],[-1.3788938818985,50.715317331866],[-1.37881585287514,50.7157557651209],[-1.37853780616211,50.7153585952661],[-1.37836464662528,50.715599576921],[-1.37932903706301,50.7174628252164],[-1.37796096995424,50.7181154992004],[-1.37717134946258,50.7179153198152],[-1.37642722817391,50.7181622322037],[-1.37613647620565,50.7186166088828],[-1.37559794140835,50.7182081427957],[-1.3757748184472,50.7185427258413],[-1.37265089702901,50.7188928246597],[-1.37215151003013,50.719373943691],[-1.37126279408259,50.7192009771585],[-1.36989717699086,50.719838372237],[-1.37132414523169,50.7192741506393],[-1.37224881486247,50.7194068430653],[-1.37283556631968,50.7189603674656],[-1.37385151453007,50.7191528919631],[-1.37581200516947,50.7188360913078],[-1.37684666041362,50.7182589048449],[-1.37771199120532,50.7185935744264],[-1.37859927427453,50.7185542536361],[-1.38037633892731,50.7171243443399],[-1.38846879228263,50.7166940659261],[-1.3876295690238,50.71685331925],[-1.3887711034085,50.7170841450822],[-1.38878344355474,50.7166795330005],[-1.38935463813536,50.7166528573478],[-1.38953016789673,50.7169892110997],[-1.38879142651839,50.717155295177],[-1.3896938624144,50.7172553584488],[-1.38982020702197,50.7167973876137],[-1.39012925473322,50.7175428046989],[-1.39259707671949,50.7177436700694],[-1.3930100581958,50.7174643512277],[-1.39280249438786,50.7177420449393],[-1.3934737552652,50.7184146132007],[-1.3929116114271,50.7190555654284],[-1.39323107310006,50.71910849171],[-1.39149001380486,50.7196632439504],[-1.39114930302596,50.7196102016561],[-1.39152813673444,50.7194539109037],[-1.39089069349172,50.7194415811365],[-1.38976508603088,50.7198340617371],[-1.38998961429532,50.7199980095724],[-1.38824215117276,50.7194168875662],[-1.38971099540744,50.7199632743784],[-1.38971167636877,50.7205657962749],[-1.3902469452661,50.7203635679282],[-1.38980331257412,50.7218009898529],[-1.38721752249113,50.7222775016276],[-1.38678563818952,50.7225881748555],[-1.38572809117672,50.7222084929694],[-1.38482203025885,50.7224763656128],[-1.38570353969292,50.7222443345179],[-1.38670534817425,50.722661492487],[-1.38768969641475,50.7223537296534],[-1.38861535309642,50.7231814414952],[-1.389621965423,50.7231228801602],[-1.38987141798687,50.7234525165084],[-1.39375107296564,50.7232378960942],[-1.39517798975687,50.7236922145619],[-1.39550441170697,50.7235049999123],[-1.39926102349189,50.7240851500283],[-1.39948657004362,50.7243410541472],[-1.39889226184932,50.7244888559549],[-1.40000235166052,50.7245081139338],[-1.40026098391321,50.7251195828604],[-1.39981795600155,50.7251136910804],[-1.39965112587881,50.7245483426154],[-1.39946886850438,50.7253910345041],[-1.39931839434676,50.7251403922962],[-1.3991431614895,50.725447112846],[-1.39846760222373,50.7254607966087],[-1.39863140432053,50.7251763920611],[-1.39902415297586,50.7253385212917],[-1.39874828681151,50.7248616817472],[-1.39910340936612,50.7249014669178],[-1.39866088337566,50.7242936939136],[-1.39875667214344,50.72476542116],[-1.39779170583447,50.724765104363],[-1.39854153603188,50.7249861611458],[-1.39791543903028,50.7249834698275],[-1.39842054417584,50.7250405532832],[-1.39771770977786,50.7253646041204],[-1.39810141733418,50.72510064657],[-1.39769146882125,50.7249168424135],[-1.39737674035828,50.7251190338068],[-1.39736076429743,50.7248809744465],[-1.39800880386367,50.7242573975196],[-1.39685864713733,50.725010898263],[-1.39726977596422,50.7252881197125],[-1.39673082603501,50.725731080373],[-1.39657536490598,50.7247163891681],[-1.39708052885834,50.7247983708181],[-1.39669189029555,50.7247164991445],[-1.39746761736793,50.7240570677878],[-1.39669781245894,50.7245442187415],[-1.39678636889602,50.7241678885932],[-1.39659913966655,50.7244082032186],[-1.39607291204687,50.7243076208855],[-1.39604689067006,50.7239421980005],[-1.39595650016366,50.7242590486543],[-1.39643284916252,50.7245755686659],[-1.3966066739359,50.7252994202075],[-1.39547315655797,50.7247482995916],[-1.39614722701205,50.7251079886822],[-1.39569721029197,50.7255324135437],[-1.39656758203971,50.7254487407082],[-1.39560503032709,50.7265127614985],[-1.3968762550807,50.7262935161077],[-1.39838704876009,50.7266786436069],[-1.40029135318602,50.7265697746044],[-1.40131661093272,50.7273358479241],[-1.40238737168549,50.7270827133953],[-1.40300523345749,50.7263825961432],[-1.40406825505587,50.7266661505171],[-1.40253902458583,50.7278534197898],[-1.3974211323153,50.7287085061807],[-1.39185645658237,50.7304799351367],[-1.38938511642803,50.7316943596164],[-1.38185031988974,50.7325560958602],[-1.38058915557244,50.7330324618501],[-1.3792373255778,50.7341747685942],[-1.36980944957626,50.7361100241474],[-1.36550965646908,50.7371864696478],[-1.36389584935357,50.7378980691614],[-1.358990775943,50.7381215930015],[-1.35329639919519,50.7390898055694],[-1.35126439621728,50.740716080529],[-1.34987364066927,50.7410514723223],[-1.34858049942935,50.7419195159822],[-1.34727152669966,50.7434085790991],[-1.34595945055044,50.7466225218337],[-1.34595801079196,50.7466259606743],[-1.34437053395864,50.7460402761043],[-1.34164746107071,50.7441400085848],[-1.33996035344415,50.7437743456164],[-1.33918356519201,50.7417654754945],[-1.33974641123312,50.7416517084013],[-1.33960724470361,50.7408613976444],[-1.33767983994874,50.7407577503763],[-1.33767393581542,50.7398666060118],[-1.3385552850447,50.7388733452121],[-1.33784919239491,50.7376949350194],[-1.33890202995786,50.7373987611848],[-1.33840064572158,50.7356647528689],[-1.33815895967337,50.7344079814656]]],[[[-1.32013172321562,50.7013405074909],[-1.32139626882835,50.7006446671627],[-1.32038094952481,50.6996738536109],[-1.3203604219073,50.699035257051],[-1.31985437453883,50.6990727643783],[-1.31980262152187,50.6986399491941],[-1.32029145229844,50.698622119557],[-1.32007568421514,50.6972853828006],[-1.32070331113049,50.6971622785347],[-1.32071315716067,50.6964816057347],[-1.31870932168922,50.6962172092475],[-1.32000463913186,50.6960322877623],[-1.32025797202137,50.6953539328611],[-1.31726943294304,50.6936818395557],[-1.31735068152565,50.693352288206],[-1.31579974074746,50.6933953285823],[-1.31554071454002,50.6929063603944],[-1.31350357359579,50.6931830409885],[-1.3134442276958,50.6926908394929],[-1.31225305093966,50.6927269617688],[-1.30954792947571,50.6921237094753],[-1.30839033483677,50.6927661125223],[-1.30885143467882,50.6930826987196],[-1.3077409679901,50.6934079312834],[-1.30685172637926,50.6949503081032],[-1.30467938833479,50.6956531628763],[-1.30414162861384,50.6951607925665],[-1.30302862368684,50.6956441968586],[-1.30807256614062,50.690784021163],[-1.30865291447672,50.6869394295652],[-1.30840070441407,50.6856042151239],[-1.31121470519106,50.6845480953531],[-1.31148795449689,50.6829022349487],[-1.30722390649334,50.6783300436934],[-1.30467887024179,50.6765226267255],[-1.30399803947489,50.6750658204596],[-1.29968995627561,50.6749258140434],[-1.29886182945721,50.6768815059731],[-1.29346996779225,50.6757825706545],[-1.29362562122713,50.6749906317921],[-1.29273695070484,50.6739705156036],[-1.29328367329158,50.6731796144558],[-1.29348385577382,50.6726691022926],[-1.29402270682665,50.6726913402099],[-1.29642541937939,50.6731824639799],[-1.29760328155051,50.6739053854781],[-1.29584409102314,50.6712634744061],[-1.29633454658072,50.671118909083],[-1.29542735175205,50.6705514384307],[-1.2970003292119,50.6704998137536],[-1.29824966942608,50.6699452767901],[-1.3006110027032,50.6707337317333],[-1.30174907616399,50.6717639340377],[-1.30283372195924,50.6718190776849],[-1.30472344403207,50.6730290693655],[-1.30673915884286,50.6728918630416],[-1.30828770469347,50.6733560838828],[-1.30989459201452,50.6728270193733],[-1.30965948669326,50.6724523445957],[-1.31232201064762,50.6717334272805],[-1.31251025511815,50.6741527628369],[-1.31316286699486,50.6730729232099],[-1.31403634160324,50.6730493091707],[-1.3140651964492,50.6734955802204],[-1.31565843439474,50.6737090471519],[-1.31587582133681,50.673363208407],[-1.31525219369075,50.6731356784086],[-1.31764207337721,50.671009392393],[-1.32341187724152,50.673836291391],[-1.3256953073622,50.6730023823385],[-1.3279187409245,50.6712975478267],[-1.3343172114082,50.6725546714679],[-1.33467745846988,50.6674865360508],[-1.334025912243,50.665931524771],[-1.33321917633479,50.6647444048476],[-1.32912772447615,50.6625248155933],[-1.32821761571816,50.6616544226806],[-1.32832213688109,50.6591828566277],[-1.33028459747374,50.6559837038989],[-1.3308448357739,50.6485083547378],[-1.3311770170209,50.6482260759421],[-1.33206145213699,50.6483012758549],[-1.33455166168503,50.6488461459308],[-1.33890718912809,50.6512297783249],[-1.34447053206423,50.6564151709471],[-1.34488236117496,50.6572142207016],[-1.34488310870835,50.6598114605134],[-1.34857153460362,50.657038033275],[-1.35108575062239,50.6581482790739],[-1.3492967347518,50.6598479047798],[-1.35028035456834,50.6601249086292],[-1.35036569455444,50.6619392792749],[-1.35183327961303,50.6609843236249],[-1.35175675301681,50.6626466644979],[-1.34961034278884,50.6632588015395],[-1.35063469310801,50.6650127855401],[-1.35641609696847,50.6654243706312],[-1.3606883722403,50.6652815867538],[-1.36692404309622,50.6648567265278],[-1.36667415842493,50.6646679551318],[-1.3671685787368,50.6643170421346],[-1.36833141977916,50.6652117331774],[-1.36879029032402,50.6649651881807],[-1.37112810770462,50.6652592320751],[-1.37494151932817,50.6652446965547],[-1.37666465096804,50.666228751658],[-1.37764969568301,50.6670631957705],[-1.37362167199423,50.67446516741],[-1.3732481235483,50.6761573560307],[-1.37369973168032,50.6774250569662],[-1.37330651065851,50.6782539003115],[-1.37259885277093,50.6791035251834],[-1.37065456410417,50.6784427805039],[-1.37006765062435,50.6785080227839],[-1.36944253556917,50.6800630789907],[-1.36852410349829,50.680888969889],[-1.36648423089929,50.6813356794771],[-1.36648556950899,50.6832268486077],[-1.3659576317991,50.6841664140307],[-1.3651684581275,50.6844337117822],[-1.36525777672447,50.6854674337733],[-1.3648677138985,50.6859517652752],[-1.36626168415754,50.6858685507173],[-1.36640255633469,50.6871750442954],[-1.36593336281626,50.6914197896325],[-1.36636191233504,50.6946010405386],[-1.36587158467059,50.6963078515397],[-1.36345591096996,50.6976858982918],[-1.35778115985362,50.6984982818406],[-1.35919687386268,50.7029781495373],[-1.3587212994684,50.7037929188397],[-1.3582512024327,50.7073173579478],[-1.35753872739547,50.7078439370941],[-1.35792653048946,50.7084836612867],[-1.35672995776812,50.7091938415071],[-1.35331449129946,50.7091514447592],[-1.35318112801008,50.7093728519093],[-1.35592674338246,50.7136570068438],[-1.35804746717717,50.7136273738617],[-1.35910534794,50.7129119201124],[-1.35963111120312,50.7129967166058],[-1.35844606510158,50.7162797156085],[-1.35909016332688,50.7180791576321],[-1.36000049547071,50.7186345538559],[-1.36156505622547,50.7186890021987],[-1.36120533712198,50.7204594555776],[-1.35932027581388,50.720735067521],[-1.35744877819787,50.7203326792465],[-1.35567669513851,50.7207410131799],[-1.3556920970411,50.7218931092205],[-1.35147024643153,50.722110675531],[-1.35071565677902,50.7230012656844],[-1.34735327268133,50.7251793950885],[-1.34612411564978,50.722798348615],[-1.34573104843862,50.720297928709],[-1.34333508361473,50.7192224110829],[-1.34149872659352,50.7177344843388],[-1.34246260425073,50.7172849396921],[-1.33916143087567,50.7105890589116],[-1.33707441736768,50.7037284618528],[-1.32238280475762,50.7056799500883],[-1.32187653333548,50.7047426776918],[-1.32129190316203,50.7048246846586],[-1.32111049697008,50.7043461703416],[-1.32160878067397,50.7042599763151],[-1.32013172321562,50.7013405074909]]],[[[-1.24707273991294,50.6874035996919],[-1.24727255476461,50.6866818893855],[-1.2468800538765,50.6859078062912],[-1.24159153868075,50.6837080186985],[-1.23908283920639,50.683030699973],[-1.23056517896734,50.6816842290415],[-1.22684330250344,50.6813800085513],[-1.22286975968068,50.6816611511713],[-1.21738919564625,50.6825912258735],[-1.21775572640921,50.6811484857539],[-1.21744821433424,50.6806571673055],[-1.21769719604288,50.6762397166011],[-1.21735001608128,50.6722706594123],[-1.21689697632406,50.6718547802833],[-1.21500178724433,50.6712773500805],[-1.21263729439288,50.668556293101],[-1.21447075456085,50.6685039305429],[-1.21860589712012,50.6676315171007],[-1.2232204451142,50.6680481459375],[-1.22379037602688,50.6676382981189],[-1.22372599674938,50.6645092346947],[-1.22171494426237,50.6598088818319],[-1.21746060267759,50.6552316327052],[-1.22378086535608,50.6518206607137],[-1.22475102425638,50.6504574488951],[-1.2248672777003,50.6497496067207],[-1.22261623580904,50.6486716753655],[-1.22047797956805,50.6470277960553],[-1.21993766952661,50.6454854846455],[-1.22001584330402,50.6432413939083],[-1.22110904625513,50.6412720981102],[-1.22164462444369,50.6412145456264],[-1.22189937329788,50.638629909246],[-1.22253793577598,50.6376421810453],[-1.22265746798053,50.6361340405766],[-1.22331287659348,50.6358335514056],[-1.22329702058404,50.6343963402575],[-1.22423693684017,50.6324403731808],[-1.22528780134539,50.6309644118547],[-1.22521309354049,50.6302606902399],[-1.22611399593476,50.6286697961957],[-1.22652896311305,50.628649827085],[-1.22763823419802,50.6270429715455],[-1.22844383376491,50.6275779337962],[-1.23002801651078,50.6275353759355],[-1.23167681240094,50.6273474889118],[-1.23347913759865,50.62666333349],[-1.23737016131791,50.6242941082442],[-1.24013454487295,50.6219748479587],[-1.23989161211407,50.6207412152714],[-1.24033754517819,50.6209581868839],[-1.24116492952348,50.6207576096797],[-1.24090967799361,50.6196651390373],[-1.24162282661691,50.6173423431183],[-1.23573652965611,50.6180647240939],[-1.23544924625616,50.6185241371486],[-1.2334548059069,50.6181702002119],[-1.232613342606,50.6177617973981],[-1.23211517823404,50.615103731658],[-1.23787314832496,50.6146946372551],[-1.23656703482598,50.6133029948479],[-1.23533698019393,50.6109773693487],[-1.2353843788836,50.6101458851906],[-1.23893841077806,50.6073705336652],[-1.23857687710564,50.6049948788042],[-1.24004580630458,50.604841399818],[-1.24030882754668,50.6047660546744],[-1.24062194929354,50.606470523253],[-1.2419745529743,50.6055827189696],[-1.24452462632641,50.6050084367121],[-1.24723967324385,50.6048029632391],[-1.24728368241522,50.6050604638142],[-1.24996235988866,50.6046578015456],[-1.25023738858435,50.6050426547006],[-1.25938668597066,50.6038322906982],[-1.2598924370609,50.6052816176456],[-1.26089143446312,50.6048355638615],[-1.2621820895341,50.6036341754293],[-1.26327420900745,50.6032867761086],[-1.26397396358623,50.6042651346584],[-1.26568707635651,50.6110432255955],[-1.26546674630063,50.6128512504994],[-1.26804461526946,50.6130373989322],[-1.27369781270244,50.6124136155256],[-1.27269189837483,50.6144091450403],[-1.2738152158073,50.6145214332606],[-1.27399479437057,50.6163535412385],[-1.27507393995623,50.6161282210559],[-1.27972643235702,50.6161633817573],[-1.28029803781122,50.6158521610115],[-1.28184648961402,50.6158077772884],[-1.28259587437555,50.6141117688002],[-1.28205226729575,50.6126848759515],[-1.28416780138813,50.6121466068994],[-1.28557695816676,50.6109250107214],[-1.287686221021,50.6100431151688],[-1.29010992837806,50.6097557469106],[-1.29117384560317,50.610434890861],[-1.29538657932733,50.6074190865671],[-1.2956916186658,50.6063875720774],[-1.29881948283532,50.606158311551],[-1.29927068291787,50.6058480708821],[-1.30053684367627,50.6060363900452],[-1.30076674487471,50.6061610297071],[-1.29966893112105,50.6074826786078],[-1.29976051832589,50.6084571623742],[-1.30138794299346,50.6087807934782],[-1.30251625523604,50.6097974442741],[-1.30302561748448,50.611003768707],[-1.30491907415098,50.6118991044215],[-1.30514094483592,50.6136261373482],[-1.30381290586057,50.6157936219461],[-1.30178570284745,50.6164874200072],[-1.30192814321875,50.6187087219343],[-1.30039649480622,50.6220979014066],[-1.29816801529709,50.6242338262626],[-1.29596357065858,50.6255884086916],[-1.2937934464223,50.6281355556958],[-1.29331428591474,50.6292585167699],[-1.29368271045132,50.6298695806778],[-1.29482847895808,50.6308702311815],[-1.29661004037093,50.6315329860121],[-1.29876427788855,50.6307204780824],[-1.29960997153697,50.630325403927],[-1.30064830179911,50.6290455683856],[-1.30388782642612,50.6270092294543],[-1.30548067739661,50.625317305008],[-1.30837434650592,50.6234954444544],[-1.30921466638662,50.6238421550916],[-1.30679525438205,50.625516630339],[-1.30625188767692,50.6272805476397],[-1.30582832955836,50.6275307447846],[-1.30837555193335,50.6287167151796],[-1.31039744446204,50.6291972819451],[-1.30934470062913,50.6319581977652],[-1.30777316798689,50.6320963113967],[-1.30734231950011,50.6338959638896],[-1.30738943894845,50.6349259111224],[-1.30937271831689,50.6382426367872],[-1.31192932640764,50.6376741133411],[-1.31397701186451,50.6398093567429],[-1.31631386198868,50.6394741809531],[-1.31594251333866,50.640501756898],[-1.31638963353003,50.640585295068],[-1.31682577167503,50.6398657480079],[-1.31770126262839,50.6395633195158],[-1.32024383526768,50.6418281922233],[-1.32261352223374,50.640884239722],[-1.32560142494437,50.6408061720035],[-1.32610888849421,50.6409197778497],[-1.32646306052292,50.6417734829149],[-1.3288055621868,50.6414361872073],[-1.33308202230182,50.6426478202486],[-1.33492280691798,50.6424893156152],[-1.33504555778085,50.644417210957],[-1.33574936997837,50.6444544900636],[-1.33455166168503,50.6488461459308],[-1.33206145213699,50.6483012758549],[-1.3311770170209,50.6482260759421],[-1.3308448357739,50.6485083547378],[-1.33028459747374,50.6559837038989],[-1.32832213688109,50.6591828566277],[-1.32821761571816,50.6616544226806],[-1.32912772447615,50.6625248155933],[-1.33321917633479,50.6647444048476],[-1.334025912243,50.665931524771],[-1.33467745846988,50.6674865360508],[-1.3343172114082,50.6725546714679],[-1.3279187409245,50.6712975478267],[-1.3256953073622,50.6730023823385],[-1.32341187724152,50.673836291391],[-1.31764207337721,50.671009392393],[-1.31525219369075,50.6731356784086],[-1.31587582133681,50.673363208407],[-1.31565843439474,50.6737090471519],[-1.3140651964492,50.6734955802204],[-1.31403634160324,50.6730493091707],[-1.31316286699486,50.6730729232099],[-1.31251025511815,50.6741527628369],[-1.31232201064762,50.6717334272805],[-1.30965948669326,50.6724523445957],[-1.30989459201452,50.6728270193733],[-1.30828770469347,50.6733560838828],[-1.30673915884286,50.6728918630416],[-1.30472344403207,50.6730290693655],[-1.30283372195924,50.6718190776849],[-1.30174907616399,50.6717639340377],[-1.3006110027032,50.6707337317333],[-1.29824966942608,50.6699452767901],[-1.2970003292119,50.6704998137536],[-1.29542735175205,50.6705514384307],[-1.29633454658072,50.671118909083],[-1.29584409102314,50.6712634744061],[-1.29760328155051,50.6739053854781],[-1.29642541937939,50.6731824639799],[-1.29402270682665,50.6726913402099],[-1.29348385577382,50.6726691022926],[-1.29328367329158,50.6731796144558],[-1.28897039833917,50.6727927466977],[-1.28785408489283,50.6729640206594],[-1.28684664782578,50.6746367851577],[-1.28719043371723,50.6752054580685],[-1.28510808940126,50.6751477348729],[-1.28519024485929,50.6756086313115],[-1.28721652992433,50.6769429921527],[-1.28756406462562,50.6777867795523],[-1.28873748431407,50.6783804076926],[-1.28970265553615,50.6801686321823],[-1.28929698695012,50.6805024820807],[-1.29047181330898,50.6809746318425],[-1.28979952041905,50.6814372158612],[-1.29008758038821,50.6819534000775],[-1.29047257779852,50.6819539504507],[-1.28974046736746,50.6830079108497],[-1.29035582181581,50.6842571856736],[-1.29022712897706,50.6851835750618],[-1.28791084992878,50.6851226660635],[-1.28733367051745,50.6887487089765],[-1.28683156445659,50.6888085629202],[-1.28373553636971,50.689368696957],[-1.28343432992606,50.69036953372],[-1.28194026410682,50.6902155817481],[-1.28110786494631,50.6896600564449],[-1.27695535407873,50.6887611085436],[-1.27310533850278,50.6872550834155],[-1.27023509937998,50.6864898558875],[-1.26934388284187,50.687180292464],[-1.26920497483122,50.6882864822773],[-1.2685231428222,50.6882534310028],[-1.26779082879003,50.6891021840436],[-1.26707305730446,50.6903719511416],[-1.26720862747656,50.6910283731882],[-1.26520927203223,50.692145318217],[-1.2649296454046,50.6927316995666],[-1.26525977706516,50.6935305019801],[-1.26420013905962,50.6954735412187],[-1.24975014142515,50.6901277493916],[-1.24848010414945,50.6894298348139],[-1.24707273991294,50.6874035996919]]],[[[-1.33455166168503,50.6488461459308],[-1.33574936997837,50.6444544900636],[-1.33504555778085,50.644417210957],[-1.33492280691798,50.6424893156152],[-1.33308202230182,50.6426478202486],[-1.3288055621868,50.6414361872073],[-1.32646306052292,50.6417734829149],[-1.32610888849421,50.6409197778497],[-1.32560142494437,50.6408061720035],[-1.32261352223374,50.640884239722],[-1.32024383526768,50.6418281922233],[-1.31770126262839,50.6395633195158],[-1.31682577167503,50.6398657480079],[-1.31638963353003,50.640585295068],[-1.31594251333866,50.640501756898],[-1.31631386198868,50.6394741809531],[-1.31397701186451,50.6398093567429],[-1.31192932640764,50.6376741133411],[-1.30937271831689,50.6382426367872],[-1.30738943894845,50.6349259111224],[-1.30734231950011,50.6338959638896],[-1.30777316798689,50.6320963113967],[-1.30934470062913,50.6319581977652],[-1.31039744446204,50.6291972819451],[-1.30837555193335,50.6287167151796],[-1.30582832955836,50.6275307447846],[-1.30625188767692,50.6272805476397],[-1.30679525438205,50.625516630339],[-1.30921466638662,50.6238421550916],[-1.30837434650592,50.6234954444544],[-1.30548067739661,50.625317305008],[-1.30388782642612,50.6270092294543],[-1.30064830179911,50.6290455683856],[-1.29960997153697,50.630325403927],[-1.29876427788855,50.6307204780824],[-1.29661004037093,50.6315329860121],[-1.29482847895808,50.6308702311815],[-1.29368271045132,50.6298695806778],[-1.29331428591474,50.6292585167699],[-1.2937934464223,50.6281355556958],[-1.29596357065858,50.6255884086916],[-1.29816801529709,50.6242338262626],[-1.30039649480622,50.6220979014066],[-1.30192814321875,50.6187087219343],[-1.30178570284745,50.6164874200072],[-1.30381290586057,50.6157936219461],[-1.30514094483592,50.6136261373482],[-1.30491907415098,50.6118991044215],[-1.30302561748448,50.611003768707],[-1.30251625523604,50.6097974442741],[-1.30138794299346,50.6087807934782],[-1.29976051832589,50.6084571623742],[-1.29966893112105,50.6074826786078],[-1.30076674487471,50.6061610297071],[-1.30053684367627,50.6060363900452],[-1.29927068291787,50.6058480708821],[-1.29881948283532,50.606158311551],[-1.2956916186658,50.6063875720774],[-1.29538657932733,50.6074190865671],[-1.29117384560317,50.610434890861],[-1.29010992837806,50.6097557469106],[-1.287686221021,50.6100431151688],[-1.28557695816676,50.6109250107214],[-1.28416780138813,50.6121466068994],[-1.28205226729575,50.6126848759515],[-1.28259587437555,50.6141117688002],[-1.28184648961402,50.6158077772884],[-1.28029803781122,50.6158521610115],[-1.27972643235702,50.6161633817573],[-1.27507393995623,50.6161282210559],[-1.27399479437057,50.6163535412385],[-1.2738152158073,50.6145214332606],[-1.27269189837483,50.6144091450403],[-1.27369781270244,50.6124136155256],[-1.26804461526946,50.6130373989322],[-1.26546674630063,50.6128512504994],[-1.26568707635651,50.6110432255955],[-1.26397396358623,50.6042651346584],[-1.26327420900745,50.6032867761086],[-1.2621820895341,50.6036341754293],[-1.26089143446312,50.6048355638615],[-1.2598924370609,50.6052816176456],[-1.25938668597066,50.6038322906982],[-1.25023738858435,50.6050426547006],[-1.24996235988866,50.6046578015456],[-1.24728368241522,50.6050604638142],[-1.24723967324385,50.6048029632391],[-1.24452462632641,50.6050084367121],[-1.2419745529743,50.6055827189696],[-1.24062194929354,50.606470523253],[-1.24030882754668,50.6047660546744],[-1.24173108132705,50.6035874173746],[-1.24846077997546,50.6021327784378],[-1.24820560259691,50.6017471498963],[-1.25067715142845,50.6006712763739],[-1.2492668127883,50.5997889538411],[-1.25150511426289,50.5984490363679],[-1.25233865152024,50.5974714651488],[-1.25026419099327,50.5963366631353],[-1.24941980502747,50.5965659681216],[-1.24869534976457,50.5946844540754],[-1.24593942826536,50.5946477742092],[-1.24667018251581,50.592151540147],[-1.24509911171964,50.5894164450898],[-1.24522232167989,50.5883399112563],[-1.25162395550775,50.5861473143791],[-1.25516995560128,50.5855800914591],[-1.255254363565,50.5857812095676],[-1.25568189785643,50.5856265189898],[-1.25630853614085,50.5862879092681],[-1.25707417812334,50.5861992952348],[-1.26491751983216,50.5842328561656],[-1.26980190931709,50.5836880121266],[-1.26912163044495,50.5816449593356],[-1.2690712442099,50.5795844410881],[-1.26907507467229,50.5795847034497],[-1.27140134829294,50.5797438574043],[-1.27422836490102,50.5790561005776],[-1.27778552279398,50.5786321855262],[-1.2807549342327,50.5770583331189],[-1.28620200292408,50.5775980097707],[-1.28773546092022,50.5769957498881],[-1.28797360530986,50.5765149233009],[-1.29160666668173,50.5754968458723],[-1.29511693976156,50.5749268485997],[-1.29902591193954,50.5750144744136],[-1.30245396507199,50.5755668185826],[-1.30407199833167,50.5761691411879],[-1.30465253776101,50.5771213806449],[-1.30794002883861,50.5774332312938],[-1.30859882701707,50.578641499414],[-1.30855361685982,50.5805709710725],[-1.31864288596621,50.5899319507776],[-1.32457470412765,50.5928001900696],[-1.33948063884293,50.6017987455709],[-1.35297839272472,50.6080894469161],[-1.35555660252402,50.608857127472],[-1.35842936831462,50.6093516321113],[-1.35859310571911,50.6093911757873],[-1.3587021829618,50.6093985889695],[-1.36196624641984,50.6099603413954],[-1.36366896908531,50.6110467461991],[-1.36571450286313,50.6132920957733],[-1.36662818325353,50.6138923893289],[-1.36665999627016,50.6139132898118],[-1.36574452345366,50.6149076604993],[-1.36608830650545,50.616047163685],[-1.36772115028745,50.6169733072751],[-1.36601081509751,50.6204478893236],[-1.36853147834712,50.622018247903],[-1.36866716620622,50.6248751376226],[-1.36947172461635,50.6277230842942],[-1.37091833571964,50.6300312968132],[-1.37114984929253,50.6354563492006],[-1.37044149371432,50.6361944268553],[-1.36972224546596,50.6381627130836],[-1.36975121192083,50.6412772094456],[-1.37135196421684,50.6411887621652],[-1.37086802674964,50.6425872425139],[-1.3737191314429,50.6430118607294],[-1.3737254298656,50.6468942136358],[-1.37328341931986,50.647903547577],[-1.37278180064409,50.647871178117],[-1.37303021686597,50.6493932740778],[-1.3741212364603,50.6509540601816],[-1.37469599445796,50.6536928670681],[-1.37782021261281,50.6534155192394],[-1.3784148289916,50.6586256338097],[-1.37682288289554,50.6598293861098],[-1.37752079582222,50.6625813714851],[-1.37656404590011,50.6643118362777],[-1.37728114231636,50.6652913916498],[-1.37666465096804,50.666228751658],[-1.37494151932817,50.6652446965547],[-1.37112810770462,50.6652592320751],[-1.36879029032402,50.6649651881807],[-1.36833141977916,50.6652117331774],[-1.3671685787368,50.6643170421346],[-1.36667415842493,50.6646679551318],[-1.36692404309622,50.6648567265278],[-1.3606883722403,50.6652815867538],[-1.35641609696847,50.6654243706312],[-1.35063469310801,50.6650127855401],[-1.34961034278884,50.6632588015395],[-1.35175675301681,50.6626466644979],[-1.35183327961303,50.6609843236249],[-1.35036569455444,50.6619392792749],[-1.35028035456834,50.6601249086292],[-1.3492967347518,50.6598479047798],[-1.35108575062239,50.6581482790739],[-1.34857153460362,50.657038033275],[-1.34488310870835,50.6598114605134],[-1.34488236117496,50.6572142207016],[-1.34447053206423,50.6564151709471],[-1.33890718912809,50.6512297783249],[-1.33455166168503,50.6488461459308]]],[[[-1.2939836973735,50.7505036913789],[-1.29541320025684,50.7503951590105],[-1.29927149969621,50.750593660105],[-1.29947480344319,50.7515940717609],[-1.30340854682058,50.7510150572494],[-1.30399856830695,50.7535797647915],[-1.30374989554348,50.7540027194793],[-1.30274434430558,50.7541298666554],[-1.30262174137963,50.7548467484737],[-1.30654424355638,50.7544672534802],[-1.30746797763891,50.7551813602296],[-1.30541423203382,50.7561125235781],[-1.30626399964918,50.756643694226],[-1.30592368651721,50.7569401530779],[-1.30439880753541,50.7559481565658],[-1.30185258929312,50.7560472265969],[-1.30129123837838,50.7567120357503],[-1.29585384765696,50.7594941782266],[-1.2961053736698,50.7598320246909],[-1.29557582128426,50.7601018938111],[-1.2954983894368,50.7600488826605],[-1.29485909767479,50.7599310596648],[-1.29439628453134,50.7602079441833],[-1.2944114555763,50.7597642342858],[-1.29354147809093,50.760199627743],[-1.29405829993671,50.7598010390974],[-1.29273919203605,50.7589630985537],[-1.29227330504699,50.7580598157363],[-1.29293137600626,50.7562241211085],[-1.29392686141201,50.754917415374],[-1.29352094233909,50.7544143021589],[-1.29388619271163,50.754456979058],[-1.29449892171914,50.7538418298465],[-1.29356406663993,50.7506767056625],[-1.29403401955856,50.7505658441361],[-1.2939836973735,50.7505036913789]]],[[[-1.29557582128426,50.7601018938111],[-1.2961053736698,50.7598320246909],[-1.29585384765696,50.7594941782266],[-1.30129123837838,50.7567120357503],[-1.30185258929312,50.7560472265969],[-1.30439880753541,50.7559481565658],[-1.30592368651721,50.7569401530779],[-1.30626399964918,50.756643694226],[-1.30736247727771,50.7571465766041],[-1.3066402643484,50.7579196203638],[-1.30696916704384,50.7586766559696],[-1.30485467413045,50.7603498178365],[-1.30549593605759,50.760897259246],[-1.30512671883312,50.7613109871181],[-1.30606276165932,50.7630008941838],[-1.30486242656761,50.7632815920997],[-1.30484349189184,50.7635572360421],[-1.3058420970835,50.7634942386523],[-1.30621029061574,50.764841325113],[-1.30893498145389,50.7649865343293],[-1.31104129113247,50.7646019438407],[-1.31127185801153,50.7650327480233],[-1.31083864462367,50.7651259369628],[-1.31150824230679,50.7658295403259],[-1.31138844214709,50.7665833433924],[-1.31302636351282,50.7665489633953],[-1.31328593470734,50.7673129848766],[-1.30816385848839,50.7671895974014],[-1.3015900443332,50.7666960034594],[-1.29997756354115,50.7669716647932],[-1.29975669407368,50.7667733760751],[-1.29969026347295,50.7667111482137],[-1.30004400025315,50.7669337775972],[-1.30022818614733,50.7668697579104],[-1.30031541057073,50.7668954764603],[-1.30036792805359,50.7668211866722],[-1.30055827920802,50.7667550235122],[-1.30047113305387,50.7666751932078],[-1.30062959160539,50.7664510393481],[-1.29991196019061,50.7661886361677],[-1.29860784373811,50.7654095526428],[-1.29797416561047,50.7648532368577],[-1.29766110514744,50.7637135658505],[-1.2971340490395,50.7637906069199],[-1.29742487359946,50.7633803404731],[-1.29691847963582,50.7633864283639],[-1.29714616731406,50.7628664478407],[-1.29652005805622,50.762663039369],[-1.29701536380248,50.7622559690058],[-1.29641095959288,50.7622539466238],[-1.29623389501033,50.7623793048428],[-1.29611986476205,50.7624156323139],[-1.29634715753147,50.7622538318666],[-1.29611120853621,50.7618025977017],[-1.29609714853291,50.7617764261975],[-1.29607910476072,50.7617785251714],[-1.29569162981853,50.7611695566916],[-1.29644898046058,50.7606996551201],[-1.29557582128426,50.7601018938111]]],[[[-1.30626399964918,50.756643694226],[-1.30541423203382,50.7561125235781],[-1.30746797763891,50.7551813602296],[-1.30654424355638,50.7544672534802],[-1.30262174137963,50.7548467484737],[-1.30274434430558,50.7541298666554],[-1.30374989554348,50.7540027194793],[-1.30399856830695,50.7535797647915],[-1.30340854682058,50.7510150572494],[-1.29947480344319,50.7515940717609],[-1.29927149969621,50.750593660105],[-1.29541320025684,50.7503951590105],[-1.2939836973735,50.7505036913789],[-1.29308023020592,50.7493877923447],[-1.29233255089455,50.7473135468535],[-1.29285461477336,50.7461535684414],[-1.29197148813203,50.7462061301051],[-1.29154169600923,50.7459458795824],[-1.29015294284465,50.7438164758932],[-1.29015248951278,50.7431629570023],[-1.29180083670683,50.7428649418617],[-1.29049613811719,50.7427690835067],[-1.29071610452306,50.7425617816741],[-1.29010625648496,50.7421210248056],[-1.29032460749549,50.7424901612593],[-1.28998119228568,50.7428010309564],[-1.28935799971314,50.741649745767],[-1.28971641641727,50.7411462481979],[-1.28955678081104,50.7396572117033],[-1.29028856772763,50.7392183904583],[-1.29014188132288,50.7385438366285],[-1.28903223958237,50.7377034486833],[-1.28930650150603,50.7370908950907],[-1.28868431588478,50.7372840594789],[-1.28760342505605,50.7365139782272],[-1.28658304234902,50.7348878552112],[-1.28778222986713,50.7341355263806],[-1.28970115854775,50.734047377408],[-1.29161747442252,50.7341983484818],[-1.29420275122427,50.7327338050428],[-1.29634872334618,50.7323069285381],[-1.29634311820555,50.7320182163711],[-1.29876602545248,50.7317324021215],[-1.29872193295301,50.7324084768648],[-1.30042563753114,50.732179447774],[-1.30068132587064,50.7324256017719],[-1.30650551811113,50.7316221999784],[-1.30605946789012,50.7286257914034],[-1.3143119705881,50.7277960705139],[-1.31517533841227,50.7302830814075],[-1.31790232840412,50.7301228511384],[-1.31860531603933,50.7288374056197],[-1.32007362483198,50.7288064378925],[-1.32149637572414,50.7291879277677],[-1.32164107841211,50.7283892691072],[-1.32254748884968,50.7278216907889],[-1.32324515860992,50.7266999011055],[-1.32849577187221,50.7287878294989],[-1.33171102216233,50.7282632396321],[-1.33267872988776,50.7307589132355],[-1.33454005598411,50.7307965438018],[-1.33536591788848,50.7302086282322],[-1.33453226070827,50.7324448604716],[-1.33474473144605,50.7329515077757],[-1.33598875113642,50.7325547729754],[-1.33815895967337,50.7344079814656],[-1.33840064572158,50.7356647528689],[-1.33696931241638,50.7358679635357],[-1.335875486112,50.7368671016794],[-1.3345348137838,50.7374718552252],[-1.33451667225982,50.7381506936952],[-1.33108711843934,50.7384583694129],[-1.3311909564122,50.7388222614257],[-1.33073161657009,50.7385363394392],[-1.32775191877702,50.7395920649661],[-1.32406019224815,50.7401795076436],[-1.32403572768078,50.7411901410212],[-1.32505973338909,50.7417248894933],[-1.32290311717881,50.7416988817283],[-1.32247955828499,50.7410965868358],[-1.32038257313982,50.7417408347182],[-1.32129111276398,50.7427200571279],[-1.32181914537459,50.7443355584959],[-1.3202518071616,50.7440296503902],[-1.31732563913315,50.7441852546129],[-1.31569032471333,50.7439688138725],[-1.3138388589914,50.7452655148157],[-1.31334143409276,50.7449658178534],[-1.31226351056818,50.7470530701527],[-1.31271926204801,50.751078331245],[-1.31480771191558,50.7550411733387],[-1.31037242162762,50.7559728069],[-1.30736247727771,50.7571465766041],[-1.30626399964918,50.756643694226]]],[[[-1.31328593470734,50.7673129848766],[-1.31302636351282,50.7665489633953],[-1.31138844214709,50.7665833433924],[-1.31150824230679,50.7658295403259],[-1.31083864462367,50.7651259369628],[-1.31127185801153,50.7650327480233],[-1.31104129113247,50.7646019438407],[-1.30893498145389,50.7649865343293],[-1.30621029061574,50.764841325113],[-1.3058420970835,50.7634942386523],[-1.30484349189184,50.7635572360421],[-1.30486242656761,50.7632815920997],[-1.30606276165932,50.7630008941838],[-1.30512671883312,50.7613109871181],[-1.30549593605759,50.760897259246],[-1.30485467413045,50.7603498178365],[-1.30696916704384,50.7586766559696],[-1.3066402643484,50.7579196203638],[-1.30736247727771,50.7571465766041],[-1.31037242162762,50.7559728069],[-1.31480771191558,50.7550411733387],[-1.31271926204801,50.751078331245],[-1.31226351056818,50.7470530701527],[-1.31334143409276,50.7449658178534],[-1.3138388589914,50.7452655148157],[-1.31569032471333,50.7439688138725],[-1.31732563913315,50.7441852546129],[-1.3202518071616,50.7440296503902],[-1.32181914537459,50.7443355584959],[-1.32129111276398,50.7427200571279],[-1.32038257313982,50.7417408347182],[-1.32247955828499,50.7410965868358],[-1.32290311717881,50.7416988817283],[-1.32505973338909,50.7417248894933],[-1.32403572768078,50.7411901410212],[-1.32406019224815,50.7401795076436],[-1.32775191877702,50.7395920649661],[-1.33073161657009,50.7385363394392],[-1.3311909564122,50.7388222614257],[-1.33108711843934,50.7384583694129],[-1.33451667225982,50.7381506936952],[-1.3345348137838,50.7374718552252],[-1.335875486112,50.7368671016794],[-1.33696931241638,50.7358679635357],[-1.33840064572158,50.7356647528689],[-1.33890202995786,50.7373987611848],[-1.33784919239491,50.7376949350194],[-1.3385552850447,50.7388733452121],[-1.33767393581542,50.7398666060118],[-1.33767983994874,50.7407577503763],[-1.33960724470361,50.7408613976444],[-1.33974641123312,50.7416517084013],[-1.33918356519201,50.7417654754945],[-1.33996035344415,50.7437743456164],[-1.34164746107071,50.7441400085848],[-1.34437053395864,50.7460402761043],[-1.34595801079196,50.7466259606743],[-1.34504526092614,50.7486730340698],[-1.34521122522103,50.7504950067241],[-1.34253807453918,50.752602242639],[-1.34059732286115,50.7533256193304],[-1.33774338593451,50.7552590717597],[-1.33484949560916,50.7554912280521],[-1.33367119047529,50.7563082553708],[-1.33350110989845,50.7558338140988],[-1.33348263885448,50.7556583406614],[-1.33349257839789,50.7558100160134],[-1.33344354159248,50.7556732254515],[-1.3328995485703,50.7563983629263],[-1.32807234738773,50.7579272585221],[-1.32466085977253,50.7607228171455],[-1.32396088847561,50.7625375033291],[-1.32284769294457,50.7636425825086],[-1.32017321333051,50.7653230235046],[-1.3138685625106,50.7673270051129],[-1.31328593470734,50.7673129848766]]],[[[-1.25661866555796,50.755072098339],[-1.25740117349303,50.7547001416612],[-1.25940968086112,50.7565115077966],[-1.26150804243316,50.7565014324082],[-1.265538420989,50.7579675618587],[-1.27165102553204,50.7563672833692],[-1.27472366877968,50.756249746293],[-1.27845116142571,50.7538231566719],[-1.27755738340986,50.7523923153654],[-1.27927554585015,50.7523903391348],[-1.2797917361216,50.7529285335167],[-1.28266361586384,50.753495685208],[-1.28277971856948,50.7523902334914],[-1.28450248467544,50.7524620191845],[-1.28463157672458,50.7531956969896],[-1.28823015356418,50.7535234307871],[-1.28942053423131,50.7543004263523],[-1.29045581576233,50.7543681832071],[-1.29039702543092,50.755161170801],[-1.29098017605454,50.7553630047326],[-1.29097232384678,50.7571057814531],[-1.29042855777182,50.7574397129049],[-1.29084364265776,50.7576948534769],[-1.29026867636411,50.7580758880046],[-1.29051002809803,50.7587376884037],[-1.29001520981302,50.7587596056478],[-1.29044766925274,50.7591321127306],[-1.29019861676409,50.7598418493608],[-1.29056263456654,50.7604940701811],[-1.28930158079095,50.7610880270986],[-1.28905440049396,50.7622902238371],[-1.28835070981796,50.7629266811358],[-1.28967805024963,50.7635812940003],[-1.28955034603879,50.7635613763033],[-1.28834761550978,50.7629905119332],[-1.27733573488914,50.766302636219],[-1.27392743558099,50.7660497576551],[-1.27145645762602,50.7655088218863],[-1.26702750412139,50.7634414744148],[-1.26637545248496,50.7630605683823],[-1.26471104294916,50.7618738581474],[-1.26119637548324,50.7604873303772],[-1.25974416064169,50.7592674484378],[-1.25915951811336,50.7585140472639],[-1.25857774863866,50.7573786244581],[-1.25661866555796,50.755072098339]]],[[[-1.28975890412112,50.7010250477251],[-1.2900285308151,50.701018802346],[-1.29067984503166,50.70156522352],[-1.28990430248974,50.7012966841359],[-1.28975890412112,50.7010250477251]]],[[[-1.24955336364174,50.7495374754903],[-1.24655102025253,50.7490117818018],[-1.24569545512496,50.7490230583968],[-1.24183545032203,50.7460533077944],[-1.24020833065478,50.7433931869383],[-1.23869940055932,50.7424937485729],[-1.23917780179942,50.7423007615066],[-1.24038177326736,50.7428552805022],[-1.24021332913311,50.7420664742747],[-1.24131393859716,50.7422980128574],[-1.24115367497793,50.742612496195],[-1.24171597406978,50.7417359228815],[-1.24171052330578,50.7417312704655],[-1.24174462611082,50.7417084981316],[-1.2417478435505,50.7417105883256],[-1.24228568059847,50.7414171943648],[-1.24203311093837,50.740419926407],[-1.24239333368815,50.7391379215123],[-1.24298907248975,50.7388721850509],[-1.24290427872196,50.7388114403372],[-1.24393586999785,50.7387439174247],[-1.24539430047422,50.737732138735],[-1.24602401730067,50.7367339271082],[-1.24579308516828,50.7364147696933],[-1.24708595117136,50.7359576065667],[-1.24672412260506,50.7358099178747],[-1.24693223555023,50.7352653756327],[-1.25050240623096,50.7337816639108],[-1.250396362732,50.7323913009023],[-1.25417292432369,50.7282107905545],[-1.25422748699395,50.7273597791555],[-1.25357861892959,50.7260964051535],[-1.25401016225442,50.7245557539782],[-1.25448184327735,50.7245632641911],[-1.25407086407542,50.7235701097385],[-1.25464629146077,50.7230804429799],[-1.25505752975579,50.7231899611959],[-1.25522488664491,50.722499858481],[-1.25665008619422,50.7218705871235],[-1.25603649453376,50.7215719372653],[-1.25635049534772,50.7213365907617],[-1.25589844571323,50.7213386677021],[-1.25654208449373,50.7210784997678],[-1.2565693877032,50.7206932468676],[-1.25723679733008,50.7207640976303],[-1.25739053484508,50.7198956658672],[-1.25684433436687,50.7196102785653],[-1.25725810540865,50.7195576502288],[-1.25706454007047,50.7193063159198],[-1.25753706005191,50.7188551730051],[-1.25664661019543,50.718422981725],[-1.25759041120639,50.7173860734585],[-1.25692525813718,50.7167806014256],[-1.25752740155244,50.716246538658],[-1.25744828628446,50.7152082168527],[-1.25813704350935,50.7149541364688],[-1.25743849919303,50.713681183738],[-1.25519819648095,50.7125270577834],[-1.25449535922331,50.7125446727984],[-1.25387144285965,50.7114573078806],[-1.24683530191929,50.7161030763338],[-1.24491501257815,50.7082271959221],[-1.24063028879199,50.6966937790773],[-1.24107407925582,50.6931462914904],[-1.24487452980351,50.6902050577358],[-1.24707273991294,50.6874035996919],[-1.24848010414945,50.6894298348139],[-1.24975014142515,50.6901277493916],[-1.26420013905962,50.6954735412187],[-1.27051235328492,50.6999260307132],[-1.27499740463221,50.7005296155395],[-1.27778510568109,50.7013841188614],[-1.28368753328502,50.7024701034648],[-1.28729411307252,50.7020066079157],[-1.28877014031963,50.7016038072168],[-1.28927615933681,50.7010362282708],[-1.2896355998748,50.7010279041666],[-1.28976929634344,50.7012740199534],[-1.29005886505947,50.7015446571412],[-1.29094552515676,50.701788111617],[-1.29139849308666,50.7021681140545],[-1.290325101986,50.7034172111412],[-1.29104596243497,50.7052990063574],[-1.2912493579203,50.7060073681268],[-1.2910396379224,50.7067857311654],[-1.28912205142087,50.7083810221891],[-1.28743707952349,50.7130217451322],[-1.28697430014888,50.7137428261603],[-1.28645609572154,50.7138232849846],[-1.28666074333724,50.7145232726558],[-1.28581748656318,50.7146115404045],[-1.28560264726652,50.7149165154744],[-1.28580972443644,50.7160890875933],[-1.28493395604596,50.7173607778508],[-1.28475032803185,50.718629454025],[-1.28400971414836,50.7189117917702],[-1.28405945134413,50.7198122894576],[-1.282377734634,50.7229818735891],[-1.28104718132229,50.7238352172027],[-1.28015345109032,50.7249778428973],[-1.28119198483385,50.725418846608],[-1.27989653963158,50.7250741930091],[-1.27850882294363,50.726082106698],[-1.27716000302079,50.7315190131617],[-1.27668014701751,50.7315798936577],[-1.27691324262628,50.7314410461545],[-1.27702190962008,50.7312852410019],[-1.2770059602739,50.7312167957813],[-1.2768179862085,50.7311859557259],[-1.27643826711123,50.7312771317531],[-1.27617359333766,50.7312584058186],[-1.27606222555029,50.7313134722418],[-1.27607190393512,50.7313781322649],[-1.27626294709139,50.73162047647],[-1.27621489055922,50.7317047126541],[-1.2760362118224,50.7318061254793],[-1.27565686358918,50.7317351050459],[-1.27569262477571,50.7317590312856],[-1.27603876819059,50.7318241272454],[-1.27615283223859,50.7317780705199],[-1.2762287951645,50.7317218854159],[-1.27627810220388,50.7316484485285],[-1.27628637774555,50.7315711602973],[-1.27612060398322,50.7313191568617],[-1.27630551599127,50.7313032947996],[-1.2769735495828,50.731271490086],[-1.27659205294173,50.7315038073812],[-1.27664245196829,50.7316354166783],[-1.27733622933382,50.7315767589044],[-1.28071491604468,50.7331378317705],[-1.28214692742148,50.7360567629764],[-1.28046983944159,50.7365007716496],[-1.28228155114664,50.7368447444905],[-1.28432315993673,50.7380152025111],[-1.28410698456414,50.7384099283901],[-1.28460064741885,50.7383769803262],[-1.28403543192426,50.7386415084669],[-1.28501362837844,50.7388030753621],[-1.28559848975894,50.7400413832687],[-1.28625874007104,50.7405175448313],[-1.28625812716122,50.7412773513504],[-1.27777739557443,50.7436165953605],[-1.27575492561421,50.7443540504394],[-1.27600097177016,50.7447521400398],[-1.27418651531412,50.7453254350225],[-1.27249381263272,50.743973186241],[-1.26685466875353,50.7468570026405],[-1.26716386878623,50.7473904561729],[-1.26392053607893,50.7480390938584],[-1.26114100224015,50.747580001152],[-1.2575986424568,50.7478650657118],[-1.25163148837605,50.7493547487917],[-1.24955336364174,50.7495374754903]]],[[[-1.50801720985176,50.6828462113874],[-1.5080750021135,50.6827835458977],[-1.50909595361627,50.6832608230154],[-1.50857364162941,50.68460282633],[-1.5079827194669,50.6842573307833],[-1.50879417738272,50.6833527337236],[-1.50801720985176,50.6828462113874]]],[[[-1.51539963758705,50.7069861203877],[-1.50783722672138,50.7057137040768],[-1.50658961556384,50.7058451192793],[-1.50498064422594,50.706724353385],[-1.50156827688998,50.7068070231597],[-1.5049881699699,50.7066821193954],[-1.50601456602776,50.7061224482128],[-1.5054036482181,50.7053259769375],[-1.50595080943201,50.7048786865859],[-1.50669611545532,50.7055748881145],[-1.50967039709627,50.7058149548162],[-1.50880557372231,50.7053643736229],[-1.50886718084928,50.7051064512362],[-1.50679762408983,50.7045384528372],[-1.50618362187554,50.7045081553835],[-1.50511844119338,50.7050158201556],[-1.50457226778353,50.7046764153411],[-1.50443510579588,50.7042943504054],[-1.50612815806618,50.704099109591],[-1.5061244009866,50.7027043166425],[-1.50496652030527,50.7017715312668],[-1.50493588646663,50.7013321945853],[-1.5043498104179,50.7014803863841],[-1.50446074586561,50.7017945616738],[-1.50393716784422,50.7016259682441],[-1.50417337418403,50.7019473855242],[-1.50347983340232,50.7024392148399],[-1.50354690305051,50.7018540716457],[-1.50290118943801,50.7017193056029],[-1.50323273368846,50.7021036311041],[-1.50290140838721,50.7021004198856],[-1.50321249195323,50.7022771051643],[-1.50287597305626,50.7030328609482],[-1.50247137396406,50.7019241253217],[-1.50301773137489,50.7015450731958],[-1.50296869414621,50.7009596149237],[-1.50248757007862,50.7017317492948],[-1.5020421755371,50.6997571931918],[-1.50284109214793,50.6998631212183],[-1.50297714458883,50.7001199956945],[-1.50246490492303,50.7002203278829],[-1.50303182455963,50.700171487704],[-1.50328054452213,50.6998164337755],[-1.50324935379688,50.6991499356452],[-1.50273936474489,50.6997080114627],[-1.50221215173383,50.6989359793593],[-1.50319229966401,50.6989077866319],[-1.50350842298541,50.6984442963677],[-1.50346239781705,50.6969296251421],[-1.50282596804239,50.6976643215881],[-1.50323277846687,50.6980248677198],[-1.50306003172403,50.6985610007188],[-1.50180629222188,50.6988865838456],[-1.50244143676137,50.6993470289485],[-1.50226385442806,50.6995360184196],[-1.50145768907168,50.699313149562],[-1.4998352834462,50.6979536864391],[-1.50018837767373,50.6976377558923],[-1.50086294453967,50.6978492786298],[-1.50026578989433,50.6975481600138],[-1.5010710016763,50.6971900995246],[-1.50073701291252,50.6975744596711],[-1.50146667638377,50.6972637345221],[-1.50171527010821,50.6981227081138],[-1.50214967797803,50.6977915136693],[-1.50267592199609,50.6979280694708],[-1.50223311810282,50.6977580148138],[-1.50211288363769,50.6977467100978],[-1.50192894476071,50.6977342338595],[-1.50156356439162,50.6972065949608],[-1.50124190088477,50.6969633136048],[-1.50165954455374,50.6967007117924],[-1.50233036002726,50.696998539919],[-1.50168181131364,50.6966036849378],[-1.50194268676792,50.6961695488781],[-1.50294914233164,50.6964598135782],[-1.50260523237772,50.696177772316],[-1.50305226985586,50.6960798582274],[-1.50220774233994,50.6960088105106],[-1.5033786434913,50.6953411419913],[-1.50398026027095,50.6953526949613],[-1.50346512653762,50.6960006817021],[-1.50421390983477,50.6952823755617],[-1.50606325270675,50.6958664810832],[-1.50809834497573,50.6960232842412],[-1.50608692335898,50.6958101065293],[-1.50383959990415,50.6951307840375],[-1.50572237782304,50.6942566741076],[-1.50646371564673,50.693364668896],[-1.50661084346547,50.6928356146928],[-1.50630695605335,50.6930573508543],[-1.50595158516382,50.6925189759204],[-1.50726505741965,50.6925533072368],[-1.50678080913447,50.6924235632658],[-1.50721903935715,50.6922158821277],[-1.50631319342362,50.6923280604074],[-1.50683006825814,50.6920460716538],[-1.50636273788774,50.6919235907527],[-1.5059285758888,50.6920134806422],[-1.50645698578877,50.6919815439399],[-1.50612066791363,50.6923263463651],[-1.50564556480189,50.6923642624459],[-1.50492824084823,50.6916734461796],[-1.50621989183483,50.6916397103003],[-1.50667786545897,50.6913035147037],[-1.50692126545824,50.691989801859],[-1.50723437710759,50.6919677430779],[-1.50694780602252,50.6913478215128],[-1.50725501603541,50.6911451603762],[-1.50679140414193,50.6910063299167],[-1.50580808982267,50.6914877856738],[-1.50492352876148,50.6915425796798],[-1.50502908440317,50.6907128939894],[-1.50590989821059,50.691094777872],[-1.50610077586523,50.6910371321508],[-1.50639117895066,50.6904120060116],[-1.50598581333642,50.6909870811856],[-1.50568779520518,50.6909441056006],[-1.50581431564709,50.6905030905546],[-1.50508759883774,50.690560352992],[-1.50495271102147,50.690166971438],[-1.50557039258565,50.6897340644131],[-1.50571018110034,50.6897740085797],[-1.50609433580888,50.6899501340635],[-1.50604213193467,50.6895687943108],[-1.50578043213693,50.6895497005364],[-1.50555960596869,50.6895478658533],[-1.50549981935256,50.6897139810266],[-1.50480867291929,50.6899843442328],[-1.50399413829671,50.6895491364643],[-1.50385352903482,50.6888533885073],[-1.50450367963553,50.6885629824307],[-1.50474292746923,50.6892444477163],[-1.50530296633093,50.6891009106691],[-1.50462477270916,50.6885038736142],[-1.50584484327683,50.6881464523813],[-1.50463727444458,50.6884054545193],[-1.50421244340039,50.6880151577152],[-1.50449149965838,50.6875945761729],[-1.50401838307624,50.6881609173044],[-1.50445130399703,50.6884550252227],[-1.50380827655755,50.6883515727778],[-1.50356936762164,50.6872453306909],[-1.50400760330588,50.6871680563491],[-1.50355581308061,50.6871882581145],[-1.50322357971018,50.6866907967276],[-1.50372943699103,50.6863350314943],[-1.5037673008824,50.6864092039737],[-1.50370125486933,50.6865645901298],[-1.50369838215096,50.6866357116881],[-1.50394774398006,50.6868569176989],[-1.50375001920328,50.6865043652287],[-1.50419151701337,50.6864392443642],[-1.50460918675152,50.6870918334646],[-1.50462868615942,50.6866644839918],[-1.50386491812176,50.6860786804864],[-1.5047080695277,50.6856845953268],[-1.50732363428059,50.6855048345516],[-1.50781062493753,50.6851486116065],[-1.50746331408645,50.6851561396343],[-1.50771491003942,50.6849341768851],[-1.50733690182945,50.6850888788583],[-1.5078767072684,50.6844190260326],[-1.50856300633668,50.6846301496736],[-1.50836258100457,50.6851450921102],[-1.50948467097884,50.6851323661941],[-1.50946762150765,50.6856823008169],[-1.51046404425768,50.6856947572159],[-1.51048989971028,50.6863031280808],[-1.51006483206349,50.6863955544416],[-1.51059443239429,50.6870083334991],[-1.5105443171878,50.6882898545855],[-1.51263074716663,50.6878797490161],[-1.51280802194106,50.6882456913092],[-1.51349339713201,50.6880879215078],[-1.51337051923756,50.6878327919644],[-1.51642955675317,50.6876193771656],[-1.51667866378674,50.6873887512531],[-1.51617837356245,50.6862731748188],[-1.51758197844765,50.6860222809225],[-1.51775491765624,50.6864097363726],[-1.52091368483771,50.6858727012962],[-1.52079210698112,50.683667486655],[-1.52330114102306,50.6834947769627],[-1.52578810149475,50.6827953895375],[-1.52657994589291,50.683586335289],[-1.52712978469088,50.6859222789489],[-1.5268078446342,50.6879435196419],[-1.52967255727668,50.6879233933633],[-1.52962793118562,50.6899696419118],[-1.52748994737669,50.6901974328111],[-1.52608824349471,50.689993036944],[-1.52660845641432,50.6910806212216],[-1.5262418317927,50.6912025052776],[-1.52743926018199,50.6930569422274],[-1.5273643041647,50.6948382196466],[-1.52505549758592,50.6950456992],[-1.52414492337799,50.6957932563107],[-1.52782761922014,50.6978939311877],[-1.52745863411835,50.6981333572914],[-1.52898843851039,50.7006366852767],[-1.53124700521295,50.7023778877123],[-1.52986375890659,50.7034622498267],[-1.52679901327345,50.7043374465886],[-1.52212453381621,50.7071088442164],[-1.51539963758705,50.7069861203877]]],[[[-1.42568087885914,50.7267574529181],[-1.41175296320724,50.7243760067584],[-1.4113129453561,50.7238268557578],[-1.41166217833047,50.723497382203],[-1.41197177894454,50.7242398832577],[-1.41334209511398,50.7246313006735],[-1.41400494340115,50.7243152274201],[-1.41408657139865,50.7245588490791],[-1.41586128561178,50.7249738923834],[-1.41387195744215,50.7239399799712],[-1.41294098462112,50.7236772802874],[-1.41269037805491,50.7238501245489],[-1.41196733330246,50.7231916865039],[-1.41226280032472,50.7230079194405],[-1.41404481492972,50.7235758242093],[-1.41391832809773,50.7239034780839],[-1.41443738140423,50.7236476667331],[-1.41458200083562,50.7241095188559],[-1.41614340932931,50.7244119371625],[-1.42135616224713,50.7248804353694],[-1.42201026864972,50.7246156124451],[-1.42122226631318,50.7247089059832],[-1.41928434644932,50.7236048224537],[-1.41794563011529,50.723484821154],[-1.41755619558974,50.7231289144673],[-1.41429106730665,50.7226532879186],[-1.41291126152351,50.7212159970927],[-1.41634326346857,50.72018092615],[-1.41811818823337,50.7201871235235],[-1.41822852583882,50.7188599771584],[-1.41583951965339,50.7195650870616],[-1.41395117019866,50.719364020685],[-1.41332628610599,50.719593711589],[-1.41294509904748,50.7195447914053],[-1.41323141543064,50.7191226661172],[-1.41286381207185,50.7190321684935],[-1.41353271992606,50.7189318028863],[-1.41303117226427,50.7189385349169],[-1.41298551253039,50.7186244553112],[-1.41337535261888,50.7181471057143],[-1.41392005429722,50.7180869026271],[-1.41356251103547,50.718019452509],[-1.41395174641577,50.7175897598063],[-1.41550146264874,50.7169025951766],[-1.41515343051137,50.7167542624183],[-1.41585300948157,50.7163117352975],[-1.41597315950351,50.7151909348155],[-1.41644864458516,50.7153408041235],[-1.41628269367645,50.7157014823659],[-1.41687320841009,50.7152566029453],[-1.41563301545102,50.7148645853095],[-1.41670712432538,50.714942819972],[-1.41623797792335,50.7146248178653],[-1.41742032147999,50.7139118616639],[-1.41736872867358,50.7131026092484],[-1.41881838639196,50.7127024888775],[-1.41895945301118,50.7124046322244],[-1.42041361607562,50.7125557742172],[-1.42051293058157,50.7127720968173],[-1.42286058298331,50.7123674048283],[-1.42245965461725,50.712375306351],[-1.42256274863445,50.7121689835212],[-1.42355103915658,50.7115021234257],[-1.42302581127326,50.7118295549681],[-1.42301155697319,50.7114904549721],[-1.42516776327965,50.7107391724931],[-1.42605755571587,50.7109198270232],[-1.42872674148471,50.7106526650347],[-1.42667435227899,50.7106650457002],[-1.42627023912282,50.7103545987975],[-1.42533972813256,50.7103545003038],[-1.4263414244741,50.7091625020512],[-1.42652488178958,50.7092164646376],[-1.42726985672372,50.7090987333383],[-1.42713047176686,50.7089145931607],[-1.42833068755578,50.7087451402405],[-1.43024655772461,50.7081870971816],[-1.42857592890771,50.7086096549128],[-1.42696290460538,50.7088234796085],[-1.42683253032592,50.7090740963967],[-1.42666112575214,50.7089608411025],[-1.42598149212861,50.7089466966186],[-1.42623669482938,50.7085756535711],[-1.42683512760445,50.7086748280855],[-1.42657808689684,50.7084532367835],[-1.42605840049487,50.7085630829936],[-1.42592247150746,50.70867662074],[-1.42590497003672,50.7083698792959],[-1.4273262051916,50.706574996862],[-1.42659436952905,50.706025871333],[-1.42654892890635,50.705943575163],[-1.42681555807424,50.7056887563372],[-1.42654146459235,50.7058452288408],[-1.42653048159893,50.7055378900005],[-1.42866870042138,50.7055529125946],[-1.43078856879546,50.7047552149662],[-1.43118039439389,50.70494427309],[-1.43400521679626,50.704622626273],[-1.43491575373803,50.7042067658995],[-1.43525073233926,50.7040537691185],[-1.43754938414345,50.7023931343244],[-1.43527683333443,50.7038848307544],[-1.43491787426179,50.7040295654965],[-1.43363652621987,50.7045461905183],[-1.43193798628699,50.7047132643183],[-1.43169239894975,50.7044108047253],[-1.43155090063995,50.7046358328063],[-1.43058899499138,50.7046180864726],[-1.42991541370206,50.7048108293019],[-1.43002300002138,50.7043464279252],[-1.42968388117361,50.7041676064445],[-1.42970216292197,50.7032432340029],[-1.42959940955443,50.704126724379],[-1.42986558201361,50.704493857823],[-1.42933494223856,50.7046820822912],[-1.42972857043553,50.7049205247418],[-1.42885943877935,50.7049315402238],[-1.42719396191307,50.7028959217311],[-1.42661343593718,50.7013133140031],[-1.42831072504333,50.7009980794068],[-1.42780312939302,50.6982275056521],[-1.42825240369733,50.6962668258742],[-1.42694031939638,50.6959729395913],[-1.4286032850007,50.693070809853],[-1.42913344596356,50.6883108946242],[-1.42877772577499,50.6841909765434],[-1.42990471871892,50.680660780607],[-1.43067772426408,50.67895836847],[-1.43165516202134,50.6779724890215],[-1.43556663904114,50.6761219163847],[-1.43738221747165,50.6748429461582],[-1.43848194159348,50.6734093677138],[-1.43919018324742,50.671335491239],[-1.4451921493002,50.6708156772962],[-1.44407076214721,50.6690773557924],[-1.44227751242846,50.6681515862443],[-1.44301266932322,50.666651470249],[-1.44255694883068,50.6653444183451],[-1.44271103297203,50.6641652510416],[-1.44404736856865,50.6656654009669],[-1.45449475893329,50.6663245346577],[-1.45549838984251,50.6675180318595],[-1.46058933931246,50.6682818677396],[-1.47626957433964,50.6699118003787],[-1.47601862948668,50.6719879798426],[-1.47682711339874,50.6761598840508],[-1.47893676882244,50.6781207610789],[-1.47955984864392,50.679500318421],[-1.4843271731628,50.6814126978779],[-1.48560334235683,50.6825011270375],[-1.48611764183357,50.6836265535503],[-1.49331905875607,50.6840806893429],[-1.49268858860341,50.6857057288171],[-1.4903197214792,50.6883824131515],[-1.48581569489057,50.6919499273039],[-1.48589923721634,50.6923378652969],[-1.48754593222271,50.6933693720496],[-1.48781308380806,50.6940602752319],[-1.48889838107714,50.6939841272811],[-1.48880744857818,50.6951869788435],[-1.49071457411643,50.696234864858],[-1.49077457792581,50.6971083460675],[-1.49207184807447,50.6970735500327],[-1.49283756817447,50.6965750507651],[-1.49366097955804,50.6965067087405],[-1.49753832466033,50.698208196075],[-1.49782728661992,50.6982038899925],[-1.49765168850736,50.6987698339263],[-1.49811174351016,50.6986495137799],[-1.49774618051545,50.6985400260047],[-1.49817292214013,50.6981987381548],[-1.49826559471968,50.6981973564917],[-1.49940307302215,50.6987845622404],[-1.49838309535379,50.6993611110049],[-1.49804667963166,50.6991735124746],[-1.49833591600835,50.7000803299447],[-1.49844734465795,50.6997228969957],[-1.4986905450846,50.7002868907367],[-1.4988991360918,50.7003786145629],[-1.49899940924575,50.7004033260312],[-1.49949835713094,50.7003551097327],[-1.4994534920578,50.6996480851093],[-1.49894911570857,50.7003392611875],[-1.49893086821527,50.7003071864698],[-1.49848681978726,50.6995266646306],[-1.49883000156948,50.6991463073061],[-1.49974304063518,50.6990378193592],[-1.49928246537585,50.699353286911],[-1.49984308060708,50.6996299731678],[-1.50007678326685,50.6992110130783],[-1.50045407010106,50.6996973409546],[-1.50004521434903,50.6999294003155],[-1.50066805823612,50.6998142645143],[-1.50134966395385,50.7009673574149],[-1.4989916323883,50.7016649783454],[-1.49883852398282,50.7011499338059],[-1.49962901484988,50.7012504512761],[-1.50015315911156,50.7009640319078],[-1.49984938637657,50.7005013999374],[-1.49890865228869,50.7005486188785],[-1.49944101897375,50.7006866968303],[-1.49935289329275,50.7009839790971],[-1.49848848351926,50.701176306081],[-1.49863871681681,50.7012965561245],[-1.49852013040841,50.7016611525596],[-1.49849984095363,50.7013503173957],[-1.49795959461671,50.7016407545008],[-1.49754007896779,50.7012774377189],[-1.4982912039187,50.7012186225395],[-1.4975726135379,50.7011480820143],[-1.49833561088069,50.701038058934],[-1.49776679346297,50.7008656463867],[-1.49850398234441,50.7007851871982],[-1.49854686713481,50.7010128887917],[-1.49885847124301,50.7006068561876],[-1.4975677776838,50.7008054365245],[-1.49825339418757,50.7002499382216],[-1.49752757879866,50.7003268477072],[-1.49762584079518,50.6997445394173],[-1.49737630103578,50.7001724191212],[-1.49748746156416,50.7003707393771],[-1.49756024833019,50.7005823832942],[-1.49675392962293,50.7006391568853],[-1.4965850924012,50.7009347398427],[-1.49675985337996,50.7027192108864],[-1.49834254946999,50.7033346623482],[-1.50025761907338,50.7030333557295],[-1.50060183280569,50.7023567761443],[-1.49994942018132,50.702319807157],[-1.49953258905241,50.7027667576467],[-1.49935967625999,50.7022489311212],[-1.5009883731292,50.7016938658783],[-1.50150003857688,50.7038798577551],[-1.50242170916971,50.7046100514611],[-1.50317227035715,50.7046495839559],[-1.50351743834498,50.7051156566646],[-1.50115060009763,50.705676285825],[-1.50033100142175,50.7067818644269],[-1.50020362165431,50.7067812178054],[-1.50014073126428,50.7067957422183],[-1.4868975800619,50.7066816996977],[-1.4791328637026,50.7085408890858],[-1.47733216724865,50.7085614302172],[-1.4763923448999,50.708905415295],[-1.4747353570863,50.7088090077412],[-1.47235823008043,50.7097696512471],[-1.4708241597831,50.7093955343668],[-1.46946387054805,50.7095556400011],[-1.45971163501173,50.71420051932],[-1.45661026766329,50.716338435694],[-1.45278372794916,50.7174402286189],[-1.45033715985996,50.7184072747341],[-1.44914415624847,50.7192168956394],[-1.44594552575857,50.7197321232579],[-1.44071039591463,50.7225461278581],[-1.43467953385731,50.7238617467119],[-1.43444304394297,50.7239133270341],[-1.43059387178044,50.7251693273232],[-1.42911849232753,50.726026248353],[-1.42568087885914,50.7267574529181]]],[[[-1.49817292214013,50.6981987381548],[-1.49821032630201,50.6981688246249],[-1.49826559471968,50.6981973564917],[-1.49817292214013,50.6981987381548]]],[[[-1.49753832466033,50.698208196075],[-1.49366097955804,50.6965067087405],[-1.49283756817447,50.6965750507651],[-1.49207184807447,50.6970735500327],[-1.49077457792581,50.6971083460675],[-1.49071457411643,50.696234864858],[-1.48880744857818,50.6951869788435],[-1.48889838107714,50.6939841272811],[-1.48781308380806,50.6940602752319],[-1.48754593222271,50.6933693720496],[-1.48589923721634,50.6923378652969],[-1.48581569489057,50.6919499273039],[-1.4903197214792,50.6883824131515],[-1.49268858860341,50.6857057288171],[-1.49331905875607,50.6840806893429],[-1.48611764183357,50.6836265535503],[-1.48560334235683,50.6825011270375],[-1.4843271731628,50.6814126978779],[-1.47955984864392,50.679500318421],[-1.47893676882244,50.6781207610789],[-1.47682711339874,50.6761598840508],[-1.47601862948668,50.6719879798426],[-1.47626957433964,50.6699118003787],[-1.46058933931246,50.6682818677396],[-1.46195857297389,50.6633227557831],[-1.46159975482101,50.6599859119502],[-1.46204597214774,50.6584528383961],[-1.46248487100935,50.6581706696777],[-1.46234248513701,50.6572599818605],[-1.46445085393349,50.655238974669],[-1.46358657020103,50.6548609012175],[-1.46278002424548,50.6536367993442],[-1.46387407893655,50.6524050485964],[-1.46474837436302,50.6524650479192],[-1.46790172781081,50.6558105634703],[-1.47674735185716,50.6624434346276],[-1.48268743047828,50.66600238537],[-1.48386848700663,50.6664498247076],[-1.48449901538063,50.6667487024508],[-1.48471543894279,50.6667706768669],[-1.48518299364819,50.6669477965988],[-1.49363324180478,50.6683918940695],[-1.4959078750022,50.6683783986558],[-1.4982589886052,50.668456217615],[-1.49939162917278,50.6683576442559],[-1.5054522489254,50.6683212904132],[-1.50571802722356,50.6683253697164],[-1.50738364975512,50.6688445474211],[-1.50803460948945,50.669227588417],[-1.50803969206105,50.6692310109622],[-1.50803726351617,50.6692376869544],[-1.5082592561576,50.6693788940026],[-1.50841984380328,50.6694870538265],[-1.50843303153156,50.669489429547],[-1.50844942677447,50.6694998584386],[-1.50852099055586,50.6695125322912],[-1.50901920984321,50.6698051381932],[-1.5110357638081,50.6700032650005],[-1.51287892430072,50.6693415139165],[-1.51352691509115,50.6688951740439],[-1.51348276883595,50.6683763240842],[-1.51403320201564,50.6682337390776],[-1.51461554540318,50.6682097693576],[-1.51693816606553,50.6684319376659],[-1.51722278874338,50.6681024166903],[-1.51881340196161,50.6680368943351],[-1.52350932826687,50.6679414374546],[-1.52714409536844,50.6675771253347],[-1.52866145123398,50.6670394082715],[-1.53242737909555,50.6667921411512],[-1.5328273804556,50.6732704362587],[-1.53061110291028,50.6737922831046],[-1.52955696746446,50.6754778582873],[-1.52834470177108,50.6758389626708],[-1.5282118294841,50.6763951063385],[-1.52854989585245,50.6773973663613],[-1.52966068211589,50.6782759773265],[-1.53220946955805,50.6781530722745],[-1.53248530209398,50.6793097935627],[-1.52984866197357,50.6825608936398],[-1.52917431416976,50.6858819939007],[-1.52712978469088,50.6859222789489],[-1.52657994589291,50.683586335289],[-1.52578810149475,50.6827953895375],[-1.52330114102306,50.6834947769627],[-1.52079210698112,50.683667486655],[-1.52091368483771,50.6858727012962],[-1.51775491765624,50.6864097363726],[-1.51758197844765,50.6860222809225],[-1.51617837356245,50.6862731748188],[-1.51667866378674,50.6873887512531],[-1.51642955675317,50.6876193771656],[-1.51337051923756,50.6878327919644],[-1.51349339713201,50.6880879215078],[-1.51280802194106,50.6882456913092],[-1.51263074716663,50.6878797490161],[-1.5105443171878,50.6882898545855],[-1.51059443239429,50.6870083334991],[-1.51006483206349,50.6863955544416],[-1.51048989971028,50.6863031280808],[-1.51046404425768,50.6856947572159],[-1.50946762150765,50.6856823008169],[-1.50948467097884,50.6851323661941],[-1.50836258100457,50.6851450921102],[-1.50856300633668,50.6846301496736],[-1.50868407709173,50.6846673935071],[-1.50857364162941,50.68460282633],[-1.50909595361627,50.6832608230154],[-1.5080750021135,50.6827835458977],[-1.50801720985176,50.6828462113874],[-1.50781841547953,50.6827166111048],[-1.50704116619503,50.6831031259158],[-1.50515572519351,50.6850458398894],[-1.50235839705578,50.6863132768758],[-1.50276318518814,50.6875801215245],[-1.50231635079261,50.687452406551],[-1.50287523449258,50.6878815907854],[-1.50268759620863,50.6891751375087],[-1.50306381877034,50.690012808681],[-1.50413330403397,50.6905572010533],[-1.50380262450671,50.6915219010575],[-1.50490242841875,50.6926201041979],[-1.50439111583527,50.6927753073542],[-1.50383520130694,50.6924608945308],[-1.50431980905422,50.6928244648221],[-1.50351816419074,50.6928543295958],[-1.50363037912604,50.6930877204491],[-1.50334133457532,50.6931089723061],[-1.50315516253335,50.6931756255473],[-1.50249219969096,50.6928094916218],[-1.50309811554214,50.6932149508694],[-1.50335231851011,50.6931413931203],[-1.50368860774167,50.693338867147],[-1.50422191977849,50.692977825742],[-1.50434389341189,50.6937634152615],[-1.50441940553532,50.6938527647754],[-1.50498619017446,50.6936744159609],[-1.50440766178916,50.6937961573815],[-1.50438006884899,50.692883174015],[-1.50514701140161,50.692787508667],[-1.50564089531052,50.693616940451],[-1.50354822623511,50.6945666853512],[-1.50359595264142,50.6944715648751],[-1.50352925844116,50.694351676891],[-1.50272865587628,50.6936108579591],[-1.50351712546996,50.6944280639823],[-1.50311965748774,50.6947941766362],[-1.50289468340137,50.6945126430389],[-1.501130428831,50.6938576298356],[-1.50131029136497,50.6937190113492],[-1.50156206476928,50.6937416703929],[-1.50195462545094,50.6933044991191],[-1.50154009920042,50.693676828503],[-1.5001256283531,50.6936842608668],[-1.50090499699433,50.6937541471029],[-1.50129153197521,50.6942863756087],[-1.50278867127178,50.6946299967163],[-1.50232174400447,50.6951369970322],[-1.50135058778234,50.6947254759585],[-1.50045944059948,50.6945139271278],[-1.50086209799491,50.694327702891],[-1.5001585521584,50.6945827809789],[-1.49915983733436,50.6941027759569],[-1.49971924251126,50.6944873714307],[-1.4993421004137,50.6948031973799],[-1.50034683051587,50.6945853867339],[-1.50124222585503,50.6947969545974],[-1.50064135643332,50.6949823311875],[-1.50079032485013,50.6952203786556],[-1.50135970168172,50.6949341474484],[-1.50194540847583,50.6952442032627],[-1.50070416420582,50.6962676684147],[-1.49999712907487,50.6952502522969],[-1.4999186786346,50.6957040511602],[-1.49888259332258,50.6954073363219],[-1.49947436520237,50.6956787629557],[-1.49863685889971,50.6957471060481],[-1.49844925203486,50.6962121250046],[-1.4996110661062,50.6958717953399],[-1.49980381718354,50.6961199240332],[-1.50002960924959,50.6957908576904],[-1.5005558946719,50.6962301628483],[-1.49951000210736,50.696986466043],[-1.49776298641188,50.6969267940567],[-1.49814758406109,50.6971487735291],[-1.49793950722229,50.697275574996],[-1.49792381252194,50.6974193918533],[-1.49785383497895,50.6976079387768],[-1.49788733460768,50.69791833391],[-1.49825238350779,50.6978101938435],[-1.49814477718768,50.6975444436891],[-1.49801998986744,50.6972966049921],[-1.49883000967805,50.697285701874],[-1.49854720278161,50.6980470731974],[-1.49796530517366,50.698107116077],[-1.4978537377953,50.6981186373015],[-1.49782728661992,50.6982038899925],[-1.49753832466033,50.698208196075]]],[[[-1.15984317019641,50.7205054022393],[-1.16016592547302,50.7180714845141],[-1.15967772878212,50.7161227675555],[-1.15554500872812,50.7122099717349],[-1.15424010939799,50.7093737348156],[-1.15469729010018,50.7093734831943],[-1.15454236602737,50.7086969966695],[-1.15555527856839,50.7078959138501],[-1.15617610574741,50.7076315013095],[-1.15789109453545,50.7077104196804],[-1.16011628808665,50.706669816017],[-1.1602501940345,50.7061482588462],[-1.16188888759135,50.7056635921999],[-1.16251419258783,50.7068093217044],[-1.1653668431486,50.7071112496378],[-1.16501888395306,50.7082022589654],[-1.16554238666479,50.7096682892805],[-1.16539248966232,50.7110071475173],[-1.16906030268033,50.7099946618766],[-1.1741564942853,50.7101405429753],[-1.17513296314928,50.7114720948556],[-1.17813187968095,50.7111227736708],[-1.17720843748255,50.7121747887996],[-1.17710698551071,50.7131938503612],[-1.18046961258766,50.7135169969696],[-1.18004636249554,50.714315243616],[-1.18076936802844,50.714356376196],[-1.1804753870015,50.7161869960738],[-1.18369085107377,50.7166790226153],[-1.1825104395858,50.7178470576754],[-1.18629345826999,50.7178789086932],[-1.18698462645802,50.718703836185],[-1.1822483249349,50.7190699857013],[-1.18375277222515,50.7216076756038],[-1.18183800133283,50.7218068683627],[-1.18163119030192,50.7211143058126],[-1.17893553833775,50.7213281890167],[-1.17896259952431,50.7219845084212],[-1.17729594013329,50.7217789650871],[-1.17724284124693,50.7212737165687],[-1.17243780186771,50.7214379138373],[-1.17132785205143,50.7215706555556],[-1.17172737037888,50.7227631948356],[-1.16706578028395,50.722629622802],[-1.16596104525989,50.7235762141974],[-1.1648895698493,50.7231989676096],[-1.16458486230818,50.722329842079],[-1.16314512905646,50.7207610479408],[-1.15984317019641,50.7205054022393]]],[[[-1.16045030743263,50.6493392510395],[-1.16604438531512,50.6439737366908],[-1.16609888874547,50.6438934917241],[-1.16740935567737,50.6442910670514],[-1.16703443588103,50.644937678105],[-1.16962525459082,50.6454345412213],[-1.16926492868383,50.6463789351525],[-1.16991582592961,50.6463628938126],[-1.16952711240233,50.6469132156446],[-1.17427589562685,50.6463929638426],[-1.17519539595477,50.6492115862429],[-1.17716488197077,50.6487758950069],[-1.17915076769485,50.6496721256406],[-1.1787107896644,50.6512203216996],[-1.17812032662075,50.6514921654424],[-1.17730851060018,50.6509217511673],[-1.17558875708453,50.6524366222719],[-1.1753080320766,50.6532016984271],[-1.17631173743659,50.6546917629324],[-1.17580321913666,50.6574751041908],[-1.1793031584649,50.6590285247664],[-1.18020953505751,50.6606824834505],[-1.17895463815718,50.6621367491969],[-1.17613918238687,50.6643120718823],[-1.16887980350982,50.6626687941862],[-1.16878842528032,50.6614656244402],[-1.16800101663377,50.6614198986887],[-1.16498396717699,50.6590330107825],[-1.16363726946132,50.6563200316715],[-1.16317825325451,50.6561180492419],[-1.16529524544029,50.6532077474808],[-1.16554520125225,50.6509172514559],[-1.16393413883178,50.6509137988502],[-1.16393594194852,50.6513706151501],[-1.16296912859292,50.6515642530647],[-1.16259272786911,50.6502216192272],[-1.16198579643211,50.6503853777871],[-1.16150080337179,50.6500608429424],[-1.16179465909153,50.6496834716162],[-1.16114881298135,50.6493281108897],[-1.16045030743263,50.6493392510395]]],[[[-1.16609888874547,50.6438934917241],[-1.16850387627158,50.6403523587889],[-1.169009213171,50.6368655193683],[-1.1696412067795,50.636910213944],[-1.16957103916526,50.6372793095996],[-1.1705732915124,50.6369815809795],[-1.17294928774689,50.6373654527568],[-1.17381641051495,50.6365478105171],[-1.17594765604532,50.6361330660392],[-1.17670539287765,50.6364666611084],[-1.17611509342183,50.6369858217265],[-1.17676813070917,50.6373267672269],[-1.17864115231384,50.6372851399184],[-1.18033772441804,50.6376343126255],[-1.1804230019418,50.6371223687161],[-1.18124147099325,50.637466250843],[-1.18318300859918,50.6375481997196],[-1.1836409239979,50.6370747363177],[-1.18427534023372,50.6371071380145],[-1.18424100151771,50.6363091783361],[-1.18366029423207,50.635795176101],[-1.18583624685092,50.6336827308913],[-1.18748386368005,50.6330115997271],[-1.18831558331676,50.6334850796792],[-1.19238329832121,50.6330124187289],[-1.19284329068752,50.6353780992183],[-1.19561092906406,50.6351103659324],[-1.19701676697633,50.6365886432764],[-1.19667829516442,50.6393596561918],[-1.19592842194254,50.639545168919],[-1.19404011461738,50.6411382488636],[-1.19064575438403,50.6413143947862],[-1.18785086124844,50.6443705631145],[-1.18720299888978,50.6443750361174],[-1.18635192938693,50.6450111920709],[-1.18486712757231,50.6452372622535],[-1.18302626811359,50.6471579430524],[-1.17915076769485,50.6496721256406],[-1.17716488197077,50.6487758950069],[-1.17519539595477,50.6492115862429],[-1.17427589562685,50.6463929638426],[-1.16952711240233,50.6469132156446],[-1.16991582592961,50.6463628938126],[-1.16926492868383,50.6463789351525],[-1.16962525459082,50.6454345412213],[-1.16703443588103,50.644937678105],[-1.16740935567737,50.6442910670514],[-1.16609888874547,50.6438934917241]]],[[[-1.29033075190899,50.6964307370398],[-1.28872260319037,50.6963276137343],[-1.28736595979742,50.6928418177934],[-1.28755860013178,50.6917960754896],[-1.28624875816216,50.6912729067508],[-1.28755027442214,50.6901685298681],[-1.28683156445659,50.6888085629202],[-1.28733367051745,50.6887487089765],[-1.28791084992878,50.6851226660635],[-1.29022712897706,50.6851835750618],[-1.29035582181581,50.6842571856736],[-1.28974046736746,50.6830079108497],[-1.29047257779852,50.6819539504507],[-1.29008758038821,50.6819534000775],[-1.28979952041905,50.6814372158612],[-1.29047181330898,50.6809746318425],[-1.28929698695012,50.6805024820807],[-1.28970265553615,50.6801686321823],[-1.28873748431407,50.6783804076926],[-1.28756406462562,50.6777867795523],[-1.28721652992433,50.6769429921527],[-1.28519024485929,50.6756086313115],[-1.28510808940126,50.6751477348729],[-1.28719043371723,50.6752054580685],[-1.28684664782578,50.6746367851577],[-1.28785408489283,50.6729640206594],[-1.28897039833917,50.6727927466977],[-1.29328367329158,50.6731796144558],[-1.29273695070484,50.6739705156036],[-1.29362562122713,50.6749906317921],[-1.29346996779225,50.6757825706545],[-1.29886182945721,50.6768815059731],[-1.29968995627561,50.6749258140434],[-1.30399803947489,50.6750658204596],[-1.30467887024179,50.6765226267255],[-1.30722390649334,50.6783300436934],[-1.31148795449689,50.6829022349487],[-1.31121470519106,50.6845480953531],[-1.30840070441407,50.6856042151239],[-1.30865291447672,50.6869394295652],[-1.30807256614062,50.690784021163],[-1.30302862368684,50.6956441968586],[-1.29732869277512,50.6965561174684],[-1.29700831927621,50.6950596044743],[-1.29574964103906,50.6952411092557],[-1.2954884046094,50.6949749416109],[-1.29532763713797,50.6952691036498],[-1.2910306789532,50.6957443742037],[-1.29033075190899,50.6964307370398]]],[[[-1.13680142281818,50.727036472352],[-1.1347296644714,50.7267005645962],[-1.13050281401989,50.7268114075075],[-1.12022132972468,50.7232631880862],[-1.11827006799424,50.7232056727018],[-1.11443377659189,50.7219733274383],[-1.11138026284992,50.7219372910813],[-1.10970780844137,50.7215633037039],[-1.10823646563798,50.7201172890852],[-1.10793994226942,50.7181981618358],[-1.10695733397071,50.7171284233388],[-1.10614016711221,50.7139319170551],[-1.1052050540517,50.7130701420283],[-1.10319127468414,50.7124306101394],[-1.10151380074348,50.7072584293837],[-1.10151225705458,50.7072571692684],[-1.10310692650463,50.7056923216506],[-1.10540503187469,50.706009443079],[-1.1054427109469,50.7055941959882],[-1.1101552553409,50.7064450494615],[-1.11097602165936,50.7055807679572],[-1.11143227889183,50.7035464784471],[-1.11337094617037,50.7037707084317],[-1.11976934837236,50.7033767537647],[-1.12228965877003,50.7033975454388],[-1.12429401410484,50.7043514873532],[-1.12803057997462,50.7050692345381],[-1.1305928886767,50.7067241857158],[-1.1341548935838,50.7054808701337],[-1.13719409575262,50.7050960247184],[-1.13890110058405,50.7052975242399],[-1.13926236453859,50.7050555583157],[-1.14113173067953,50.7052860928429],[-1.14692739441091,50.7068825147782],[-1.14602304236439,50.708018947328],[-1.14570164118705,50.7092603397537],[-1.14616440787021,50.7151146854833],[-1.14175444984001,50.7147487193169],[-1.13903012660803,50.7141566844131],[-1.13780713971885,50.7155766259721],[-1.13764735205001,50.7170233804135],[-1.13530482622037,50.7174574730084],[-1.13424095211134,50.7187662155145],[-1.13282494123755,50.7194975633071],[-1.13489749094326,50.7204167737205],[-1.13633897579794,50.7217601766066],[-1.13749120276591,50.7221958289147],[-1.13744186404663,50.7229536217731],[-1.13658543940335,50.7237574988058],[-1.13805250520533,50.7240291559899],[-1.1368103939728,50.7262394227268],[-1.13680142281818,50.727036472352]]],[[[-1.09440240404028,50.7401336568053],[-1.09477784823302,50.7397704871835],[-1.09536011438528,50.7399998576389],[-1.0949847627004,50.7403584452909],[-1.09440240404028,50.7401336568053]]],[[[-1.18698462645802,50.718703836185],[-1.18629345826999,50.7178789086932],[-1.1825104395858,50.7178470576754],[-1.18369085107377,50.7166790226153],[-1.1804753870015,50.7161869960738],[-1.18076936802844,50.714356376196],[-1.18004636249554,50.714315243616],[-1.18046961258766,50.7135169969696],[-1.17710698551071,50.7131938503612],[-1.17720843748255,50.7121747887996],[-1.17813187968095,50.7111227736708],[-1.17513296314928,50.7114720948556],[-1.1741564942853,50.7101405429753],[-1.16906030268033,50.7099946618766],[-1.16539248966232,50.7110071475173],[-1.16554238666479,50.7096682892805],[-1.16501888395306,50.7082022589654],[-1.1653668431486,50.7071112496378],[-1.16251419258783,50.7068093217044],[-1.16188888759135,50.7056635921999],[-1.16314707455157,50.704991871129],[-1.16384435884977,50.7033646674985],[-1.16369379023981,50.7028365721905],[-1.16294859343106,50.7029311103426],[-1.16231219961351,50.7022528919056],[-1.16324933139755,50.701154429997],[-1.16264171212287,50.700998940923],[-1.16180119787874,50.6996170163073],[-1.16216108043278,50.6991285476806],[-1.16190206618552,50.6986474103405],[-1.16253170424429,50.6982724496711],[-1.16309518705314,50.6968447776063],[-1.16419536738627,50.6960433531099],[-1.16535058742789,50.6960525255928],[-1.16902417624428,50.6945661283916],[-1.1707914221867,50.6935084944607],[-1.17107586435157,50.692874717102],[-1.17339151835318,50.6918569923656],[-1.17273253781817,50.6896418546331],[-1.17316442543382,50.6883463468855],[-1.17461698661357,50.68777657815],[-1.17506330610065,50.6879973937592],[-1.17585515802873,50.687723302017],[-1.176991082399,50.6867223338263],[-1.17974218734711,50.6857947604658],[-1.18080180416432,50.6848588487927],[-1.18162317425386,50.6832116436536],[-1.18051049300925,50.682808162547],[-1.18064524856049,50.6820600299445],[-1.17919310771707,50.6818905978438],[-1.17566842246399,50.6800410441872],[-1.17271128993973,50.6790138061732],[-1.17459295557987,50.6748616197129],[-1.17255671317623,50.6742788145407],[-1.17307728387348,50.6726835650042],[-1.17549003140128,50.670268028658],[-1.17691582786399,50.6698213000454],[-1.17681375364789,50.6694267104369],[-1.17581014765699,50.6692846743224],[-1.17521712064865,50.6685637654735],[-1.17494322808259,50.6675555310967],[-1.17554082418582,50.6670489242568],[-1.17506385777128,50.6666507815476],[-1.1765351707451,50.6665037618386],[-1.17815347540189,50.6656420339527],[-1.17608391056036,50.6643971801514],[-1.17613918238687,50.6643120718823],[-1.17895463815718,50.6621367491969],[-1.18020953505751,50.6606824834505],[-1.1793031584649,50.6590285247664],[-1.17580321913666,50.6574751041908],[-1.17631173743659,50.6546917629324],[-1.1753080320766,50.6532016984271],[-1.17558875708453,50.6524366222719],[-1.17730851060018,50.6509217511673],[-1.17812032662075,50.6514921654424],[-1.1787107896644,50.6512203216996],[-1.17915076769485,50.6496721256406],[-1.18302626811359,50.6471579430524],[-1.18486712757231,50.6452372622535],[-1.18635192938693,50.6450111920709],[-1.18720299888978,50.6443750361174],[-1.18785086124844,50.6443705631145],[-1.19064575438403,50.6413143947862],[-1.19404011461738,50.6411382488636],[-1.19592842194254,50.639545168919],[-1.19667829516442,50.6393596561918],[-1.19701676697633,50.6365886432764],[-1.19792819976748,50.6317279043403],[-1.20339480662724,50.6310361378744],[-1.20226259750985,50.6300158041133],[-1.20754372330766,50.630675080446],[-1.21307253755285,50.6303114332105],[-1.21528662396347,50.6301465705343],[-1.21923306410478,50.6306406890358],[-1.22197373931257,50.6312948291872],[-1.22423693684017,50.6324403731808],[-1.22329702058404,50.6343963402575],[-1.22331287659348,50.6358335514056],[-1.22265746798053,50.6361340405766],[-1.22253793577598,50.6376421810453],[-1.22189937329788,50.638629909246],[-1.22164462444369,50.6412145456264],[-1.22110904625513,50.6412720981102],[-1.22001584330402,50.6432413939083],[-1.21993766952661,50.6454854846455],[-1.22047797956805,50.6470277960553],[-1.22261623580904,50.6486716753655],[-1.2248672777003,50.6497496067207],[-1.22475102425638,50.6504574488951],[-1.22378086535608,50.6518206607137],[-1.21746060267759,50.6552316327052],[-1.22171494426237,50.6598088818319],[-1.22372599674938,50.6645092346947],[-1.22379037602688,50.6676382981189],[-1.2232204451142,50.6680481459375],[-1.21860589712012,50.6676315171007],[-1.21447075456085,50.6685039305429],[-1.21263729439288,50.668556293101],[-1.21500178724433,50.6712773500805],[-1.21689697632406,50.6718547802833],[-1.21735001608128,50.6722706594123],[-1.21769719604288,50.6762397166011],[-1.21744821433424,50.6806571673055],[-1.21775572640921,50.6811484857539],[-1.21738919564625,50.6825912258735],[-1.22286975968068,50.6816611511713],[-1.22684330250344,50.6813800085513],[-1.23056517896734,50.6816842290415],[-1.23908283920639,50.683030699973],[-1.24159153868075,50.6837080186985],[-1.2468800538765,50.6859078062912],[-1.24727255476461,50.6866818893855],[-1.24707273991294,50.6874035996919],[-1.24487452980351,50.6902050577358],[-1.24107407925582,50.6931462914904],[-1.24063028879199,50.6966937790773],[-1.24491501257815,50.7082271959221],[-1.24683530191929,50.7161030763338],[-1.2456273064227,50.7168830067512],[-1.24489818570829,50.7165914028962],[-1.24467811631137,50.7169784525346],[-1.24002630180445,50.7168888876868],[-1.23916889017872,50.7166531412079],[-1.23802416924067,50.7153523960475],[-1.23564042349167,50.7137711130945],[-1.22416457520392,50.7099992812601],[-1.21370833206061,50.7050658235945],[-1.21090846789499,50.7043140190645],[-1.21268841707695,50.7062640094333],[-1.21471041944404,50.7073010147051],[-1.21488607907706,50.7082284731415],[-1.21548949866939,50.7083926519668],[-1.21523672718772,50.7087749293785],[-1.21685876651693,50.7094297245067],[-1.21663350378241,50.7109642205277],[-1.21703388029888,50.7120118624557],[-1.21929761748342,50.7129290461091],[-1.22145972918213,50.7143392604918],[-1.22169465607168,50.7154630989377],[-1.22075113897776,50.7171798961053],[-1.22343780029771,50.7193524629819],[-1.21929771738967,50.7206756267497],[-1.21781821051969,50.7218176539103],[-1.21605505835274,50.7223768844968],[-1.21257740783166,50.7221880283713],[-1.21206883611829,50.7219372668896],[-1.21205018229967,50.7214406900133],[-1.20845418871221,50.720633988788],[-1.20764541419549,50.7231438358145],[-1.20699412004007,50.7238759028747],[-1.20496219302549,50.7238980289848],[-1.20486031563466,50.7233055847039],[-1.1993503711133,50.7236609443439],[-1.19676370011291,50.7231512002102],[-1.19725042745774,50.7218595714371],[-1.19583187645099,50.7209765578665],[-1.19624446104138,50.7206259883815],[-1.195659965691,50.7202586555379],[-1.19324343666143,50.7202473562959],[-1.19327989799407,50.7209265654003],[-1.19276308753391,50.7211622242298],[-1.18889438417429,50.7209024371903],[-1.18842568087878,50.7202381999239],[-1.18716650352458,50.7202285313072],[-1.18698462645802,50.718703836185]]],[[[-1.28927615933681,50.7010362282708],[-1.28943496484463,50.6999218518106],[-1.28941632466232,50.7006242455695],[-1.2896355998748,50.7010279041666],[-1.28927615933681,50.7010362282708]]],[[[-1.29139849308666,50.7021681140545],[-1.29094552515676,50.701788111617],[-1.29157622589041,50.7019612797967],[-1.29139849308666,50.7021681140545]]],[[[-1.2912493579203,50.7060073681268],[-1.29104596243497,50.7052990063574],[-1.29127742370841,50.705903199768],[-1.2912493579203,50.7060073681268]]],[[[-1.2929513668712,50.7092091568368],[-1.29247796812914,50.7088450999709],[-1.29195571037898,50.7090375027274],[-1.29098996510386,50.7088339126831],[-1.29130287019002,50.7083925277851],[-1.29088758521129,50.7080392830653],[-1.29199290550047,50.7071026832256],[-1.29223864461818,50.7054778318312],[-1.29087346548491,50.7033009532992],[-1.29150274375769,50.7023548015855],[-1.29209888421859,50.7018580792781],[-1.2927390036274,50.7021278185899],[-1.29351865151624,50.7022689559956],[-1.29482494058932,50.7022417233682],[-1.29294330496509,50.7021188785654],[-1.29228631036432,50.7018336808978],[-1.29197905380699,50.701775786106],[-1.29160073951144,50.7018840803638],[-1.29067984503166,50.70156522352],[-1.2900285308151,50.701018802346],[-1.28975890412112,50.7010250477251],[-1.28948401076174,50.700511481482],[-1.28954893578707,50.6995694279699],[-1.29027269241098,50.6987307687402],[-1.29029057221432,50.6972026619747],[-1.29033075190899,50.6964307370398],[-1.2910306789532,50.6957443742037],[-1.29532763713797,50.6952691036498],[-1.2954884046094,50.6949749416109],[-1.29574964103906,50.6952411092557],[-1.29700831927621,50.6950596044743],[-1.29732869277512,50.6965561174684],[-1.30302862368684,50.6956441968586],[-1.30414162861384,50.6951607925665],[-1.30467938833479,50.6956531628763],[-1.30351570516663,50.6966966323303],[-1.30327138733268,50.6982851427734],[-1.30128577895571,50.6992543223168],[-1.30091771304401,50.7000626605437],[-1.29965098286177,50.7008454543088],[-1.29997356683537,50.701071052118],[-1.29840199103413,50.701691224823],[-1.2976685327707,50.7024417602229],[-1.29554019216108,50.7026503929858],[-1.29408776705964,50.7033377738456],[-1.29639752093338,50.7046095738999],[-1.29528361781803,50.704919453731],[-1.29488925448932,50.7072753974793],[-1.29384094954662,50.709258814334],[-1.2929513668712,50.7092091568368]]],[[[-1.2976685327707,50.7024417602229],[-1.29840199103413,50.701691224823],[-1.29997356683537,50.701071052118],[-1.29965098286177,50.7008454543088],[-1.30091771304401,50.7000626605437],[-1.30128577895571,50.6992543223168],[-1.30327138733268,50.6982851427734],[-1.30351570516663,50.6966966323303],[-1.30467938833479,50.6956531628763],[-1.30685172637926,50.6949503081032],[-1.3077409679901,50.6934079312834],[-1.30885143467882,50.6930826987196],[-1.30839033483677,50.6927661125223],[-1.30954792947571,50.6921237094753],[-1.31225305093966,50.6927269617688],[-1.3134442276958,50.6926908394929],[-1.31350357359579,50.6931830409885],[-1.31554071454002,50.6929063603944],[-1.31579974074746,50.6933953285823],[-1.31735068152565,50.693352288206],[-1.31726943294304,50.6936818395557],[-1.32025797202137,50.6953539328611],[-1.32000463913186,50.6960322877623],[-1.31870932168922,50.6962172092475],[-1.32071315716067,50.6964816057347],[-1.32070331113049,50.6971622785347],[-1.32007568421514,50.6972853828006],[-1.32029145229844,50.698622119557],[-1.31980262152187,50.6986399491941],[-1.31985437453883,50.6990727643783],[-1.3203604219073,50.699035257051],[-1.32038094952481,50.6996738536109],[-1.32139626882835,50.7006446671627],[-1.32013172321562,50.7013405074909],[-1.31854889647355,50.7018097252608],[-1.31607069378522,50.7007466231345],[-1.31265834052148,50.7007391419553],[-1.310536004028,50.7016816218684],[-1.30931813516574,50.7030404498178],[-1.30803378536513,50.7033259810558],[-1.30724728627668,50.7038451311213],[-1.3048366778916,50.7040659428648],[-1.30184382401725,50.7027297431676],[-1.2976685327707,50.7024417602229]]],[[[-1.25661866555796,50.755072098339],[-1.25661608118135,50.755069054868],[-1.25528331823271,50.7539222011221],[-1.24873831979577,50.7523651327603],[-1.24731807168809,50.7514640318921],[-1.24640200891716,50.7495666004688],[-1.24569545512496,50.7490230583968],[-1.24655102025253,50.7490117818018],[-1.24955336364174,50.7495374754903],[-1.25163148837605,50.7493547487917],[-1.2575986424568,50.7478650657118],[-1.26114100224015,50.747580001152],[-1.26392053607893,50.7480390938584],[-1.26716386878623,50.7473904561729],[-1.26685466875353,50.7468570026405],[-1.27249381263272,50.743973186241],[-1.27418651531412,50.7453254350225],[-1.27600097177016,50.7447521400398],[-1.27575492561421,50.7443540504394],[-1.27777739557443,50.7436165953605],[-1.28625812716122,50.7412773513504],[-1.28625606640919,50.7438660504699],[-1.2881749849913,50.7454636476204],[-1.28857832939552,50.7454094467301],[-1.28909256824936,50.746396466267],[-1.28928664355502,50.7468910624216],[-1.28876193088279,50.7468487114344],[-1.28858085178138,50.7471630814636],[-1.28910749694218,50.7474387699688],[-1.28879895591588,50.7477274548983],[-1.29044239416435,50.7500130983623],[-1.28963457012741,50.7501726731908],[-1.28946347786641,50.750801227097],[-1.29073789088035,50.7507304578639],[-1.29113709739924,50.7531822779429],[-1.29101650627971,50.7537998087298],[-1.29030964335375,50.7538593675023],[-1.29073097184445,50.7539239766357],[-1.29045619146669,50.7543631080968],[-1.29045581576233,50.7543681832071],[-1.28942053423131,50.7543004263523],[-1.28823015356418,50.7535234307871],[-1.28463157672458,50.7531956969896],[-1.28450248467544,50.7524620191845],[-1.28277971856948,50.7523902334914],[-1.28266361586384,50.753495685208],[-1.2797917361216,50.7529285335167],[-1.27927554585015,50.7523903391348],[-1.27755738340986,50.7523923153654],[-1.27845116142571,50.7538231566719],[-1.27472366877968,50.756249746293],[-1.27165102553204,50.7563672833692],[-1.265538420989,50.7579675618587],[-1.26150804243316,50.7565014324082],[-1.25940968086112,50.7565115077966],[-1.25740117349303,50.7547001416612],[-1.25661866555796,50.755072098339]]],[[[-1.26420013905962,50.6954735412187],[-1.26525977706516,50.6935305019801],[-1.2649296454046,50.6927316995666],[-1.26520927203223,50.692145318217],[-1.26720862747656,50.6910283731882],[-1.26707305730446,50.6903719511416],[-1.26779082879003,50.6891021840436],[-1.2685231428222,50.6882534310028],[-1.26920497483122,50.6882864822773],[-1.26934388284187,50.687180292464],[-1.27023509937998,50.6864898558875],[-1.27310533850278,50.6872550834155],[-1.27695535407873,50.6887611085436],[-1.28110786494631,50.6896600564449],[-1.28194026410682,50.6902155817481],[-1.28343432992606,50.69036953372],[-1.28373553636971,50.689368696957],[-1.28683156445659,50.6888085629202],[-1.28755027442214,50.6901685298681],[-1.28624875816216,50.6912729067508],[-1.28755860013178,50.6917960754896],[-1.28736595979742,50.6928418177934],[-1.28872260319037,50.6963276137343],[-1.29033075190899,50.6964307370398],[-1.29029057221432,50.6972026619747],[-1.29029718956921,50.6966370035324],[-1.28990820676711,50.6978319563081],[-1.29016751290786,50.6987103423931],[-1.28944459637559,50.6995588982424],[-1.28943496484463,50.6999218518106],[-1.28927615933681,50.7010362282708],[-1.28877014031963,50.7016038072168],[-1.28729411307252,50.7020066079157],[-1.28368753328502,50.7024701034648],[-1.27778510568109,50.7013841188614],[-1.27499740463221,50.7005296155395],[-1.27051235328492,50.6999260307132],[-1.26420013905962,50.6954735412187]]],[[[-1.28778222986713,50.7341355263806],[-1.28796022025796,50.7337757212964],[-1.28695436716538,50.7338176314406],[-1.28689596061209,50.7335500805458],[-1.28563504247782,50.7339110985266],[-1.28471306361818,50.7335079753617],[-1.28502051201949,50.7327374496084],[-1.28379172624998,50.7307861856757],[-1.28419361004932,50.7301690326679],[-1.28366952979904,50.7294149079445],[-1.28384932748734,50.7301678224006],[-1.28331144238479,50.7304118311866],[-1.28295875523301,50.7300328620063],[-1.28302841615919,50.7298318469296],[-1.28365378494483,50.7300757947768],[-1.28354599234529,50.7292468812779],[-1.28293175959581,50.72975931005],[-1.28358722587818,50.728308267788],[-1.28522502203164,50.7274729575366],[-1.28365947343559,50.7271009543187],[-1.28349951352247,50.7264416878116],[-1.28464681792998,50.7244128935325],[-1.28482956651281,50.7223663228977],[-1.28692533646171,50.7193431419069],[-1.28747070233169,50.7172518505557],[-1.28831059279333,50.7158105064977],[-1.28958013969517,50.7149790564015],[-1.2892608851519,50.7135202939235],[-1.28998158775543,50.7113835322977],[-1.28969366433208,50.7106623609431],[-1.29098996510386,50.7088339126831],[-1.29195571037898,50.7090375027274],[-1.29247796812914,50.7088450999709],[-1.2929513668712,50.7092091568368],[-1.29384094954662,50.709258814334],[-1.29488925448932,50.7072753974793],[-1.29528361781803,50.704919453731],[-1.29639752093338,50.7046095738999],[-1.29408776705964,50.7033377738456],[-1.29554019216108,50.7026503929858],[-1.2976685327707,50.7024417602229],[-1.30184382401725,50.7027297431676],[-1.3048366778916,50.7040659428648],[-1.30724728627668,50.7038451311213],[-1.30803378536513,50.7033259810558],[-1.30931813516574,50.7030404498178],[-1.310536004028,50.7016816218684],[-1.31265834052148,50.7007391419553],[-1.31607069378522,50.7007466231345],[-1.31854889647355,50.7018097252608],[-1.32013172321562,50.7013405074909],[-1.32160878067397,50.7042599763151],[-1.32111049697008,50.7043461703416],[-1.32129190316203,50.7048246846586],[-1.32187653333548,50.7047426776918],[-1.32238280475762,50.7056799500883],[-1.33707441736768,50.7037284618528],[-1.33916143087567,50.7105890589116],[-1.34246260425073,50.7172849396921],[-1.34149872659352,50.7177344843388],[-1.34333508361473,50.7192224110829],[-1.34573104843862,50.720297928709],[-1.34612411564978,50.722798348615],[-1.34735327268133,50.7251793950885],[-1.34729344512429,50.7258202435884],[-1.34526164856527,50.7268474667154],[-1.34208048607577,50.7256631225228],[-1.33843024975611,50.7256082553376],[-1.33556304178356,50.725180069883],[-1.33525163244463,50.7267655178917],[-1.33400748448271,50.7275775949387],[-1.33171102216233,50.7282632396321],[-1.32849577187221,50.7287878294989],[-1.32324515860992,50.7266999011055],[-1.32254748884968,50.7278216907889],[-1.32164107841211,50.7283892691072],[-1.32149637572414,50.7291879277677],[-1.32007362483198,50.7288064378925],[-1.31860531603933,50.7288374056197],[-1.31790232840412,50.7301228511384],[-1.31517533841227,50.7302830814075],[-1.3143119705881,50.7277960705139],[-1.30605946789012,50.7286257914034],[-1.30650551811113,50.7316221999784],[-1.30068132587064,50.7324256017719],[-1.30042563753114,50.732179447774],[-1.29872193295301,50.7324084768648],[-1.29876602545248,50.7317324021215],[-1.29634311820555,50.7320182163711],[-1.29634872334618,50.7323069285381],[-1.29420275122427,50.7327338050428],[-1.29161747442252,50.7341983484818],[-1.28970115854775,50.734047377408],[-1.28778222986713,50.7341355263806]]],[[[-1.13680142281818,50.727036472352],[-1.1368103939728,50.7262394227268],[-1.13805250520533,50.7240291559899],[-1.13658543940335,50.7237574988058],[-1.13744186404663,50.7229536217731],[-1.13749120276591,50.7221958289147],[-1.13633897579794,50.7217601766066],[-1.13489749094326,50.7204167737205],[-1.13282494123755,50.7194975633071],[-1.13424095211134,50.7187662155145],[-1.13530482622037,50.7174574730084],[-1.13764735205001,50.7170233804135],[-1.13780713971885,50.7155766259721],[-1.13903012660803,50.7141566844131],[-1.14175444984001,50.7147487193169],[-1.14616440787021,50.7151146854833],[-1.14821207171185,50.715337578991],[-1.15086174610694,50.7160868843812],[-1.15258298923879,50.716695191598],[-1.15346378750163,50.717403852187],[-1.15380521077434,50.7187890625368],[-1.15311365469507,50.7202094973836],[-1.15049699127913,50.7226991737329],[-1.14833755083929,50.7232342688395],[-1.14817002636541,50.7235123719051],[-1.14847362661964,50.7238268813882],[-1.15019256312675,50.7231739362275],[-1.15138212933922,50.7235945391527],[-1.15148193162355,50.7242625403336],[-1.15064260150648,50.7257006656018],[-1.15324378090635,50.7260635572998],[-1.15280638372989,50.7273166989194],[-1.15166633201689,50.7270673057317],[-1.15177184522755,50.7293002628965],[-1.15098799918553,50.7291668541783],[-1.15068203933651,50.729472591088],[-1.15037415115333,50.7292631055212],[-1.14980737667719,50.7297222080299],[-1.15186168562641,50.7308908792725],[-1.1517982056794,50.731173770314],[-1.1510214146629,50.7318582084435],[-1.15101771683844,50.7318559072015],[-1.15018522064177,50.7313378497185],[-1.14805906333262,50.7309580118063],[-1.14375395859592,50.729042941227],[-1.13684937604013,50.7270442472956],[-1.13680142281818,50.727036472352]]],[[[-1.1510214146629,50.7318582084435],[-1.1517982056794,50.731173770314],[-1.15186168562641,50.7308908792725],[-1.14980737667719,50.7297222080299],[-1.15037415115333,50.7292631055212],[-1.15068203933651,50.729472591088],[-1.15098799918553,50.7291668541783],[-1.15177184522755,50.7293002628965],[-1.15166633201689,50.7270673057317],[-1.15280638372989,50.7273166989194],[-1.15324378090635,50.7260635572998],[-1.15384353524151,50.7255267295416],[-1.15340096324682,50.7251267233222],[-1.15387827377137,50.7247825969863],[-1.15777002151944,50.723233812074],[-1.15902108727647,50.7218035787156],[-1.15955099633266,50.7204627408992],[-1.15984317019641,50.7205054022393],[-1.16314512905646,50.7207610479408],[-1.16458486230818,50.722329842079],[-1.1648895698493,50.7231989676096],[-1.16596104525989,50.7235762141974],[-1.16303906397119,50.7259924576648],[-1.16294496143736,50.7276141011337],[-1.15857683034716,50.7269330494106],[-1.15755681464415,50.729570069307],[-1.15550722678785,50.7321146207073],[-1.15549670079871,50.7327795253917],[-1.15539272333545,50.732950522949],[-1.15525375359357,50.7329103671602],[-1.1551353779056,50.7320457459637],[-1.15348524589239,50.731632228827],[-1.15360429692927,50.7329039775832],[-1.15464069601871,50.7332687296196],[-1.15223960815265,50.7326162262353],[-1.15118919325597,50.7319626150803],[-1.1510214146629,50.7318582084435]]],[[[-1.15539272333545,50.732950522949],[-1.15549670079871,50.7327795253917],[-1.15550722678785,50.7321146207073],[-1.15755681464415,50.729570069307],[-1.15857683034716,50.7269330494106],[-1.16294496143736,50.7276141011337],[-1.16303906397119,50.7259924576648],[-1.16741355040972,50.7267771890135],[-1.17234195595112,50.7261769671951],[-1.17361885712108,50.7278214788073],[-1.17567372908037,50.7286479559557],[-1.17481277797441,50.7322379461537],[-1.17436729791054,50.7325556893525],[-1.17439463958128,50.7336680993814],[-1.16870607285948,50.7330245128076],[-1.16449933578939,50.7328315019575],[-1.16337801975689,50.7329689270154],[-1.16279260889568,50.73353417115],[-1.16130727119703,50.7335871962117],[-1.16016821108453,50.7331522785621],[-1.15951142582431,50.7333328393277],[-1.15904205819826,50.7329709146942],[-1.15907093093284,50.7333240153788],[-1.15800040434555,50.7330009184617],[-1.15745489101915,50.7335463780287],[-1.15539272333545,50.732950522949]]],[[[-1.14616440787021,50.7151146854833],[-1.14570164118705,50.7092603397537],[-1.14602304236439,50.708018947328],[-1.14692739441091,50.7068825147782],[-1.14791281654397,50.7076029255795],[-1.14923064081072,50.7077986412624],[-1.14933036777456,50.7085467430971],[-1.14985819718058,50.7088878201165],[-1.15424010939799,50.7093737348156],[-1.15554500872812,50.7122099717349],[-1.15967772878212,50.7161227675555],[-1.16016592547302,50.7180714845141],[-1.15984317019641,50.7205054022393],[-1.15955099633266,50.7204627408992],[-1.15902108727647,50.7218035787156],[-1.15777002151944,50.723233812074],[-1.15387827377137,50.7247825969863],[-1.15340096324682,50.7251267233222],[-1.15384353524151,50.7255267295416],[-1.15324378090635,50.7260635572998],[-1.15064260150648,50.7257006656018],[-1.15148193162355,50.7242625403336],[-1.15138212933922,50.7235945391527],[-1.15019256312675,50.7231739362275],[-1.14847362661964,50.7238268813882],[-1.14817002636541,50.7235123719051],[-1.14833755083929,50.7232342688395],[-1.15049699127913,50.7226991737329],[-1.15311365469507,50.7202094973836],[-1.15380521077434,50.7187890625368],[-1.15346378750163,50.717403852187],[-1.15258298923879,50.716695191598],[-1.15086174610694,50.7160868843812],[-1.14821207171185,50.715337578991],[-1.14616440787021,50.7151146854833]]],[[[-1.17567372908037,50.7286479559557],[-1.17361885712108,50.7278214788073],[-1.17234195595112,50.7261769671951],[-1.16741355040972,50.7267771890135],[-1.16303906397119,50.7259924576648],[-1.16596104525989,50.7235762141974],[-1.16706578028395,50.722629622802],[-1.17172737037888,50.7227631948356],[-1.17132785205143,50.7215706555556],[-1.17243780186771,50.7214379138373],[-1.17724284124693,50.7212737165687],[-1.17729594013329,50.7217789650871],[-1.17896259952431,50.7219845084212],[-1.17893553833775,50.7213281890167],[-1.18163119030192,50.7211143058126],[-1.18183800133283,50.7218068683627],[-1.18375277222515,50.7216076756038],[-1.18370262164025,50.7230946666897],[-1.18246838495658,50.7246606928924],[-1.1822104565462,50.7261301658306],[-1.18320912151012,50.7276003517538],[-1.1768089244818,50.7287513486464],[-1.17567372908037,50.7286479559557]]],[[[-1.10895138175638,50.6655372631244],[-1.11177139288005,50.6657779867635],[-1.1145921081056,50.6655953003428],[-1.12431622821789,50.6640198632077],[-1.13259640027527,50.6621032851691],[-1.13764417282662,50.6606171265582],[-1.14301935657993,50.6585354801944],[-1.15189181925964,50.6543644361191],[-1.15247080516609,50.654912935703],[-1.15245619590581,50.6559640776078],[-1.15443291742961,50.6562090992485],[-1.15455037611626,50.6558807577257],[-1.15530443317111,50.6557792886708],[-1.15649896731949,50.6562008987802],[-1.15659306441645,50.6559455467516],[-1.15776175663257,50.656047523549],[-1.15831073501626,50.6564793810141],[-1.15907511882023,50.6561448667607],[-1.16190022629458,50.6564666130399],[-1.16136018958385,50.6568396258549],[-1.16208534669356,50.6571524436265],[-1.15550719317009,50.6612714156961],[-1.15076007699719,50.6656857539267],[-1.15018858467554,50.6648102389662],[-1.14973437530556,50.6648123232502],[-1.14887739366859,50.6656495529534],[-1.14905990428656,50.6662732017429],[-1.14841985556914,50.6666930575333],[-1.14848588720874,50.6671899006707],[-1.14748293902082,50.6683400004378],[-1.14581491173695,50.6687944874375],[-1.14511643617479,50.6680591679507],[-1.14443388523752,50.6679318920084],[-1.14313989895887,50.668200196252],[-1.14273945891815,50.6685858191786],[-1.14263250062544,50.6689429415492],[-1.14328407301407,50.6691446207001],[-1.1433460624861,50.6694697195699],[-1.14177975135458,50.6708557653723],[-1.1413413621385,50.6720791907832],[-1.14307392567132,50.6726008814394],[-1.14323561219294,50.6730517700672],[-1.1406461906494,50.6731073391037],[-1.13665777656721,50.6716579355231],[-1.13261101025231,50.6708553615836],[-1.13058957285773,50.670891555843],[-1.12835874458753,50.6719145575176],[-1.1217656384008,50.6702372886214],[-1.11768069688851,50.6686200926303],[-1.11692453947754,50.6686504194173],[-1.10895138175638,50.6655372631244]]],[[[-1.15076007699719,50.6656857539267],[-1.15550719317009,50.6612714156961],[-1.16208534669356,50.6571524436265],[-1.16136018958385,50.6568396258549],[-1.16190022629458,50.6564666130399],[-1.15907511882023,50.6561448667607],[-1.15831073501626,50.6564793810141],[-1.15776175663257,50.656047523549],[-1.15659306441645,50.6559455467516],[-1.15649896731949,50.6562008987802],[-1.15530443317111,50.6557792886708],[-1.15455037611626,50.6558807577257],[-1.15443291742961,50.6562090992485],[-1.15245619590581,50.6559640776078],[-1.15247080516609,50.654912935703],[-1.15189181925964,50.6543644361191],[-1.15189378243545,50.6543635133332],[-1.15189638052094,50.6543622912037],[-1.15259660267148,50.6539515884185],[-1.16045030743263,50.6493392510395],[-1.16114881298135,50.6493281108897],[-1.16179465909153,50.6496834716162],[-1.16150080337179,50.6500608429424],[-1.16198579643211,50.6503853777871],[-1.16259272786911,50.6502216192272],[-1.16296912859292,50.6515642530647],[-1.16393594194852,50.6513706151501],[-1.16393413883178,50.6509137988502],[-1.16554520125225,50.6509172514559],[-1.16529524544029,50.6532077474808],[-1.16317825325451,50.6561180492419],[-1.16363726946132,50.6563200316715],[-1.16498396717699,50.6590330107825],[-1.16800101663377,50.6614198986887],[-1.16878842528032,50.6614656244402],[-1.16887980350982,50.6626687941862],[-1.17613918238687,50.6643120718823],[-1.17608391056036,50.6643971801514],[-1.17465980788061,50.6645965830007],[-1.17206015249221,50.663570955511],[-1.1711958939859,50.6644407493103],[-1.16795879975878,50.6641856490073],[-1.16301845001654,50.6661368063571],[-1.16194967416886,50.6660050604243],[-1.1612475071226,50.6651510461009],[-1.15940576361705,50.6651224975566],[-1.15828629705562,50.6656090735279],[-1.15849183211695,50.6660610663889],[-1.15799920864502,50.6663120282098],[-1.15750184350917,50.6661105560497],[-1.15490556605312,50.6662581776529],[-1.15110529489897,50.6674131693331],[-1.15056187928023,50.6673336929589],[-1.15076007699719,50.6656857539267]]],[[[-1.169009213171,50.6368655193683],[-1.1690094321954,50.6368640056115],[-1.16921691825824,50.6361531330777],[-1.1682677048123,50.6358777880025],[-1.16862766984528,50.6359485588915],[-1.17001359119324,50.6341819158829],[-1.16911692268358,50.633710809802],[-1.16929836262233,50.6333960146165],[-1.16905289302554,50.6333166670319],[-1.17097170269595,50.6314314154253],[-1.17097732448362,50.631419419388],[-1.17223366127623,50.6316515858067],[-1.1727236959036,50.6311236482562],[-1.18360970267168,50.6312039660278],[-1.18416955452892,50.6314516141903],[-1.18551993340664,50.6312883565627],[-1.18462678974489,50.629948471544],[-1.18665600997799,50.6292000088677],[-1.18721478651627,50.6294278621229],[-1.18804269520198,50.6292996817951],[-1.18805796906592,50.6287377094398],[-1.18885271580893,50.628157796336],[-1.1918990138075,50.6281007662473],[-1.1930205717753,50.6296526419213],[-1.19438454052862,50.6295891761547],[-1.19473708260428,50.6301411060254],[-1.19704215026965,50.6296210216165],[-1.19762386979938,50.6299974122565],[-1.20226259750985,50.6300158041133],[-1.20339480662724,50.6310361378744],[-1.19792819976748,50.6317279043403],[-1.19701676697633,50.6365886432764],[-1.19561092906406,50.6351103659324],[-1.19284329068752,50.6353780992183],[-1.19238329832121,50.6330124187289],[-1.18831558331676,50.6334850796792],[-1.18748386368005,50.6330115997271],[-1.18583624685092,50.6336827308913],[-1.18366029423207,50.635795176101],[-1.18424100151771,50.6363091783361],[-1.18427534023372,50.6371071380145],[-1.1836409239979,50.6370747363177],[-1.18318300859918,50.6375481997196],[-1.18124147099325,50.637466250843],[-1.1804230019418,50.6371223687161],[-1.18033772441804,50.6376343126255],[-1.17864115231384,50.6372851399184],[-1.17676813070917,50.6373267672269],[-1.17611509342183,50.6369858217265],[-1.17670539287765,50.6364666611084],[-1.17594765604532,50.6361330660392],[-1.17381641051495,50.6365478105171],[-1.17294928774689,50.6373654527568],[-1.1705732915124,50.6369815809795],[-1.16957103916526,50.6372793095996],[-1.1696412067795,50.636910213944],[-1.169009213171,50.6368655193683]]],[[[-1.17097732448362,50.631419419388],[-1.17174671376818,50.629777541474],[-1.17149808669491,50.6297676964741],[-1.17353110216316,50.6263332440999],[-1.1747888925006,50.6226835247973],[-1.17446061062462,50.6224046111723],[-1.17460109624383,50.6208600359585],[-1.17419143574955,50.6199215635483],[-1.17350012852903,50.6194601039068],[-1.17286089854683,50.6167617224728],[-1.17254588815247,50.6154316063208],[-1.17309954693866,50.614390628174],[-1.17565598102331,50.612396123102],[-1.17713427567381,50.6105443354128],[-1.17555332496349,50.6084045781992],[-1.17526369697224,50.6068931916812],[-1.17533478527743,50.6067873340744],[-1.17584878105005,50.60678081612],[-1.17722693250079,50.6073328440038],[-1.17741955514474,50.6069043743848],[-1.18144725932176,50.6067429264105],[-1.18188408522238,50.6067370012059],[-1.18200765355564,50.6071910695316],[-1.18669213724881,50.6068038854059],[-1.18878867691337,50.6070100618924],[-1.18777454118134,50.6086990274179],[-1.18842022885276,50.6095335802261],[-1.18915657772372,50.6096151146702],[-1.18980777983706,50.6103003677464],[-1.18977686674242,50.6110303288794],[-1.19062993809108,50.6119741869788],[-1.19087157245773,50.6131359462268],[-1.19206882685622,50.613125363306],[-1.19188960905774,50.6139361982362],[-1.19512630096672,50.6136941716968],[-1.19862559830238,50.6173054127394],[-1.20052800714218,50.6185711777935],[-1.20114631336464,50.6217103417258],[-1.2038599274561,50.6204006896863],[-1.20497403626156,50.6202221091419],[-1.20934898645817,50.6214992123641],[-1.21194316185347,50.6227614232367],[-1.21238764695135,50.6283985111592],[-1.21307253755285,50.6303114332105],[-1.20754372330766,50.630675080446],[-1.20226259750985,50.6300158041133],[-1.19762386979938,50.6299974122565],[-1.19704215026965,50.6296210216165],[-1.19473708260428,50.6301411060254],[-1.19438454052862,50.6295891761547],[-1.1930205717753,50.6296526419213],[-1.1918990138075,50.6281007662473],[-1.18885271580893,50.628157796336],[-1.18805796906592,50.6287377094398],[-1.18804269520198,50.6292996817951],[-1.18721478651627,50.6294278621229],[-1.18665600997799,50.6292000088677],[-1.18462678974489,50.629948471544],[-1.18551993340664,50.6312883565627],[-1.18416955452892,50.6314516141903],[-1.18360970267168,50.6312039660278],[-1.1727236959036,50.6311236482562],[-1.17223366127623,50.6316515858067],[-1.17097732448362,50.631419419388]]],[[[-1.59070467130113,50.6623349073176],[-1.59149157551849,50.6622620201094],[-1.59065000132662,50.6624014796069],[-1.59070467130113,50.6623349073176]]],[[[-1.58948790573937,50.6625717354871],[-1.58959331010307,50.6625645404024],[-1.58977660084953,50.6626569685952],[-1.58961144541512,50.6627077616738],[-1.58889248139979,50.6627771991413],[-1.58888495331176,50.6627730925639],[-1.58948790573937,50.6625717354871]]],[[[-1.53124700521295,50.7023778877123],[-1.52898843851039,50.7006366852767],[-1.52745863411835,50.6981333572914],[-1.52782761922014,50.6978939311877],[-1.52414492337799,50.6957932563107],[-1.52505549758592,50.6950456992],[-1.5273643041647,50.6948382196466],[-1.52743926018199,50.6930569422274],[-1.5262418317927,50.6912025052776],[-1.52660845641432,50.6910806212216],[-1.52608824349471,50.689993036944],[-1.52748994737669,50.6901974328111],[-1.52962793118562,50.6899696419118],[-1.52967255727668,50.6879233933633],[-1.5268078446342,50.6879435196419],[-1.52712978469088,50.6859222789489],[-1.52917431416976,50.6858819939007],[-1.52984866197357,50.6825608936398],[-1.53248530209398,50.6793097935627],[-1.53220946955805,50.6781530722745],[-1.52966068211589,50.6782759773265],[-1.52854989585245,50.6773973663613],[-1.5282118294841,50.6763951063385],[-1.52834470177108,50.6758389626708],[-1.52955696746446,50.6754778582873],[-1.53061110291028,50.6737922831046],[-1.5328273804556,50.6732704362587],[-1.53242737909555,50.6667921411512],[-1.53987984950793,50.6657354233574],[-1.54621054609359,50.6641783123628],[-1.54688819066592,50.6640226862167],[-1.54787528142543,50.6640159674352],[-1.54871240293253,50.6636186379214],[-1.55486170271131,50.6631455268104],[-1.56144834567132,50.663098063555],[-1.56389724640457,50.6626990544664],[-1.56462840494918,50.6624087106191],[-1.56585621669811,50.6620133568723],[-1.56618148985381,50.6620827801022],[-1.56913720051613,50.6610046470872],[-1.56952794006073,50.6611518594386],[-1.56965896342799,50.6612401272903],[-1.5719751056113,50.6606889794943],[-1.57206656560748,50.6606700826839],[-1.57890192134537,50.6601481816179],[-1.5794822186765,50.6602934022088],[-1.57903092515271,50.6608536158336],[-1.57913875415447,50.6609329952962],[-1.57903654992334,50.6610922348784],[-1.58617488893504,50.6630111839456],[-1.58654368622218,50.663114876376],[-1.5815628519266,50.6635358119006],[-1.57856306745456,50.6637859389817],[-1.57825553821757,50.6636498462914],[-1.57718669566486,50.66390067545],[-1.57687075196699,50.6639270109857],[-1.57665926296487,50.6637566585617],[-1.56960796573514,50.6653860703487],[-1.56947118008909,50.6657299086598],[-1.56929586997281,50.6658900658463],[-1.56929453899794,50.6658972965867],[-1.56929274747279,50.6658988673228],[-1.56919829210182,50.6664158525268],[-1.56898199798251,50.6669595245801],[-1.5702412965286,50.6724656906736],[-1.56962272127309,50.6733973940708],[-1.56741740401094,50.6739274926205],[-1.56642869655903,50.6745932182722],[-1.5630597272543,50.6756315006369],[-1.5604763275019,50.6761402682045],[-1.55742087476402,50.6761740471017],[-1.5535283537471,50.6772770383849],[-1.55108789932627,50.6773270309517],[-1.54909769499436,50.6778013777309],[-1.54691570595231,50.6793476177022],[-1.54474561671395,50.6821972020689],[-1.54356370842917,50.6852629717725],[-1.54332284400781,50.6858175801495],[-1.54331089367591,50.685856909746],[-1.54330882745956,50.6858616804941],[-1.54319683090136,50.686214537674],[-1.54307006943891,50.6865433078995],[-1.54307531239845,50.686597384785],[-1.54299597521729,50.6868473378417],[-1.54300480656395,50.6868641846519],[-1.54299253258389,50.6869045732093],[-1.54312721928378,50.6871327054455],[-1.54317386850918,50.6876138070112],[-1.54313285148963,50.6876854935238],[-1.54178999924989,50.6889133173753],[-1.53947606306322,50.6891362300053],[-1.53824258774566,50.6895863848673],[-1.53540790400713,50.6916767969005],[-1.53410000575381,50.6935142325715],[-1.53333349047237,50.6970031157261],[-1.53389294400903,50.6975294573933],[-1.5342811652548,50.7000099899728],[-1.53480983898684,50.7003886310843],[-1.53448482695343,50.7007095228789],[-1.53341932185883,50.7006748088692],[-1.53124700521295,50.7023778877123]]],[[[-1.19569104278931,50.5951200820431],[-1.19600378815309,50.5951017992263],[-1.19720536632594,50.5945495380663],[-1.19780782150491,50.5938770050509],[-1.19816718642074,50.5938630009779],[-1.19886165885257,50.5938671106194],[-1.20203778658506,50.5927250509416],[-1.20219235472123,50.5927465724621],[-1.20222840897755,50.5928099078221],[-1.20263011252693,50.5928075222314],[-1.20415869603061,50.5930203346059],[-1.20435099721983,50.5926494839066],[-1.20440322550335,50.5927677296665],[-1.20439328480216,50.5930418989203],[-1.20471466442825,50.5930679357288],[-1.20534866053302,50.5930487689843],[-1.20530480700364,50.5927458046061],[-1.20531237907304,50.5927449173057],[-1.20528948216385,50.5927011532708],[-1.2052377050157,50.5923970080444],[-1.20511649743478,50.5923705171743],[-1.20509734582126,50.5923339100799],[-1.20509125794414,50.5923330781176],[-1.20508950317192,50.5923298097872],[-1.20468027774271,50.5922751744907],[-1.20424772866436,50.5921806324094],[-1.20427029824606,50.5919648617232],[-1.20542946499993,50.5922181833803],[-1.20613640760004,50.5930428898549],[-1.20995310275823,50.5930538660196],[-1.2133919636371,50.5915837133516],[-1.21591338649914,50.5911816060736],[-1.22109942829652,50.5894826591002],[-1.2226426158815,50.5885599213717],[-1.22351194654798,50.5887940469534],[-1.22530923360318,50.5885666928622],[-1.22986096742444,50.5869178308706],[-1.23162144347367,50.5869062051151],[-1.23344497356388,50.5860805010674],[-1.23540403733518,50.5860706829543],[-1.23642106566363,50.5853815195146],[-1.24006138448029,50.5842568825142],[-1.24193970802281,50.5827971820233],[-1.24467812805935,50.5821683511852],[-1.24711503154512,50.5822380014244],[-1.24988523038878,50.5808819708979],[-1.2518864411834,50.5811185104887],[-1.25497661508569,50.580065352469],[-1.25981075349004,50.5793895903635],[-1.26331289468325,50.5801490093605],[-1.26407296091118,50.5798870432905],[-1.26900181753089,50.5795796912744],[-1.2690712442099,50.5795844410881],[-1.26912163044495,50.5816449593356],[-1.26980190931709,50.5836880121266],[-1.26491751983216,50.5842328561656],[-1.25707417812334,50.5861992952348],[-1.25630853614085,50.5862879092681],[-1.25568189785643,50.5856265189898],[-1.255254363565,50.5857812095676],[-1.25516995560128,50.5855800914591],[-1.25162395550775,50.5861473143791],[-1.24522232167989,50.5883399112563],[-1.24509911171964,50.5894164450898],[-1.24667018251581,50.592151540147],[-1.24593942826536,50.5946477742092],[-1.24869534976457,50.5946844540754],[-1.24941980502747,50.5965659681216],[-1.25026419099327,50.5963366631353],[-1.25233865152024,50.5974714651488],[-1.25150511426289,50.5984490363679],[-1.2492668127883,50.5997889538411],[-1.25067715142845,50.6006712763739],[-1.24820560259691,50.6017471498963],[-1.24846077997546,50.6021327784378],[-1.24173108132705,50.6035874173746],[-1.24030882754668,50.6047660546744],[-1.24004580630458,50.604841399818],[-1.23417195992269,50.5989262445116],[-1.23221008528789,50.5979053313619],[-1.23001463509904,50.5961107971991],[-1.22969068519782,50.5945585419381],[-1.23009906317504,50.5933329788808],[-1.22860173817314,50.5936015993995],[-1.2273802167304,50.5934277751504],[-1.2253631964518,50.593922411791],[-1.22517395145014,50.5934613442344],[-1.21781311695387,50.5951315007769],[-1.21547496063293,50.5960313822169],[-1.21493678313883,50.5957848722177],[-1.21042610575583,50.5963450090669],[-1.20938958993073,50.5970388583135],[-1.20687615261105,50.5975777956448],[-1.20231750411289,50.5978726548623],[-1.2015663552224,50.5973734764544],[-1.19932241508601,50.5976900257644],[-1.19558022226791,50.598808776421],[-1.19413529606562,50.5987559034127],[-1.19457980692527,50.5980650901656],[-1.19593359763961,50.597439051522],[-1.19563777159169,50.5970052573262],[-1.19697533030889,50.5967185114752],[-1.19771393475028,50.5970117845035],[-1.19881268089007,50.5968337418029],[-1.19735932501266,50.5962327068576],[-1.19570379612829,50.5959807464539],[-1.19569104278931,50.5951200820431]]],[[[-1.24171052330578,50.7417312704655],[-1.24149025225927,50.7415432849101],[-1.24174462611082,50.7417084981316],[-1.24171052330578,50.7417312704655]]],[[[-1.23091542411064,50.7428756220749],[-1.22032211816777,50.7389931127705],[-1.2159541599302,50.7386446227067],[-1.21395276546876,50.738036607867],[-1.21356739695435,50.7375589121059],[-1.21413607958689,50.7367169855476],[-1.21575809631913,50.7356044446478],[-1.21647985860417,50.7356636621703],[-1.21618307389293,50.7357820816537],[-1.21677278843023,50.7360415983325],[-1.21752016099632,50.7359377314199],[-1.21923016194816,50.7350549845965],[-1.21984478482069,50.7343730128141],[-1.21966816348002,50.7332327616296],[-1.2203266067419,50.7319219169955],[-1.22228170295821,50.731170569797],[-1.22287928484617,50.7314497385489],[-1.22354249407228,50.7313597993964],[-1.22290838505303,50.7313254337941],[-1.22312817406103,50.7310512097272],[-1.22279984170247,50.7308016963491],[-1.2225390599603,50.7310219809662],[-1.2225881420711,50.7306116315745],[-1.2263444213698,50.7275053408183],[-1.22691115391396,50.727484737491],[-1.22666670145737,50.7267991738871],[-1.2273507737491,50.7268228905435],[-1.22594111901845,50.7259851177398],[-1.22646847166722,50.725896858226],[-1.22653107076467,50.7253302878489],[-1.22554168697954,50.7246163648025],[-1.22599529420383,50.7235305893742],[-1.22502740892014,50.722341562105],[-1.22456671506597,50.7204742483604],[-1.22343780029771,50.7193524629819],[-1.22075113897776,50.7171798961053],[-1.22169465607168,50.7154630989377],[-1.22145972918213,50.7143392604918],[-1.21929761748342,50.7129290461091],[-1.21703388029888,50.7120118624557],[-1.21663350378241,50.7109642205277],[-1.21685876651693,50.7094297245067],[-1.21523672718772,50.7087749293785],[-1.21548949866939,50.7083926519668],[-1.21488607907706,50.7082284731415],[-1.21471041944404,50.7073010147051],[-1.21268841707695,50.7062640094333],[-1.21090846789499,50.7043140190645],[-1.21370833206061,50.7050658235945],[-1.22416457520392,50.7099992812601],[-1.23564042349167,50.7137711130945],[-1.23802416924067,50.7153523960475],[-1.23916889017872,50.7166531412079],[-1.24002630180445,50.7168888876868],[-1.24467811631137,50.7169784525346],[-1.24489818570829,50.7165914028962],[-1.2456273064227,50.7168830067512],[-1.24683530191929,50.7161030763338],[-1.25387144285965,50.7114573078806],[-1.25449535922331,50.7125446727984],[-1.25519819648095,50.7125270577834],[-1.25743849919303,50.713681183738],[-1.25813704350935,50.7149541364688],[-1.25744828628446,50.7152082168527],[-1.25752740155244,50.716246538658],[-1.25692525813718,50.7167806014256],[-1.25759041120639,50.7173860734585],[-1.25664661019543,50.718422981725],[-1.25753706005191,50.7188551730051],[-1.25706454007047,50.7193063159198],[-1.25725810540865,50.7195576502288],[-1.25684433436687,50.7196102785653],[-1.25739053484508,50.7198956658672],[-1.25723679733008,50.7207640976303],[-1.2565693877032,50.7206932468676],[-1.25654208449373,50.7210784997678],[-1.25589844571323,50.7213386677021],[-1.25635049534772,50.7213365907617],[-1.25603649453376,50.7215719372653],[-1.25665008619422,50.7218705871235],[-1.25522488664491,50.722499858481],[-1.25505752975579,50.7231899611959],[-1.25464629146077,50.7230804429799],[-1.25407086407542,50.7235701097385],[-1.25448184327735,50.7245632641911],[-1.25401016225442,50.7245557539782],[-1.25357861892959,50.7260964051535],[-1.25422748699395,50.7273597791555],[-1.25417292432369,50.7282107905545],[-1.250396362732,50.7323913009023],[-1.25050240623096,50.7337816639108],[-1.24693223555023,50.7352653756327],[-1.24672412260506,50.7358099178747],[-1.24708595117136,50.7359576065667],[-1.24579308516828,50.7364147696933],[-1.24602401730067,50.7367339271082],[-1.24539430047422,50.737732138735],[-1.24393586999785,50.7387439174247],[-1.24290427872196,50.7388114403372],[-1.24252178054301,50.7385374244925],[-1.24184663325447,50.7386389383659],[-1.24074461499785,50.7397257521836],[-1.24049200001506,50.7408595027469],[-1.24151799546081,50.7411734506766],[-1.24127315480954,50.7416460470458],[-1.24079393433428,50.7415410474473],[-1.2406883539468,50.7418378377005],[-1.24063019023079,50.7415827698531],[-1.23978862320536,50.7415845356953],[-1.23860365189661,50.7421179202951],[-1.23766954197924,50.7430513459828],[-1.23491441338319,50.7432761051197],[-1.23091542411064,50.7428756220749]]],[[[-1.21307253755285,50.6303114332105],[-1.21238764695135,50.6283985111592],[-1.21194316185347,50.6227614232367],[-1.20934898645817,50.6214992123641],[-1.20497403626156,50.6202221091419],[-1.2038599274561,50.6204006896863],[-1.20114631336464,50.6217103417258],[-1.20052800714218,50.6185711777935],[-1.19862559830238,50.6173054127394],[-1.19512630096672,50.6136941716968],[-1.19188960905774,50.6139361982362],[-1.19206882685622,50.613125363306],[-1.19087157245773,50.6131359462268],[-1.19062993809108,50.6119741869788],[-1.18977686674242,50.6110303288794],[-1.18980777983706,50.6103003677464],[-1.18915657772372,50.6096151146702],[-1.18842022885276,50.6095335802261],[-1.18777454118134,50.6086990274179],[-1.18878867691337,50.6070100618924],[-1.18669213724881,50.6068038854059],[-1.18200765355564,50.6071910695316],[-1.18188408522238,50.6067370012059],[-1.18144725932176,50.6067429264105],[-1.17741955514474,50.6069043743848],[-1.17722693250079,50.6073328440038],[-1.17584878105005,50.60678081612],[-1.17533478527743,50.6067873340744],[-1.17533590987168,50.6067856549526],[-1.17926881628438,50.6009279918673],[-1.1804123421909,50.6001743335042],[-1.18051620479282,50.599578356254],[-1.18131287044759,50.5995060969312],[-1.18117992561758,50.5992362727576],[-1.1816587863161,50.5992854095531],[-1.18260622067861,50.5983951851549],[-1.1836306727998,50.5983924713311],[-1.18368736837353,50.5980509474423],[-1.18373726522145,50.5980299006834],[-1.18369804367631,50.5979866395339],[-1.18370165253918,50.5979649017525],[-1.1840751825681,50.5981806506587],[-1.18539974651291,50.5972447465763],[-1.18731404939595,50.5967414498787],[-1.19014001314597,50.5963975144567],[-1.19462768586749,50.5951822382422],[-1.19569104278931,50.5951200820431],[-1.19570379612829,50.5959807464539],[-1.19735932501266,50.5962327068576],[-1.19881268089007,50.5968337418029],[-1.19771393475028,50.5970117845035],[-1.19697533030889,50.5967185114752],[-1.19563777159169,50.5970052573262],[-1.19593359763961,50.597439051522],[-1.19457980692527,50.5980650901656],[-1.19413529606562,50.5987559034127],[-1.19558022226791,50.598808776421],[-1.19932241508601,50.5976900257644],[-1.2015663552224,50.5973734764544],[-1.20231750411289,50.5978726548623],[-1.20687615261105,50.5975777956448],[-1.20938958993073,50.5970388583135],[-1.21042610575583,50.5963450090669],[-1.21493678313883,50.5957848722177],[-1.21547496063293,50.5960313822169],[-1.21781311695387,50.5951315007769],[-1.22517395145014,50.5934613442344],[-1.2253631964518,50.593922411791],[-1.2273802167304,50.5934277751504],[-1.22860173817314,50.5936015993995],[-1.23009906317504,50.5933329788808],[-1.22969068519782,50.5945585419381],[-1.23001463509904,50.5961107971991],[-1.23221008528789,50.5979053313619],[-1.23417195992269,50.5989262445116],[-1.24004580630458,50.604841399818],[-1.23857687710564,50.6049948788042],[-1.23893841077806,50.6073705336652],[-1.2353843788836,50.6101458851906],[-1.23533698019393,50.6109773693487],[-1.23656703482598,50.6133029948479],[-1.23787314832496,50.6146946372551],[-1.23211517823404,50.615103731658],[-1.232613342606,50.6177617973981],[-1.2334548059069,50.6181702002119],[-1.23544924625616,50.6185241371486],[-1.23573652965611,50.6180647240939],[-1.24162282661691,50.6173423431183],[-1.24090967799361,50.6196651390373],[-1.24116492952348,50.6207576096797],[-1.24033754517819,50.6209581868839],[-1.23989161211407,50.6207412152714],[-1.24013454487295,50.6219748479587],[-1.23737016131791,50.6242941082442],[-1.23347913759865,50.62666333349],[-1.23167681240094,50.6273474889118],[-1.23002801651078,50.6275353759355],[-1.22844383376491,50.6275779337962],[-1.22763823419802,50.6270429715455],[-1.22652896311305,50.628649827085],[-1.22611399593476,50.6286697961957],[-1.22521309354049,50.6302606902399],[-1.22528780134539,50.6309644118547],[-1.22423693684017,50.6324403731808],[-1.22197373931257,50.6312948291872],[-1.21923306410478,50.6306406890358],[-1.21528662396347,50.6301465705343],[-1.21307253755285,50.6303114332105]]]]}}]}