{"type":"FeatureCollection","name":"LAD_DEC_2023_UK_BSC","crs":{"type":"name","properties":{"name":"urn:ogc:def:crs:OGC:1.3:CRS84"}},"features":[{"type":"Feature","properties":{"FID":1,"LAD23CD":"E06000001","LAD23NM":"Hartlepool","LAD23NMW":" ","BNG_E":447160,"BNG_N":531474,"LONG":-1.27018,"LAT":54.67614,"GlobalID":"{486A5BA1-07F6-4A73-80F4-4F1683A5EAF7}","SHAPE_Length":0.7288215034558755,"SHAPE_Area":0.013149160881844837,"reference":"E06000001","name":"Hartlepool"},"geometry":{"type":"MultiPolygon","coordinates":[[[[-1.241935136999928,54.72272370500008],[-1.242519715999947,54.72243080000004],[-1.24319928999995,54.72263253700004],[-1.24224977199998,54.72296222700004],[-1.241935136999928,54.72272370500008]]],[[[-1.258561396999937,54.72605545200008],[-1.25186499199998,54.71962299000006],[-1.243516511999928,54.72252239000005],[-1.242839520999951,54.72226390000003],[-1.231593833999966,54.717699967000044],[-1.210029010999961,54.708942129000036],[-1.175697296999942,54.69674659200007],[-1.174336779999976,54.693162176000044],[-1.174026162999951,54.691993195000066],[-1.174553424999942,54.69235605700004],[-1.177017642999942,54.69464748900003],[-1.184890737999979,54.693291585000054],[-1.192775118999975,54.70049146200006],[-1.196329380999941,54.69856496800003],[-1.187509650999971,54.69390945400005],[-1.195939902999953,54.69236141300007],[-1.194086899999945,54.690219831000036],[-1.194519205999939,54.68971576300004],[-1.197882369999945,54.69180538000006],[-1.198678725999969,54.68625751800005],[-1.196806015999925,54.687049106000075],[-1.197598974999948,54.68612434100004],[-1.198854203999929,54.685383330000036],[-1.198496096999975,54.67964292500005],[-1.198492392999924,54.67958353100005],[-1.197315057999958,54.67816716400006],[-1.176106940999944,54.65362860000005],[-1.164760915999977,54.64760529000006],[-1.158308664999936,54.64832371300008],[-1.157980251999959,54.64831345300007],[-1.168798858999935,54.64428905200003],[-1.161798790999967,54.635423039000045],[-1.16638876899998,54.63726373900005],[-1.165924721999943,54.63389410900004],[-1.160424710999962,54.635192447000065],[-1.165591105999965,54.631876085000044],[-1.188762652999969,54.63265110700007],[-1.200263000999939,54.62341192900004],[-1.205241630999978,54.62273436500004],[-1.212463493999962,54.622281874000066],[-1.212635144999979,54.62172773000003],[-1.220276458999933,54.62516241000003],[-1.223997648999955,54.62366034400003],[-1.223384604999978,54.62640817000005],[-1.232096543999944,54.62562341300003],[-1.234018259999971,54.62886896800006],[-1.24062013799994,54.62470927600003],[-1.244304242999931,54.62565180200005],[-1.267478528999959,54.62455831300008],[-1.279875249999975,54.62824627200007],[-1.296199071999979,54.62802765400005],[-1.298594098999956,54.63115724700003],[-1.29811630599994,54.63524074600008],[-1.306979910999928,54.63694976600004],[-1.316364324999938,54.645234852000044],[-1.328863638999962,54.64400160900004],[-1.335060928999951,54.63132396800006],[-1.339718278999953,54.63624721700006],[-1.356826977999958,54.63837638400008],[-1.367831845999945,54.64347136600003],[-1.380847082999935,54.64380222500006],[-1.383763952999971,54.64624300200006],[-1.341222670999969,54.65024326200006],[-1.34787134499993,54.66242923200008],[-1.343543919999945,54.668611541000075],[-1.333064638999929,54.672613553000076],[-1.330944167999974,54.68216171900008],[-1.33449018999994,54.68901770200006],[-1.344602768999948,54.690826266000045],[-1.319363898999939,54.691297450000036],[-1.313495853999939,54.697086538000065],[-1.313879191999945,54.70119716200003],[-1.301324842999975,54.708091653000054],[-1.303673678999928,54.71850767500007],[-1.290301456999941,54.71839784600007],[-1.270251766999934,54.72716868800006],[-1.258561396999937,54.72605545200008]]]]}},{"type":"Feature","properties":{"FID":6,"LAD23CD":"E06000006","LAD23NM":"Halton","LAD23NMW":" ","BNG_E":354246,"BNG_N":382146,"LONG":-2.68853,"LAT":53.33424,"GlobalID":"{29929DB3-3F6F-4B26-950C-D4582435F9E1}","SHAPE_Length":0.8661248541679294,"SHAPE_Area":0.01076856149261768,"reference":"E06000006","name":"Halton"},"geometry":{"type":"MultiPolygon","coordinates":[[[[-2.626835181999979,53.35464050000007],[-2.631467744999952,53.34603352100004],[-2.614137031999974,53.347661102000075],[-2.606606511999928,53.342995891000044],[-2.619125396999948,53.33107064100005],[-2.614935513999967,53.328856692000045],[-2.610391635999974,53.33040550900006],[-2.595223051999938,53.32245437100005],[-2.609086515999934,53.31207121300008],[-2.610322702999952,53.31815772900006],[-2.62108113599993,53.319198089000054],[-2.617801005999979,53.31613509300007],[-2.624122747999934,53.30939819300005],[-2.632508566999945,53.307521045000044],[-2.645061427999963,53.31013507200004],[-2.641556937999951,53.305034797000076],[-2.685352450999972,53.31533169000005],[-2.70079895899994,53.30579281900003],[-2.720965650999972,53.31275995100003],[-2.730992148999974,53.311852790000046],[-2.734641046999968,53.30706894900004],[-2.73926912099995,53.30683902000004],[-2.752480913999932,53.31473378000004],[-2.763377704999925,53.32754970800005],[-2.757840916999953,53.33547901000003],[-2.759530906999942,53.33598890300004],[-2.75875580099995,53.33842816500004],[-2.758495118999974,53.338690763000045],[-2.753772956999967,53.34344702000004],[-2.743352035999976,53.34534180700007],[-2.736088778999942,53.345058848000065],[-2.736044301999925,53.34505711400004],[-2.721978342999932,53.34450763700005],[-2.720957762999944,53.34506105500003],[-2.699515736999956,53.35668284700006],[-2.677971768999953,53.35471020500006],[-2.674640777999969,53.35366435900005],[-2.630621929999961,53.36404982000005],[-2.626835181999979,53.35464050000007]]],[[[-2.69058906999993,53.38526047300007],[-2.697724827999934,53.37931284200005],[-2.692303555999956,53.36152866100008],[-2.693181619999962,53.36176346000008],[-2.693378705999976,53.361816161000036],[-2.705651452999973,53.36147285800007],[-2.712414262999971,53.35782185100004],[-2.713147901999946,53.35767078200007],[-2.713823786999967,53.35753160100006],[-2.728484372999958,53.35451140100008],[-2.733073475999959,53.34798165300003],[-2.758728886999961,53.34970162500008],[-2.759851612999967,53.35090495600008],[-2.762051497999948,53.353262561000065],[-2.75973175699994,53.35035675900008],[-2.759133575999954,53.34960739500008],[-2.759532065999963,53.34944355700003],[-2.76038686399994,53.34909210100005],[-2.768979611999953,53.34555836700008],[-2.777248708999934,53.335554039000044],[-2.77827881199994,53.33261308200008],[-2.784287794999955,53.33643094900003],[-2.777708229999973,53.32923430300008],[-2.789806514999952,53.32235652400004],[-2.81905523699993,53.33297846000005],[-2.825653774999978,53.33183186400004],[-2.832339348999938,53.33728625500004],[-2.818731671999956,53.33980333300008],[-2.818806931999973,53.34800070800003],[-2.809064331999934,53.35508138000006],[-2.787301698999954,53.35629039500003],[-2.784822990999942,53.360722956000075],[-2.784759157999929,53.36079191200008],[-2.781282906999934,53.37169163000004],[-2.772078162999946,53.382964506000064],[-2.757654073999959,53.380737870000075],[-2.760270727999966,53.38433565200006],[-2.748141696999937,53.38850135900003],[-2.750647856999933,53.39378809600004],[-2.743395544999942,53.39528515500007],[-2.74517463899997,53.40209564600008],[-2.734447954999951,53.40054692100006],[-2.73094442699994,53.39999307000005],[-2.715226788999928,53.39903490000006],[-2.712803440999949,53.39062600800003],[-2.705042091999928,53.38674575500005],[-2.690632798999957,53.38538822000004],[-2.69058906999993,53.38526047300007]]]]}},{"type":"Feature","properties":{"FID":7,"LAD23CD":"E06000007","LAD23NM":"Warrington","LAD23NMW":" ","BNG_E":362744,"BNG_N":388457,"LONG":-2.5616701,"LAT":53.39164,"GlobalID":"{58EDDC01-1A2E-4AC1-8166-9E8601E67FE3}","SHAPE_Length":1.0526118105682973,"SHAPE_Area":0.024405926453931553,"reference":"E06000007","name":"Warrington"},"geometry":{"type":"MultiPolygon","coordinates":[[[[-2.478153328999952,53.44341748900007],[-2.467699630999959,53.437442942000075],[-2.46172387799993,53.43636873300005],[-2.451543595999965,53.426709061000054],[-2.449378187999969,53.41589144400007],[-2.453681363999976,53.41321284000003],[-2.465976704999946,53.400747866000074],[-2.47843960299997,53.39621322900007],[-2.471026357999961,53.39233111000004],[-2.465898,53.394776483000044],[-2.458561306999968,53.392988546000026],[-2.448393979999935,53.394808255000044],[-2.426589924999973,53.38746151700008],[-2.428723463999972,53.37640582100005],[-2.439663061999966,53.37054217500008],[-2.439879994999956,53.366662646000066],[-2.458842017999928,53.368285600000036],[-2.464995576999968,53.36353096600004],[-2.486878438999952,53.36790380000008],[-2.505823456999963,53.35548513100008],[-2.521049607999942,53.347900483000046],[-2.518392960999961,53.34239027500007],[-2.539452902999926,53.336390288000075],[-2.544529021999949,53.33052548100005],[-2.551664367999933,53.33237399600006],[-2.561875077999957,53.32334285100006],[-2.586289693999959,53.329396805000044],[-2.595223051999938,53.32245437100005],[-2.610391635999974,53.33040550900006],[-2.614935513999967,53.328856692000045],[-2.619125396999948,53.33107064100005],[-2.606606511999928,53.342995891000044],[-2.614137031999974,53.347661102000075],[-2.631467744999952,53.34603352100004],[-2.626835181999979,53.35464050000007],[-2.630621929999961,53.36404982000005],[-2.674640777999969,53.35366435900005],[-2.677971768999953,53.35471020500006],[-2.675188153999954,53.354455030000054],[-2.666141555999957,53.35769864300005],[-2.663977570999975,53.36724879800005],[-2.656768408999937,53.374098582000045],[-2.642327311999964,53.37246205900004],[-2.638194244999966,53.377616827000054],[-2.621730228999979,53.37502496900004],[-2.638963659999945,53.37840373000006],[-2.645686456999954,53.37393787700006],[-2.65429959599993,53.37581731600005],[-2.660172968999973,53.373907280000026],[-2.67448838699994,53.35676280500007],[-2.692303555999956,53.36152866100008],[-2.697724827999934,53.37931284200005],[-2.69058906999993,53.38526047300007],[-2.690632798999957,53.38538822000004],[-2.676317212999948,53.387619365000035],[-2.675996656999928,53.39500990500005],[-2.671376985999927,53.40017399300007],[-2.672136256999977,53.41180741900007],[-2.671876599999962,53.41528660500006],[-2.666856184999972,53.41626394700006],[-2.672319793999975,53.422024700000065],[-2.663852449999979,53.429666602000054],[-2.675267724999969,53.43296530500004],[-2.668771715999981,53.441044083000065],[-2.682168217999958,53.43923435500005],[-2.677185668999925,53.45275291100006],[-2.673408234999954,53.452582076000056],[-2.670660711999972,53.449925964000045],[-2.639539962999947,53.44442210600005],[-2.632407633999946,53.44166011400006],[-2.627462414999968,53.434412602000066],[-2.61142278899996,53.442274730000065],[-2.596230526999932,53.44266629300006],[-2.598684922999951,53.45041376800003],[-2.584596601999976,53.44039312000007],[-2.576664780999977,53.44608527300005],[-2.570320066999955,53.45853368000007],[-2.54908962899998,53.46151155700005],[-2.552638543999933,53.46781340700005],[-2.536445940999954,53.47150405200006],[-2.496334458999968,53.48092942200003],[-2.489145509999958,53.475848177000046],[-2.489713821999942,53.46028229700005],[-2.475986508999938,53.448237678000055],[-2.478153328999952,53.44341748900007]]]]}},{"type":"Feature","properties":{"FID":8,"LAD23CD":"E06000008","LAD23NM":"Blackburn with Darwen","LAD23NMW":" ","BNG_E":369489,"BNG_N":422806,"LONG":-2.4636099,"LAT":53.700802,"GlobalID":"{B5192AEE-5E61-484B-9C13-CD5A007DAA47}","SHAPE_Length":0.685946153733571,"SHAPE_Area":0.018727576740944954,"reference":"E06000008","name":"Blackburn with Darwen"},"geometry":{"type":"MultiPolygon","coordinates":[[[[-2.45549664899994,53.77403208100003],[-2.446317093999937,53.76658970100004],[-2.451780243999963,53.75645436000008],[-2.439658018999978,53.74830830800005],[-2.438612666999973,53.732306675000075],[-2.433528686999978,53.72766870500004],[-2.433688291999943,53.71921434200004],[-2.410998284999948,53.705175817000054],[-2.398348277999958,53.691559863000066],[-2.374424274999967,53.68725443400007],[-2.37593465599997,53.67564160100005],[-2.371236193999948,53.667080654000074],[-2.362649549999958,53.65591993900006],[-2.367009159999952,53.645011554000064],[-2.372437522999974,53.64234325100006],[-2.368660826999928,53.63695110100008],[-2.370442404999949,53.63158935400003],[-2.379126457999973,53.63085244900003],[-2.397845780999944,53.63220818000008],[-2.40120935799996,53.624599061000026],[-2.405375546999949,53.62514320200006],[-2.419928260999939,53.62360987500006],[-2.425853414999949,53.62585943800008],[-2.426143740999976,53.635010271000056],[-2.438724382999965,53.64604544900004],[-2.450270357999955,53.641432069000075],[-2.450653325999951,53.62781056000006],[-2.458289277999938,53.62463121400003],[-2.453780887999926,53.62197442200005],[-2.466019428999971,53.62169902200003],[-2.472992837999925,53.61663187400006],[-2.510411056999942,53.62636159200008],[-2.511322928999959,53.62699496700003],[-2.520061602999931,53.63048168300003],[-2.524584226999934,53.64131693400003],[-2.522110040999962,53.648011791000044],[-2.532344033999948,53.66490226500008],[-2.525549376999948,53.67467641600007],[-2.518327936999981,53.677372096000056],[-2.515656004999926,53.69240294200006],[-2.531884797999965,53.69649309700003],[-2.53977957099994,53.702184300000056],[-2.543234711999958,53.70991084500008],[-2.539467702999957,53.71466765300005],[-2.540800128999933,53.719669802000055],[-2.547332682999979,53.72244621100003],[-2.546310706999975,53.72497651800006],[-2.556891691999965,53.72743546500004],[-2.557154985999944,53.73461211100005],[-2.564591267999958,53.74245890800006],[-2.561601608999979,53.746901354000045],[-2.553946321999945,53.74967643600007],[-2.551262014999963,53.756366350000064],[-2.545684854999934,53.759392766000076],[-2.528731293999954,53.75949272000008],[-2.50941241299995,53.769216046000054],[-2.498958291999941,53.768620061000036],[-2.494761812999968,53.77015821500004],[-2.480826340999954,53.77399159600003],[-2.477087465999944,53.781047613000055],[-2.465807713999936,53.78081340800003],[-2.45549664899994,53.77403208100003]]]]}},{"type":"Feature","properties":{"FID":10,"LAD23CD":"E06000010","LAD23NM":"Kingston upon Hull, City of","LAD23NMW":" ","BNG_E":511892,"BNG_N":431651,"LONG":-0.30385,"LAT":53.769211,"GlobalID":"{D1252352-4789-4303-8BFB-AD73292CDFAD}","SHAPE_Length":0.5467868662752157,"SHAPE_Area":0.009706425365236845,"reference":"E06000010","name":"Kingston upon Hull, City of"},"geometry":{"type":"MultiPolygon","coordinates":[[[[-0.29438889499994,53.79299396600004],[-0.278250258999947,53.78206018800006],[-0.268325423999954,53.78504637200007],[-0.265658631999941,53.782354318000046],[-0.252324830999953,53.78132833300003],[-0.254356471999927,53.76893770400005],[-0.253380163999964,53.764605431000064],[-0.241454678999958,53.75480797700004],[-0.247416766999947,53.741739593000034],[-0.24316777699994,53.73879948200005],[-0.243285081999943,53.738673591000065],[-0.244137345999945,53.737723903000074],[-0.250247828999932,53.73331600900008],[-0.273243784999977,53.74091070900005],[-0.307204937999927,53.74195771800004],[-0.308866879999925,53.74170713900003],[-0.331134796999947,53.738347188000034],[-0.331186162999927,53.73833943200003],[-0.331103559999974,53.73859399600008],[-0.326959765999959,53.74463155300003],[-0.329973183999925,53.747522924000066],[-0.330231957999956,53.74777119600003],[-0.332635072999949,53.73829050300003],[-0.384620196999947,53.724347590000036],[-0.396704970999963,53.72319510700004],[-0.396953642999961,53.72315516000003],[-0.418969672999935,53.71961490400008],[-0.419807294999941,53.73434455200004],[-0.413590601999942,53.74041785000003],[-0.403644449999945,53.75001269400008],[-0.422341662999941,53.75056106400007],[-0.418203810999955,53.76063234500003],[-0.408572497999955,53.76058842800006],[-0.403502774999936,53.76492185200004],[-0.398528246999945,53.76721436100007],[-0.387406817999931,53.770741755000074],[-0.389934289999928,53.77960276600004],[-0.390526712999929,53.78248803300005],[-0.392219628999953,53.79113288100007],[-0.365008472999932,53.79228679700003],[-0.35940540699994,53.79340401300004],[-0.364763188999973,53.80371364100006],[-0.353805595999972,53.80851662200007],[-0.348593373999961,53.808900666000056],[-0.31613432599994,53.81327016700004],[-0.303884441999969,53.79846986000007],[-0.29438889499994,53.79299396600004]]]]}},{"type":"Feature","properties":{"FID":12,"LAD23CD":"E06000012","LAD23NM":"North East Lincolnshire","LAD23NMW":" ","BNG_E":523465,"BNG_N":404564,"LONG":-0.13911,"LAT":53.52327,"GlobalID":"{961F3ABE-D848-4C59-A980-4F232B030F20}","SHAPE_Length":0.9657291637636525,"SHAPE_Area":0.02598206615693205,"reference":"E06000012","name":"North East Lincolnshire"},"geometry":{"type":"MultiPolygon","coordinates":[[[[-0.188797441999952,53.631119014000035],[-0.188056704999951,53.63053841100003],[-0.187516899999935,53.63056310300004],[-0.186810326999932,53.63025635300005],[-0.152837941999962,53.61549752800005],[-0.130450265999968,53.60135552400004],[-0.129335974999947,53.60065128400004],[-0.111538965999955,53.59004878300004],[-0.094629206999969,53.58176528100006],[-0.094295854999928,53.58160197700005],[-0.093214518999957,53.581072231000064],[-0.09282092899997,53.581324865000056],[-0.092278110999928,53.58167130100003],[-0.079457730999934,53.57693019200008],[-0.069962871999962,53.58307853500003],[-0.069802222999954,53.58318035800005],[-0.068564380999931,53.58308107700003],[-0.060228502999962,53.581578070000035],[-0.051868336999974,53.57662013300006],[-0.050981922999938,53.57606530900006],[-0.029359580999937,53.562524979000045],[-0.028140099999973,53.56176094500006],[-0.020178794999936,53.55531412000005],[-0.019667953999942,53.55489955100006],[0.008463780000056,53.53513467600004],[0.008852753000042,53.534861215000035],[0.016420183000037,53.52632393600004],[0.005366453000022,53.51967459800005],[-0.017430290999926,53.51506700900006],[-0.019548140999973,53.51797529000004],[-0.028638690999969,53.51733789100007],[-0.039600202999964,53.51311655500007],[-0.046613537999974,53.52009873000003],[-0.060544893999975,53.51974911800005],[-0.067095980999966,53.51683822200005],[-0.075262003999967,53.48933574000006],[-0.095488449999948,53.48598899700005],[-0.089803735999965,53.47768241500006],[-0.107820631999971,53.46986275800003],[-0.082209344999967,53.45115100600003],[-0.120343715999979,53.43356492300006],[-0.122786056999928,53.437345840000035],[-0.131844978999936,53.43592554400004],[-0.13424802399993,53.440738354000075],[-0.144500351999966,53.44090340400004],[-0.149227746999941,53.44669966500004],[-0.158507672999974,53.46158367000004],[-0.153680016999942,53.46567775800003],[-0.181804717999967,53.46864941200005],[-0.188565228999948,53.484538058000055],[-0.210604975999956,53.48628847500004],[-0.204086448999931,53.51176734300003],[-0.213624091999975,53.52635903600003],[-0.210589578999929,53.53170646500007],[-0.219882526999925,53.53260649200007],[-0.187529352999945,53.56361276700005],[-0.195185374999937,53.57161935800008],[-0.222558900999957,53.56801692800008],[-0.234668674999966,53.586250419000066],[-0.23916391399996,53.58816211200008],[-0.251395552999952,53.58465307700004],[-0.248476048999976,53.59366369300005],[-0.254473495999946,53.59248826800007],[-0.259360320999974,53.596969683000054],[-0.283038930999965,53.60449693600003],[-0.281194446999962,53.606262998000034],[-0.292115128999967,53.613267431000054],[-0.250958164999929,53.62299312500005],[-0.232616661999941,53.624002989000076],[-0.204635434999943,53.63808764100003],[-0.204422800999964,53.63790004600003],[-0.188797441999952,53.631119014000035]]]]}},{"type":"Feature","properties":{"FID":15,"LAD23CD":"E06000015","LAD23NM":"Derby","LAD23NMW":" ","BNG_E":435611,"BNG_N":335375,"LONG":-1.4718601,"LAT":52.914639,"GlobalID":"{B133A1C6-3EB5-42D4-A422-04FB3058E050}","SHAPE_Length":0.5431100143787647,"SHAPE_Area":0.010509154046632982,"reference":"E06000015","name":"Derby"},"geometry":{"type":"MultiPolygon","coordinates":[[[[-1.481157897999935,52.96815362800004],[-1.478493240999967,52.964643340000066],[-1.474688972999957,52.96590935000006],[-1.467641957999945,52.96482103000005],[-1.467594618999954,52.95568939900005],[-1.468552191999947,52.95066230600003],[-1.462568854999972,52.94984074400003],[-1.456410580999943,52.94869737400006],[-1.43403365599994,52.951309466000055],[-1.409280628999966,52.95032264400004],[-1.423467776999928,52.937743142000045],[-1.419920868999952,52.93178702100005],[-1.416161666999926,52.93135469600003],[-1.414500220999969,52.93121992200008],[-1.403478393999933,52.932215936000034],[-1.385284542999955,52.926389561000065],[-1.383932845999936,52.923816369000065],[-1.389607757999954,52.92273987200008],[-1.38787894799998,52.911455947000036],[-1.39188196799995,52.907257263000076],[-1.388355801999978,52.90147372500007],[-1.402772273999972,52.900462453000046],[-1.409734019999973,52.886439394000035],[-1.418912588999945,52.88454647200007],[-1.416464535999978,52.875698698000065],[-1.421246631999963,52.87476324800008],[-1.429777836999961,52.87021042100008],[-1.42356744999995,52.86507804900003],[-1.444086733999939,52.86106029000007],[-1.449907590999942,52.86694863800005],[-1.467153450999945,52.872922112000026],[-1.46766195899994,52.87053628100006],[-1.495191236999972,52.87037764100006],[-1.493594961999975,52.87363493400005],[-1.499889974999974,52.87726372100008],[-1.499494523999942,52.88270425400003],[-1.50200364799997,52.88160184900005],[-1.503112225999928,52.88484544800008],[-1.514611890999959,52.88470590700007],[-1.523197856999957,52.887341235000065],[-1.526372,52.890911086000074],[-1.538671048999959,52.88855021100005],[-1.539637710999955,52.893942209000045],[-1.548623642999928,52.90087424200004],[-1.555145913999979,52.90605157400006],[-1.556834679999952,52.91464545500003],[-1.551070277999941,52.916969160000065],[-1.55291198599997,52.92256066300007],[-1.544068498999934,52.92420773900005],[-1.53964530099995,52.92444949600008],[-1.52700639699998,52.93241745000006],[-1.521261337999931,52.93238543900003],[-1.508028820999925,52.93745181000003],[-1.510669484999937,52.94633431800003],[-1.505903842999942,52.94832744200005],[-1.507643977999976,52.954330586000026],[-1.497800648999942,52.95600466700006],[-1.494411770999932,52.96017857800007],[-1.495405481999967,52.965879363000056],[-1.481157897999935,52.96815362800004]]]]}},{"type":"Feature","properties":{"FID":23,"LAD23CD":"E06000023","LAD23NM":"Bristol, City of","LAD23NMW":" ","BNG_E":359990,"BNG_N":174844,"LONG":-2.57742,"LAT":51.47113,"GlobalID":"{E12D2EC8-D6EC-4411-A01B-290DBC2DAA22}","SHAPE_Length":0.8920904132569958,"SHAPE_Area":0.014328201902755855,"reference":"E06000023","name":"Bristol, City of"},"geometry":{"type":"MultiPolygon","coordinates":[[[[-2.878550595999968,51.432200505000026],[-2.879045831999974,51.43186472900004],[-2.879129445999979,51.43190086200008],[-2.878550595999968,51.432200505000026]]],[[[-2.689925483999957,51.485520121000036],[-2.685433185999955,51.481158676000064],[-2.684807276999948,51.48055090300005],[-2.676244855999926,51.47967723000005],[-2.684848402999933,51.48046207300007],[-2.689925483999957,51.485520121000036]]],[[[-2.733187355999974,51.49288648500004],[-2.732533789999934,51.49247047100005],[-2.751237524999965,51.492951677000065],[-2.733187355999974,51.49288648500004]]],[[[-2.773275759999933,51.49467835200005],[-2.77355946299997,51.494563896000045],[-2.773550288999957,51.494616818000054],[-2.773275759999933,51.49467835200005]]],[[[-2.689925483999957,51.485520121000036],[-2.716785371999947,51.500582104000046],[-2.716482241999927,51.50060832400004],[-2.689925483999957,51.485520121000036]]],[[[-2.726913653999929,51.49927019000006],[-2.72770173899994,51.49881518900003],[-2.728122208999935,51.500228564000054],[-2.728857264999931,51.50267939300005],[-2.727454014999978,51.499699200000066],[-2.727431592999949,51.49967580300006],[-2.726913653999929,51.49927019000006]]],[[[-2.663688896999929,51.53699618400003],[-2.665424616999928,51.530965544000026],[-2.651402642999926,51.520704101000035],[-2.654486325999926,51.51372389200003],[-2.647162035999941,51.51216594400006],[-2.630879092999976,51.51370147100005],[-2.602443053999934,51.51378276100007],[-2.58098846799993,51.517408825000075],[-2.582003467999925,51.514627078000046],[-2.591222886999958,51.509682173000044],[-2.58769000999996,51.503448941000045],[-2.588149926999961,51.501234701000044],[-2.571314381999969,51.49965183300003],[-2.567347128999927,51.49874766200003],[-2.564788965999981,51.49551580000008],[-2.554662231999941,51.49634830800005],[-2.554616479999936,51.49258822000007],[-2.539797169999929,51.49524426500005],[-2.534329348999961,51.49674487400006],[-2.527472612999929,51.492654094000045],[-2.515865011999949,51.49386734600006],[-2.510999000999959,51.489986284000054],[-2.516711603999966,51.485155269000074],[-2.515128071999925,51.48175798600005],[-2.515239961999953,51.48146616000008],[-2.511072742999943,51.47284608600006],[-2.51126550999993,51.47083938000003],[-2.512864853999929,51.467179799000064],[-2.512246103999928,51.462333296000054],[-2.518804713999941,51.45631689500004],[-2.51846330199993,51.45565752600004],[-2.522277901999928,51.44980315500004],[-2.535606434999977,51.44734052100006],[-2.538059258999965,51.44482194200003],[-2.526751449999949,51.44386481400005],[-2.523903625999935,51.433873351000045],[-2.513339443999939,51.42987216000006],[-2.510462336999979,51.42878216400004],[-2.513436447999936,51.42963152600004],[-2.524002121999956,51.43254937300003],[-2.526290514999971,51.434777172000054],[-2.523210776999974,51.426137262000054],[-2.53131286699994,51.423307958000066],[-2.529254232999961,51.421278768000036],[-2.533764561999931,51.41821464700007],[-2.534501583999941,51.41384844700008],[-2.543344820999948,51.407408399000076],[-2.558811102999925,51.411233793000065],[-2.570754291999947,51.39936916100004],[-2.582010095999976,51.40089300500006],[-2.590132319999952,51.397545208000054],[-2.598150482999927,51.40008332600007],[-2.619158178999953,51.40194299900003],[-2.619659894999927,51.40438256500005],[-2.627955327999928,51.40186005600003],[-2.633252071999948,51.40344189800004],[-2.635465035999971,51.40697637200003],[-2.628743890999942,51.416001023000035],[-2.632463600999927,51.42034556600004],[-2.637086421999925,51.42319956100005],[-2.633926991999942,51.42749053400007],[-2.630116352999949,51.439190316000065],[-2.639895397999965,51.44135825500007],[-2.633085177999931,51.44723638700003],[-2.627004683999928,51.446668428000066],[-2.626547535999975,51.45037283700003],[-2.631850529999952,51.45773660300006],[-2.631541777999928,51.45996738500003],[-2.634367471999951,51.46680216500005],[-2.651133782999977,51.47365825000003],[-2.657271327999979,51.48508540800003],[-2.657335293999949,51.48511291900007],[-2.663729657999966,51.48786268900005],[-2.678870134999954,51.480982149000056],[-2.708725597999944,51.49773148600008],[-2.718317178999939,51.506159352000054],[-2.713700065999944,51.50592767000006],[-2.718217502999948,51.50823976600003],[-2.714581141999929,51.50790222300003],[-2.702727867999954,51.516811536000034],[-2.695214467999961,51.52245634700006],[-2.695009996999943,51.52266977800008],[-2.694396444999938,51.523300283000026],[-2.69411850399996,51.52358232000006],[-2.693984449999959,51.523715053000046],[-2.692899961999956,51.52455971200004],[-2.69274033399995,51.52467571300008],[-2.691011234999962,51.52643122300003],[-2.687585820999971,51.529362836000075],[-2.687054462999924,51.52940012000005],[-2.687085354999965,51.529558759000054],[-2.687043292999931,51.52971398300008],[-2.687025680999966,51.53002565400004],[-2.68688687599996,51.53028634000003],[-2.686632971999927,51.53066191900007],[-2.686238525999954,51.53136691100008],[-2.686115948999941,51.531505407000054],[-2.685812767999948,51.531952010000055],[-2.68561245199993,51.53208718700006],[-2.685319275999973,51.53225648400007],[-2.684907636999981,51.53269332200006],[-2.68471619099995,51.532927494000035],[-2.684499305999964,51.53312615900006],[-2.68415975399995,51.53353549700006],[-2.68398771699998,51.53364372500005],[-2.683619120999936,51.53401407100006],[-2.683433926999953,51.53419184000006],[-2.683307270999933,51.53436835300005],[-2.683066412999949,51.53465300500005],[-2.682988183999953,51.534796595000046],[-2.682753440999932,51.53492643200008],[-2.682633808999981,51.53503315900008],[-2.682598463999966,51.53517773000004],[-2.682152520999978,51.53548512300006],[-2.681937109999978,51.535632288000045],[-2.68106559499995,51.53548614500005],[-2.680881596999939,51.535316066000064],[-2.680540546999964,51.53507555700003],[-2.680591570999979,51.53524527400003],[-2.680906684999968,51.53557015500007],[-2.681326589999969,51.536062893000064],[-2.681077216999938,51.53656362300006],[-2.681037785999933,51.53674408100005],[-2.680588493999949,51.53719035100005],[-2.680490990999942,51.53732912500004],[-2.680259277999937,51.537552951000066],[-2.680142776999958,51.53772972300004],[-2.679935579999949,51.53799208300006],[-2.679782565999972,51.53817015200008],[-2.679545925999946,51.538398733000065],[-2.679214078999962,51.53872705600003],[-2.679096178999941,51.53884100200003],[-2.678950522999969,51.53893533300004],[-2.678710465999927,51.53918132000007],[-2.678587277999952,51.539335384000026],[-2.678328618999956,51.53953067000003],[-2.678189927999938,51.53976071000005],[-2.67804943699997,51.53987995500006],[-2.677828612999974,51.54020004600005],[-2.67755183099996,51.54039067100007],[-2.67746899399998,51.54056786500007],[-2.677281631999961,51.54073977300004],[-2.677112459999933,51.54086227200003],[-2.676784031999944,51.541274040000076],[-2.676566274999971,51.54148100300006],[-2.676378075999935,51.54172260200005],[-2.675290338999957,51.54291546800005],[-2.67514072299997,51.543072411000026],[-2.674749789999964,51.543475811000064],[-2.674604983999927,51.54362593700006],[-2.67449062399993,51.54373618300008],[-2.674425981999946,51.543802535000054],[-2.674346826999965,51.54388378300007],[-2.674135323999963,51.544101796000064],[-2.673845015999973,51.54439880600006],[-2.67382003299997,51.54443193800006],[-2.663688896999929,51.53699618400003]]]]}},{"type":"Feature","properties":{"FID":26,"LAD23CD":"E06000026","LAD23NM":"Plymouth","LAD23NMW":" ","BNG_E":249945,"BNG_N":58255,"LONG":-4.1129699,"LAT":50.404942,"GlobalID":"{84027234-7287-463B-B593-924883FE8494}","SHAPE_Length":0.7450683414970998,"SHAPE_Area":0.010155753818287861,"reference":"E06000026","name":"Plymouth"},"geometry":{"type":"MultiPolygon","coordinates":[[[[-4.109540612999979,50.43209465600006],[-4.094208305999928,50.427814011000066],[-4.084730839999963,50.42582642500008],[-4.081258827999932,50.42077013100004],[-4.079005098999971,50.409660289000044],[-4.072538560999931,50.40713695800008],[-4.071509990999971,50.401850324000065],[-4.039649821999944,50.40142047300003],[-4.041646814999979,50.39762485800003],[-4.03041154899995,50.39707856600006],[-4.02803954999996,50.39327304400007],[-4.021169445999931,50.39177703800004],[-4.019634255999961,50.387465527000074],[-4.025317769999958,50.38178469200005],[-4.03499931999994,50.37720487100006],[-4.050192248999963,50.376580379000075],[-4.055087398999945,50.36825593700007],[-4.05019546699998,50.35804894000006],[-4.05779999799995,50.35833468800007],[-4.058174105999967,50.35612626100004],[-4.071686620999969,50.353487502000064],[-4.090587727999946,50.340902965000055],[-4.104662730999962,50.34568873200004],[-4.114675359999978,50.34437389400006],[-4.12302551199997,50.34673137000004],[-4.125870519999978,50.35698925300005],[-4.135303680999925,50.35942128700003],[-4.128275754999947,50.36072287300004],[-4.120459839999967,50.35785515500004],[-4.116147574999957,50.36037735800005],[-4.113529200999949,50.354201025000066],[-4.105331680999939,50.35653195700007],[-4.112445557999933,50.35943010900007],[-4.108833721999929,50.36657052900006],[-4.098040465999929,50.366847620000044],[-4.108154232999937,50.36789601100003],[-4.09930929799998,50.379735492000066],[-4.086104276999947,50.385763799000074],[-4.083981128999937,50.38673276700007],[-4.088710250999952,50.38819226100003],[-4.104344409999953,50.37984228800008],[-4.113947026999938,50.36252564500006],[-4.121274817999961,50.36143796600004],[-4.133170102999941,50.36639580100007],[-4.133479053999963,50.36328444900005],[-4.145634965999932,50.36425355500006],[-4.146411348999948,50.36378229600007],[-4.151901960999965,50.36228102100006],[-4.152801274999945,50.362308762000055],[-4.153212785999926,50.366027529000064],[-4.164193553999951,50.35893930600008],[-4.16444575099996,50.35902559500005],[-4.16520303599998,50.361653991000026],[-4.162597892999941,50.36358495300004],[-4.166185911999946,50.36666289400006],[-4.166532553999957,50.366267769000046],[-4.166612182999927,50.36654407100008],[-4.168455453999968,50.36413108600004],[-4.185406744999966,50.36719481000006],[-4.18148154499994,50.377155721000065],[-4.18229876099997,50.37775800400004],[-4.182234179999966,50.37797274900004],[-4.185967368999968,50.38233702800005],[-4.184283585999935,50.38432887400006],[-4.187317299999961,50.38391493000006],[-4.192677181999954,50.39017856100003],[-4.181826642999965,50.395625593000034],[-4.179702672999952,50.39669158500004],[-4.182956913999931,50.39622761000004],[-4.194543195999927,50.39208601000007],[-4.202807450999956,50.39636421400007],[-4.20487503399994,50.398819573000026],[-4.204412918999935,50.40008211400004],[-4.199588689999928,50.40289924700005],[-4.200548060999949,50.40796140800006],[-4.195071193999979,50.41912075600004],[-4.192340417999958,50.42468256600006],[-4.186235256999964,50.42372893900006],[-4.185793836999949,50.42362120700005],[-4.175868530999935,50.42197603000005],[-4.169713165999951,50.42222056300005],[-4.169472936999966,50.42236950100005],[-4.176606754999966,50.422569312000064],[-4.177976612999942,50.423452746000066],[-4.178041905999976,50.42349485200003],[-4.169536630999971,50.42313321700004],[-4.163392031999933,50.42751197200005],[-4.165303466999944,50.42999757100006],[-4.155855545999941,50.43642701400006],[-4.151121755999952,50.43663524400006],[-4.146574722999958,50.43110220700004],[-4.135663415999943,50.43292844000007],[-4.12487856499996,50.43571009600004],[-4.122676294999962,50.440817769000034],[-4.11348830299994,50.44415380200007],[-4.108747213999948,50.438322432000064],[-4.106707936999953,50.43486852700005],[-4.109540612999979,50.43209465600006]]]]}},{"type":"Feature","properties":{"FID":28,"LAD23CD":"E06000030","LAD23NM":"Swindon","LAD23NMW":" ","BNG_E":418550,"BNG_N":186565,"LONG":-1.73369,"LAT":51.577641,"GlobalID":"{DA716B1F-2D5A-4B6A-9E9E-C13C3F9D888C}","SHAPE_Length":1.039562758024465,"SHAPE_Area":0.0299138040656767,"reference":"E06000030","name":"Swindon"},"geometry":{"type":"MultiPolygon","coordinates":[[[[-1.700189095999974,51.67074166500004],[-1.690623158999927,51.663783583000054],[-1.688495174999957,51.656787989000065],[-1.69193809199993,51.65216458700007],[-1.686273349999965,51.652381639000055],[-1.675647879999929,51.64141103600008],[-1.66330746999995,51.63993052200004],[-1.65995431999994,51.63499087300005],[-1.67373615899993,51.62284986700007],[-1.667009650999944,51.61626447400005],[-1.674955284999953,51.61175126900008],[-1.681319996999946,51.61356161800006],[-1.690616733999946,51.60544992900003],[-1.684756422999953,51.59032688800005],[-1.69042935899995,51.584386933000076],[-1.691110658999946,51.583523728000046],[-1.684009354999944,51.57280461700003],[-1.676547657999947,51.569390938000026],[-1.655042596999976,51.576493361000075],[-1.647686264999948,51.57193470900006],[-1.634131773999968,51.553265518000046],[-1.613721435999935,51.536511020000034],[-1.60281908099995,51.518293924000034],[-1.623573739999927,51.51420025200008],[-1.62846501599995,51.51736463900005],[-1.634292634999952,51.51294112100004],[-1.667740433999938,51.505279002000066],[-1.719081653999979,51.50070554000007],[-1.715736739999954,51.488383346000035],[-1.774717838999948,51.48453875600006],[-1.774330534999933,51.48245457300004],[-1.793192077999947,51.486167066000064],[-1.797796820999963,51.484445933000075],[-1.813046467999925,51.49653559700005],[-1.813450345999968,51.50704218000004],[-1.837584922999952,51.50083747000008],[-1.84414329699996,51.513835879000055],[-1.844042311999942,51.51512876600003],[-1.846753945999978,51.52430061900003],[-1.842117429999973,51.52629490100003],[-1.843700659999968,51.521717412000044],[-1.837004680999939,51.510878725000055],[-1.830791391999981,51.51110973800007],[-1.844307015999959,51.543106676000036],[-1.853824098999951,51.546301920000076],[-1.849616134999962,51.55362821400007],[-1.865128333999962,51.55953475700005],[-1.860103614999957,51.56524381200006],[-1.845189265999977,51.56171838100005],[-1.850077383999974,51.56809786400004],[-1.844349306999959,51.57021328900004],[-1.84310540499996,51.57870513700004],[-1.838362265999933,51.58006879900006],[-1.830836988999977,51.58175036500006],[-1.82633569199993,51.57943660600006],[-1.823054172999946,51.583457087000056],[-1.837561464999965,51.587241920000054],[-1.831856535999975,51.596728874000064],[-1.839854853999952,51.59991943600005],[-1.83984935999996,51.607193479000045],[-1.842378208999946,51.61211707900003],[-1.839010058999975,51.61669270800007],[-1.820188407999979,51.62774911100007],[-1.814315994999959,51.624506635000046],[-1.806376463999925,51.63271921100005],[-1.788583417999973,51.63271365000003],[-1.79908052899998,51.66250472300004],[-1.791681142999948,51.66312571100008],[-1.788616857999955,51.66700189800008],[-1.776988622999966,51.669390941000074],[-1.770274782999934,51.667969983000035],[-1.766319714999952,51.66268415900004],[-1.753821759999937,51.662173206000034],[-1.739313000999971,51.66741951400007],[-1.727488092999977,51.667208568000035],[-1.711055281999961,51.67179294700003],[-1.709660467999925,51.68165683700005],[-1.696830950999924,51.69204201200006],[-1.683058607999953,51.69011036100005],[-1.696518310999977,51.68211637700006],[-1.700189095999974,51.67074166500004]]]]}},{"type":"Feature","properties":{"FID":29,"LAD23CD":"E06000031","LAD23NM":"Peterborough","LAD23NMW":" ","BNG_E":517372,"BNG_N":300777,"LONG":-0.26874,"LAT":52.59214,"GlobalID":"{19E730CF-36AE-4375-95CC-7C57F99D213E}","SHAPE_Length":1.3047765420204174,"SHAPE_Area":0.04568119452503142,"reference":"E06000031","name":"Peterborough"},"geometry":{"type":"MultiPolygon","coordinates":[[[[-0.04500051499997,52.669138359000044],[-0.032102883999926,52.665360709000026],[-0.031270682999946,52.661532744000056],[-0.01275183499996,52.59424622800003],[-0.119959026999936,52.57746473100008],[-0.186980183999935,52.56850675000004],[-0.181696196999951,52.56650342000006],[-0.189878847999978,52.56544286400003],[-0.188515708999944,52.55988354600004],[-0.197873350999942,52.55080583200004],[-0.191030782999974,52.55033917600008],[-0.185627751999959,52.54493733000004],[-0.187849987999925,52.54186309800008],[-0.200398362999977,52.545215847000065],[-0.202756065999949,52.54255427000004],[-0.214143752999973,52.54179147700006],[-0.217663959999925,52.53792342600008],[-0.223123524999949,52.542440888000044],[-0.235017021999965,52.54340539000003],[-0.236646908999944,52.53825784800006],[-0.231720216999975,52.53453137000008],[-0.238254303999952,52.529077949000055],[-0.243074436999962,52.52964212300003],[-0.244780466999941,52.522998865000034],[-0.269447492999973,52.52038979500003],[-0.274047408999934,52.51896449000003],[-0.272961672999941,52.51278272300004],[-0.284637951999969,52.50611306400003],[-0.287809464999953,52.50875109700007],[-0.293289612999956,52.50688911000003],[-0.296297050999954,52.51432042300007],[-0.317823336999936,52.53434882000005],[-0.332735785999944,52.54654543800007],[-0.325924931999964,52.54864929900003],[-0.323677122999925,52.551517896000064],[-0.327243844999941,52.55291157900007],[-0.337315424999929,52.55364777700004],[-0.348477509999952,52.56437008900008],[-0.367383996999934,52.56276489100003],[-0.37574339799994,52.56628017300005],[-0.388374882999926,52.56885777700006],[-0.387850907999962,52.57506147200007],[-0.396839711999974,52.58299833800004],[-0.408880187999955,52.582658061000075],[-0.415381402999969,52.57874264000003],[-0.42502761399993,52.58241272500004],[-0.478814867999972,52.573645147000036],[-0.478834287999973,52.57743857400004],[-0.492359814999929,52.58167167900007],[-0.497651443999928,52.58685097700004],[-0.490706770999964,52.59053428800007],[-0.485439790999976,52.60217993800006],[-0.481024270999967,52.60278688900007],[-0.479636966999976,52.614449827000044],[-0.473729250999952,52.61443321000007],[-0.470961263999925,52.617953311000065],[-0.473503473999926,52.628234500000076],[-0.486107690999972,52.63442172600003],[-0.488823840999942,52.632830900000044],[-0.494688678999978,52.64026526100008],[-0.484320104999938,52.64612908500004],[-0.475244651999958,52.64505781500003],[-0.475831476999929,52.64871474900008],[-0.467636162999952,52.64989919900006],[-0.453115492999927,52.64927225100007],[-0.450477948999946,52.65412465900005],[-0.417205883999941,52.646811541000034],[-0.362807604999944,52.66010614700008],[-0.359339821999924,52.660064301000034],[-0.340893711999968,52.66550730200004],[-0.335037147999969,52.674865974000056],[-0.309972,52.67347833400004],[-0.279083337999964,52.666004171000054],[-0.258664797999927,52.651645373000065],[-0.224008234999928,52.66566203800005],[-0.212501332999977,52.66667949300006],[-0.206037616999936,52.66807331200005],[-0.192867813999953,52.65243851100007],[-0.180020104999926,52.66056115900005],[-0.141061994999973,52.651507425000034],[-0.139501708999944,52.65486175900003],[-0.102195957999925,52.67220619500006],[-0.08783701699997,52.666780266000046],[-0.074610880999955,52.67207409800005],[-0.065445389999979,52.67199583200005],[-0.063785179999968,52.67522437300005],[-0.058023707999951,52.67409164700007],[-0.04500051499997,52.669138359000044]]]]}},{"type":"Feature","properties":{"FID":31,"LAD23CD":"E06000033","LAD23NM":"Southend-on-Sea","LAD23NMW":" ","BNG_E":587777,"BNG_N":186837,"LONG":0.70692301,"LAT":51.549171,"GlobalID":"{41AEE977-73CE-456D-81F7-2C6962D96A64}","SHAPE_Length":0.49639648812337245,"SHAPE_Area":0.005431930177943969,"reference":"E06000033","name":"Southend-on-Sea"},"geometry":{"type":"MultiPolygon","coordinates":[[[[0.639876270000059,51.53345677600004],[0.626737320000075,51.532176313000036],[0.625459646000024,51.532368131000055],[0.625101714000039,51.53658001300005],[0.640071204000037,51.537875780000036],[0.640323377000072,51.53786697900006],[0.646533497000064,51.53765007900006],[0.639970585000071,51.53351619000006],[0.639876270000059,51.53345677600004]]],[[[0.753154015000064,51.55486707500006],[0.76986127400005,51.55178345100006],[0.786689932000058,51.552943397000035],[0.78679883600006,51.54726745900007],[0.78899055100004,51.54244412600008],[0.810868212000059,51.540132096000036],[0.81486925400003,51.543731765000075],[0.819168410000032,51.54220654100004],[0.821153105000064,51.54060516800007],[0.78777068100004,51.521831260000056],[0.777909876000024,51.52261958500003],[0.776555440000038,51.522727804000056],[0.768357282000068,51.525452029000064],[0.768295537000029,51.52545994600007],[0.731570436000027,51.530162750000045],[0.730801824000025,51.53033000200003],[0.720517136000069,51.53256736600008],[0.718475979000061,51.532742205000034],[0.69040654600002,51.53514284200003],[0.687932892000049,51.53535407100003],[0.670718747000024,51.53814786100003],[0.640518308000026,51.54014192400007],[0.64020361200005,51.54016266100007],[0.627203425000062,51.538038838000034],[0.625008465000064,51.53767723800007],[0.624160112000027,51.54765752600008],[0.631685214000072,51.557644880000055],[0.635575650000021,51.56064961100003],[0.632077285000037,51.57052947600005],[0.632220804000042,51.57071507000006],[0.63895093900004,51.576801071000034],[0.643955290000065,51.57508488000008],[0.667833186000053,51.57220783300005],[0.705018590000066,51.56711904900004],[0.718391676000067,51.56094584600004],[0.739026317000025,51.55935043800008],[0.752092538000056,51.55836188400008],[0.753154015000064,51.55486707500006]]]]}},{"type":"Feature","properties":{"FID":32,"LAD23CD":"E06000034","LAD23NM":"Thurrock","LAD23NMW":" ","BNG_E":562124,"BNG_N":181588,"LONG":0.334874,"LAT":51.50996,"GlobalID":"{99C7A541-1418-4716-91FE-9AEC34713798}","SHAPE_Length":0.9266802361782942,"SHAPE_Area":0.02103833491744864,"reference":"E06000034","name":"Thurrock"},"geometry":{"type":"MultiPolygon","coordinates":[[[[0.548030414000038,51.51574332000007],[0.548308080000027,51.514318470000035],[0.545127115000071,51.516968976000044],[0.548030414000038,51.51574332000007]]],[[[0.391753003000019,51.567190621000066],[0.393500848000031,51.557711306000044],[0.417560546000061,51.55707423100006],[0.421148273000028,51.55301435600006],[0.418180981000035,51.55083861900005],[0.42523178600004,51.552519190000055],[0.424786781000023,51.548084722000056],[0.430400225000028,51.546005113000035],[0.431000761000064,51.549723175000054],[0.439936720000048,51.54511372300004],[0.446013847000074,51.55117632200006],[0.45235387300005,51.551933424000026],[0.46169734800003,51.553688898000075],[0.466802036000047,51.54668252400006],[0.484919680000075,51.54780806800005],[0.49164014400003,51.54013257400004],[0.508553594000034,51.53664864900003],[0.517003079000062,51.53010417000007],[0.516760300000044,51.52998555000005],[0.513220466000064,51.53186999600007],[0.506868775000044,51.53126396000005],[0.51768155700006,51.52710940900005],[0.522193879000042,51.51596648200007],[0.541271387000052,51.512560747000066],[0.531314444000031,51.508496844000035],[0.522691232000057,51.507884027000046],[0.518719885000053,51.510425514000076],[0.508165355000074,51.50519705200003],[0.494242549000035,51.50713254600004],[0.467285295000067,51.50374825100005],[0.460895597000047,51.50697715700005],[0.455889568000032,51.50685097100006],[0.457411708000052,51.50541544500004],[0.457587539000031,51.50524961100007],[0.447625002000052,51.50015803900004],[0.446006959000044,51.50015476300007],[0.444974825000031,51.50015266100007],[0.444288452000023,51.50015125800007],[0.445602656000062,51.498179390000075],[0.441840103000061,51.493504407000046],[0.440256659000056,51.49153665800003],[0.433979747000024,51.46149861600003],[0.398401564000039,51.453661613000065],[0.398110186000054,51.45364338100006],[0.381659715000069,51.45261285700008],[0.378331526000068,51.45661785100003],[0.378759071000047,51.45213583600008],[0.340845315000024,51.452327738000065],[0.328179330000069,51.46929086000006],[0.318735408000066,51.474115468000036],[0.306207543000028,51.47371917000004],[0.30516407600004,51.47368610600006],[0.304678377000073,51.473537934000035],[0.302391321000073,51.47284018600004],[0.29144810400004,51.46950064400005],[0.281402126000046,51.461398460000055],[0.247042158000056,51.47273552000007],[0.229312248000042,51.48578063000008],[0.228521388000047,51.48636226600007],[0.211870089000058,51.489958956000066],[0.214156929000069,51.49603961100007],[0.229965350000043,51.49936592000006],[0.226597286000072,51.50656324400006],[0.241919319000033,51.507960128000036],[0.237176010000042,51.51933443400003],[0.244905836000044,51.51875947600007],[0.240724595000074,51.52120738700006],[0.242856,51.52439246300003],[0.245837498000071,51.52351618200004],[0.250852047000024,51.52881862700008],[0.253834318000031,51.51788587300007],[0.262307889000056,51.51793049100007],[0.266638180000029,51.52295589100004],[0.265347272000042,51.53215026600003],[0.322441491000063,51.54051785300004],[0.331429401000037,51.540045461000034],[0.333902598000066,51.54249370300005],[0.327816068000061,51.55099456900007],[0.315294830000028,51.557835295000075],[0.31303508000002,51.56581813300005],[0.313008168000067,51.56594192500006],[0.343784222000068,51.567821405000075],[0.382605093000052,51.56582381700008],[0.391753003000019,51.567190621000066]]]]}},{"type":"Feature","properties":{"FID":36,"LAD23CD":"E06000038","LAD23NM":"Reading","LAD23NMW":" ","BNG_E":470223,"BNG_N":173153,"LONG":-0.99075001,"LAT":51.453011,"GlobalID":"{31CBA1B2-A9F6-4651-9FC4-57B325EE3CB1}","SHAPE_Length":0.39001358598283065,"SHAPE_Area":0.005250370034890328,"reference":"E06000038","name":"Reading"},"geometry":{"type":"MultiPolygon","coordinates":[[[[-0.946755177999933,51.47172543900007],[-0.949440849999974,51.46493089400008],[-0.955183902999977,51.465333841000074],[-0.955452549999961,51.461256502000026],[-0.949167813999964,51.459513325000046],[-0.950018812999929,51.45783896200004],[-0.937351104999948,51.45370182100004],[-0.92856,51.44505697300008],[-0.932389305999948,51.44095995500004],[-0.944229035999967,51.44631292400004],[-0.948134712999945,51.43928768400008],[-0.943518307999966,51.436154773000055],[-0.943433502999937,51.42929217600005],[-0.954197836999924,51.42148656000006],[-0.964729681999927,51.41175916000003],[-0.97378985499995,51.40975389000005],[-0.973766565999938,51.41259221900003],[-0.979819349999957,51.41297065700007],[-0.981369937999943,51.42062809600003],[-0.99628348799996,51.41959630100007],[-1.00125898999994,51.42634126100006],[-1.000722257999939,51.42979382600004],[-1.003717324999968,51.43389532400005],[-1.021808389999933,51.43670305400008],[-1.023450320999927,51.44431750600006],[-1.030613989999949,51.449862790000054],[-1.032974926999941,51.45179943200003],[-1.046791721999966,51.45017167100008],[-1.046720504999939,51.456212711000035],[-1.052974528999925,51.460369935000074],[-1.04784283999993,51.46404478100004],[-1.036557477999963,51.47522675400006],[-1.018204530999981,51.46658452400004],[-1.00729582799994,51.468211084000075],[-1.006929301999946,51.47342153900007],[-0.998181104999958,51.47754999500006],[-0.998398936999934,51.484304820000034],[-0.975358609999944,51.48740733600005],[-0.961805027999958,51.49309190800005],[-0.947032621999938,51.48606235400007],[-0.941136942999947,51.474977651000074],[-0.946755177999933,51.47172543900007]]]]}},{"type":"Feature","properties":{"FID":37,"LAD23CD":"E06000039","LAD23NM":"Slough","LAD23NMW":" ","BNG_E":498920,"BNG_N":179246,"LONG":-0.57617003,"LAT":51.503502,"GlobalID":"{23B543BC-6FCA-4586-A35C-CECFF9458FA8}","SHAPE_Length":0.4850513693984662,"SHAPE_Area":0.00415308392000067,"reference":"E06000039","name":"Slough"},"geometry":{"type":"MultiPolygon","coordinates":[[[[-0.594983032999949,51.52423715400005],[-0.589826094999978,51.52267440700007],[-0.589777223999931,51.52267501700004],[-0.589569395999945,51.52267761200005],[-0.580991658999949,51.523074129000065],[-0.575978759999941,51.533910149000064],[-0.567256016999977,51.53298103600008],[-0.568008058999965,51.530286337000064],[-0.575094658999944,51.52929987200008],[-0.565044359999945,51.52069223500007],[-0.56896895899996,51.51772053500008],[-0.568663398999945,51.51134310600003],[-0.568708976999972,51.51126904700004],[-0.542386759999943,51.50896533000008],[-0.528106973999968,51.50971130200003],[-0.528748046999965,51.49706800300004],[-0.531819526999925,51.493394462000026],[-0.490024730999949,51.49474763500007],[-0.490116782999962,51.49457891600008],[-0.499169215999927,51.48858121400008],[-0.509807321999972,51.46920726500008],[-0.51566123899994,51.468268677000026],[-0.524358681999956,51.47152848400003],[-0.524243834999936,51.479509654000026],[-0.538110281999934,51.48830609500004],[-0.554124176999949,51.49128151200006],[-0.552830193999966,51.49405506900007],[-0.552543410999931,51.494846246000066],[-0.560550663999948,51.49721171600004],[-0.565568403999976,51.49134201800007],[-0.589610344999926,51.49939892000003],[-0.591032789999929,51.49732814400005],[-0.592614178999952,51.49851334600004],[-0.600575770999967,51.50230447600006],[-0.607716161999974,51.49725150200004],[-0.617106257999978,51.50166812900005],[-0.626529884999968,51.504413715000055],[-0.632566306999934,51.50268296000007],[-0.642211994999968,51.50062723800005],[-0.642970369999944,51.50269347300008],[-0.653464548999978,51.500506994000034],[-0.653915427999948,51.50422506400008],[-0.65927131899997,51.50490235700005],[-0.653899666999962,51.512192922000054],[-0.655023670999924,51.518845415000044],[-0.660143496999979,51.52035722900007],[-0.659944895999956,51.52844698100006],[-0.653057416999957,51.529998394000074],[-0.647991174999959,51.53258653000006],[-0.639722789999951,51.53713264800007],[-0.624770176999959,51.53800585400006],[-0.61827309499995,51.53521159200005],[-0.610536158999935,51.531502198000055],[-0.596221573999969,51.52792985900004],[-0.594983032999949,51.52423715400005]]]]}},{"type":"Feature","properties":{"FID":39,"LAD23CD":"E06000041","LAD23NM":"Wokingham","LAD23NMW":" ","BNG_E":476624,"BNG_N":169903,"LONG":-0.89934999,"LAT":51.422958,"GlobalID":"{572E4E7E-2275-4DC9-8143-B2736EDF7305}","SHAPE_Length":0.9242195992123179,"SHAPE_Area":0.023197136249248365,"reference":"E06000041","name":"Wokingham"},"geometry":{"type":"MultiPolygon","coordinates":[[[[-0.817390197999941,51.507237547000045],[-0.817066456999953,51.49643227300004],[-0.820441536999965,51.494989737000026],[-0.820939579999958,51.49717709300006],[-0.829356379999979,51.48719755500008],[-0.82198985399998,51.474118797000074],[-0.825178919999928,51.46567132700005],[-0.833754364999947,51.46409868400008],[-0.828290694999964,51.46204356900006],[-0.818085732999975,51.443190995000066],[-0.800038271999938,51.441179918000046],[-0.797962906999942,51.42575861600005],[-0.796673194999926,51.414454367000076],[-0.792505466999955,51.408849631000066],[-0.80180196699996,51.40754024000006],[-0.796830248999925,51.39400755200006],[-0.793124865999971,51.38460778400008],[-0.788839993999943,51.37175070700005],[-0.813571306999961,51.37031848700008],[-0.822091892999936,51.366172719000076],[-0.822074905999955,51.36613424900003],[-0.837373716999934,51.352886123000076],[-0.842861529999936,51.35227123100003],[-0.847771700999942,51.35247699900003],[-0.86807999399997,51.35474929600008],[-0.878057285999944,51.35262944300007],[-0.915075745999957,51.36078603000004],[-0.91774780999998,51.364556579000066],[-0.93598936199993,51.36631706600008],[-0.939153416999943,51.36317156300004],[-0.986740059999931,51.35985562500008],[-0.98612375099998,51.362848289000056],[-0.991790914999967,51.366665701000045],[-0.981700070999977,51.37562712300007],[-0.98873025599994,51.38056437100005],[-1.011884058999954,51.392866628000036],[-0.999141573999964,51.41225071900004],[-1.00125898999994,51.42634126100006],[-0.99628348799996,51.41959630100007],[-0.981369937999943,51.42062809600003],[-0.979819349999957,51.41297065700007],[-0.973766565999938,51.41259221900003],[-0.97378985499995,51.40975389000005],[-0.964729681999927,51.41175916000003],[-0.954197836999924,51.42148656000006],[-0.943433502999937,51.42929217600005],[-0.943518307999966,51.436154773000055],[-0.948134712999945,51.43928768400008],[-0.944229035999967,51.44631292400004],[-0.932389305999948,51.44095995500004],[-0.92856,51.44505697300008],[-0.937351104999948,51.45370182100004],[-0.950018812999929,51.45783896200004],[-0.949167813999964,51.459513325000046],[-0.927444328999968,51.46735470700003],[-0.926867202999972,51.467284703000075],[-0.910608235999973,51.47683092300008],[-0.908185942999978,51.483960585000034],[-0.897651733999965,51.48704530900005],[-0.889739033999945,51.49878074700007],[-0.870025174999967,51.504390845000046],[-0.880209071999957,51.51161170000006],[-0.878218218999962,51.523017982000056],[-0.883906962999959,51.52715825100006],[-0.899805113999946,51.536198858000034],[-0.896882189999928,51.544863013000054],[-0.887370263999969,51.55947125200004],[-0.879723063999961,51.56212757900005],[-0.872748075999937,51.56031104400006],[-0.862525038999934,51.54902011100006],[-0.842708590999962,51.54477157500003],[-0.853907491999962,51.52607310900004],[-0.836186202999954,51.51275055000008],[-0.824056327999926,51.512479488000054],[-0.817390197999941,51.507237547000045]]]]}},{"type":"Feature","properties":{"FID":40,"LAD23CD":"E06000042","LAD23NM":"Milton Keynes","LAD23NMW":" ","BNG_E":486408,"BNG_N":242308,"LONG":-0.74070001,"LAT":52.072411,"GlobalID":"{EF29740F-4A2D-4E1F-B820-0FEEB831BF87}","SHAPE_Length":1.1103357683860478,"SHAPE_Area":0.04051116185125354,"reference":"E06000042","name":"Milton Keynes"},"geometry":{"type":"MultiPolygon","coordinates":[[[[-0.63492931199994,52.168066742000065],[-0.630687617999968,52.15502412200004],[-0.640765866999971,52.15281762800004],[-0.63545165499994,52.13925362100008],[-0.619360028999949,52.13302057900006],[-0.607249380999974,52.13386875200007],[-0.591810330999976,52.110691888000076],[-0.601872296999943,52.10502749800003],[-0.59675128799995,52.10168491400003],[-0.603959161999967,52.09912434300003],[-0.605787513999928,52.09212212800003],[-0.631357876999971,52.08097492400003],[-0.641583953999941,52.06772134500005],[-0.651008115999957,52.06414400400007],[-0.668975976999945,52.048716841000044],[-0.658399824999947,52.04406174700006],[-0.643075774999943,52.03689093400004],[-0.640329250999969,52.02366079500007],[-0.650960161999933,52.01854698400007],[-0.643460193999942,52.01090059300003],[-0.65065655199993,52.00967018800003],[-0.661689664999926,51.99973638500006],[-0.656172709999964,51.982025950000036],[-0.645680805999973,51.97222831100004],[-0.653016974999957,51.96924943700003],[-0.669128956999941,51.978421344000026],[-0.677450299999975,51.97674497700007],[-0.696276196999975,51.98225024100003],[-0.701576554999974,51.986965299000076],[-0.713384193999957,51.98981649600006],[-0.717869666999945,51.982416115000035],[-0.713941365999972,51.977870505000055],[-0.740379237999946,51.969862627000055],[-0.747555028999955,51.97355715800006],[-0.743646886999954,51.975247307000075],[-0.761780489999978,51.98533948000005],[-0.771206019999966,51.98291250800003],[-0.776278010999931,51.98862527700004],[-0.789240124999935,51.98794822600007],[-0.803504262999979,51.985503609000034],[-0.812243029999934,52.006015656000045],[-0.81799639299993,52.00607179200006],[-0.819817648999958,52.01228592900003],[-0.827207562999945,52.01521004800003],[-0.844991297999968,52.02264710800006],[-0.86693833399994,52.040081272000066],[-0.871273944999928,52.040219928000056],[-0.867734172999974,52.046220936000054],[-0.85942278999994,52.04460223900003],[-0.852901031999977,52.049997432000055],[-0.863016447999939,52.060271872000044],[-0.853076200999965,52.06434749600004],[-0.839594622999925,52.06379593300005],[-0.83131300499997,52.07200633900004],[-0.846712542999967,52.091508703000045],[-0.854779097999938,52.09235439000008],[-0.857917320999945,52.09750795200006],[-0.869530890999954,52.100037660000055],[-0.86527016399998,52.10293767500008],[-0.871472753999967,52.11177973200006],[-0.88703314199995,52.114214934000074],[-0.879893430999971,52.12663369100005],[-0.869005113999947,52.13064811400005],[-0.853529246999926,52.13167370000008],[-0.846738588999926,52.12941002700006],[-0.828204674999938,52.13261055300006],[-0.831966628999965,52.14368350900003],[-0.81401892599996,52.14247451400007],[-0.80758788299994,52.15697901400006],[-0.801956767999968,52.15867880700006],[-0.792091270999947,52.151329460000056],[-0.777975100999925,52.16873249300005],[-0.76533176199996,52.17109913300004],[-0.762047571999972,52.16344642900003],[-0.756810334999955,52.16744984300004],[-0.749734768999929,52.166876768000066],[-0.705455583999935,52.191570701000046],[-0.684788349999963,52.19635507500004],[-0.668135637999967,52.19503411200003],[-0.65744807599998,52.189775345000044],[-0.643160311999964,52.18884486200005],[-0.639510056999939,52.18343490700005],[-0.627446652999936,52.18154546800008],[-0.628254510999966,52.17253634200006],[-0.63492931199994,52.168066742000065]]]]}},{"type":"Feature","properties":{"FID":42,"LAD23CD":"E06000044","LAD23NM":"Portsmouth","LAD23NMW":" ","BNG_E":465619,"BNG_N":101352,"LONG":-1.07006,"LAT":50.807999,"GlobalID":"{787A339C-1E9C-42CE-81B3-6E4A0530719D}","SHAPE_Length":0.7164646224337058,"SHAPE_Area":0.005213040936621436,"reference":"E06000044","name":"Portsmouth"},"geometry":{"type":"MultiPolygon","coordinates":[[[[-1.123933453999939,50.78225907800004],[-1.124754405999965,50.782160918000045],[-1.112247436999951,50.78927256700007],[-1.123933453999939,50.78225907800004]]],[[[-1.092598839999937,50.81504753300004],[-1.101643427999932,50.81367061100008],[-1.09803663799994,50.82030043800006],[-1.092598839999937,50.81504753300004]]],[[[-1.150093888999947,50.833104158000026],[-1.15011332399996,50.83235106700005],[-1.151671070999953,50.83415161000005],[-1.150093888999947,50.833104158000026]]],[[[-1.044137196999941,50.83136034100005],[-1.042353400999957,50.81564190800003],[-1.042292697999926,50.81510676400006],[-1.039243301999932,50.79837797500005],[-1.038874856999939,50.796914480000055],[-1.038541436999935,50.79559003000003],[-1.038305225999977,50.79465167800004],[-1.044002907999925,50.79016428700004],[-1.038082700999951,50.791071843000054],[-1.031993344999933,50.79200500200005],[-1.030659828999944,50.79552496100007],[-1.03209702099997,50.786784623000074],[-1.081802126999946,50.778158027000075],[-1.089222587999927,50.77770070300005],[-1.100903781999932,50.78505672300008],[-1.109672442999965,50.79154222100004],[-1.105675282999925,50.79111506700008],[-1.108626448999928,50.796146692000036],[-1.108756132999929,50.796367770000074],[-1.108832119999931,50.796497309000074],[-1.105844521999927,50.797043485000074],[-1.111249374999943,50.798538078000036],[-1.11151248699997,50.80696459100005],[-1.103737743999943,50.805701844000055],[-1.103992816999948,50.81047006000006],[-1.092504449999979,50.809176182000044],[-1.091338324999924,50.80904478200006],[-1.090490544999966,50.81162724100005],[-1.096858807999979,50.81129276400003],[-1.091209667999976,50.81480195200004],[-1.090654667999956,50.816846259000044],[-1.10021521699997,50.826910111000075],[-1.096089551999967,50.82812532400004],[-1.093077981999954,50.82901228700007],[-1.091511824999941,50.82815647000007],[-1.087757941999939,50.82610490800005],[-1.085610717999941,50.82493125900004],[-1.076607831999979,50.83679712300005],[-1.05475204499993,50.83340487700008],[-1.05471109399997,50.833398154000065],[-1.049505855999939,50.83254351700003],[-1.044137196999941,50.83136034100005]]],[[[-1.113005797999961,50.836112728000046],[-1.122247241999958,50.83566480600007],[-1.136875798999938,50.83830956700007],[-1.113005797999961,50.836112728000046]]],[[[-1.153824071999964,50.844763956000065],[-1.167695413999979,50.841736378000064],[-1.153836683999941,50.844807235000076],[-1.153824071999964,50.844763956000065]]],[[[-1.113005797999961,50.836112728000046],[-1.118132259999925,50.84420628000004],[-1.115783197999974,50.85827384900006],[-1.090776913999946,50.85858162100004],[-1.07552755699993,50.85637841500005],[-1.066186123999955,50.85847394000007],[-1.054347317999941,50.855086689000075],[-1.054082070999925,50.85653023000003],[-1.022629196999958,50.85207310900006],[-1.025139826999975,50.84772858400004],[-1.020643722999978,50.839196601000026],[-1.021160449999968,50.838305852000076],[-1.021866135999971,50.83731294300003],[-1.024071611999943,50.83293680600008],[-1.02412894899993,50.82632256000005],[-1.034895192999954,50.82930786600008],[-1.036285687999964,50.83537445400003],[-1.044118503999925,50.83213658900007],[-1.054276516999948,50.833889845000044],[-1.07879231499993,50.83721722400003],[-1.089168452999957,50.828595094000036],[-1.08844354699994,50.83025992900008],[-1.087913889999925,50.83135021100003],[-1.094975448999946,50.83133456100006],[-1.106275798999945,50.837861958000076],[-1.103279752999924,50.84640017600003],[-1.113842098999953,50.846799443000066],[-1.111817922999933,50.84350138900004],[-1.116049567999937,50.84384970800005],[-1.116085776999967,50.84126849900008],[-1.113107618999948,50.83635754100004],[-1.112960503999943,50.836114922000036],[-1.113005797999961,50.836112728000046]]]]}},{"type":"Feature","properties":{"FID":43,"LAD23CD":"E06000045","LAD23NM":"Southampton","LAD23NMW":" ","BNG_E":442303,"BNG_N":113700,"LONG":-1.39952,"LAT":50.9212,"GlobalID":"{91B01363-AAB2-4281-B88C-52607A9020A0}","SHAPE_Length":0.5682066090071763,"SHAPE_Area":0.006467600553085827,"reference":"E06000045","name":"Southampton"},"geometry":{"type":"MultiPolygon","coordinates":[[[[-1.401357136999934,50.95039007200006],[-1.392861398999969,50.94938207600006],[-1.39083168999997,50.94653522900006],[-1.379891894999957,50.94751807000006],[-1.366918092999924,50.94686829600005],[-1.357442713999944,50.94237146200004],[-1.354689951999944,50.941021834000026],[-1.358997870999929,50.93795742300006],[-1.352770370999963,50.93535750500007],[-1.357419413999935,50.93178063200003],[-1.353481435999925,50.92654274900008],[-1.339488441999947,50.923713330000055],[-1.329815801999928,50.91494083500004],[-1.324639478999927,50.908438122000064],[-1.327875758999937,50.90445329200003],[-1.324023627999964,50.90441042600003],[-1.321977561999972,50.90095349900008],[-1.342037937999976,50.893700685000056],[-1.349384459999953,50.88858906000007],[-1.364008450999961,50.879277595000076],[-1.365111197999965,50.880038752000075],[-1.383125538999934,50.88938447600003],[-1.382755141999951,50.89725357900005],[-1.382727159999945,50.897847944000034],[-1.382453109999972,50.897964959000035],[-1.382520704999934,50.89813596400006],[-1.384835383999928,50.90399106400008],[-1.371787643999937,50.91196080100008],[-1.372165440999936,50.91229300700007],[-1.372332582999945,50.912439977000076],[-1.376747716999944,50.91632184900004],[-1.385535123999944,50.91468513500007],[-1.38765250199998,50.917020053000044],[-1.376907182999958,50.92184690000005],[-1.380133202999957,50.930530343000044],[-1.380766520999941,50.93222946800006],[-1.380832386999941,50.93240617200007],[-1.380816736999975,50.93219112700007],[-1.380022114999974,50.921270906000075],[-1.389193432999946,50.91916565200006],[-1.389270979999935,50.91853329600008],[-1.389274153999963,50.91850741700006],[-1.389684022999973,50.91516478500006],[-1.377515908999953,50.91130633300003],[-1.388281271999972,50.905029296000066],[-1.388276771999926,50.90487928700003],[-1.387993780999977,50.89544327100003],[-1.392861153999945,50.89488788300008],[-1.38839278699993,50.89418281400003],[-1.392664009999976,50.88840315500005],[-1.396390549999978,50.892560091000064],[-1.393270841999936,50.88305572500008],[-1.399489100999972,50.88833250400006],[-1.399022400999968,50.89454851700003],[-1.400821783999959,50.89028538200006],[-1.403541686999972,50.89562837300008],[-1.416727038999966,50.90056451600003],[-1.417808193999974,50.900900050000075],[-1.418231571999968,50.901031439000064],[-1.432485801999974,50.90545370500007],[-1.440442545999929,50.907921163000026],[-1.440964363999967,50.908082955000054],[-1.441029608999941,50.908056757000054],[-1.450980615999924,50.90406028600006],[-1.464603281999928,50.90999910100004],[-1.464757941999949,50.91015867800007],[-1.473455734999959,50.91954810100003],[-1.473574476999943,50.919676252000045],[-1.474128427999972,50.92042192400004],[-1.475272965999977,50.92150924800006],[-1.478724549999924,50.92523363000004],[-1.47879054699996,50.925401538000074],[-1.477328197999952,50.928461886000036],[-1.464108520999957,50.93510641700004],[-1.459423701999924,50.94319696600007],[-1.455955574999962,50.94606834400008],[-1.451008157999979,50.94432666100005],[-1.44954581099995,50.94991135300006],[-1.441293478999967,50.94705569800004],[-1.435716867999929,50.948992012000076],[-1.423783647999926,50.94723049800007],[-1.421038027999941,50.95167719800003],[-1.409610572999952,50.94975939500006],[-1.406139794999945,50.95612745400007],[-1.401357136999934,50.95039007200006]]]]}},{"type":"Feature","properties":{"FID":56,"LAD23CD":"E06000059","LAD23NM":"Dorset","LAD23NMW":" ","BNG_E":370877,"BNG_N":99796,"LONG":-2.4145899,"LAT":50.796982,"GlobalID":"{B1D6C6A2-0BCF-4951-BBD9-3DF5C6B7C30F}","SHAPE_Length":5.246897026166884,"SHAPE_Area":0.318226003520543,"reference":"E06000059","name":"Dorset"},"geometry":{"type":"MultiPolygon","coordinates":[[[[-1.987107895999941,50.679270443000064],[-1.990629625999929,50.67705850200008],[-1.996703852999929,50.67997074200008],[-1.99385719299994,50.682874439000045],[-1.99534499799995,50.68062807700005],[-1.987107895999941,50.679270443000064]]],[[[-1.98004646499993,50.68352301500005],[-1.988989833999938,50.68167350500005],[-1.991140789999974,50.68415035500004],[-1.986159570999973,50.68465888700007],[-1.98004646499993,50.68352301500005]]],[[[-2.012234176999925,50.68796564100006],[-2.017380023999976,50.68442627500008],[-2.022005,50.69394884800005],[-2.018676445999972,50.69406913700004],[-2.014607756999965,50.69089437100007],[-2.017846179999935,50.689282373000026],[-2.012234176999925,50.68796564100006]]],[[[-1.956764264999947,50.688219434000075],[-1.966647234999925,50.68591542200005],[-1.983545738999965,50.68707492100003],[-1.988088473999937,50.69245328200003],[-1.974168873999929,50.69722772400007],[-1.958155444999932,50.69493042300007],[-1.956764264999947,50.688219434000075]]],[[[-2.291269285999931,51.07707547500007],[-2.26862013899995,51.06874090800005],[-2.24468900599993,51.07231040900007],[-2.228891647999944,51.060784787000046],[-2.227910836999968,51.06039197200005],[-2.217993376999971,51.055178332000025],[-2.205322893999949,51.04279383700003],[-2.193208660999971,51.037712371000055],[-2.188836422999941,51.02526986400005],[-2.188603766999961,51.01853230800003],[-2.176388266999936,51.01281798800005],[-2.178101313999946,51.00826076300007],[-2.171798539999941,51.00100088500005],[-2.156302302999961,50.991016097000056],[-2.156323574999931,50.990983706000065],[-2.132455410999967,50.980036486000074],[-2.11976435899993,50.978190649000055],[-2.120651657999929,50.969407809000074],[-2.119461601999944,50.959680192000064],[-2.110521175999963,50.95548871600005],[-2.102860960999976,50.94560774800004],[-2.08286364099996,50.951338365000026],[-2.067283110999938,50.951820490000046],[-2.058327692999967,50.96364324800004],[-2.041225333999932,50.968067689000065],[-2.037208189999944,50.97196983900005],[-1.993830034999974,50.97577106600005],[-1.985265943999934,50.98471366700005],[-1.965333729999941,50.992029510000066],[-1.956830080999964,50.98980028900007],[-1.955465580999942,50.97826633300008],[-1.944829646999949,50.97574844700006],[-1.939219935999972,50.96965705400004],[-1.929888825999967,50.96779580400005],[-1.920986085999971,50.96149550800004],[-1.909183490999965,50.94532662300003],[-1.878802628999949,50.92432563700004],[-1.873644320999972,50.917225890000054],[-1.863488185999927,50.91938883800003],[-1.854184527999962,50.927511339000034],[-1.841840025999943,50.93168037400005],[-1.826300543999935,50.926869804000034],[-1.812783954999929,50.92751975200008],[-1.820407164999949,50.912105920000045],[-1.816541926999946,50.90394814600006],[-1.824953171999937,50.89577061500006],[-1.839869879999981,50.89789001200006],[-1.848555531999978,50.88988735700008],[-1.844043280999927,50.88682940100006],[-1.847977235999963,50.88233913400006],[-1.847832181999934,50.86968646300005],[-1.85353926199997,50.86650501300005],[-1.850943733999941,50.85872495800004],[-1.829518479999933,50.855318932000046],[-1.81483262699993,50.85870117200005],[-1.812790201999974,50.86457278600005],[-1.808027784999979,50.864459870000076],[-1.805497656999933,50.85199094700005],[-1.799942856999962,50.84844920300003],[-1.803358584999955,50.84447662500003],[-1.790614919999939,50.836314119000065],[-1.796655103999967,50.83322144300007],[-1.794436814999926,50.83102959900003],[-1.803635007999958,50.83002396000006],[-1.801756299999965,50.820975830000066],[-1.80727369899995,50.81629987800005],[-1.802873598999952,50.81351200300003],[-1.811832150999976,50.80873005700005],[-1.809735499999931,50.80495686300003],[-1.801373459999979,50.799714504000065],[-1.803904959999954,50.79596521000008],[-1.833746296999948,50.800033434000056],[-1.845202024999935,50.80963865700005],[-1.85663776399997,50.804944298000066],[-1.864591877999942,50.80664357000006],[-1.864483522999933,50.79578668700003],[-1.865325012999961,50.77392200500003],[-1.873382793999951,50.76338046300003],[-1.874509951999926,50.76474251900004],[-1.880995452999969,50.77065117200004],[-1.893892911999956,50.78009130700008],[-1.910133664999933,50.77526786800007],[-1.91988427299998,50.773805167000035],[-1.919601848999946,50.78403653700008],[-1.932065072999933,50.78002747000005],[-1.936998948999928,50.78267244700004],[-1.935611451999932,50.79209438600003],[-1.936160752999967,50.79720885300003],[-1.940883509999935,50.798814347000075],[-1.950728294999976,50.790680921000046],[-1.958327260999965,50.78929358600004],[-1.968993699999942,50.792390340000054],[-1.991095498999925,50.79140566700005],[-2.005861900999946,50.790929478000066],[-1.999132861999954,50.78812812400008],[-2.009320668999976,50.78258924000005],[-2.010256596999966,50.77378808700007],[-2.012706069999979,50.74850122700008],[-2.012737216999938,50.748300656000026],[-2.016615230999946,50.736334570000054],[-2.022521811999979,50.73656555000008],[-2.024678980999965,50.729400542000064],[-2.036358613999937,50.72527556800003],[-2.036766412999953,50.72603933500005],[-2.02686934999997,50.72932630300005],[-2.03518816899998,50.727879683000026],[-2.034787431999973,50.73013076600006],[-2.042570548999947,50.73190056100003],[-2.049963409999975,50.72627459900008],[-2.049994647999938,50.72625082400003],[-2.049465277999957,50.72569086500005],[-2.047478062999971,50.723804176000044],[-2.045931458999974,50.72612768600004],[-2.042140096999958,50.72447271600004],[-2.042421224999941,50.72380221000003],[-2.044147280999937,50.71968504300003],[-2.040779106999935,50.71998554600003],[-2.046942754999975,50.717511227000045],[-2.041626307999934,50.71403130400006],[-2.055603601999962,50.71780231100007],[-2.062902490999932,50.71654046300006],[-2.070858574999932,50.70991356900004],[-2.071345141999927,50.707647079000026],[-2.057632463999937,50.70561971500007],[-2.072162564999928,50.70504406200007],[-2.07105417899993,50.697917904000064],[-2.083216954999955,50.693300908000026],[-2.079389212999956,50.694379197000046],[-2.078415514999961,50.688717061000034],[-2.084238452999955,50.690577191000045],[-2.081197234999934,50.68628075400005],[-2.065723119999973,50.68672046800003],[-2.054520150999963,50.69980283400008],[-2.043018330999928,50.70302362800004],[-2.039875404999975,50.707157875000064],[-2.02624887099995,50.70743533900003],[-2.018083421999961,50.70157464600004],[-2.033202831999972,50.70211417400003],[-2.029179234999958,50.701181897000026],[-2.030282429999943,50.69705570600007],[-2.026056622999931,50.698216872000046],[-2.023996680999971,50.690673265000044],[-2.027863297999943,50.688871978000066],[-2.024456509999936,50.68763624400003],[-2.03689835199998,50.68050238300003],[-2.046388116999935,50.681436801000075],[-2.052671560999954,50.67797898400005],[-2.046466386999953,50.67899610000006],[-2.051117424999973,50.677875363000055],[-2.047313361999954,50.67404877900003],[-2.046519294999939,50.678079722000064],[-2.035102527999925,50.67909198800004],[-2.025158463999958,50.68437426000003],[-2.024721089999957,50.684606546000055],[-2.025189302999934,50.684239062000074],[-2.029807200999926,50.680614226000046],[-2.026906187999941,50.681505265000055],[-2.026598024999942,50.67805942900003],[-2.03269818299998,50.67342243100006],[-2.030154865999975,50.674027307000074],[-2.029458164999937,50.67419299100004],[-2.028816741999947,50.674345525000035],[-2.024877193999941,50.67260539100005],[-2.027259027999946,50.667963652000026],[-2.022794010999974,50.67243771200003],[-2.026002087999927,50.67471582400003],[-2.023207071999934,50.67759956700007],[-2.02102967899998,50.67623127600007],[-2.022065733999966,50.682095393000054],[-2.011448567999935,50.68277055800007],[-2.003995586999963,50.677799795000055],[-2.012966265999978,50.67420014700008],[-2.009418416999949,50.674704071000065],[-2.009576053999979,50.67090912700007],[-2.007165494999924,50.675405700000056],[-2.001355929999932,50.67623536000008],[-1.998573549999946,50.67663259100004],[-1.995784293999975,50.67338068400005],[-2.001355674999957,50.67096980700006],[-2.001891988999944,50.67073770600007],[-2.001355648999947,50.67042577800004],[-1.995732329999953,50.66715485100008],[-1.991916768999943,50.67270511900006],[-1.978366396999945,50.67694529100004],[-1.985249471999964,50.66990137700003],[-1.980775985999969,50.66385656600005],[-1.974708427999929,50.66514585400006],[-1.978205876999937,50.659263364000026],[-1.972767743999952,50.66425328200006],[-1.968119587999979,50.66049663100006],[-1.971102192999979,50.669413011000074],[-1.963484190999964,50.670475536000026],[-1.961340872999926,50.67489835400005],[-1.958054158999971,50.67233600900005],[-1.949827859999971,50.68011754100007],[-1.942011673999957,50.67329447100008],[-1.94177233299996,50.67299038300007],[-1.952298009999936,50.65641902600004],[-1.951316774999952,50.65284691200003],[-1.951843165999946,50.65007073100003],[-1.950183292999952,50.648719967000034],[-1.949393738999959,50.64584481900005],[-1.94082790799996,50.64068959000008],[-1.92375945799995,50.64203399000007],[-1.930963050999935,50.633360174000074],[-1.933161075999976,50.630910491000066],[-1.936252350999951,50.63035223300005],[-1.943793343999971,50.62916978100003],[-1.953724531999967,50.619686185000035],[-1.956992576999937,50.61656080400007],[-1.956874221999954,50.61629346900003],[-1.957190956999966,50.61598725700003],[-1.955565772999933,50.608295877000046],[-1.95327604299996,50.60816480200003],[-1.953009983999948,50.60756363300004],[-1.944090020999965,50.607458147000045],[-1.945910835999939,50.606077534000065],[-1.950890286999936,50.60369612100004],[-1.950919589999955,50.60227912800008],[-1.952591193999979,50.60101127200005],[-1.951323173999924,50.59448671000007],[-1.96095414399997,50.59099496300007],[-1.988130244999979,50.59091179100005],[-2.026345903999925,50.589001781000036],[-2.026599053999973,50.58888455300007],[-2.039637237999955,50.58017395300004],[-2.045205469999928,50.578862171000026],[-2.055353260999937,50.57655840900003],[-2.061876635999965,50.58131701000008],[-2.063364231999969,50.59318337600007],[-2.064251727999931,50.59310082600007],[-2.064358186999925,50.593649173000074],[-2.068284632999962,50.592725622000046],[-2.072906109999963,50.592295480000075],[-2.075982083999975,50.59463813800005],[-2.076649184999951,50.595277456000076],[-2.076716422999937,50.59526301200003],[-2.077030764999961,50.59543674000008],[-2.092888344999949,50.59650516500005],[-2.09838489599997,50.59812458600004],[-2.102211637999972,50.59713235400005],[-2.103043568999965,50.597188276000054],[-2.127245709999954,50.604266970000026],[-2.132558372999938,50.61045299400007],[-2.133456594999927,50.61228100800008],[-2.133981554999934,50.61210985300005],[-2.134415794999938,50.61261536400008],[-2.146034871999973,50.60849333600004],[-2.147437808999939,50.60932021000008],[-2.147357148999959,50.610524128000066],[-2.149504659999934,50.610538312000074],[-2.157772572999932,50.615410008000026],[-2.180328897999971,50.61498296900004],[-2.187445070999956,50.61491635200008],[-2.184825783999941,50.61821040800004],[-2.185159305999946,50.61839534500007],[-2.18513463599993,50.61842809400008],[-2.187784403999956,50.61946739800004],[-2.18796397899996,50.61954368700003],[-2.193068000999972,50.62171181600007],[-2.193102955999962,50.62172666300006],[-2.20720616899996,50.622347482000066],[-2.22040504499995,50.62015506100005],[-2.220689339999979,50.61995366300005],[-2.220765383999947,50.619940718000066],[-2.220785131999946,50.61981110600004],[-2.221145127999932,50.619485326000074],[-2.22421792199998,50.61670431300007],[-2.238069761999952,50.61606510400003],[-2.245952486999954,50.61664791800007],[-2.246043325999949,50.619344813000055],[-2.246361653999941,50.619133186000056],[-2.246392512999932,50.61937951900006],[-2.247525506999978,50.61835942300007],[-2.249532444999943,50.61702505100004],[-2.258945728999947,50.61902441400008],[-2.260653610999952,50.61940383100006],[-2.27307138499998,50.62216158500007],[-2.284087952999926,50.62282755200005],[-2.324221078999926,50.62525111200006],[-2.338741306999964,50.63198476300005],[-2.365646215999959,50.630977089000055],[-2.393615659999966,50.63667736700006],[-2.394478134999929,50.63655023100006],[-2.39473639299996,50.636602537000044],[-2.398523198999953,50.635953861000075],[-2.411165055999959,50.63411414600006],[-2.411244360999945,50.63412573700003],[-2.423366403999978,50.63589672100005],[-2.440925142999959,50.62665824000004],[-2.443868572999975,50.62419687000005],[-2.444051074999948,50.62396080900004],[-2.448014144999945,50.61883405000003],[-2.452570476999938,50.61293823500006],[-2.450462854999955,50.60863065400008],[-2.443843451999953,50.609023164000064],[-2.443800523999926,50.609014641000044],[-2.450746562999939,50.60446300800004],[-2.45073137299994,50.60423489000004],[-2.450814761999936,50.604207157000076],[-2.449580888999947,50.60209336100007],[-2.449472704999948,50.60190547600007],[-2.449439196999947,50.60185060900005],[-2.439909888999978,50.59871535900004],[-2.433436158999939,50.59652557800007],[-2.436315768999975,50.59731232200005],[-2.449869355999965,50.601243253000064],[-2.45019442499995,50.60110275000005],[-2.452201865999939,50.599988704000054],[-2.464798993999977,50.59321133600008],[-2.466226196999969,50.591816136000034],[-2.471343489999924,50.58465145400004],[-2.47240168299993,50.58452390200006],[-2.487801684999965,50.59110463700006],[-2.498853708999945,50.597422994000055],[-2.495698100999959,50.602855857000065],[-2.501390238999932,50.60685771100003],[-2.506791883999938,50.60611658300007],[-2.508381843999928,50.61122231600007],[-2.511534188999974,50.61060748800003],[-2.513636671999961,50.610197364000044],[-2.517491655999947,50.617857798000045],[-2.53168607899994,50.617465465000066],[-2.533346507999966,50.61847386200003],[-2.545568517999925,50.62589434300003],[-2.548847973999955,50.62488514900008],[-2.551866434999965,50.627429421000045],[-2.546765259999972,50.62766848000007],[-2.545284177999974,50.630887733000066],[-2.558055490999948,50.63083434200007],[-2.560495867999975,50.639146561000075],[-2.567003872999976,50.63809048000007],[-2.570258469999942,50.63756219000004],[-2.598446168999942,50.64912329600003],[-2.598220949999927,50.653998673000046],[-2.611452565999969,50.654046805000064],[-2.566918199999975,50.630977707000056],[-2.542727803999981,50.61843020400005],[-2.516764751999972,50.60495013100007],[-2.502582078999978,50.59758073100005],[-2.469943816999944,50.57813272000004],[-2.469526078999934,50.582427590000066],[-2.461603627999978,50.572464436000075],[-2.460595937999926,50.571061178000036],[-2.460530345999928,50.57104678400003],[-2.445944635999979,50.56829714400004],[-2.44374030299997,50.568782585000065],[-2.44189460399997,50.56853291600004],[-2.441024850999952,50.569380514000045],[-2.438943169999959,50.56983883800007],[-2.439195188999975,50.56936687600006],[-2.43269420699994,50.57119254400004],[-2.438699587999963,50.56937049900006],[-2.436637940999958,50.568711085000075],[-2.437404406999974,50.56829681100004],[-2.435684518999949,50.56840611500007],[-2.43333926899993,50.56765589400004],[-2.422433851999926,50.56921893600003],[-2.42863588199998,50.56703930400005],[-2.42791412899993,50.56629856200004],[-2.428377105999971,50.56605913200008],[-2.419852286999969,50.55579604500008],[-2.415675170999975,50.54918506700005],[-2.418209613999977,50.54273163700003],[-2.429568528999937,50.53599598400007],[-2.431200523999962,50.53407566100003],[-2.437141675999953,50.53018356000007],[-2.442410321999944,50.520880559000034],[-2.442769159999955,50.52045803000004],[-2.44381829699995,50.519899407000025],[-2.457258620999937,50.51338705100005],[-2.458443213999942,50.51501510600008],[-2.458947696999928,50.51638546500004],[-2.457640458999947,50.52194896100008],[-2.45566832999998,50.525514430000044],[-2.455897794999942,50.52936355500003],[-2.453664475999972,50.53886236200003],[-2.456411342999957,50.54245778300003],[-2.449651265999933,50.55567307500007],[-2.449818071999971,50.55626909100005],[-2.448565146999954,50.558888627000044],[-2.448762104999958,50.55902181400006],[-2.448706602999948,50.559141682000075],[-2.451066954999931,50.56073100500004],[-2.451498611999966,50.56227299600005],[-2.504001457999948,50.59655315400005],[-2.508542045999945,50.59897804800005],[-2.517492881999942,50.60416246800003],[-2.531889234999937,50.61143983000005],[-2.544975288999979,50.61841968700003],[-2.566907742999945,50.630110079000076],[-2.590872441999977,50.64287227600005],[-2.617026043999942,50.65439387500004],[-2.625494448999973,50.65865871200003],[-2.633344105999925,50.661576711000066],[-2.652551102999951,50.67002542700004],[-2.760249088999956,50.70886210500004],[-2.763070612999968,50.709751907000054],[-2.761714640999969,50.711266554000076],[-2.763281380999956,50.70981835100008],[-2.776802262999979,50.71407960200003],[-2.779177807999929,50.71445795400007],[-2.779702244999953,50.71466731600003],[-2.788241479999954,50.71590101900006],[-2.798842984999965,50.71758794300007],[-2.831191031999936,50.72272862500006],[-2.833850727999959,50.72348267400008],[-2.834958547999975,50.72332667300003],[-2.851421869999967,50.72593857000004],[-2.894455783999945,50.73275382700007],[-2.894785787999979,50.73274224900007],[-2.920899303999931,50.73182311900007],[-2.92486895299993,50.729560810000066],[-2.927419334999968,50.72867778900007],[-2.927498434999961,50.72806206900003],[-2.937102531999926,50.72258667600005],[-2.938262889999976,50.71925882900007],[-2.934205301999953,50.71911131200005],[-2.947392758999968,50.71828762900003],[-2.953067353999927,50.72849706900007],[-2.937862467999935,50.74409667300006],[-2.940572436999958,50.74989255600008],[-2.935138709999933,50.75419464200007],[-2.952088869999955,50.76135607000003],[-2.952591268999925,50.76138163200005],[-2.952628921999974,50.76169877700005],[-2.954333547999966,50.76771022500003],[-2.940955097999961,50.777451374000066],[-2.929652848999979,50.78243251500004],[-2.897456424999973,50.78613991100008],[-2.88703944699995,50.792522819000055],[-2.887029218999942,50.796177699000054],[-2.89286786699995,50.80479424100008],[-2.918556338999963,50.80563055400006],[-2.938401996999971,50.80983489000005],[-2.947961016999955,50.81542574900004],[-2.961302990999968,50.81555478400003],[-2.95432229599993,50.82116556700004],[-2.954114833999938,50.82100804600003],[-2.947340764999979,50.82373946600006],[-2.94168981599995,50.83588295900006],[-2.934332658999949,50.836484803000076],[-2.930122714999925,50.84092201800007],[-2.916478899999959,50.841765903000066],[-2.886262430999977,50.85054000800005],[-2.879235021999932,50.84637487600003],[-2.877051731999927,50.84932038300008],[-2.866791144999979,50.849256049000076],[-2.845204542999966,50.851612799000065],[-2.842864933999977,50.847372893000056],[-2.828619596999943,50.84878166500005],[-2.828682226999945,50.85204113300006],[-2.825777287999927,50.850883655000075],[-2.808068445999936,50.86363090200007],[-2.807842071999971,50.85867932300005],[-2.788977673999966,50.85344324300007],[-2.78228605299995,50.85969685200007],[-2.761821580999936,50.86075872500004],[-2.759935611999936,50.86597315500006],[-2.755049136999958,50.86680458300003],[-2.754988336999929,50.866790406000064],[-2.750936979999949,50.86383795900008],[-2.723091646999933,50.86619087200006],[-2.715419548999932,50.86388821200006],[-2.71441140099995,50.87116114300005],[-2.707099117999974,50.86972850800004],[-2.695712894999929,50.876007264000066],[-2.678885299999934,50.87752265000006],[-2.660666078999952,50.88714317700004],[-2.650362880999978,50.88333238100006],[-2.64706631599995,50.88835871100008],[-2.62791836699995,50.88630873000005],[-2.624082828999974,50.87928714700007],[-2.615531876999967,50.88189913700006],[-2.609541341999943,50.89152629300003],[-2.614891050999972,50.89326120900006],[-2.623828450999952,50.90719457800003],[-2.620434063999937,50.91002017000005],[-2.614805141999966,50.92325657400005],[-2.604040001999977,50.92672470200006],[-2.606267579999951,50.93467433200004],[-2.616035376999946,50.94144839900008],[-2.608846527999958,50.94200778900006],[-2.607174467999926,50.94575743400003],[-2.598200271999929,50.94857448800008],[-2.598378034999939,50.95950669300004],[-2.594910135999953,50.96222845500006],[-2.599882677999972,50.96740157200003],[-2.598057389999951,50.973613027000056],[-2.603417729999933,50.97628317900006],[-2.601139719999935,50.978011673000026],[-2.595845218999955,50.98133997000008],[-2.586023365999949,50.976869289000035],[-2.57493896099993,50.983318154000074],[-2.57463036799993,50.98669368100008],[-2.56237140199994,50.97771063600004],[-2.556207025999925,50.97953515800003],[-2.545423435999965,50.98508050100003],[-2.544724506999955,50.99166624800006],[-2.551924345999964,50.993697987000075],[-2.551489939999954,50.996344683000075],[-2.547291374999929,50.996418395000035],[-2.547435117999953,50.99954168700003],[-2.535167306999938,50.99937293900007],[-2.535561462999965,50.99402240200004],[-2.526530531999924,50.99192516900007],[-2.51731295999997,50.994609163000064],[-2.502280637999945,50.99379798600006],[-2.488332700999933,50.975756481000076],[-2.490345248999972,50.972772407000036],[-2.474577831999966,50.96250775400006],[-2.474742330999959,50.95795153000006],[-2.466817330999959,50.959810712000035],[-2.458643974999973,50.95428833700004],[-2.458663435999938,50.94974708600006],[-2.452485918999969,50.95027376500008],[-2.443478303999939,50.95846265200004],[-2.447177765999925,50.96785022300003],[-2.427991474999942,50.97138675800005],[-2.414927618999968,50.96058343800007],[-2.38354177399998,50.97235919700006],[-2.34455653699996,50.978829303000055],[-2.343852489999961,50.98438054700006],[-2.354949895999937,50.990896537000026],[-2.377759685999933,50.99141315300005],[-2.381755803999965,51.00194651600003],[-2.375655457999926,51.00927703100007],[-2.378047145999972,51.01171435200007],[-2.369146803999968,51.01427591500004],[-2.360674112999959,51.02517496400003],[-2.33001442099993,51.04134457500004],[-2.333169702999953,51.05147881600004],[-2.340108757999928,51.05606287000006],[-2.344486292999932,51.05548262600007],[-2.349255722999942,51.061243227000034],[-2.349987259999978,51.06888199400004],[-2.344457181999928,51.074328441000034],[-2.325863141999946,51.079678340000044],[-2.291269285999931,51.07707547500007]]]]}},{"type":"Feature","properties":{"FID":60,"LAD23CD":"E06000063","LAD23NM":"Cumberland","LAD23NMW":" ","BNG_E":315777,"BNG_N":533120,"LONG":-3.30797,"LAT":54.686062,"GlobalID":"{A906DD2C-B921-4611-A2F9-6E43686A052E}","SHAPE_Length":6.07974849154159,"SHAPE_Area":0.4233259222298853,"reference":"E06000063","name":"Cumberland"},"geometry":{"type":"MultiPolygon","coordinates":[[[[-3.228395912999929,54.26018931300007],[-3.228695702999971,54.25985389300007],[-3.229040620999967,54.25990499100004],[-3.228395912999929,54.26018931300007]]],[[[-3.224354944999959,54.26470995300008],[-3.227710009999953,54.26095671100006],[-3.224275765999948,54.27484644900005],[-3.224354944999959,54.26470995300008]]],[[[-3.116829576999976,54.97512474100006],[-3.118619488999968,54.974465363000036],[-3.118148595999969,54.97486664300004],[-3.116829576999976,54.97512474100006]]],[[[-3.102795976999971,54.97786966400008],[-3.099061534999976,54.97679666300007],[-3.103898172999948,54.977654150000035],[-3.102795976999971,54.97786966400008]]],[[[-3.087167112999964,54.97820723500007],[-3.088426131999938,54.97785916700008],[-3.088293738999937,54.97812332400008],[-3.087167112999964,54.97820723500007]]],[[[-3.063536295999938,54.98525720400005],[-3.066400122999937,54.984353913000064],[-3.064890808999962,54.98525482800005],[-3.063282973999947,54.98533710000004],[-3.063536295999938,54.98525720400005]]],[[[-2.661624619999941,55.14636498600004],[-2.656939417999979,55.13613183100006],[-2.632638787999952,55.12775696400007],[-2.621273054999961,55.12921644200003],[-2.598902824999925,55.12457571700003],[-2.600471010999968,55.11716176400006],[-2.593436407999945,55.11283264600007],[-2.593558635999955,55.10512022100005],[-2.585493121999946,55.10308177200005],[-2.58332601099994,55.09902510200004],[-2.579408822999937,55.09613506300008],[-2.56842600799996,55.09626141400008],[-2.566705708999962,55.09196600700005],[-2.558294779999926,55.088810367000065],[-2.562793100999954,55.08437571700006],[-2.556947288999936,55.08103911500007],[-2.518094846999929,55.084957012000075],[-2.516467617999979,55.089115434000064],[-2.503707071999941,55.09075040500005],[-2.486341154999934,55.08304551500004],[-2.486638696999933,55.08110239400003],[-2.494733261999954,55.08182196000007],[-2.501234251999961,55.07522481500007],[-2.492199898999957,55.06815371400006],[-2.503984940999942,55.06242989500004],[-2.500027632999945,55.06211644000007],[-2.502020560999938,55.05772573200005],[-2.495445563999965,55.05333182000004],[-2.49075228199996,55.054525976000036],[-2.494341606999967,55.05071484400003],[-2.482956476999959,55.043701068000075],[-2.483049852999955,55.04001907700007],[-2.505666032999954,55.03674801800008],[-2.504478371999937,55.03319077900005],[-2.510167998999975,55.036347215000035],[-2.512562282999966,55.03379409400003],[-2.526912117999927,55.03294024300004],[-2.527621966999959,55.02910002800007],[-2.539572415999942,55.02887690500006],[-2.552619356999969,55.02104170300004],[-2.565042213999959,55.02011113300006],[-2.57318683699998,55.016114669000046],[-2.573653410999952,55.00672642100005],[-2.570241874999965,55.00650611300006],[-2.574180866999939,55.003700054000035],[-2.567713702999924,55.00274735200003],[-2.573310766999953,54.98763778800003],[-2.579237153999941,54.982892840000034],[-2.586629632999973,54.982034216000045],[-2.591591788999949,54.97415083300007],[-2.600345476999962,54.97366223200004],[-2.601429289999942,54.971340170000076],[-2.595568972999956,54.96348093300003],[-2.56842654899998,54.95829106200006],[-2.571285374999945,54.94837038000003],[-2.567649459999927,54.94085602200005],[-2.551542925999968,54.92953528800007],[-2.546083363999969,54.93050456100008],[-2.546248660999936,54.92715559200008],[-2.559405593999941,54.92443129900005],[-2.557191796999973,54.921520946000044],[-2.566221281999958,54.91923806400007],[-2.567565396999953,54.90900263700007],[-2.576414042999943,54.896717111000044],[-2.605454006999935,54.88430583100006],[-2.590247198999975,54.87378375000003],[-2.573352341999964,54.85354619700007],[-2.582671046999963,54.84586678200003],[-2.603745067999967,54.853322451000054],[-2.65533903599993,54.85474252100005],[-2.657769961999975,54.849452635000034],[-2.668971172999932,54.84504192400004],[-2.680136675999961,54.83531741500008],[-2.686320029999933,54.83794807400005],[-2.701224469999943,54.83360492300005],[-2.689792953999927,54.81919119100007],[-2.705662641999936,54.81636262600006],[-2.714539935999937,54.819941217000064],[-2.729206738999949,54.818656006000026],[-2.74361995199996,54.827846392000026],[-2.754872047999925,54.82706070100005],[-2.756427799999926,54.82285777800007],[-2.767009077999944,54.82330542100004],[-2.773198771999944,54.82052337600004],[-2.783051807999925,54.822285400000055],[-2.79937799399994,54.818718165000064],[-2.817769172999931,54.827537343000074],[-2.829410783999947,54.825475889000074],[-2.838273214999958,54.83416986100008],[-2.85573478699996,54.83340102900007],[-2.86308069699993,54.837231634000034],[-2.873058825999976,54.83314412800007],[-2.872008731999927,54.828561034000074],[-2.881464217999962,54.82344620400005],[-2.90738713099995,54.82188774400004],[-2.904414218999932,54.81301907900007],[-2.921081511999944,54.809207291000064],[-2.919715287999963,54.805985132000046],[-2.934835566999936,54.79295735900007],[-2.931171579999955,54.79215781400006],[-2.944783726999958,54.78404356100003],[-2.962075034999941,54.778622460000065],[-2.967573451999954,54.77989527400007],[-2.969346945999973,54.77714369200004],[-2.984432020999975,54.776159635000056],[-2.988605835999977,54.77004677300005],[-2.985725735999949,54.76602880300004],[-2.992961581999964,54.76022087400003],[-2.997771536999949,54.76206594300004],[-3.000882186999945,54.75530105900003],[-3.026140319999968,54.74794078200006],[-3.021511662999956,54.74014054500003],[-3.011983302999965,54.73475912500004],[-2.996614525999973,54.73363367700006],[-2.989613292999934,54.72776683500007],[-2.982998893999934,54.71938102000007],[-2.991230471999927,54.71284512500006],[-2.995768699999928,54.694528313000035],[-3.033700019999969,54.694320349000066],[-3.063798504999966,54.70008209700006],[-3.081920150999963,54.69525384200006],[-3.087191011999948,54.686091959000066],[-3.070428970999956,54.68493437300003],[-3.054604363999943,54.679757203000065],[-3.07996004599994,54.66505281000008],[-3.086652590999961,54.663556766000056],[-3.092993483999976,54.654171045000055],[-3.092403528999967,54.61723596000007],[-3.086965221999947,54.61270214900003],[-3.07775922999997,54.610585693000075],[-3.068065888999968,54.614137517000074],[-3.044445398999926,54.61421469100003],[-3.039185719999978,54.61234727600004],[-3.034332054999936,54.60277049700005],[-3.022727053999972,54.60267588700003],[-3.007435164999947,54.59526836800006],[-3.037050834999945,54.580926188000035],[-3.027025656999967,54.57450040700007],[-3.018288868999946,54.57495619700006],[-3.028822290999926,54.56690888000003],[-3.016725737999934,54.561569329000065],[-3.020386345999952,54.55890973400005],[-3.016664777999949,54.54793163700003],[-3.025064159999943,54.54103041400003],[-3.025784387999977,54.53030693300008],[-3.01529691199994,54.52553329600005],[-3.016955463999977,54.51486490900004],[-3.011336117999974,54.507187471000066],[-3.01483419799996,54.499813078000045],[-3.048303981999936,54.496278379000046],[-3.050801716999956,54.49126510900004],[-3.061985453999966,54.49252268100008],[-3.076214366999977,54.489365502000055],[-3.088265184999955,54.48396405600005],[-3.097753144999956,54.47190344400008],[-3.109478958999944,54.47400372700008],[-3.115704428999948,54.466582955000035],[-3.112573056999963,54.46149077800004],[-3.119425649999926,54.46023755500005],[-3.132213012999955,54.46454390000008],[-3.136444099999949,54.47074602500004],[-3.145557991999965,54.46844370000008],[-3.153825144999928,54.46015410000007],[-3.167139323999947,54.454110670000034],[-3.166278725999973,54.44776659900003],[-3.161116368999956,54.44703703600004],[-3.158591854999941,54.442177478000076],[-3.157018338999933,54.43028133000007],[-3.135978059999957,54.42188346800003],[-3.128735351999978,54.42153246200007],[-3.123996164999937,54.427506651000044],[-3.114933701999973,54.42199044000006],[-3.115261501999953,54.415020808000065],[-3.159325475999935,54.40716817800006],[-3.170757941999966,54.399730254000076],[-3.172520188999954,54.38904826900006],[-3.181528629999946,54.384852169000055],[-3.180964793999976,54.37536209700005],[-3.189136158999929,54.36827494200003],[-3.194599201999949,54.354351045000044],[-3.207085040999971,54.35295774900004],[-3.218564648999973,54.34499604500007],[-3.218406860999949,54.33602522500007],[-3.241869526999949,54.32352667600003],[-3.239507023999977,54.31721003900003],[-3.230922345999943,54.314679856000055],[-3.238166275999959,54.29401734100003],[-3.225540400999932,54.27725773100008],[-3.227806566999959,54.277675645000045],[-3.224549804999981,54.27557864100004],[-3.228102733999947,54.26403817400006],[-3.229685254999936,54.26248251700008],[-3.232158347999928,54.26005113700006],[-3.232834556999933,54.261747091000075],[-3.233703269999978,54.26012069300003],[-3.229516602999979,54.256816806000074],[-3.222907103999944,54.251599559000056],[-3.229307540999969,54.24979439100008],[-3.223920471999975,54.24720942400006],[-3.225637974999927,54.23982002200006],[-3.228940801999954,54.23747856500006],[-3.22998690299994,54.23673688400004],[-3.230034062999948,54.24094907500006],[-3.234388730999967,54.23231291800005],[-3.236739608999926,54.23622734500003],[-3.238317338999934,54.233629817000065],[-3.235467594999932,54.23140036900003],[-3.243440568999972,54.234052562000045],[-3.233123210999963,54.22877201300008],[-3.237652095999977,54.22555548300005],[-3.23636853499994,54.22787592100008],[-3.245762296999942,54.23182744500008],[-3.237629033999951,54.227758685000026],[-3.243291815999953,54.22528447600007],[-3.244383409999955,54.22621642000007],[-3.246293408999975,54.22339205000003],[-3.247541040999977,54.22697165100004],[-3.250993665999943,54.21986228000003],[-3.251482641999928,54.22816117500008],[-3.253951422999933,54.21915905600008],[-3.255010038999956,54.21706928200007],[-3.256318316999966,54.214751113000034],[-3.251466716999971,54.21583161700005],[-3.24979097399995,54.20955466300006],[-3.249308320999944,54.20926009300007],[-3.239260538999929,54.20312643200003],[-3.253981099999976,54.19163836300004],[-3.268694229999937,54.19012537100008],[-3.277666382999939,54.19392143200008],[-3.277741136999964,54.19395305300003],[-3.287754051999968,54.197031938000066],[-3.290585954999926,54.190715357000045],[-3.314305797999964,54.18856238200004],[-3.330037857999969,54.196339796000075],[-3.341769715999931,54.20826640900003],[-3.364895733999958,54.231752577000066],[-3.394215686999928,54.25444022100004],[-3.417240018999962,54.28106908400008],[-3.422730610999963,54.29285575700004],[-3.415742272999978,54.30358773800003],[-3.42488454599993,54.32870697100003],[-3.42253394599993,54.33977391600007],[-3.410039124999969,54.35035402600005],[-3.411850210999944,54.33803977800005],[-3.404391674999943,54.33793807100005],[-3.411501752999925,54.35728295100006],[-3.408420603999957,54.360051379000026],[-3.404999141999951,54.36162534400006],[-3.404226880999943,54.36198057400003],[-3.40452642899993,54.362019890000056],[-3.415442681999934,54.36345208900008],[-3.412032391999958,54.35772431100003],[-3.422646563999933,54.35966510000003],[-3.429861702999972,54.35575265400007],[-3.417508968999925,54.35326396500005],[-3.417374712999958,54.348923409000065],[-3.426810294999939,54.34306514800005],[-3.435285289999968,54.34338261200003],[-3.473374613999965,54.37549202100007],[-3.475538788999927,54.38303980100005],[-3.476504864999924,54.38640805500006],[-3.476558188999945,54.38645276200003],[-3.499473742999953,54.40565388200008],[-3.501024986999937,54.40664818800008],[-3.501450543999965,54.40692094600007],[-3.543340957999931,54.43868067500006],[-3.55928714099997,54.45075359000003],[-3.577850143999967,54.464795974000026],[-3.578189996999924,54.46518510200008],[-3.592985211999974,54.48211710100003],[-3.608003856999972,54.490956674000074],[-3.619572066999979,54.490906504000066],[-3.626987450999934,54.50198179600005],[-3.635085445999948,54.50667932200008],[-3.636139233999927,54.50781966300008],[-3.638802873999964,54.51706844500006],[-3.638731560999929,54.51742417000003],[-3.626260056999968,54.520627596000054],[-3.614822659999959,54.52461080200004],[-3.613605720999942,54.52503451500007],[-3.607999584999959,54.530934039000044],[-3.607619847999956,54.53124405700004],[-3.607558141999959,54.53139850200006],[-3.60625655299998,54.53276789100005],[-3.599992864999933,54.54796331800003],[-3.599243250999962,54.55134262800004],[-3.597567425999955,54.55177557600007],[-3.593487068999934,54.54820287300004],[-3.591054092999968,54.550682891000065],[-3.589849663999928,54.551910485000064],[-3.59221789399993,54.55205545100006],[-3.594395131999931,54.55251649200005],[-3.594141673999957,54.55257568400003],[-3.591592590999937,54.55219675300003],[-3.591548042999932,54.552271750000045],[-3.584468393999941,54.564186764000056],[-3.584302374999936,54.56450103600008],[-3.584281310999927,54.56454091000006],[-3.584118714999931,54.56484869900004],[-3.580391270999939,54.571903364000036],[-3.58281083199995,54.59086536500007],[-3.572594755999944,54.60069707700006],[-3.571331168999961,54.61264646300003],[-3.565893600999971,54.612226200000066],[-3.569060261999937,54.616127307000056],[-3.572058066999944,54.62870304000006],[-3.574482128999932,54.638865922000036],[-3.574578285999962,54.63926895000003],[-3.574595253999973,54.63934007000006],[-3.577732883999943,54.64694985700004],[-3.578076494999948,54.65170555900005],[-3.562516137999978,54.64639901400005],[-3.557214940999927,54.646254240000076],[-3.564487092999968,54.64796170800008],[-3.563923818999967,54.64805958200003],[-3.563411635999955,54.64814857600004],[-3.571743354999967,54.65084632300005],[-3.552045067999927,54.66845853600006],[-3.55078534699993,54.669584228000076],[-3.533499474999928,54.68187730900007],[-3.533267868999928,54.682054417000074],[-3.533224490999942,54.68208758700007],[-3.518981139999937,54.69297549500004],[-3.511958882999977,54.706314545000055],[-3.511926056999926,54.706493280000075],[-3.510487083999976,54.714326791000076],[-3.50831309199998,54.71721479800004],[-3.501065118999975,54.71532599200003],[-3.507128738999938,54.717621662000056],[-3.501132626999947,54.71715234800007],[-3.493571842999927,54.72580268100006],[-3.480376037999974,54.73176706600003],[-3.478988687999959,54.73239395100006],[-3.455524354999966,54.74621578400007],[-3.446405424999966,54.75158373100004],[-3.445411837999927,54.75216849600008],[-3.438140899999951,54.76062049900003],[-3.433316443999956,54.76622646800007],[-3.431542737999962,54.781103683000026],[-3.437854666999954,54.80162726300006],[-3.410311509999929,54.839735036000036],[-3.410259043999929,54.83986706200005],[-3.398869934999937,54.86850583300003],[-3.394747824999968,54.86814030700003],[-3.394301495999969,54.86808476700003],[-3.394341708999946,54.86810428600006],[-3.394151227999942,54.868087392000064],[-3.394804265999937,54.868328820000045],[-3.39709391599996,54.869594868000036],[-3.39611242999996,54.87030849800004],[-3.386581874999933,54.87557802100008],[-3.379390901999955,54.88246156400004],[-3.366987814999959,54.89146987200007],[-3.338844458999972,54.90023399700004],[-3.335689764999927,54.898895535000065],[-3.335132211999962,54.898658960000034],[-3.336945281999931,54.898109944000055],[-3.357607985999948,54.891850101000045],[-3.352529551999964,54.88686318300006],[-3.353090247999944,54.88981729600005],[-3.34827439999998,54.88795302300008],[-3.354771296999957,54.89098666800004],[-3.34977373199996,54.893580273000055],[-3.348706629999981,54.88903925000005],[-3.341710193999972,54.886970656000074],[-3.341718225999955,54.88901691700005],[-3.348664756999938,54.889512438000054],[-3.347307399999977,54.89139953400007],[-3.345706283999959,54.89135436300006],[-3.344801766999979,54.89448474500006],[-3.344548331999931,54.894502826000064],[-3.339757634999955,54.89626958100007],[-3.333424566999952,54.889361715000064],[-3.330841887999952,54.89061138500006],[-3.332618540999931,54.888701952000076],[-3.32835731199998,54.88721904700003],[-3.329503698999929,54.89108236000004],[-3.329649719999964,54.891574398000046],[-3.327462102999959,54.89098154000004],[-3.322468385999969,54.88962799700005],[-3.326500301999943,54.88654824100007],[-3.32098248099993,54.88967026000006],[-3.319519810999964,54.88680130900008],[-3.311520108999957,54.88826664100003],[-3.309163225999953,54.88510523600007],[-3.308780552999963,54.88743971000008],[-3.307727893999925,54.88352998800008],[-3.302203597999949,54.88513064400007],[-3.288572409999972,54.872326635000036],[-3.294477643999926,54.87875788200006],[-3.285811433999925,54.87532706700006],[-3.289600362999977,54.88021353200003],[-3.283628359999966,54.876674483000045],[-3.281930641999963,54.875668235000035],[-3.285650971999928,54.86964515100004],[-3.287086595999938,54.867320422000034],[-3.281934929999977,54.86151624100006],[-3.283528363999949,54.864950856000064],[-3.284245831999954,54.86649714200007],[-3.284577647999924,54.86721223100005],[-3.279359467999939,54.86997597900006],[-3.283561009999971,54.86935015100005],[-3.277796061999936,54.877791424000065],[-3.283634813999925,54.88034681900007],[-3.281147396999927,54.88320493800006],[-3.286619824999946,54.88841885000005],[-3.279976011999963,54.88401714500003],[-3.28804736099994,54.89260610400004],[-3.275133457999971,54.89174031500005],[-3.27769746499996,54.89107125500004],[-3.277944224999942,54.88631315200007],[-3.275338640999962,54.89058694500005],[-3.277169844999946,54.88558707800007],[-3.272457513999939,54.891082675000064],[-3.27337696799998,54.88726523500003],[-3.266410377999932,54.891699499000026],[-3.26801125999998,54.88816528900003],[-3.262996269999974,54.888474571000074],[-3.266165063999949,54.88566998400006],[-3.259974990999979,54.89052443800006],[-3.266416608999975,54.89006020200003],[-3.259069684999929,54.89224045700007],[-3.264544796999928,54.89202090200007],[-3.260868306999953,54.89546340100003],[-3.257751417999941,54.89441639100005],[-3.257371150999973,54.89772484000008],[-3.25340517199993,54.895448163000026],[-3.255433364999931,54.90109886700003],[-3.251627435999978,54.90293371200005],[-3.252607110999975,54.89751794300008],[-3.249087986999939,54.90150942900004],[-3.248571483999967,54.902095186000054],[-3.249114795999958,54.90237523400003],[-3.254808005999962,54.90530939800004],[-3.255375085999958,54.91009987900003],[-3.250652526999943,54.91178063000007],[-3.249384956999961,54.911097426000026],[-3.241208137999934,54.906689346000064],[-3.244743913999969,54.910375567000074],[-3.232699729999979,54.909082040000044],[-3.221579290999955,54.90180178800006],[-3.209713401999977,54.90389853200003],[-3.211349533999964,54.90442299000006],[-3.214518161999933,54.905438582000045],[-3.221233542999926,54.90238220400005],[-3.233672356999932,54.91136985400004],[-3.247632511999939,54.91389666400005],[-3.248530121999977,54.91353691000006],[-3.249449129999959,54.91316856600008],[-3.262233612999978,54.90804305000006],[-3.274578343999963,54.90309133400007],[-3.303140046999943,54.909159127000066],[-3.313695072999963,54.91489502300004],[-3.313475848999929,54.91889305900003],[-3.30203875199993,54.92770358100006],[-3.283306496999955,54.942123321000054],[-3.265337305999935,54.943034330000046],[-3.268938284999933,54.93707352200005],[-3.264928578999957,54.943141954000055],[-3.250412193999978,54.94422123100003],[-3.247867256999939,54.94441026000004],[-3.232201902999975,54.953220016000046],[-3.204392174999953,54.95387531400007],[-3.186001243999954,54.94993396700005],[-3.176653219999935,54.94181546300007],[-3.157040785999925,54.937825848000045],[-3.155156032999969,54.93235824800007],[-3.144384096999943,54.929291300000045],[-3.137964094999973,54.92746273200004],[-3.12171884299994,54.92845761700005],[-3.119725685999924,54.92628270700004],[-3.119564490999949,54.92610680100006],[-3.11887035899997,54.925349303000075],[-3.118102312999952,54.92775578700008],[-3.100201548999962,54.92837841800008],[-3.104296837999925,54.92851019500006],[-3.101885893999963,54.92968441600004],[-3.097206101999973,54.93196332000008],[-3.072888510999974,54.93715187300006],[-3.062902486999974,54.94527460300003],[-3.050193043999968,54.94599885500003],[-3.052173392999975,54.94292090000005],[-3.046961505999946,54.94564479400003],[-3.041610418999937,54.94572217700005],[-3.040759031999926,54.94573446700008],[-3.040637941999933,54.94573621400008],[-3.024947051999959,54.945961639000075],[-3.020773467999959,54.94602125900008],[-3.00960779199994,54.94618005400008],[-3.002607787999978,54.93779235900007],[-3.004547560999924,54.934248396000044],[-3.006387445999962,54.93088633200006],[-2.995862342999942,54.93592289500003],[-2.999811869999974,54.93724296000005],[-3.000801142999933,54.937573574000055],[-3.008033788999967,54.94704145400004],[-3.040030294999951,54.94608888800008],[-3.042517076999957,54.94939628100008],[-3.044225560999962,54.94748363600007],[-3.055783532999953,54.950398832000076],[-3.050040831999979,54.952437316000044],[-3.056515874999945,54.95093883100003],[-3.054987750999942,54.95363734700004],[-3.066507808999972,54.948654340000076],[-3.076949,54.95212643700006],[-3.06857099399997,54.948917521000055],[-3.074661490999972,54.948678751000045],[-3.071695898999963,54.94642224900008],[-3.082843124999954,54.939975280000056],[-3.100630807999949,54.93930142900007],[-3.094736890999968,54.93793210800004],[-3.110121016999926,54.93339176000006],[-3.129785,54.93440490300003],[-3.115637621999952,54.93759917300008],[-3.124119120999978,54.93663313500008],[-3.12062679099995,54.94053777200003],[-3.12864891199996,54.93803263500007],[-3.126005924999959,54.94014207400005],[-3.131118684999933,54.94761022300003],[-3.120940575999953,54.951926471000036],[-3.11505832499995,54.947067556000036],[-3.115965630999938,54.95237039300008],[-3.108730701999946,54.94911506500006],[-3.113721870999939,54.95333367600006],[-3.103322485999968,54.95459673300007],[-3.115962252999964,54.956926647000046],[-3.11626886099998,54.96066230000008],[-3.108672056999978,54.96592705900008],[-3.09499221599998,54.96621814400004],[-3.108506046999935,54.967670146000046],[-3.104023014999939,54.97137390600005],[-3.075683716999947,54.96759741200003],[-3.069546233999972,54.97135315600008],[-3.072335106999958,54.97488191100007],[-3.064080737999973,54.980297879000034],[-3.062706496999965,54.97754829100006],[-3.058417405999933,54.98306578100005],[-3.060939038999948,54.97729773000003],[-3.056598448999978,54.982826361000036],[-3.049202625999953,54.97720007400005],[-3.053738808999981,54.97602312300006],[-3.042372047999947,54.97467787900007],[-3.040281514999947,54.970031892000065],[-3.037872204999928,54.97405760800007],[-3.051037890999964,54.98494949800005],[-3.041753481999933,54.97962844800003],[-3.046889997999926,54.98469415300008],[-3.056371741999953,54.98656677000008],[-3.057555870999977,54.99172105400004],[-3.053451755999959,54.99280453800003],[-3.05790264999996,54.991719353000065],[-3.044201143999942,54.99843888600003],[-3.044937955999956,55.00765914400006],[-3.048666113999957,55.00678139200005],[-3.049456697999972,55.00939502800003],[-3.03931661699994,55.016420620000076],[-3.040126672999975,55.02263509900007],[-3.030237755999963,55.02464596100003],[-3.034315288999949,55.02990803100005],[-3.025875642999949,55.036486661000026],[-3.04014757799996,55.041136393000045],[-3.043387933999952,55.04737406500004],[-3.053419691999977,55.04728403800004],[-3.050928541999951,55.05280359800008],[-3.043171252999969,55.05566067700005],[-3.027552166999953,55.05528039700005],[-2.958593567999969,55.04929459200008],[-2.955423353999947,55.05462070800007],[-2.936407423999981,55.05958592800005],[-2.943007471999977,55.06415850900004],[-2.940429115999962,55.06912816100004],[-2.922082305999936,55.072113407000074],[-2.915000611999972,55.07896382500007],[-2.896879246999958,55.07794964800007],[-2.893307743999969,55.08785179300003],[-2.883791266999935,55.08754740300003],[-2.882315225999946,55.09294895700003],[-2.886292452999953,55.09480989600007],[-2.876872527999979,55.095198882000034],[-2.870735469999943,55.10634009900008],[-2.858540058999949,55.10834880400006],[-2.85209442799993,55.10848748900003],[-2.844539808999968,55.11186503200008],[-2.843667257999925,55.11673077700004],[-2.838154808999946,55.11702854200007],[-2.841250185999968,55.122497718000034],[-2.832620280999947,55.121469715000046],[-2.827607943999965,55.12483687000008],[-2.83305590599997,55.13245051500007],[-2.825502574999973,55.13831407200007],[-2.812776245999942,55.13616566700006],[-2.78484825399994,55.141791441000066],[-2.774928011999975,55.14928964600006],[-2.746252026999969,55.158233780000046],[-2.732607333999965,55.16723461400005],[-2.703476616999978,55.17317316100008],[-2.689789591999954,55.18898363400007],[-2.674555323999925,55.17589146700004],[-2.683253945999979,55.16663049300007],[-2.677324409999926,55.155487589000074],[-2.668578342999979,55.14731097200007],[-2.661624619999941,55.14636498600004]]]]}},{"type":"Feature","properties":{"FID":61,"LAD23CD":"E06000064","LAD23NM":"Westmorland and Furness","LAD23NMW":" ","BNG_E":353889,"BNG_N":510941,"LONG":-2.7133601,"LAT":54.491699,"GlobalID":"{72B8A81E-9547-4A85-BCFE-3C682500B7E9}","SHAPE_Length":5.770677579919877,"SHAPE_Area":0.5252975115606864,"reference":"E06000064","name":"Westmorland and Furness"},"geometry":{"type":"MultiPolygon","coordinates":[[[[-3.174140376999958,54.06650546100008],[-3.173356393999939,54.06190133100006],[-3.176905518999945,54.063514103000045],[-3.174140376999958,54.06650546100008]]],[[[-2.987002793999977,54.14834168900006],[-2.972340925999958,54.14550680700006],[-2.978342792999968,54.13995678200007],[-3.000445704999947,54.13232225100006],[-3.016464873999951,54.13257439800003],[-3.009325968999974,54.140519522000034],[-2.999905163999927,54.13941184000004],[-3.006649995999965,54.142715198000076],[-3.002967685999977,54.150023341000065],[-2.994448183999964,54.14783010700006],[-3.002038109999944,54.15026480500006],[-3.000644052999974,54.15239120000007],[-2.999075879999964,54.15269813400005],[-2.995446193999953,54.149354267000035],[-2.987002793999977,54.14834168900006]]],[[[-3.245960882999952,54.10720665100007],[-3.242930508999962,54.09899934300006],[-3.252701422999962,54.09926650300008],[-3.247645314999943,54.09813620800003],[-3.251516901999935,54.09634694700003],[-3.247283762999928,54.09485938600005],[-3.247697940999956,54.09729257500004],[-3.243216921999931,54.09753220600004],[-3.24698591899994,54.09395194700005],[-3.238899275999927,54.08634176400005],[-3.229996365999966,54.08848152100006],[-3.233215228999939,54.08407588000006],[-3.224321550999946,54.081484946000046],[-3.220926126999927,54.08049551600004],[-3.224248002999957,54.07898732000007],[-3.226460353999926,54.077982761000044],[-3.22395540399998,54.069073451000065],[-3.22337695799996,54.067015523000066],[-3.210162647999937,54.06509287100005],[-3.20573854099996,54.05226912000006],[-3.196064282999941,54.04874723700004],[-3.178533510999955,54.055293910000046],[-3.174138307999954,54.04830561400007],[-3.172866533999979,54.055258586000036],[-3.173117829999967,54.04709123900005],[-3.19561465299995,54.044260379000036],[-3.209691378999935,54.04752323800005],[-3.223740416999931,54.06177181800007],[-3.264044130999935,54.102583166000045],[-3.264481033999971,54.103940918000035],[-3.276681810999946,54.14182135100003],[-3.271307106999927,54.148160973000074],[-3.257232449999947,54.15266711400005],[-3.25200650599993,54.15074596800008],[-3.264510782999935,54.147765191000076],[-3.264764127999968,54.13855680200004],[-3.260680632999936,54.138520536000044],[-3.260943902999941,54.137820789000045],[-3.256132124999965,54.135211894000065],[-3.259528296999974,54.13515661100007],[-3.255055943999935,54.13202062600004],[-3.258762049999973,54.13184624300004],[-3.254623246999927,54.131781567000075],[-3.250789562999955,54.12574722200003],[-3.245960882999952,54.10720665100007]]],[[[-2.392726409999966,54.83451525900006],[-2.372669519999931,54.82737959600007],[-2.369830760999946,54.82096651400008],[-2.34842858199994,54.80707927600008],[-2.327385204999928,54.80533247000005],[-2.323284264999927,54.795008910000035],[-2.312089520999962,54.79101504700003],[-2.313924029999953,54.78111343200004],[-2.308486809999977,54.77354279800005],[-2.322478663999959,54.76397071900004],[-2.320822498999974,54.75500390800005],[-2.332305782999924,54.73199614600003],[-2.325746743999957,54.72662923100006],[-2.342095026999971,54.716148030000056],[-2.344382051999958,54.70177211300006],[-2.355473139999958,54.69719775400006],[-2.351593752999975,54.685736407000036],[-2.335616345999938,54.675327569000046],[-2.327106655999955,54.67366679700007],[-2.327569455999935,54.67087339700004],[-2.303317193999931,54.669629934000056],[-2.303396973999952,54.66682411200003],[-2.292874950999931,54.66388529200003],[-2.287978687999953,54.65048010400005],[-2.324937767999927,54.63165023700003],[-2.308758027999943,54.61188327600007],[-2.304514536999932,54.59619784600005],[-2.270936492999965,54.58219914500006],[-2.245962148999979,54.56506268700008],[-2.209488187999966,54.55171337300004],[-2.210142540999925,54.54365825100007],[-2.197530567999934,54.53270396600004],[-2.182286082999951,54.53585536200006],[-2.172398030999943,54.53244411600008],[-2.174492480999959,54.521727045000034],[-2.168704530999946,54.51965210000003],[-2.162393330999976,54.50394280100005],[-2.166470211999979,54.48990793100006],[-2.159389836999935,54.471091956000066],[-2.170213022999974,54.45819878600008],[-2.170578513999942,54.46114144200004],[-2.177508479999972,54.46162567600004],[-2.189315544999943,54.44897847400006],[-2.235617402999935,54.44823105800003],[-2.249539222999942,54.45194343600008],[-2.267902925999977,54.44723357500004],[-2.265378374999955,54.44292630700005],[-2.271347820999949,54.44091616600008],[-2.292865200999927,54.43930749200007],[-2.29185352899998,54.43146254000004],[-2.303373345999944,54.42627652700003],[-2.308145889999935,54.41979377200005],[-2.305445025999973,54.39708641800007],[-2.291703388999963,54.39062970300006],[-2.297440407999943,54.37689876500008],[-2.317042556999979,54.37631051900007],[-2.326092284999959,54.368095622000055],[-2.344647907999956,54.35962851100004],[-2.360749111999951,54.35494760600005],[-2.367712238999957,54.35607061500008],[-2.335767620999945,54.34043482700008],[-2.334749234999947,54.33494472600006],[-2.320202053999935,54.331750759000045],[-2.309841408999944,54.324314978000075],[-2.314977557999953,54.31358637100004],[-2.323032309999974,54.31108278700003],[-2.320401230999948,54.30677059700008],[-2.324522463999926,54.30318362300005],[-2.320390288999931,54.299044465000065],[-2.324172010999973,54.293605153000044],[-2.317191840999953,54.28716566600008],[-2.325891766999973,54.279692917000034],[-2.315514214999951,54.270284927000034],[-2.319096318999925,54.257155831000034],[-2.325646641999924,54.24143834800003],[-2.337657452999963,54.237599071000034],[-2.348052405999965,54.23780668200004],[-2.362317114999939,54.249752630000046],[-2.372325241999931,54.24823459500004],[-2.373020603999976,54.240098904000035],[-2.396779651999964,54.23938108100003],[-2.405631936999953,54.22491516900004],[-2.411970450999945,54.22668663600007],[-2.43542759099995,54.22287701700003],[-2.441418164999959,54.22573921500003],[-2.460862734999978,54.22671613600005],[-2.459585291999929,54.23956841000006],[-2.499602975999949,54.21955500300004],[-2.52006970399998,54.216446821000034],[-2.550751075999926,54.200292991000026],[-2.576077654999949,54.19559518300008],[-2.624956890999954,54.19556872900006],[-2.639935812999965,54.202032976000055],[-2.647731042999965,54.18730796300008],[-2.672640586999933,54.17474656600007],[-2.675794296999925,54.163779127000055],[-2.679841712999973,54.16118570200007],[-2.687970740999958,54.164656867000076],[-2.708646527999974,54.16388495100006],[-2.736489070999937,54.16902425200004],[-2.736230312999965,54.17092927400006],[-2.734386984999958,54.18411096500006],[-2.749301359999947,54.188955011000076],[-2.768231990999936,54.18596411300007],[-2.79922970299998,54.197731935000036],[-2.816333312999973,54.18980961300008],[-2.815625291999936,54.18211385800004],[-2.837216861999934,54.17417240100008],[-2.869476779999957,54.176667844000065],[-2.865608121999969,54.180649395000046],[-2.857432968999944,54.17898590600004],[-2.864727731999949,54.183760963000054],[-2.864134198999977,54.19203118200005],[-2.853452566999977,54.19274008900004],[-2.836214846999951,54.20155032200006],[-2.835402859999931,54.20522383900004],[-2.826607038999953,54.20455213000008],[-2.823173254999972,54.20603795900007],[-2.822866137999938,54.206171045000076],[-2.818422595999948,54.208042084000056],[-2.820874130999925,54.20913118900006],[-2.821465338999928,54.20939382100005],[-2.816152669999951,54.21297557100007],[-2.80764525099994,54.21870942500004],[-2.807118823999929,54.218970084000034],[-2.790886695999973,54.22700470400008],[-2.785814027999947,54.226440240000045],[-2.789279048999958,54.23133287400003],[-2.789526543999955,54.23144843500006],[-2.794647377999979,54.23383921900006],[-2.797977767999953,54.24052339700006],[-2.799854023999956,54.244288091000044],[-2.800805802999946,54.24619755300006],[-2.811864619999938,54.24507690300004],[-2.813084440999944,54.244953226000064],[-2.813079135999942,54.245045305000076],[-2.812804817999961,54.24980643200007],[-2.812705294999944,54.24981362400007],[-2.802404610999929,54.24942516800007],[-2.800670508999929,54.25089096900007],[-2.804264689999968,54.250050858000066],[-2.80652693199994,54.25127990200008],[-2.807732460999944,54.25101934600008],[-2.814398707999942,54.24957826100007],[-2.81472529499996,54.24474170600007],[-2.809645628999931,54.24269356500008],[-2.801396573999966,54.244378219000055],[-2.80116275599994,54.23118829300006],[-2.801152285999933,54.230597482000064],[-2.794381256999941,54.22742025000008],[-2.802902317999951,54.22505841800006],[-2.804722512999945,54.22455379500008],[-2.832196298999975,54.21921095000005],[-2.837111057999948,54.21283170400005],[-2.841467743999942,54.207175032000066],[-2.842473534999954,54.20551787000005],[-2.86855550599995,54.202096063000056],[-2.867410141999926,54.204794363000076],[-2.870061849999956,54.20177421400007],[-2.871579417999953,54.20402817100006],[-2.878473730999929,54.20150197300006],[-2.879530569999929,54.20094195100006],[-2.879668527999968,54.20086884500006],[-2.885902699999974,54.19756482500003],[-2.887176896999961,54.19937546500006],[-2.887366356999962,54.19455130100005],[-2.88921746099993,54.19881663400008],[-2.907610172999966,54.193128631000036],[-2.920738797999945,54.17768145600007],[-2.929345844999943,54.16754731100008],[-2.935236259999954,54.16697410100005],[-2.931862228999933,54.151392040000076],[-2.93561793899994,54.15816940000008],[-2.943774721999944,54.158057186000065],[-2.944595259999971,54.15934118000007],[-2.948122697999963,54.157672484000045],[-2.939281981999954,54.15658686200004],[-2.965425237999966,54.150241986000026],[-2.968381864999969,54.14602580300004],[-2.995821030999934,54.14997847400008],[-2.996726171999967,54.15196265600008],[-2.999531971999943,54.15326146400008],[-2.996678082999949,54.15575407800003],[-3.000188914999967,54.15383392600006],[-3.005293431999974,54.15626928700004],[-3.004303730999936,54.16629175500003],[-3.000361525999949,54.16840165500008],[-2.997114426999929,54.16675778100006],[-2.997307620999948,54.17313122200005],[-2.992971018999981,54.17027031400005],[-2.994120946999942,54.173048607000055],[-2.996064955999941,54.17592411500004],[-2.999300264999931,54.175464110000064],[-2.996154758999978,54.17329088100007],[-3.000219407999964,54.17438238700004],[-3.000927462999925,54.17210980900006],[-3.003535308999972,54.17580095400007],[-3.001534414999981,54.172249468000075],[-3.006525908999947,54.17226984000007],[-3.009694712999931,54.17682612600004],[-3.005067266999959,54.18027934300005],[-3.010292285999981,54.176953283000046],[-3.009825854999974,54.18277225800006],[-3.01265804999997,54.179722294000044],[-3.021056900999952,54.18528847700003],[-3.020179452999969,54.18960911800008],[-3.02213237199993,54.18577454900003],[-3.026990988999955,54.18963841900006],[-3.024605815999962,54.19178705100006],[-3.027743663999956,54.19007596900008],[-3.029248705999976,54.19377957200004],[-3.038760633999971,54.19719410500005],[-3.034757870999954,54.19650057900003],[-3.025412849999952,54.196837638000034],[-3.02289301899998,54.20106353800003],[-3.019831819999979,54.20106965100007],[-3.014545513999963,54.20636780500007],[-3.021503408999934,54.21140890000004],[-3.022227810999937,54.211933645000045],[-3.022464182999954,54.213768421000054],[-3.022486900999979,54.213944757000036],[-3.023157424999965,54.21914855000006],[-3.023189780999928,54.21939962600004],[-3.027627036999945,54.219288161000065],[-3.02855881499994,54.220431552000036],[-3.03361545599995,54.229270830000075],[-3.046318485999961,54.22676676700007],[-3.048764969999979,54.23323373900007],[-3.033973701999969,54.23967374500006],[-3.033251099999973,54.24379092600003],[-3.028989925999952,54.24158677600008],[-3.029358886999944,54.24017459600003],[-3.027316242999973,54.24154355200005],[-3.028573005999931,54.24636781500004],[-3.035676769999952,54.24432103000004],[-3.037524055999938,54.23990476200004],[-3.048053970999945,54.24228969700005],[-3.052185737999935,54.235807615000056],[-3.051946464999958,54.234762094000075],[-3.051818098999945,54.23420116200003],[-3.051629060999971,54.233435977000056],[-3.051530741999954,54.23303799300004],[-3.051619284999958,54.23235875000006],[-3.051874686999952,54.23039936200007],[-3.053119656999968,54.22084564100004],[-3.035567184999934,54.21562144600006],[-3.032419564999941,54.21131567100008],[-3.039027049999959,54.20573108000008],[-3.034372908999956,54.21129876800006],[-3.034260212999925,54.21143356500005],[-3.034746791999964,54.211295549000056],[-3.038776047999932,54.210152555000036],[-3.044571470999927,54.19961734800006],[-3.044691711999974,54.19939870600007],[-3.050273429999947,54.19906140000006],[-3.053135913999938,54.19888831900005],[-3.054782280999973,54.19402237400004],[-3.054950645999952,54.19352469300003],[-3.053301832999978,54.18848260400006],[-3.059741029999941,54.18935989100004],[-3.055869220999966,54.187176658000055],[-3.061621911999964,54.18082055100007],[-3.061244090999935,54.17959495800005],[-3.06117405599997,54.179451724000046],[-3.059102361999976,54.17311044100006],[-3.060855861999926,54.16199821300006],[-3.077974866999966,54.15397529300003],[-3.087634111999932,54.136252297000055],[-3.100627128999975,54.128001846000075],[-3.104648382999926,54.120004419000054],[-3.14259295599993,54.097403849000045],[-3.142749575999972,54.09731074500007],[-3.149106422999978,54.093529301000046],[-3.16479138699998,54.083224259000076],[-3.17239860199993,54.08178409200008],[-3.152700623999976,54.06766668100005],[-3.151758205999954,54.07021752600008],[-3.150710742999934,54.06478532500006],[-3.171434395999938,54.07962829000007],[-3.173235683999962,54.07359321200005],[-3.177974756999959,54.07487800500007],[-3.173747993999939,54.083394155000065],[-3.186858536999978,54.09042696100005],[-3.18515795899998,54.09571251800003],[-3.191306438999959,54.10285021700008],[-3.199357008999925,54.102674499000045],[-3.199453873999971,54.10267238200004],[-3.204571493999936,54.10113341200008],[-3.206969894999929,54.10041280000007],[-3.210049158999936,54.09949214000005],[-3.212018247999936,54.098900538000066],[-3.214235358999929,54.098208543000055],[-3.215024624999955,54.09790307900005],[-3.218491757999971,54.09580695200003],[-3.219096246999925,54.09544146800005],[-3.220062503999941,54.094857234000074],[-3.220062741999925,54.094707123000035],[-3.219800792999933,54.09427567100005],[-3.219407454999953,54.093792903000065],[-3.219441695999933,54.09362655000007],[-3.219861682999976,54.09301765600003],[-3.220072037999955,54.092924880000055],[-3.221294544999978,54.09250051300006],[-3.221344010999928,54.09273025700003],[-3.221713439999974,54.09329973900003],[-3.221917293999979,54.09361397600003],[-3.222428276999949,54.09364416600005],[-3.223832399999935,54.09379773400008],[-3.224703710999961,54.094455045000075],[-3.238522923999938,54.10361854000007],[-3.239308269999981,54.10413913700006],[-3.239411283999971,54.104466295000066],[-3.241799319999927,54.11204894800005],[-3.243475813999964,54.128685758000074],[-3.240490922999925,54.14712614900003],[-3.237696261999929,54.15592010900008],[-3.240518975999976,54.158385218000035],[-3.249578095999937,54.15480501900004],[-3.256538320999937,54.16870197800006],[-3.246130694999977,54.171993703000055],[-3.22843815799996,54.17136848700005],[-3.227001495999957,54.17214457800003],[-3.217152474999978,54.177463825000075],[-3.215093861999947,54.18484041900007],[-3.222990223999943,54.187790335000045],[-3.214757776999932,54.185659024000074],[-3.218995378999978,54.187492880000036],[-3.212040944999956,54.19974451400003],[-3.213057955999943,54.207192460000044],[-3.204504916999952,54.20954239800005],[-3.210055318999935,54.20858978200005],[-3.209199316999957,54.20966945400005],[-3.205512058999943,54.214319454000076],[-3.204986940999959,54.21498158600008],[-3.201816855999937,54.21111332300006],[-3.204927167999926,54.21756439100005],[-3.198882009999977,54.219958888000065],[-3.18919287999995,54.233588877000045],[-3.197564436999926,54.22879809900007],[-3.200049186999934,54.23770653400004],[-3.212686986999927,54.24754857900007],[-3.211895951999963,54.25181588700008],[-3.21639369199994,54.258030706000056],[-3.228695702999971,54.25985389300007],[-3.228395912999929,54.26018931300007],[-3.227838974999941,54.26043492100007],[-3.227710009999953,54.26095671100006],[-3.224354944999959,54.26470995300008],[-3.224275765999948,54.27484644900005],[-3.22376053399995,54.276929461000066],[-3.225540400999932,54.27725773100008],[-3.238166275999959,54.29401734100003],[-3.230922345999943,54.314679856000055],[-3.239507023999977,54.31721003900003],[-3.241869526999949,54.32352667600003],[-3.218406860999949,54.33602522500007],[-3.218564648999973,54.34499604500007],[-3.207085040999971,54.35295774900004],[-3.194599201999949,54.354351045000044],[-3.189136158999929,54.36827494200003],[-3.180964793999976,54.37536209700005],[-3.181528629999946,54.384852169000055],[-3.172520188999954,54.38904826900006],[-3.170757941999966,54.399730254000076],[-3.159325475999935,54.40716817800006],[-3.115261501999953,54.415020808000065],[-3.114933701999973,54.42199044000006],[-3.123996164999937,54.427506651000044],[-3.128735351999978,54.42153246200007],[-3.135978059999957,54.42188346800003],[-3.157018338999933,54.43028133000007],[-3.158591854999941,54.442177478000076],[-3.161116368999956,54.44703703600004],[-3.166278725999973,54.44776659900003],[-3.167139323999947,54.454110670000034],[-3.153825144999928,54.46015410000007],[-3.145557991999965,54.46844370000008],[-3.136444099999949,54.47074602500004],[-3.132213012999955,54.46454390000008],[-3.119425649999926,54.46023755500005],[-3.112573056999963,54.46149077800004],[-3.115704428999948,54.466582955000035],[-3.109478958999944,54.47400372700008],[-3.097753144999956,54.47190344400008],[-3.088265184999955,54.48396405600005],[-3.076214366999977,54.489365502000055],[-3.061985453999966,54.49252268100008],[-3.050801716999956,54.49126510900004],[-3.048303981999936,54.496278379000046],[-3.01483419799996,54.499813078000045],[-3.011336117999974,54.507187471000066],[-3.016955463999977,54.51486490900004],[-3.01529691199994,54.52553329600005],[-3.025784387999977,54.53030693300008],[-3.025064159999943,54.54103041400003],[-3.016664777999949,54.54793163700003],[-3.020386345999952,54.55890973400005],[-3.016725737999934,54.561569329000065],[-3.028822290999926,54.56690888000003],[-3.018288868999946,54.57495619700006],[-3.027025656999967,54.57450040700007],[-3.037050834999945,54.580926188000035],[-3.007435164999947,54.59526836800006],[-3.022727053999972,54.60267588700003],[-3.034332054999936,54.60277049700005],[-3.039185719999978,54.61234727600004],[-3.044445398999926,54.61421469100003],[-3.068065888999968,54.614137517000074],[-3.07775922999997,54.610585693000075],[-3.086965221999947,54.61270214900003],[-3.092403528999967,54.61723596000007],[-3.092993483999976,54.654171045000055],[-3.086652590999961,54.663556766000056],[-3.07996004599994,54.66505281000008],[-3.054604363999943,54.679757203000065],[-3.070428970999956,54.68493437300003],[-3.087191011999948,54.686091959000066],[-3.081920150999963,54.69525384200006],[-3.063798504999966,54.70008209700006],[-3.033700019999969,54.694320349000066],[-2.995768699999928,54.694528313000035],[-2.991230471999927,54.71284512500006],[-2.982998893999934,54.71938102000007],[-2.989613292999934,54.72776683500007],[-2.996614525999973,54.73363367700006],[-3.011983302999965,54.73475912500004],[-3.021511662999956,54.74014054500003],[-3.026140319999968,54.74794078200006],[-3.000882186999945,54.75530105900003],[-2.997771536999949,54.76206594300004],[-2.992961581999964,54.76022087400003],[-2.985725735999949,54.76602880300004],[-2.988605835999977,54.77004677300005],[-2.984432020999975,54.776159635000056],[-2.969346945999973,54.77714369200004],[-2.967573451999954,54.77989527400007],[-2.962075034999941,54.778622460000065],[-2.944783726999958,54.78404356100003],[-2.931171579999955,54.79215781400006],[-2.934835566999936,54.79295735900007],[-2.919715287999963,54.805985132000046],[-2.921081511999944,54.809207291000064],[-2.904414218999932,54.81301907900007],[-2.90738713099995,54.82188774400004],[-2.881464217999962,54.82344620400005],[-2.872008731999927,54.828561034000074],[-2.873058825999976,54.83314412800007],[-2.86308069699993,54.837231634000034],[-2.85573478699996,54.83340102900007],[-2.838273214999958,54.83416986100008],[-2.829410783999947,54.825475889000074],[-2.817769172999931,54.827537343000074],[-2.79937799399994,54.818718165000064],[-2.783051807999925,54.822285400000055],[-2.773198771999944,54.82052337600004],[-2.767009077999944,54.82330542100004],[-2.756427799999926,54.82285777800007],[-2.754872047999925,54.82706070100005],[-2.74361995199996,54.827846392000026],[-2.729206738999949,54.818656006000026],[-2.714539935999937,54.819941217000064],[-2.705662641999936,54.81636262600006],[-2.689792953999927,54.81919119100007],[-2.701224469999943,54.83360492300005],[-2.686320029999933,54.83794807400005],[-2.680136675999961,54.83531741500008],[-2.668971172999932,54.84504192400004],[-2.657769961999975,54.849452635000034],[-2.65533903599993,54.85474252100005],[-2.603745067999967,54.853322451000054],[-2.582671046999963,54.84586678200003],[-2.567848602999959,54.82357484000005],[-2.558306667999943,54.816724617000034],[-2.530652179999947,54.80599904700006],[-2.495356897999955,54.810342105000075],[-2.460601530999952,54.834172186000046],[-2.452238787999931,54.83201323600008],[-2.422676136999939,54.842870434000076],[-2.411658346999957,54.85645448400004],[-2.40162264099996,54.85148396500006],[-2.392726409999966,54.83451525900006]]]]}},{"type":"Feature","properties":{"FID":62,"LAD23CD":"E06000065","LAD23NM":"North Yorkshire","LAD23NMW":" ","BNG_E":429508,"BNG_N":466514,"LONG":-1.55033,"LAT":54.0937,"GlobalID":"{F0CD6639-5545-4593-ABF9-030DB2B6AD00}","SHAPE_Length":8.926198013711016,"SHAPE_Area":1.107812695555108,"reference":"E06000065","name":"North Yorkshire"},"geometry":{"type":"MultiPolygon","coordinates":[[[[-0.77418406399994,54.55325272300007],[-0.765172363999966,54.548684252000044],[-0.765416152999933,54.54837058600003],[-0.767257296999958,54.54642383600003],[-0.764852233999932,54.545757766000065],[-0.750948043999927,54.541905719000056],[-0.747332195999945,54.534224496000036],[-0.748547354999971,54.533155144000034],[-0.74547642999994,54.53028105800007],[-0.744657289999964,54.52854016400005],[-0.731290022999929,54.52791537200005],[-0.72138526599997,54.53101391800004],[-0.720208475999925,54.53112037100004],[-0.720111596999971,54.53141227200007],[-0.712981156999945,54.53364200300007],[-0.693713316999947,54.52039018200003],[-0.682377848999977,54.519673140000066],[-0.677522515999954,54.51609649800008],[-0.677144645999931,54.51397694700006],[-0.673159708999947,54.51288198000003],[-0.672669483999925,54.51252074100006],[-0.675089282999977,54.506046602000026],[-0.670278678999978,54.50075491800004],[-0.640208640999958,54.495671541000036],[-0.639997775999973,54.495635863000075],[-0.617561108999951,54.49157630800005],[-0.614236978999941,54.49097443800008],[-0.613163807999968,54.49397527500008],[-0.613068949999956,54.49371401800005],[-0.613270571999976,54.48970291200004],[-0.613411305999932,54.48690255100007],[-0.61287725699998,54.490818782000076],[-0.612642555999969,54.49253961100004],[-0.612453870999957,54.49201989800008],[-0.612328647999959,54.49338151200004],[-0.609896454999955,54.49104458900007],[-0.609839220999959,54.491039691000026],[-0.609346431999938,54.490507585000046],[-0.593332411999938,54.48783722600007],[-0.59242256899995,54.48811023700006],[-0.589569958999959,54.488966134000066],[-0.588164025999959,54.48863974600005],[-0.58522056299995,54.483883218000074],[-0.568908381999961,54.479747426000074],[-0.556948758999965,54.46512059200006],[-0.521476958999926,54.44696781300007],[-0.522548705999952,54.44088714600008],[-0.531667453999944,54.436292249000076],[-0.531109728999979,54.425508930000035],[-0.52278532899993,54.416274729000065],[-0.502789279999945,54.40737124600008],[-0.491471132999948,54.40791166200006],[-0.484955400999979,54.40431838400008],[-0.483595833999971,54.40285559000006],[-0.476708311999971,54.39976897000008],[-0.47172256999994,54.397017934000075],[-0.461674641999934,54.38577113700006],[-0.461639780999974,54.385732105000045],[-0.461604919999957,54.38569307200004],[-0.449827050999943,54.37250105100003],[-0.447078304999934,54.359791004000044],[-0.446985138999935,54.35936007600003],[-0.43308449899996,54.35031197600006],[-0.432634531999952,54.34014349100005],[-0.42331825399998,54.33902886700008],[-0.417052816999956,54.33146523800008],[-0.421601051999971,54.32599813400003],[-0.41887068799997,54.31988741500004],[-0.418825743999946,54.31955407400005],[-0.417605864999928,54.31050445900007],[-0.412259676999952,54.307673323000074],[-0.411970349999933,54.30742303300008],[-0.41156277999994,54.30691038000003],[-0.411392525999929,54.306923159000064],[-0.411282368999935,54.306827859000066],[-0.410755279999933,54.30687653900003],[-0.407656147999944,54.30523496900008],[-0.408700089999968,54.30370169300005],[-0.409490737999931,54.30254034500007],[-0.40683900199997,54.29485285700008],[-0.406906668999966,54.29455716600006],[-0.406699040999968,54.29444702300003],[-0.405890573999955,54.29210259100006],[-0.396806648999927,54.288030941000045],[-0.395410806999962,54.28845738600006],[-0.39513719699994,54.28831217100003],[-0.393845818999978,54.28893547300004],[-0.391413965999959,54.28967830700003],[-0.39104107299994,54.28979220300005],[-0.38657204499998,54.29025199400007],[-0.384391946999926,54.28586338400004],[-0.384762727999941,54.28563146300007],[-0.397198626999966,54.27943262300005],[-0.397114737999971,54.278729733000034],[-0.396598182999981,54.27440108500008],[-0.369664416999967,54.255457050000075],[-0.369182136999939,54.25525264800007],[-0.367661184999974,54.25173064000006],[-0.369505123999943,54.24932548000004],[-0.363890554999955,54.24509507400006],[-0.350390387999937,54.24087990100003],[-0.338683927999966,54.24261390000004],[-0.33489187999993,54.238381150000066],[-0.313970351999956,54.23201591800006],[-0.312710986999946,54.22862407000008],[-0.302546323999934,54.22719414300008],[-0.259259431999965,54.215878445000044],[-0.275394770999981,54.21766912700008],[-0.280133636999949,54.21491367400006],[-0.285069907999969,54.20354894400003],[-0.285226576999946,54.20318811300007],[-0.28275081299995,54.19507753100004],[-0.275281527999937,54.18750066500007],[-0.274531198999966,54.18600978100005],[-0.272247500999924,54.18442202500006],[-0.264452670999958,54.17651014000006],[-0.263241506999975,54.17594771800003],[-0.232852440999977,54.16182715800005],[-0.212588945999926,54.15760376000003],[-0.212541831999943,54.15759525700008],[-0.22169146899995,54.137972974000036],[-0.229066116999945,54.135727504000045],[-0.229746621999936,54.132440356000075],[-0.237224728999934,54.13724940700007],[-0.265419797999925,54.14055851000006],[-0.269068758999936,54.13833327300006],[-0.29056559299994,54.139755810000054],[-0.304082978999929,54.13627047500006],[-0.304232619999937,54.13626224800004],[-0.304337129999965,54.136271357000055],[-0.313765357999955,54.14640268000005],[-0.322652969999979,54.145276426000066],[-0.323841933999972,54.15029693500003],[-0.34639716199996,54.14687294300006],[-0.360037534999947,54.15312034800007],[-0.374927447999937,54.15411315400007],[-0.374526020999951,54.16256404900008],[-0.391743032999955,54.17628769800007],[-0.39285794999995,54.17600235500004],[-0.393589058999964,54.17585754700008],[-0.418427787999974,54.174025312000026],[-0.418108814999925,54.171220325000036],[-0.424556655999936,54.169575483000074],[-0.422926587999939,54.16631466700005],[-0.433168630999944,54.16407271500003],[-0.432659398999931,54.15752071400004],[-0.427093852999974,54.13744256200005],[-0.458539666999968,54.12597360900003],[-0.454351130999953,54.11676251200004],[-0.468325384999957,54.11125054100006],[-0.465942457999972,54.10763297800003],[-0.496889386999953,54.097231831000045],[-0.52461234499998,54.08547474800008],[-0.527927667999961,54.089338938000026],[-0.534030882999957,54.08717983100007],[-0.541816327999925,54.09152848300005],[-0.563137247999975,54.09399952600006],[-0.566466466999941,54.09030557500006],[-0.591004557999952,54.08706196600008],[-0.615523444999951,54.07049371000005],[-0.660316933999979,54.063100054000074],[-0.644653954999967,54.05511309800005],[-0.658017649999977,54.043644775000075],[-0.659484341999928,54.03716982700007],[-0.679868649999946,54.036673531000076],[-0.68848368099998,54.02401070700006],[-0.678415920999953,54.01823875800005],[-0.681798469999933,54.01035528400007],[-0.704902438999966,54.006072387000074],[-0.710746123999968,54.01117134500004],[-0.730489261999935,54.01270083600008],[-0.734257302999936,54.03025877500005],[-0.799247602999969,54.019051811000054],[-0.798988064999946,54.02409069000004],[-0.820366074999924,54.02087343000005],[-0.843029679999972,54.021610990000056],[-0.859720670999934,54.01639475500008],[-0.878427061999957,54.01719964600005],[-0.877668778999976,54.01355700500005],[-0.888555328999928,54.00951452900006],[-0.893534862999957,53.999768103000065],[-0.907829470999957,53.99738747300006],[-0.908582354999965,53.99691865300008],[-0.908829585999968,53.99676469800005],[-0.912876788999938,53.99213209900006],[-0.925294992999966,53.991518375000055],[-0.944362083999977,53.989128349000055],[-0.957685586999958,53.98395603000006],[-0.967044949999945,53.98591882100004],[-0.984657475999938,53.98154788900007],[-0.995817988999931,53.98398105100006],[-0.981249570999978,53.99115422600005],[-0.979056756999967,53.99597066100006],[-0.971919430999947,53.99671016700006],[-0.975366299999962,54.00473157300007],[-0.984707223999976,54.00254725000008],[-0.979329606999954,54.00535746500003],[-0.982753446999936,54.01003043800006],[-0.976940782999975,54.01577387300006],[-0.979421754999976,54.017419922000045],[-0.966863589999946,54.02296656300007],[-0.970687724999948,54.023083557000064],[-0.973582961999966,54.02936905100006],[-0.98224251399995,54.03090367300007],[-0.982309842999939,54.039481970000054],[-0.993254864999926,54.04222774100003],[-1.002084733999936,54.055263068000045],[-1.014377414999956,54.04932181600003],[-1.059712196999953,54.05660694800008],[-1.058733824999933,54.04784510400003],[-1.062170716999958,54.05013775600003],[-1.094277988999977,54.046625790000064],[-1.096106865999957,54.04045498600004],[-1.101077054999962,54.04096412400003],[-1.099780988999953,54.037689200000045],[-1.114868115999968,54.03580951100008],[-1.120176163999929,54.02902636300007],[-1.140796561999935,54.02985881500007],[-1.144813670999952,54.02550950800003],[-1.142381053999941,54.01895270400007],[-1.148068553999963,54.015711673000055],[-1.142875638999953,54.01078819300005],[-1.14909066499996,54.00294738100007],[-1.136998225999946,53.99108262300007],[-1.151912468999967,53.989178123000045],[-1.175509992999935,54.00219660800008],[-1.17951484799994,53.998860697000055],[-1.188569858999927,54.00248305500003],[-1.191935433999959,54.00051941300006],[-1.183282782999925,53.99621607600005],[-1.182103152999957,53.985345265000035],[-1.192088531999957,53.984201607000045],[-1.200162599999942,53.98900906100005],[-1.216596877999962,53.98561254300006],[-1.223705508999956,53.97482921100004],[-1.195569159999934,53.92241428700004],[-1.191178282999942,53.92263469100004],[-1.185914934999971,53.91601109100003],[-1.179322353999964,53.91688321400005],[-1.170628842999974,53.90881317600008],[-1.164916182999946,53.910576168000034],[-1.160123059999933,53.900432169000055],[-1.150006129999952,53.89363977900007],[-1.141568919999941,53.89264412300008],[-1.136776,53.895926115000066],[-1.124984193999978,53.88267613900007],[-1.105270486999927,53.87567228900008],[-1.100398606999931,53.87655958400006],[-1.095586698999966,53.884417529000075],[-1.077552203999971,53.88353339200006],[-1.064959574999932,53.87458579100007],[-1.021543,53.88837164800003],[-1.008185656999956,53.88993580400006],[-0.992803085999981,53.87519169900003],[-0.967672714999935,53.88284959900005],[-0.948024944999929,53.884876674000054],[-0.943981262999955,53.88805842900007],[-0.938448554999979,53.887488774000076],[-0.934938862999957,53.88000466300008],[-0.926773824999941,53.88256742100003],[-0.923403323999935,53.88071961900005],[-0.925105860999963,53.877932085000054],[-0.940587877999974,53.87420121700006],[-0.938920529999962,53.86784628100003],[-0.94812311499993,53.861918005000064],[-0.944933460999948,53.857525776000045],[-0.941996896999967,53.85481270500003],[-0.945627249999973,53.846649987000035],[-0.940558065999937,53.82345141600007],[-0.920086268999967,53.81597680800007],[-0.934499012999936,53.80177719000005],[-0.928046611999946,53.79715802900006],[-0.936686320999968,53.779871842000034],[-0.928354077999927,53.77029586000003],[-0.932093240999961,53.76219016600004],[-0.951578863999941,53.75376897500007],[-0.973593545999961,53.74985704300008],[-0.963130857999943,53.74645846200008],[-0.961062924999965,53.73607847400007],[-0.936511635999977,53.73197745700003],[-0.911911103999955,53.73295223900004],[-0.911557474999938,53.728212040000074],[-0.906679487999952,53.72717083500004],[-0.905249186999924,53.71704829000004],[-0.92339912999995,53.71868134300007],[-0.944083759999955,53.71252568300008],[-0.957714760999977,53.71483548700007],[-0.961272676999954,53.70769617000008],[-0.957673238999973,53.70505378400003],[-0.962649914999929,53.700795905000064],[-0.970098142999973,53.70221377400003],[-0.967865543999949,53.70672125500005],[-0.980546833999938,53.70498323900006],[-0.980132486999935,53.69697004200003],[-1.000216536999972,53.698900363000064],[-1.006823431999976,53.69530055400003],[-1.02240364499994,53.698036251000076],[-1.039083226999935,53.69389524200005],[-1.045758214999978,53.698622612000065],[-1.053622718999975,53.69685128900005],[-1.054033416999971,53.70143424100007],[-1.062475463999931,53.70687921100006],[-1.069535048999967,53.70280450000007],[-1.074914060999959,53.70394280700003],[-1.078707099999974,53.69407801600005],[-1.085018041999945,53.68695876500004],[-1.081059798999945,53.68452611600003],[-1.10176295399998,53.67437379000006],[-1.103359314999977,53.66949931500005],[-1.091391376999979,53.66862457700006],[-1.085639233999927,53.662393475000044],[-1.071060332999934,53.66002173600003],[-1.071190093999974,53.657905139000036],[-1.060230045999958,53.65926861500003],[-1.04866263599996,53.65605748000007],[-1.053277548999972,53.65153690900007],[-1.066138836999926,53.64885486400004],[-1.084797209999977,53.65172441000004],[-1.121618068999965,53.64674989200006],[-1.128940483999941,53.64301682900003],[-1.129032651999978,53.63466856000008],[-1.134912154999938,53.63269806100004],[-1.155090323999957,53.643198477000055],[-1.189246497999932,53.63591697600003],[-1.209827182999959,53.64316413000006],[-1.210892441999931,53.640956293000045],[-1.215647168999965,53.64198268500007],[-1.219387212999948,53.63668747300005],[-1.217468507999968,53.624224327000036],[-1.232844271999966,53.62111224600005],[-1.242887864999943,53.63461571500005],[-1.253662032999955,53.64119937800007],[-1.255216485999938,53.64896261200005],[-1.248776524999926,53.649630724000076],[-1.246960391999949,53.65561453000004],[-1.252319257999943,53.666655983000055],[-1.243957578999925,53.67325035500005],[-1.24442802599998,53.69246895900005],[-1.199060682999971,53.69489471800006],[-1.19876646299997,53.700714606000076],[-1.218442909999965,53.70709557200007],[-1.219811873999959,53.71441901800006],[-1.226328842999976,53.70986781100004],[-1.229408083999942,53.71488997800003],[-1.247988003999978,53.71172530000007],[-1.268517090999978,53.714909153000065],[-1.271961394999948,53.724924188000045],[-1.283764088999931,53.73201222700004],[-1.301967240999943,53.74167221700003],[-1.315356781999981,53.74368070300005],[-1.312238769999965,53.75588850500003],[-1.294942008999953,53.75546283400007],[-1.29674922199996,53.75895361500005],[-1.290415410999969,53.763078722000046],[-1.296362164999948,53.77186273800004],[-1.306787478999979,53.773044121000055],[-1.303801921999934,53.775122905000046],[-1.304860412999972,53.775588095000046],[-1.306621090999954,53.77642360700003],[-1.309314644999972,53.77761655000006],[-1.30959242199998,53.77788605100005],[-1.31027069299995,53.77816769100008],[-1.310644780999951,53.77834966000006],[-1.312118228999964,53.77905275900008],[-1.312598308999952,53.77929820500003],[-1.312135815999966,53.77946188300007],[-1.311603801999979,53.77969875100007],[-1.311743282999942,53.77984477700005],[-1.312020482999969,53.78007748300007],[-1.312762575999955,53.78047931100008],[-1.313170485999933,53.78078185100003],[-1.313283340999931,53.780891471000075],[-1.31343549099995,53.781047182000066],[-1.313674526999932,53.781604394000055],[-1.313562067999953,53.78170987200008],[-1.313516193999931,53.781821928000056],[-1.313786053999934,53.78230797200007],[-1.313811210999972,53.782902240000055],[-1.313838213999929,53.78338730100006],[-1.313932913999963,53.78448399400003],[-1.313938119999932,53.784516335000035],[-1.31386433299997,53.78503223100006],[-1.313708434999967,53.78585514800005],[-1.313435120999941,53.786515112000075],[-1.312868012999957,53.78722551300007],[-1.311921170999938,53.78813600400008],[-1.31141539999993,53.78797091600006],[-1.311297470999932,53.787942834000035],[-1.311268667999968,53.78802803200006],[-1.311323559999948,53.78819916500004],[-1.311415164999971,53.78828347400008],[-1.311601265999968,53.78857375100006],[-1.311755869999956,53.78872784300006],[-1.312006546999953,53.788807948000056],[-1.312826962999964,53.78936359900007],[-1.312824582999951,53.789707932000056],[-1.312707156999977,53.79018714800003],[-1.312531093999951,53.79075064300008],[-1.312142746999939,53.79167979300007],[-1.31202994399996,53.79216068100004],[-1.31189965599998,53.79362590200003],[-1.31181685699994,53.794450536000056],[-1.31189749899994,53.79607518700004],[-1.312097868999956,53.796840297000074],[-1.312128665999978,53.79694029900003],[-1.312233357999958,53.79726534300005],[-1.312267530999975,53.79740310900007],[-1.312610922999966,53.79853129000003],[-1.31275579499993,53.79875400200007],[-1.313268851999965,53.799953395000045],[-1.313434856999947,53.80029768500003],[-1.313624219999951,53.80106721800007],[-1.313605612999936,53.80211519900007],[-1.313695941999924,53.80290124000004],[-1.313815882999961,53.803276717000074],[-1.314016834999961,53.804157478000036],[-1.314168172999928,53.80485804400007],[-1.314114935999953,53.805284173000075],[-1.314053268999942,53.806038372000046],[-1.313963841999964,53.80671322200004],[-1.313957850999941,53.80686028300005],[-1.314872083999944,53.80955741500003],[-1.312434930999927,53.81437561700005],[-1.303623458999937,53.816535990000034],[-1.310398377999945,53.81991779100008],[-1.309673543999963,53.82289497100004],[-1.336096744999963,53.83358975300007],[-1.325208656999962,53.835346439000034],[-1.326557135999963,53.840423430000044],[-1.342137893999961,53.84517275400003],[-1.338429142999928,53.85174431300004],[-1.352969876999964,53.85675075200004],[-1.31260283599994,53.86531700200004],[-1.319693101999974,53.878957875000026],[-1.315607006999926,53.881682322000074],[-1.320804392999946,53.883788037000045],[-1.31773090799993,53.89634921700008],[-1.322251515999938,53.90042650600003],[-1.321142014999964,53.903456851000044],[-1.313718968999979,53.90471244300005],[-1.300453105999964,53.90751951500005],[-1.297202896999977,53.92163779300006],[-1.307355792999942,53.921150219000026],[-1.303831822999939,53.92510072200008],[-1.294115050999949,53.927031492000026],[-1.300382922999972,53.92937700200008],[-1.30889461299995,53.92403977300006],[-1.30692669299998,53.93442201100004],[-1.339501027999972,53.94078346600003],[-1.34470601299995,53.93949898000005],[-1.340405164999936,53.945888188000026],[-1.361953240999981,53.94148352500008],[-1.397182499999928,53.94253517200008],[-1.400657965999926,53.93750041000004],[-1.409197094999968,53.93546560500005],[-1.410629055999948,53.93015543800004],[-1.406709565999961,53.92784970900004],[-1.430168872999957,53.92872160700006],[-1.433552850999945,53.92635487500007],[-1.432434806999936,53.91120246500003],[-1.440500826999937,53.913864611000065],[-1.451191774999927,53.90705288800007],[-1.463387075999947,53.90592130300007],[-1.467413990999944,53.91075744700004],[-1.486026686999935,53.91091212600003],[-1.494671679999954,53.91533747400007],[-1.528596323999977,53.90869913200004],[-1.549416871999938,53.910699573000045],[-1.552576829999964,53.90300791900006],[-1.562883123999939,53.903930107000065],[-1.568689211999924,53.910912189000044],[-1.584295678999979,53.90902189600007],[-1.586666153999943,53.90130340600007],[-1.599261657999932,53.90395497600008],[-1.599839368999938,53.90972177200007],[-1.620659200999967,53.90338699100005],[-1.642122158999939,53.90743202200008],[-1.65206313799996,53.90569995100003],[-1.655082984999979,53.91248429900003],[-1.684627242999966,53.91058809100008],[-1.689171143999943,53.91264561100007],[-1.687700832999951,53.91648408000003],[-1.687776793999944,53.91651572600006],[-1.689792762999957,53.916687265000064],[-1.707083079999961,53.91913125600007],[-1.706112459999929,53.91707072000003],[-1.716423603999942,53.91761992000005],[-1.717930914999954,53.90855077800006],[-1.722135293999941,53.91185848400005],[-1.727217318999976,53.91016724600007],[-1.744780281999965,53.91736391500007],[-1.74487129399995,53.91742529700008],[-1.745626041999969,53.923003763000054],[-1.755312898999932,53.921026770000026],[-1.767110535999961,53.92439741000004],[-1.767472904999977,53.92425312800003],[-1.770993140999963,53.92098025800004],[-1.77753621599993,53.92292123800007],[-1.782355314999961,53.929443244000026],[-1.798027991999959,53.92971534700007],[-1.79751258899995,53.93649483300004],[-1.802862815999958,53.935956916000066],[-1.805089162999934,53.93902266900005],[-1.83020004499997,53.93801717900004],[-1.830125045999978,53.940383498000074],[-1.847731085999953,53.940800714000034],[-1.848780501999954,53.93602271100008],[-1.83616699099997,53.93141141900003],[-1.859502430999953,53.93247502100007],[-1.862101163999967,53.940548636000074],[-1.874404668999944,53.94529564000004],[-1.878848134999942,53.954247913000074],[-1.878723395999941,53.96239199200005],[-1.882241993999969,53.963137017000065],[-1.893138215999954,53.955383537000046],[-1.906273609999971,53.95837831500006],[-1.92276981699996,53.95563440500007],[-1.927979776999962,53.95045884600006],[-1.950657983999974,53.95666957200007],[-1.949362018999977,53.95301227400006],[-1.966175257999964,53.95156125200003],[-1.965048899999942,53.94823543900003],[-1.962289474999977,53.94320778000008],[-1.970526718999963,53.94333314900007],[-1.96307646799994,53.93340421400006],[-1.968018585999971,53.93182466600007],[-1.965889464999975,53.92788741100003],[-1.97192178499995,53.92998043400007],[-1.976867231999961,53.92641776700003],[-1.953229255999929,53.91171151700007],[-1.952417114999946,53.903527524000026],[-1.96967977099996,53.903459560000044],[-1.979349386999957,53.90117960900005],[-1.981169923999971,53.89699320200003],[-1.976979900999936,53.87560073700007],[-1.977024079999978,53.87553506300003],[-1.987653290999958,53.867737024000064],[-1.999455380999962,53.87206523300006],[-2.013484564999942,53.869737540000074],[-2.021630706999929,53.87149709700003],[-2.031708469999955,53.85859357500004],[-2.046130321999954,53.85014124600008],[-2.074849493999977,53.86236734100004],[-2.081191023999963,53.86997142300004],[-2.089914991999933,53.86818197300005],[-2.082457649999981,53.87755449900004],[-2.103416871999968,53.89189276400003],[-2.113175990999935,53.90461156100008],[-2.107466655999929,53.90804297600005],[-2.113092964999964,53.91543930200004],[-2.121758171999943,53.917330836000076],[-2.124350296999978,53.92320073900004],[-2.132224106999956,53.92650885100005],[-2.139978412999938,53.92832546500006],[-2.141798334999976,53.92567457700005],[-2.149433366999972,53.926028375000044],[-2.151716455999974,53.92948396700007],[-2.16287677899993,53.92726993700006],[-2.164265979999925,53.93470427400007],[-2.171604998999953,53.93765922800003],[-2.175926508999964,53.93426878300005],[-2.182262790999971,53.93541092400005],[-2.185487763999959,53.941887164000036],[-2.179466809999951,53.94598577000005],[-2.184464226999978,53.95221139000006],[-2.196018366999965,53.969575846000055],[-2.200635369999929,53.970126347000075],[-2.20963876299993,53.96289923300003],[-2.214420660999963,53.96509902400004],[-2.225673814999936,53.96111952400008],[-2.225922122999975,53.96727743800005],[-2.232070922999981,53.97120092800003],[-2.221112184999924,53.97790170800005],[-2.234572384999979,53.98185644900008],[-2.28459539499994,53.97378924700007],[-2.294550001999937,53.974466677000066],[-2.298948682999935,53.97654613100008],[-2.296877547999941,53.98058268600005],[-2.319177293999928,53.99382051400005],[-2.339999322999972,53.98947689700003],[-2.352176486999952,53.99461243400003],[-2.352284944999951,54.01055327000006],[-2.350253192999958,54.01218300900007],[-2.340793669999925,54.00748969700004],[-2.339564329999973,54.00932072300003],[-2.343603541999926,54.01732710400006],[-2.357323293999968,54.01911709500007],[-2.361999479999952,54.04066968200004],[-2.374072976999969,54.049089061000075],[-2.425826489999963,54.03809491000004],[-2.432733997999946,54.04159335300005],[-2.458774890999962,54.040495528000065],[-2.46954984599995,54.04621224300007],[-2.464347417999932,54.07527943300005],[-2.470724236999956,54.07656418900007],[-2.480751163999969,54.085379024000076],[-2.506305219999945,54.091474583000036],[-2.509526017999974,54.09542533100006],[-2.52400965399994,54.094622480000055],[-2.524108849999948,54.10212938400008],[-2.536766280999927,54.104099260000055],[-2.536200648999966,54.10862618400006],[-2.545835603999933,54.11436716700007],[-2.544764318999967,54.117130332000045],[-2.563481233999937,54.124677606000034],[-2.563410302999955,54.14040568300004],[-2.557873855999958,54.14336419400007],[-2.560504496999954,54.15305211800006],[-2.547323243999926,54.15331850900003],[-2.543683271999953,54.15759531600003],[-2.533978954999952,54.15769271400006],[-2.528759041999933,54.16948412000005],[-2.479940131999967,54.20232899100006],[-2.473699020999959,54.21528198100003],[-2.460862734999978,54.22671613600005],[-2.441418164999959,54.22573921500003],[-2.43542759099995,54.22287701700003],[-2.411970450999945,54.22668663600007],[-2.405631936999953,54.22491516900004],[-2.396779651999964,54.23938108100003],[-2.373020603999976,54.240098904000035],[-2.372325241999931,54.24823459500004],[-2.362317114999939,54.249752630000046],[-2.348052405999965,54.23780668200004],[-2.337657452999963,54.237599071000034],[-2.325646641999924,54.24143834800003],[-2.319096318999925,54.257155831000034],[-2.315514214999951,54.270284927000034],[-2.325891766999973,54.279692917000034],[-2.317191840999953,54.28716566600008],[-2.324172010999973,54.293605153000044],[-2.320390288999931,54.299044465000065],[-2.324522463999926,54.30318362300005],[-2.320401230999948,54.30677059700008],[-2.323032309999974,54.31108278700003],[-2.314977557999953,54.31358637100004],[-2.309841408999944,54.324314978000075],[-2.320202053999935,54.331750759000045],[-2.334749234999947,54.33494472600006],[-2.335767620999945,54.34043482700008],[-2.367712238999957,54.35607061500008],[-2.360749111999951,54.35494760600005],[-2.344647907999956,54.35962851100004],[-2.326092284999959,54.368095622000055],[-2.317042556999979,54.37631051900007],[-2.297440407999943,54.37689876500008],[-2.291703388999963,54.39062970300006],[-2.305445025999973,54.39708641800007],[-2.308145889999935,54.41979377200005],[-2.303373345999944,54.42627652700003],[-2.29185352899998,54.43146254000004],[-2.292865200999927,54.43930749200007],[-2.271347820999949,54.44091616600008],[-2.265378374999955,54.44292630700005],[-2.267902925999977,54.44723357500004],[-2.249539222999942,54.45194343600008],[-2.235617402999935,54.44823105800003],[-2.189315544999943,54.44897847400006],[-2.177508479999972,54.46162567600004],[-2.170578513999942,54.46114144200004],[-2.170213022999974,54.45819878600008],[-2.159267588999967,54.45548348400007],[-2.150120696999977,54.459963479000066],[-2.116596173999937,54.46226347900006],[-2.086396587999957,54.46839288800004],[-2.061289303999956,54.48055758800007],[-2.043198433999976,54.483599448000064],[-2.044729520999965,54.475186274000066],[-1.996764371999973,54.46690344900003],[-1.985539438999979,54.45992528800008],[-1.976125263999961,54.45972878400005],[-1.970059591999927,54.45152154200008],[-1.942543235999949,54.453395355000055],[-1.893430276999936,54.466898263000076],[-1.877603244999932,54.478049558000066],[-1.867255077999971,54.48211691700004],[-1.859129983999935,54.48185790300005],[-1.857800510999937,54.50353979500005],[-1.848216738999952,54.503662958000064],[-1.839433292999956,54.50843723600008],[-1.827786885999956,54.50292940200006],[-1.822443442999941,54.49517770700004],[-1.792976483999951,54.484492430000046],[-1.787177197999938,54.501038992000076],[-1.782175275999975,54.50701269400008],[-1.776132314999927,54.50672850500007],[-1.779696528999978,54.53187299500007],[-1.769723968999926,54.53284490900006],[-1.761213460999954,54.52895152900004],[-1.733091361999925,54.52773641300007],[-1.727304989999936,54.53048512000004],[-1.721310889999927,54.54230172500007],[-1.696926363999978,54.53600643000004],[-1.682259104999957,54.53333941400007],[-1.657937165999954,54.53458892300006],[-1.654675198999939,54.52465009700006],[-1.633773780999945,54.52536438000004],[-1.632931118999977,54.51870434500006],[-1.640498451999974,54.51718912300004],[-1.633444435999934,54.51411229200005],[-1.609520478999968,54.51990822600004],[-1.600623275999965,54.51709776600006],[-1.602699963999953,54.51053693000006],[-1.579527220999978,54.51162707000003],[-1.584324554999966,54.50797063200008],[-1.591622765999944,54.50400431600008],[-1.579214853999929,54.50518768500007],[-1.582980327999962,54.49710073400007],[-1.573303932999977,54.490159634000065],[-1.555195208999976,54.48497819200003],[-1.545672717999935,54.47123847700004],[-1.532719841999949,54.46914912200003],[-1.519693741999959,54.47111522500006],[-1.530150824999964,54.47575092500006],[-1.52883695099996,54.48481373900006],[-1.514131918999965,54.48377509200003],[-1.511340805999964,54.475012262000064],[-1.505247073999953,54.482419797000034],[-1.491522171999975,54.486091524000074],[-1.499052291999931,54.475678231000074],[-1.475372754999967,54.47384517900008],[-1.467619242999945,54.462150518000044],[-1.472052218999977,54.455599601000074],[-1.461731574999931,54.451149556000075],[-1.454724582999972,54.45360169400004],[-1.462746240999934,54.461115093000046],[-1.453913256999954,54.46615537100007],[-1.463852818999953,54.47375805100006],[-1.457597181999972,54.481362260000026],[-1.461827485999947,54.48595140300006],[-1.458473542999968,54.49283941600004],[-1.462241397999946,54.49629377300005],[-1.475559328999964,54.498108312000056],[-1.467352655999946,54.50252734700007],[-1.457798034999939,54.50364788600007],[-1.434905291999939,54.48749317200003],[-1.426583186999949,54.48477939900005],[-1.43211777199997,54.47945456600007],[-1.412786361999963,54.47719539900004],[-1.40708879999994,54.49352963900003],[-1.399215346999938,54.492892221000034],[-1.395050047999973,54.48567997300006],[-1.383065096999928,54.487286493000056],[-1.381010550999974,54.49402893200005],[-1.370772066999962,54.485653049000064],[-1.370951459999958,54.48553979500008],[-1.374779997999951,54.482467246000056],[-1.372561575999953,54.47230746200006],[-1.364417137999965,54.46595241000006],[-1.356490465999968,54.47292585500003],[-1.344915034999929,54.47240800900005],[-1.343628961999968,54.46415541300007],[-1.318341472999975,54.47208863600008],[-1.313115996999954,54.477277197000035],[-1.303277547999926,54.47839680900006],[-1.300430523999978,54.475822006000044],[-1.291590694999968,54.483445275000065],[-1.28671008799995,54.482734590000064],[-1.289591951999967,54.48798646400007],[-1.281093153999961,54.49056724900004],[-1.257403073999967,54.48732183000004],[-1.253262393999933,54.49778248000007],[-1.25667466799996,54.501107914000045],[-1.242320756999959,54.50165803900006],[-1.234380117999933,54.50614214600006],[-1.234865905999925,54.51031604500008],[-1.220136310999976,54.51094113400006],[-1.207288836999965,54.50814553500004],[-1.195484989999954,54.50663235300004],[-1.185093817999928,54.50728530300006],[-1.174391507999928,54.502894291000075],[-1.146196948999943,54.50282161200005],[-1.118380006999928,54.498198571000046],[-1.111782824999977,54.504374029000076],[-1.094736968999939,54.506695610000065],[-1.067926564999937,54.50044822700005],[-1.036851454999976,54.49404406100007],[-1.02380033999998,54.50204506500006],[-1.003401052999948,54.503012100000035],[-0.967828725999937,54.49726848200004],[-0.95295159899996,54.488035549000074],[-0.894212613999969,54.49691209000008],[-0.880825022999943,54.49704686100006],[-0.875781199999949,54.491164611000045],[-0.866978786999937,54.489240953000035],[-0.844139140999971,54.48954977300008],[-0.853321110999957,54.502713838000034],[-0.848647296999957,54.530003830000055],[-0.827081463999946,54.54851870600004],[-0.815676261999954,54.55250748600008],[-0.800419189999957,54.55101092600006],[-0.798787226999934,54.55561776600007],[-0.79334647099995,54.55830877800008],[-0.774535975999925,54.55739946400007],[-0.77418406399994,54.55325272300007]]]]}},{"type":"Feature","properties":{"FID":63,"LAD23CD":"E06000066","LAD23NM":"Somerset","LAD23NMW":" ","BNG_E":309294,"BNG_N":131078,"LONG":-3.2960401,"LAT":51.071831,"GlobalID":"{8A4D0397-19A5-4E89-8405-C60EDDDFAC7F}","SHAPE_Length":4.962935742814496,"SHAPE_Area":0.4436172898308378,"reference":"E06000066","name":"Somerset"},"geometry":{"type":"MultiPolygon","coordinates":[[[[-3.015773288999981,51.228486247000035],[-3.014821069999925,51.22309200500007],[-3.018683205999935,51.22841876200005],[-3.015773288999981,51.228486247000035]]],[[[-2.994486108999979,51.30523690700005],[-2.993393775999948,51.30182241800003],[-2.994019299999934,51.304748019000044],[-2.988073453999959,51.298519859000066],[-2.970121596999945,51.29608928000005],[-2.96321009899998,51.298709072000065],[-2.962601856999925,51.30461107200006],[-2.953713922999953,51.30449674500005],[-2.936429216999954,51.30301413500007],[-2.913169899999957,51.29364837800006],[-2.897103809999976,51.29061457900008],[-2.884936014999937,51.30666031100003],[-2.877188650999926,51.30010365000004],[-2.867930728999966,51.30221693900006],[-2.853170765999948,51.29945533600005],[-2.830294368999944,51.30071007600003],[-2.810236464999946,51.30142431200005],[-2.812074084999949,51.31069815300003],[-2.807253043999935,51.31172637100008],[-2.807818750999957,51.31483561400006],[-2.817941508999979,51.31902444500008],[-2.818752453999934,51.32519265900004],[-2.806445422999957,51.32610701700003],[-2.764605022999945,51.32255865800005],[-2.754863807999925,51.32449068600005],[-2.753921627999944,51.319724688000065],[-2.728072491999967,51.31717960200007],[-2.720847306999929,51.32148885600003],[-2.716805565999948,51.31675149800003],[-2.696935583999959,51.31610677300006],[-2.69487658099996,51.318076390000044],[-2.676386004999927,51.31093566800007],[-2.670635191999963,51.31130316200006],[-2.662484871999936,51.30656002600006],[-2.666794933999938,51.30244508700008],[-2.655761835999954,51.30129267700005],[-2.638624718999949,51.29480032400005],[-2.638229759999945,51.28823125100007],[-2.624910307999926,51.28245952200007],[-2.624583929999972,51.285300247000066],[-2.612967021999964,51.284160659000065],[-2.600337694999951,51.28898744900005],[-2.594877505999932,51.29235857000003],[-2.595466217999956,51.296186255000066],[-2.582281929999965,51.29192997700005],[-2.557824201999949,51.302661396000076],[-2.552803324999957,51.30131748800005],[-2.554164467999954,51.29868628600008],[-2.550012458999959,51.300515880000034],[-2.528114330999927,51.293142395000075],[-2.508063417999949,51.29151539600008],[-2.496671228999958,51.29052044300005],[-2.496537587999967,51.28744936100003],[-2.506356143999938,51.27899078000007],[-2.478001090999953,51.27309674400004],[-2.473753595999938,51.27796700400006],[-2.455805294999948,51.27373739500007],[-2.451722602999951,51.27425140300005],[-2.452404463999926,51.27711359800003],[-2.444311525999979,51.27741144600003],[-2.446015111999941,51.28083616500004],[-2.439047050999932,51.28518562700003],[-2.430064089999973,51.28464254100004],[-2.41739032199996,51.29213389900008],[-2.420259419999979,51.29662138700007],[-2.400917449999952,51.30480023300004],[-2.38962597799997,51.29461103700004],[-2.381575039999973,51.30008495200008],[-2.362885954999967,51.30293913600008],[-2.341604513999926,51.30969491900004],[-2.33252118799993,51.30844335000006],[-2.32481768699995,51.31355985500005],[-2.28909082399997,51.325272049000034],[-2.277747245999933,51.325704124000026],[-2.273094870999955,51.322879046000025],[-2.272331277999967,51.31849999100007],[-2.275519311999972,51.31868049600007],[-2.271954505999929,51.31425405400006],[-2.285120055999926,51.30952804400005],[-2.278277702999958,51.30244806700006],[-2.279972596999926,51.292230017000065],[-2.26547401299996,51.29624015700006],[-2.265286645999936,51.29285867200008],[-2.253497237999966,51.28983474100005],[-2.244430536999971,51.26311908500003],[-2.249583247999965,51.25896646600006],[-2.245341234999955,51.25387613700008],[-2.252861139999936,51.24735164100008],[-2.263324372999932,51.23260508800007],[-2.269758544999945,51.21889331800003],[-2.266665879999948,51.21557856700008],[-2.284560289999945,51.197253430000046],[-2.298464681999974,51.175322444000074],[-2.310089086999938,51.168423304000044],[-2.332287017999931,51.14495761200004],[-2.33217403499998,51.13798357500008],[-2.345858669999927,51.133368794000035],[-2.346304653999937,51.13051068300007],[-2.344539246999943,51.12467816000003],[-2.364527627999962,51.118878840000036],[-2.362529441999925,51.10162367300006],[-2.347051231999956,51.08823625700006],[-2.329140396999946,51.08525853500004],[-2.325863141999946,51.079678340000044],[-2.344457181999928,51.074328441000034],[-2.349987259999978,51.06888199400004],[-2.349255722999942,51.061243227000034],[-2.344486292999932,51.05548262600007],[-2.340108757999928,51.05606287000006],[-2.333169702999953,51.05147881600004],[-2.33001442099993,51.04134457500004],[-2.360674112999959,51.02517496400003],[-2.369146803999968,51.01427591500004],[-2.378047145999972,51.01171435200007],[-2.375655457999926,51.00927703100007],[-2.381755803999965,51.00194651600003],[-2.377759685999933,50.99141315300005],[-2.354949895999937,50.990896537000026],[-2.343852489999961,50.98438054700006],[-2.34455653699996,50.978829303000055],[-2.38354177399998,50.97235919700006],[-2.414927618999968,50.96058343800007],[-2.427991474999942,50.97138675800005],[-2.447177765999925,50.96785022300003],[-2.443478303999939,50.95846265200004],[-2.452485918999969,50.95027376500008],[-2.458663435999938,50.94974708600006],[-2.458643974999973,50.95428833700004],[-2.466817330999959,50.959810712000035],[-2.474742330999959,50.95795153000006],[-2.474577831999966,50.96250775400006],[-2.490345248999972,50.972772407000036],[-2.488332700999933,50.975756481000076],[-2.502280637999945,50.99379798600006],[-2.51731295999997,50.994609163000064],[-2.526530531999924,50.99192516900007],[-2.535561462999965,50.99402240200004],[-2.535167306999938,50.99937293900007],[-2.547435117999953,50.99954168700003],[-2.547291374999929,50.996418395000035],[-2.551489939999954,50.996344683000075],[-2.551924345999964,50.993697987000075],[-2.544724506999955,50.99166624800006],[-2.545423435999965,50.98508050100003],[-2.556207025999925,50.97953515800003],[-2.56237140199994,50.97771063600004],[-2.57463036799993,50.98669368100008],[-2.57493896099993,50.983318154000074],[-2.586023365999949,50.976869289000035],[-2.595845218999955,50.98133997000008],[-2.601139719999935,50.978011673000026],[-2.603417729999933,50.97628317900006],[-2.598057389999951,50.973613027000056],[-2.599882677999972,50.96740157200003],[-2.594910135999953,50.96222845500006],[-2.598378034999939,50.95950669300004],[-2.598200271999929,50.94857448800008],[-2.607174467999926,50.94575743400003],[-2.608846527999958,50.94200778900006],[-2.616035376999946,50.94144839900008],[-2.606267579999951,50.93467433200004],[-2.604040001999977,50.92672470200006],[-2.614805141999966,50.92325657400005],[-2.620434063999937,50.91002017000005],[-2.623828450999952,50.90719457800003],[-2.614891050999972,50.89326120900006],[-2.609541341999943,50.89152629300003],[-2.615531876999967,50.88189913700006],[-2.624082828999974,50.87928714700007],[-2.62791836699995,50.88630873000005],[-2.64706631599995,50.88835871100008],[-2.650362880999978,50.88333238100006],[-2.660666078999952,50.88714317700004],[-2.678885299999934,50.87752265000006],[-2.695712894999929,50.876007264000066],[-2.707099117999974,50.86972850800004],[-2.71441140099995,50.87116114300005],[-2.715419548999932,50.86388821200006],[-2.723091646999933,50.86619087200006],[-2.750936979999949,50.86383795900008],[-2.754988336999929,50.866790406000064],[-2.755049136999958,50.86680458300003],[-2.759935611999936,50.86597315500006],[-2.761821580999936,50.86075872500004],[-2.78228605299995,50.85969685200007],[-2.788977673999966,50.85344324300007],[-2.807842071999971,50.85867932300005],[-2.808068445999936,50.86363090200007],[-2.825777287999927,50.850883655000075],[-2.828682226999945,50.85204113300006],[-2.828619596999943,50.84878166500005],[-2.842864933999977,50.847372893000056],[-2.845204542999966,50.851612799000065],[-2.866791144999979,50.849256049000076],[-2.877051731999927,50.84932038300008],[-2.879235021999932,50.84637487600003],[-2.886262430999977,50.85054000800005],[-2.916478899999959,50.841765903000066],[-2.930122714999925,50.84092201800007],[-2.934332658999949,50.836484803000076],[-2.94168981599995,50.83588295900006],[-2.947340764999979,50.82373946600006],[-2.954114833999938,50.82100804600003],[-2.95432229599993,50.82116556700004],[-2.969829081999933,50.83419966900004],[-2.972571931999937,50.84603053100005],[-2.968051025999955,50.85130120200006],[-2.97463077499998,50.85233794100003],[-2.973589728999968,50.855657360000066],[-2.994443670999942,50.855146098000034],[-2.998551488999965,50.85096520700006],[-3.01144289299998,50.85720896600003],[-3.036806085999956,50.85106517300005],[-3.03263151699997,50.861639239000056],[-3.038442330999942,50.86831525200006],[-3.054062258999977,50.87304312400005],[-3.052404975999934,50.908272028000056],[-3.089850679999927,50.906114409000054],[-3.122078726999973,50.89816050600007],[-3.126340801999959,50.901719961000026],[-3.139626197999974,50.89146118300005],[-3.144185039999968,50.891398183000035],[-3.152876615999958,50.89382817300003],[-3.15615566799994,50.90007551700006],[-3.170396651999965,50.90037275800006],[-3.170555707999938,50.907589990000076],[-3.187962477999974,50.910344086000066],[-3.180298630999971,50.92292862200003],[-3.172438184999976,50.92563828700003],[-3.17246096699995,50.93578117900006],[-3.163945531999957,50.94597253400008],[-3.195783184999925,50.94750781600004],[-3.218346891999943,50.94328074200007],[-3.254830483999967,50.94184575000003],[-3.293847392999965,50.95513870500008],[-3.333669962999977,50.98278828700006],[-3.378663585999959,50.97750850700004],[-3.383427634999975,50.99453698700006],[-3.380487743999936,51.018485861000045],[-3.414174050999975,51.01970270500004],[-3.41570229499996,51.027836311000044],[-3.426815218999934,51.03140524400004],[-3.447224796999933,51.025725227000066],[-3.463688910999963,51.02526199600004],[-3.484432573999925,51.03384240100007],[-3.520457806999957,51.025895337000065],[-3.518881385999975,51.014795520000064],[-3.527563946999976,51.005521946000044],[-3.535049456999957,51.00334726500006],[-3.603208128999938,51.00723323100004],[-3.609745502999942,51.00798323500004],[-3.614700935999963,51.015549735000036],[-3.598214987999938,51.03703330700006],[-3.600285798999948,51.05060670800003],[-3.594471118999934,51.055194724000046],[-3.610329582999952,51.05794677100005],[-3.613052609999954,51.05610704400004],[-3.624303786999974,51.06123904200007],[-3.635353948999978,51.05629688600004],[-3.652330889999973,51.05964177100003],[-3.650289405999956,51.064075642000034],[-3.682367675999956,51.07335431300004],[-3.692444968999951,51.08055914900007],[-3.71994749299995,51.080820653000046],[-3.76739542699994,51.10578334500008],[-3.804288732999964,51.11568528200007],[-3.822114747999933,51.12695387800005],[-3.834737534999931,51.14138262700004],[-3.832069089999948,51.151185697000074],[-3.83982066599998,51.17667372200003],[-3.80626740699995,51.177873430000034],[-3.786303465999936,51.17192692200007],[-3.757300450999935,51.17731043100008],[-3.745875100999967,51.17555715900005],[-3.726032468999961,51.17893449800005],[-3.724421392999943,51.18392059900003],[-3.732087591999971,51.190969245000076],[-3.726211044999957,51.19942320500007],[-3.731572761999928,51.21513131000006],[-3.728736898999955,51.21885137700008],[-3.733201269999938,51.222725076000074],[-3.720549186999961,51.23306756100004],[-3.720169210999927,51.23302765400007],[-3.688545112999975,51.22970180300007],[-3.639836841999966,51.22336925500008],[-3.637809804999961,51.22434714100007],[-3.633309863999955,51.22387107800006],[-3.62367379799997,51.21810224600006],[-3.621714088999965,51.21677436200008],[-3.592175379999958,51.222700504000045],[-3.590241617999936,51.22402978500003],[-3.588486035999949,51.22530496300004],[-3.578796456999953,51.23214330600007],[-3.56871672699998,51.23262463900005],[-3.568749061999938,51.232603364000056],[-3.554510848999939,51.23308777600005],[-3.502978501999962,51.22300811800005],[-3.49689826499997,51.22398627100006],[-3.486485345999938,51.21996018400006],[-3.486299456999973,51.21988829600008],[-3.472417752999945,51.213647122000054],[-3.469033632999981,51.207905622000055],[-3.468419082999958,51.20797901800006],[-3.455234738999934,51.20955273000004],[-3.442014835999942,51.206506242000046],[-3.432609920999937,51.19819236300003],[-3.424278074999961,51.19081255800006],[-3.411643989999959,51.18386319100006],[-3.393120649999958,51.18250337900008],[-3.37362417099996,51.18466367700006],[-3.350240448999955,51.181515973000046],[-3.349530702999971,51.18160010200006],[-3.328857470999935,51.18404855000006],[-3.328142071999935,51.18186068700004],[-3.313216631999978,51.179559796000035],[-3.293955124999968,51.18268259800004],[-3.285343983999951,51.180879091000065],[-3.28414135099996,51.18062715100007],[-3.275848190999966,51.17977550200004],[-3.25690424499993,51.187722318000056],[-3.228975016999925,51.19181395600003],[-3.216271194999933,51.19430994800007],[-3.202182961999938,51.20146075800005],[-3.190123212999936,51.20266583700004],[-3.18042991599998,51.19976148400008],[-3.164287246999947,51.202645232000066],[-3.154821478999963,51.20860114800007],[-3.146630560999938,51.209385431000044],[-3.131441377999977,51.210838171000034],[-3.114447567999946,51.20697424300005],[-3.100746139999956,51.208402256000056],[-3.076378878999947,51.20137448300005],[-3.054555984999979,51.20566897600003],[-3.053872733999981,51.206026586000064],[-3.030827641999963,51.21808285900005],[-3.019152095999971,51.21825791400005],[-3.024248063999948,51.21290260200004],[-3.026370768999925,51.21494413500005],[-3.030295222999939,51.208208608000064],[-3.024478590999934,51.21219378600006],[-3.032709439999962,51.194425470000056],[-3.045189514999947,51.19465195600003],[-3.056419894999976,51.18653556900006],[-3.061382146999961,51.17357699000007],[-3.057238081999969,51.17340100400003],[-3.056181491999951,51.17335611000004],[-3.056156060999967,51.17368993500003],[-3.055950265999968,51.17639111200003],[-3.055930135999972,51.17665530600004],[-3.055550925999967,51.18163188900007],[-3.051040042999944,51.187115421000044],[-3.034629499999937,51.18892055200007],[-3.027083868999966,51.19269357200005],[-3.025146397999947,51.19579438900007],[-3.022244719999946,51.20043754300008],[-3.018014969999967,51.20720369700007],[-3.016210107999939,51.20292378200003],[-3.015694107999934,51.21004561800004],[-3.002463211999952,51.225853502000064],[-3.002331658999935,51.226010615000064],[-3.003086780999979,51.225814435000075],[-3.004192859999932,51.22552706300007],[-3.004076765999969,51.225752406000026],[-3.001860876999956,51.230053077000036],[-3.001763875999927,51.23031717600003],[-3.000279239999941,51.23439996600007],[-2.999353761999942,51.23694467800004],[-3.001823117999947,51.24487708100003],[-3.015612310999927,51.25762978600005],[-3.021896685999934,51.26902669800006],[-3.011236165999946,51.32029195000007],[-3.013797203999957,51.32353642800007],[-3.028140364999956,51.32417701500003],[-3.035929893999935,51.328545173000066],[-3.002971432999971,51.325152193000065],[-2.994155447999958,51.32093852500003],[-2.997559442999943,51.31913763500006],[-2.986631750999948,51.31274884100003],[-2.986410382999964,51.31250785100008],[-2.995215728999938,51.307575642000074],[-2.994706878999978,51.30593742700006],[-2.994979871999931,51.30575401200008],[-2.994486108999979,51.30523690700005]]]]}},{"type":"Feature","properties":{"FID":64,"LAD23CD":"E07000008","LAD23NM":"Cambridge","LAD23NMW":" ","BNG_E":545420,"BNG_N":257901,"LONG":0.126436,"LAT":52.200169,"GlobalID":"{14081CD0-D7BE-4969-B37A-DA9824094538}","SHAPE_Length":0.39895836255497596,"SHAPE_Area":0.005427559926732741,"reference":"E07000008","name":"Cambridge"},"geometry":{"type":"MultiPolygon","coordinates":[[[[0.171336020000069,52.23295803600007],[0.15485123000002,52.226486660000035],[0.16092752000003,52.22080940400008],[0.175843714000052,52.21724143600005],[0.167344323000066,52.204148040000064],[0.175749179000036,52.20545808600008],[0.178934802000072,52.201414068000076],[0.184552036000071,52.19148527100003],[0.181021471000065,52.18787098000007],[0.181328829000051,52.16949056300007],[0.163713163000068,52.17233389000006],[0.154926888000034,52.164622886000075],[0.141755790000047,52.17100455700006],[0.132046151000054,52.16823915600003],[0.103429650000066,52.15794170100003],[0.101101475000064,52.16072488000003],[0.107852662000028,52.16832248400004],[0.099287377000053,52.17132844500003],[0.098132146000069,52.18055773200007],[0.104714534000038,52.19065636700003],[0.096851682000022,52.192080403000034],[0.094891305000033,52.19933309800007],[0.078956965000032,52.20435279800006],[0.074242140000024,52.21153497800003],[0.069801570000038,52.212178480000034],[0.071117054000069,52.21512636500006],[0.068650343000058,52.21493719600005],[0.101179539000043,52.22697399800006],[0.110059064000041,52.23001998600006],[0.117406664000043,52.22826573200007],[0.118711887000075,52.23132024200004],[0.129870221000033,52.23564964800005],[0.147671272000025,52.229892446000065],[0.155281124000055,52.23722955800008],[0.171439106000037,52.233840076000035],[0.171336020000069,52.23295803600007]]]]}},{"type":"Feature","properties":{"FID":67,"LAD23CD":"E07000011","LAD23NM":"Huntingdonshire","LAD23NMW":" ","BNG_E":521008,"BNG_N":274268,"LONG":-0.2247,"LAT":52.353142,"GlobalID":"{8476A732-6D10-4DA9-A571-FD7339DAAE27}","SHAPE_Length":2.428114026892275,"SHAPE_Area":0.1205165372522736,"reference":"E07000011","name":"Huntingdonshire"},"geometry":{"type":"MultiPolygon","coordinates":[[[[-0.37574339799994,52.56628017300005],[-0.367383996999934,52.56276489100003],[-0.348477509999952,52.56437008900008],[-0.337315424999929,52.55364777700004],[-0.327243844999941,52.55291157900007],[-0.323677122999925,52.551517896000064],[-0.325924931999964,52.54864929900003],[-0.332735785999944,52.54654543800007],[-0.317823336999936,52.53434882000005],[-0.296297050999954,52.51432042300007],[-0.293289612999956,52.50688911000003],[-0.287809464999953,52.50875109700007],[-0.284637951999969,52.50611306400003],[-0.272961672999941,52.51278272300004],[-0.274047408999934,52.51896449000003],[-0.269447492999973,52.52038979500003],[-0.244780466999941,52.522998865000034],[-0.243074436999962,52.52964212300003],[-0.238254303999952,52.529077949000055],[-0.231720216999975,52.53453137000008],[-0.236646908999944,52.53825784800006],[-0.235017021999965,52.54340539000003],[-0.223123524999949,52.542440888000044],[-0.217663959999925,52.53792342600008],[-0.214143752999973,52.54179147700006],[-0.202756065999949,52.54255427000004],[-0.200398362999977,52.545215847000065],[-0.187849987999925,52.54186309800008],[-0.188288505999935,52.537081123000064],[-0.170660668999972,52.53128413700006],[-0.14355059899998,52.51122093500004],[-0.114356409999971,52.489070380000044],[-0.097639612999956,52.50172135100007],[-0.090388645999951,52.49627022200008],[-0.070872429999952,52.50586581600004],[-0.069683071999975,52.51683109700008],[-0.047977909999929,52.51078310100007],[-0.05271965999998,52.50202440000004],[-0.038506750999943,52.50184453300005],[-0.037599363999959,52.47851488600003],[-0.04168894399993,52.47701635900006],[-0.038855138999963,52.47328569300004],[-0.018533677999926,52.467629457000044],[-0.009323141999971,52.462181497000074],[-0.006979556999966,52.45677142100004],[0.008809996000025,52.45465470400006],[0.012092664000022,52.448365058000036],[0.023172918000057,52.442468156000075],[0.021667411000067,52.43498580600004],[0.034134864000066,52.42816895500005],[0.019045836000032,52.41428408300004],[0.026881132000028,52.405679760000055],[0.028202232000069,52.38991237300007],[0.034420787000045,52.38574995100004],[0.041949416000023,52.38068900700006],[0.051365565000026,52.35817878900008],[0.048119256000064,52.355905404000055],[0.043868103000023,52.35288587600007],[0.026962529000059,52.351483115000065],[0.00961843500005,52.34173941500006],[0.008181458000024,52.33445090100008],[-0.004712904999963,52.32171691500008],[-0.015146563999963,52.312545475000036],[-0.031262718999926,52.316812224000046],[-0.046464323999942,52.31465915600006],[-0.059898296999961,52.29397667600006],[-0.057151223999938,52.29277875900004],[-0.085387901999979,52.27250227500008],[-0.102271206999944,52.27767077300007],[-0.121149971999955,52.25733854600003],[-0.138111875999925,52.27664972100007],[-0.148117678999938,52.28460627800007],[-0.175476894999974,52.28021715600005],[-0.182602872999951,52.25678628000003],[-0.177496309999924,52.25029118800006],[-0.173684855999966,52.25577914300004],[-0.15712225599998,52.25430798600007],[-0.132220363999977,52.24326154700003],[-0.137588509999944,52.23014027000005],[-0.148173729999939,52.22916303100004],[-0.149040936999938,52.22594954400006],[-0.17563407199998,52.23048085200003],[-0.187016503999928,52.22879406100003],[-0.19560852799998,52.20449004000005],[-0.189051406999965,52.20057893000006],[-0.178729762999978,52.201628553000035],[-0.175885347999952,52.197255993000056],[-0.152807290999931,52.21199673400008],[-0.140154231999929,52.20792793600003],[-0.108126543999958,52.20688294900003],[-0.103949092999926,52.200385038000036],[-0.107104187999937,52.19380508800003],[-0.10121851599996,52.18541482100005],[-0.10053990199998,52.18266499300006],[-0.110961251999925,52.17892448200007],[-0.137799246999975,52.18446821200007],[-0.143332628999929,52.18328851500007],[-0.153342044999931,52.17543681600006],[-0.152541975999952,52.169612965000056],[-0.156190466999931,52.167245869000055],[-0.189534291999962,52.16920550800006],[-0.216624323999952,52.15873554400008],[-0.228862940999932,52.16624279100006],[-0.254399133999925,52.17218477800003],[-0.26069408799998,52.176401422000026],[-0.249785148999933,52.184371027000054],[-0.244001866999952,52.18268457500005],[-0.240723002999971,52.190193144000034],[-0.264911989999973,52.20572115300007],[-0.26192746299995,52.20963253300005],[-0.274219248999941,52.20874722700006],[-0.292939398999977,52.207634374000065],[-0.299390504999963,52.216043582000054],[-0.28663129399996,52.23484795500008],[-0.285693743999957,52.237401469000076],[-0.293208987999947,52.24051618200008],[-0.313688007999929,52.23899881700004],[-0.319996605999961,52.24270788100006],[-0.334493651999935,52.24292058100008],[-0.343468859999973,52.241874421000034],[-0.341010840999957,52.23064749400004],[-0.359038102999932,52.23473528300008],[-0.374375680999947,52.23299828800003],[-0.38234119699996,52.27112565700003],[-0.372175068999979,52.27349985300003],[-0.377000949999967,52.281547817000046],[-0.392625855999938,52.28242964800006],[-0.398979468999926,52.278728888000046],[-0.406871211999942,52.28746189000003],[-0.410158812999953,52.28449681300003],[-0.419009552999967,52.28425065000005],[-0.429564008999932,52.29154943800006],[-0.431875765999962,52.29659365300006],[-0.435761111999966,52.29665688000006],[-0.436088654999935,52.31447084600006],[-0.444183518999978,52.31423163000005],[-0.465365756999972,52.32295328100008],[-0.466656737999926,52.33892757600006],[-0.483264192999968,52.34090329700007],[-0.477338735999979,52.34840941500005],[-0.498699837999936,52.36009583900005],[-0.499486806999926,52.36699291900004],[-0.488518815999953,52.37402354200003],[-0.495946267999955,52.37951553000005],[-0.486737594999965,52.37903122000006],[-0.484760700999971,52.38163124300007],[-0.469888284999968,52.37989596400007],[-0.46829043799994,52.38289359100003],[-0.456831673999943,52.382329165000044],[-0.45493758799995,52.385702157000026],[-0.443761325999958,52.38385722700008],[-0.432934868999951,52.39627730800004],[-0.416156971999953,52.40358933500005],[-0.419611915999951,52.40732461500005],[-0.417072831999974,52.411599111000044],[-0.410834122999972,52.41279397000005],[-0.389544746999945,52.42176595600006],[-0.362408040999981,52.43353127800003],[-0.371866772999965,52.436842968000065],[-0.370217036999975,52.43993027100004],[-0.352892336999957,52.461060315000054],[-0.341590491999966,52.46694262700004],[-0.34971827399994,52.47288781300006],[-0.350063414999966,52.482569271000045],[-0.359404305999931,52.489830089000066],[-0.35934356599995,52.49710809800007],[-0.352147715999934,52.50335281900004],[-0.35434520299998,52.506495072000064],[-0.377926602999935,52.510657855000034],[-0.390749003999929,52.51943990700005],[-0.411846468999954,52.524753376000035],[-0.413345810999942,52.52843001100007],[-0.404668302999937,52.53230720200003],[-0.401283296999964,52.53868468300004],[-0.402060472999949,52.548321627000064],[-0.415338797999937,52.55155334500006],[-0.41959378699994,52.55896195500003],[-0.407290920999969,52.56405485500005],[-0.415695323999955,52.57010414600006],[-0.415381402999969,52.57874264000003],[-0.408880187999955,52.582658061000075],[-0.396839711999974,52.58299833800004],[-0.387850907999962,52.57506147200007],[-0.388374882999926,52.56885777700006],[-0.37574339799994,52.56628017300005]]]]}},{"type":"Feature","properties":{"FID":68,"LAD23CD":"E07000012","LAD23NM":"South Cambridgeshire","LAD23NMW":" ","BNG_E":543295,"BNG_N":247586,"LONG":0.091017,"LAT":52.108051,"GlobalID":"{AF1A001A-96B2-45C4-8503-91BF6E15731D}","SHAPE_Length":2.8294484653910295,"SHAPE_Area":0.1185569665285152,"reference":"E07000012","name":"South Cambridgeshire"},"geometry":{"type":"MultiPolygon","coordinates":[[[[0.120032971000057,52.32813325200004],[0.140316483000049,52.320670078000035],[0.149050629000044,52.325528080000026],[0.162499793000052,52.324230373000034],[0.167412884000044,52.31760103100004],[0.197289041000033,52.324289649000036],[0.198604787000022,52.31841218800008],[0.205885651000074,52.31684661300005],[0.238951219000057,52.32032467300007],[0.239315058000045,52.32558986500004],[0.248816824000073,52.32285376400006],[0.24719026300005,52.303829990000054],[0.241561276000027,52.29092317700008],[0.230313555000066,52.28645401800003],[0.228117165000072,52.28116048100003],[0.211580636000065,52.269918303000054],[0.220617793000031,52.26354065100003],[0.210470006000037,52.249459708000074],[0.218149495000034,52.24922219900003],[0.229498353000054,52.23658495700005],[0.225295227000061,52.23169976600008],[0.23043833600002,52.228924809000034],[0.232857269000021,52.23148947700008],[0.254408087000058,52.21452265000005],[0.310990995000054,52.190473729000075],[0.310379137000041,52.18572689200005],[0.351686380000046,52.168700992000026],[0.377434480000034,52.166600290000076],[0.376341205000074,52.16323300300007],[0.388910116000034,52.16180102100003],[0.394914563000043,52.15796977300005],[0.405446994000044,52.159589021000045],[0.409856947000037,52.15642438200007],[0.417276418000029,52.15930668400006],[0.420886391000067,52.15563920200003],[0.41748638200005,52.13316242900004],[0.409929050000073,52.13441579400006],[0.404674367000041,52.12925533900005],[0.409010868000053,52.12403561600007],[0.396362623000073,52.12235910100003],[0.398340480000059,52.11879195800003],[0.389589787000034,52.11747058200007],[0.381803808000029,52.10270129400004],[0.388687744000038,52.09921215800006],[0.386864308000042,52.097304904000055],[0.394996785000046,52.095968130000074],[0.390833155000053,52.089014130000066],[0.394180399000049,52.08435355700004],[0.399507894000067,52.08415888300004],[0.401970995000056,52.07248653000005],[0.407092491000071,52.070793931000026],[0.404638264000027,52.065502380000055],[0.390420041000027,52.06028809500003],[0.379612828000063,52.049562715000036],[0.388189336000039,52.04371744600007],[0.389695373000052,52.036466594000046],[0.371722418000047,52.037369408000075],[0.363835669000025,52.04361957500004],[0.343856927000047,52.051013348000026],[0.324673985000061,52.07278328700005],[0.286431681000067,52.09024991600006],[0.276230792000035,52.09265787000004],[0.252027350000049,52.077062538000064],[0.235208004000071,52.08900005000004],[0.210142694000069,52.09163989500007],[0.203459400000042,52.092674155000054],[0.193969925000033,52.07548144100008],[0.183194362000052,52.07318345500005],[0.189916315000062,52.06219958200006],[0.186373373000038,52.05666129200006],[0.167570277000038,52.05499981200006],[0.166396143000043,52.04819078000003],[0.160756717000027,52.048439976000054],[0.160577506000038,52.052098683000054],[0.152634479000028,52.05031792200003],[0.151116954000031,52.05285180200008],[0.128135198000052,52.04732257200004],[0.119077516000061,52.059962588000076],[0.105736213000057,52.06026110700003],[0.101155697000024,52.03885686000007],[0.09419514800004,52.03287421700003],[0.092254338000032,52.02165398900007],[0.079062557000043,52.00772204100008],[0.071250468000073,52.00823733800007],[0.068156073000068,52.00576309600007],[0.052098380000075,52.02463078300008],[0.039849539000045,52.053224629000056],[0.007186279000052,52.04953311200006],[-0.001343259999942,52.05160871100003],[-0.012628144999951,52.06154823700007],[-0.02441237599993,52.06331599200007],[-0.035780130999967,52.05880545600007],[-0.054263799999944,52.04660823800003],[-0.079039327999965,52.037884080000026],[-0.107694004999928,52.02835518000006],[-0.120998829999962,52.01952127700008],[-0.126567501999943,52.020921876000045],[-0.122338660999958,52.02963611500007],[-0.133729866999943,52.04623285300005],[-0.144576186999927,52.04699046500008],[-0.155121032999944,52.053061100000036],[-0.147509326999966,52.06945000700006],[-0.157605055999966,52.08044095100007],[-0.149000539999975,52.09122571700004],[-0.147859894999954,52.114199908000046],[-0.14393172399997,52.117735708000055],[-0.144434459999957,52.13816380800006],[-0.149690827999962,52.138835448000066],[-0.150513430999979,52.14361949100004],[-0.159673108999925,52.14406840000004],[-0.163750615999959,52.14012802000008],[-0.171534733999977,52.13950259100005],[-0.206204268999954,52.14444897200008],[-0.234804043999929,52.14472675800005],[-0.216624323999952,52.15873554400008],[-0.189534291999962,52.16920550800006],[-0.156190466999931,52.167245869000055],[-0.152541975999952,52.169612965000056],[-0.153342044999931,52.17543681600006],[-0.143332628999929,52.18328851500007],[-0.137799246999975,52.18446821200007],[-0.110961251999925,52.17892448200007],[-0.10053990199998,52.18266499300006],[-0.10121851599996,52.18541482100005],[-0.107104187999937,52.19380508800003],[-0.103949092999926,52.200385038000036],[-0.108126543999958,52.20688294900003],[-0.140154231999929,52.20792793600003],[-0.152807290999931,52.21199673400008],[-0.175885347999952,52.197255993000056],[-0.178729762999978,52.201628553000035],[-0.189051406999965,52.20057893000006],[-0.19560852799998,52.20449004000005],[-0.187016503999928,52.22879406100003],[-0.17563407199998,52.23048085200003],[-0.149040936999938,52.22594954400006],[-0.148173729999939,52.22916303100004],[-0.137588509999944,52.23014027000005],[-0.132220363999977,52.24326154700003],[-0.15712225599998,52.25430798600007],[-0.173684855999966,52.25577914300004],[-0.177496309999924,52.25029118800006],[-0.182602872999951,52.25678628000003],[-0.175476894999974,52.28021715600005],[-0.148117678999938,52.28460627800007],[-0.138111875999925,52.27664972100007],[-0.121149971999955,52.25733854600003],[-0.102271206999944,52.27767077300007],[-0.085387901999979,52.27250227500008],[-0.057151223999938,52.29277875900004],[-0.059898296999961,52.29397667600006],[-0.046464323999942,52.31465915600006],[-0.031262718999926,52.316812224000046],[-0.015146563999963,52.312545475000036],[-0.004712904999963,52.32171691500008],[0.008181458000024,52.33445090100008],[0.00961843500005,52.34173941500006],[0.026962529000059,52.351483115000065],[0.043868103000023,52.35288587600007],[0.065263808000054,52.34136658500006],[0.104796825000051,52.32876184000003],[0.120032971000057,52.32813325200004]],[[0.155281124000055,52.23722955800008],[0.147671272000025,52.229892446000065],[0.129870221000033,52.23564964800005],[0.118711887000075,52.23132024200004],[0.117406664000043,52.22826573200007],[0.110059064000041,52.23001998600006],[0.101179539000043,52.22697399800006],[0.068650343000058,52.21493719600005],[0.071117054000069,52.21512636500006],[0.069801570000038,52.212178480000034],[0.074242140000024,52.21153497800003],[0.078956965000032,52.20435279800006],[0.094891305000033,52.19933309800007],[0.096851682000022,52.192080403000034],[0.104714534000038,52.19065636700003],[0.098132146000069,52.18055773200007],[0.099287377000053,52.17132844500003],[0.107852662000028,52.16832248400004],[0.101101475000064,52.16072488000003],[0.103429650000066,52.15794170100003],[0.132046151000054,52.16823915600003],[0.141755790000047,52.17100455700006],[0.154926888000034,52.164622886000075],[0.163713163000068,52.17233389000006],[0.181328829000051,52.16949056300007],[0.181021471000065,52.18787098000007],[0.184552036000071,52.19148527100003],[0.178934802000072,52.201414068000076],[0.175749179000036,52.20545808600008],[0.167344323000066,52.204148040000064],[0.175843714000052,52.21724143600005],[0.16092752000003,52.22080940400008],[0.15485123000002,52.226486660000035],[0.171336020000069,52.23295803600007],[0.171439106000037,52.233840076000035],[0.155281124000055,52.23722955800008]]]]}},{"type":"Feature","properties":{"FID":69,"LAD23CD":"E07000032","LAD23NM":"Amber Valley","LAD23NMW":" ","BNG_E":436166,"BNG_N":348084,"LONG":-1.46219,"LAT":53.028839,"GlobalID":"{D09DABC1-94E3-4022-98DC-4D4334D25F55}","SHAPE_Length":1.1335622085295347,"SHAPE_Area":0.035525780771180286,"reference":"E07000032","name":"Amber Valley"},"geometry":{"type":"MultiPolygon","coordinates":[[[[-1.465369137999971,53.11080112600007],[-1.46000883399995,53.108311239000045],[-1.455545405999942,53.10961591000006],[-1.448252232999948,53.10367381400005],[-1.432544389999975,53.10589685200006],[-1.42373394699996,53.10336009500003],[-1.419662482999968,53.10656472200003],[-1.40423448699994,53.106613537000044],[-1.394906716999969,53.104761601000064],[-1.37365017999997,53.107856464000065],[-1.36316719499996,53.092436580000026],[-1.353684891999933,53.08656858100005],[-1.343666415999962,53.08658316800006],[-1.331635476999963,53.08098788800004],[-1.334717123999951,53.07757212100006],[-1.343834577999928,53.068729562000044],[-1.344112296999924,53.06233156700006],[-1.33586846299994,53.05296584700005],[-1.335765385999935,53.05075441500003],[-1.333203417999925,53.03394098600006],[-1.32803608699993,53.02933052800006],[-1.322698707999962,53.02159174700006],[-1.313355424999941,53.00523888600003],[-1.30798563899998,53.003872820000026],[-1.307426182999961,53.00362460800005],[-1.324180507999927,52.99369156200004],[-1.322051745999943,52.98934369700004],[-1.331472973999951,52.986989771000026],[-1.328357921999952,52.981621784000026],[-1.332779968999944,52.97816153000008],[-1.367284275999964,52.97734139900007],[-1.371083607999935,52.973076381000055],[-1.38597993299993,52.97913436300007],[-1.38541377599995,52.98229747900007],[-1.394544700999973,52.980594120000035],[-1.409150858999965,52.97700156600007],[-1.410062903999972,52.97963476000007],[-1.420543073999966,52.98105131400007],[-1.444828852999933,52.978805031000036],[-1.451348063999944,52.98221697000008],[-1.463441344999978,52.982797263000066],[-1.479852273999938,52.98191494200006],[-1.470709918999944,52.97166185400005],[-1.474688972999957,52.96590935000006],[-1.478493240999967,52.964643340000066],[-1.481157897999935,52.96815362800004],[-1.495405481999967,52.965879363000056],[-1.494411770999932,52.96017857800007],[-1.497800648999942,52.95600466700006],[-1.507643977999976,52.954330586000026],[-1.505903842999942,52.94832744200005],[-1.510669484999937,52.94633431800003],[-1.508028820999925,52.93745181000003],[-1.521261337999931,52.93238543900003],[-1.52700639699998,52.93241745000006],[-1.53964530099995,52.92444949600008],[-1.544068498999934,52.92420773900005],[-1.558561965999957,52.93299645900004],[-1.567161956999939,52.933102097000074],[-1.570137125999963,52.93582848400007],[-1.604126079999958,52.936887848000026],[-1.610054066999965,52.94085520300007],[-1.607136939999975,52.94717227800004],[-1.602958436999927,52.95086112300004],[-1.608002247999934,52.95649887900004],[-1.599394279999956,52.962588279000045],[-1.581229547999953,52.961067711000055],[-1.576467423999929,52.966232243000036],[-1.571019064999973,52.96656231500003],[-1.571444234999944,52.97398657800005],[-1.602163692999966,52.98577286200003],[-1.599265720999938,52.998423572000036],[-1.576798364999945,53.00206288500004],[-1.578754558999947,53.014687096000046],[-1.566746302999945,53.01369657200007],[-1.57611077699994,53.017684648000056],[-1.566326078999964,53.02246850900008],[-1.57813757699995,53.02448043100003],[-1.577338854999937,53.02229600700008],[-1.58487820299996,53.02038706700006],[-1.598566841999968,53.030470438000066],[-1.58097249399998,53.04229714300004],[-1.593463620999955,53.048832436000055],[-1.588710067999955,53.05757156700008],[-1.583381532999965,53.05994770500007],[-1.578568362999931,53.05791994000003],[-1.559198291999962,53.06923547000008],[-1.553272516999925,53.06901839100004],[-1.547500065999941,53.07384621700004],[-1.54971279199998,53.07692710200007],[-1.542578394999964,53.07855660900003],[-1.533602877999954,53.086943760000054],[-1.519344561999958,53.08623990700005],[-1.512058706999937,53.093364774000065],[-1.517454592999968,53.09651854800006],[-1.523406343999966,53.09564806100008],[-1.529825125999935,53.09547755300008],[-1.531104374999927,53.10048143800003],[-1.520606168999961,53.11448964400006],[-1.523510611999939,53.12042958900008],[-1.520190729999968,53.12403432900004],[-1.500144328999966,53.12828203400005],[-1.495365743999969,53.13396456000004],[-1.488999081999964,53.129999387000055],[-1.486842818999946,53.122930057000076],[-1.469842627999981,53.119805780000036],[-1.463007427999969,53.11414109000003],[-1.465369137999971,53.11080112600007]]]]}},{"type":"Feature","properties":{"FID":78,"LAD23CD":"E07000041","LAD23NM":"Exeter","LAD23NMW":" ","BNG_E":293239,"BNG_N":92005,"LONG":-3.51368,"LAT":50.717819,"GlobalID":"{098AB7ED-C2EF-4E35-9E7B-2C03E2587559}","SHAPE_Length":0.4014033140159847,"SHAPE_Area":0.006028590002596744,"reference":"E07000041","name":"Exeter"},"geometry":{"type":"MultiPolygon","coordinates":[[[[-3.451155817999961,50.681705444000045],[-3.45155514399994,50.68035547200003],[-3.451632562999976,50.68224619000006],[-3.451111365999964,50.68205402700005],[-3.451155817999961,50.681705444000045]]],[[[-3.512738622999962,50.76145507800004],[-3.502748122999947,50.75527081200005],[-3.496870503999958,50.75439308300008],[-3.496780743999977,50.754334895000056],[-3.488217557999974,50.75213677000005],[-3.48584502999995,50.750816231000044],[-3.481020564999938,50.74698701900007],[-3.465096682999956,50.74494891000006],[-3.465996099999927,50.74207232800006],[-3.460432874999981,50.739197786000034],[-3.462436456999967,50.728815944000075],[-3.462429648999944,50.72864241900004],[-3.463657423999962,50.712576186000035],[-3.471421931999942,50.69881370200005],[-3.460973333999959,50.695678849000046],[-3.460750452999946,50.69552430500005],[-3.459127122999973,50.68500896300003],[-3.451782356999956,50.682301418000065],[-3.451828056999943,50.68222695500003],[-3.454923122999958,50.67718329500008],[-3.457284834999939,50.67553850300004],[-3.479888890999973,50.69077709900006],[-3.483879998999953,50.69051048500006],[-3.481029613999965,50.68954940500004],[-3.47762666999995,50.68501368500006],[-3.49272790699996,50.68861055200006],[-3.494350035999958,50.69274110600003],[-3.501770145999956,50.69432484100008],[-3.506781563999937,50.69111605400008],[-3.522817810999925,50.692576958000075],[-3.526831688999948,50.69532049800006],[-3.529388224999934,50.692817363000074],[-3.539091634999977,50.69291797000005],[-3.545481210999981,50.70190960200006],[-3.56274437999997,50.706902865000075],[-3.56487468399996,50.71086473500003],[-3.568702388999952,50.71461394500005],[-3.564783287999944,50.719986290000065],[-3.570131619999927,50.727830192000056],[-3.560577645999956,50.73005802000006],[-3.569664486999955,50.74500368900004],[-3.552025446999949,50.74513093200005],[-3.550343554999927,50.74879479600003],[-3.548214716999951,50.74730317800004],[-3.529045347999954,50.756557703000055],[-3.526221460999977,50.75530407000008],[-3.525869718999957,50.758304416000044],[-3.512738622999962,50.76145507800004]]]]}},{"type":"Feature","properties":{"FID":86,"LAD23CD":"E07000062","LAD23NM":"Hastings","LAD23NMW":" ","BNG_E":581528,"BNG_N":110694,"LONG":0.57839501,"LAT":50.867241,"GlobalID":"{F8A76B6B-F234-4B28-B0FC-24413FDB5157}","SHAPE_Length":0.3678569272342973,"SHAPE_Area":0.003863069381541425,"reference":"E07000062","name":"Hastings"},"geometry":{"type":"MultiPolygon","coordinates":[[[[0.53695003200005,50.894824603000075],[0.546273050000025,50.89210224100003],[0.556313265000028,50.89408270100006],[0.560870124000076,50.888877559000036],[0.582727784000042,50.884746893000056],[0.589866787000062,50.88272955000008],[0.597742441000037,50.884602434000044],[0.603722187000074,50.87856562300004],[0.617621843000052,50.884775199000046],[0.638579827000058,50.87730031700005],[0.646367619000046,50.87131793900005],[0.655853999000044,50.872780824000074],[0.658637905000035,50.86995070900008],[0.608872236000025,50.85976264000004],[0.605983753000032,50.85850510900008],[0.589436126000066,50.85421609800005],[0.587146038000071,50.85406204000003],[0.586781939000048,50.85403754200007],[0.571682968000061,50.85305105400005],[0.555812629000059,50.85142395300005],[0.543733671000041,50.85018400200005],[0.543450410000048,50.85013487800006],[0.535443794000059,50.84874603800006],[0.519118315000071,50.84686144700004],[0.51314344900004,50.84487447300006],[0.503065731000049,50.84312128600004],[0.504124094000019,50.84480598300007],[0.508573339000066,50.850869653000075],[0.512190209000039,50.84898129000004],[0.52118899900006,50.851743560000045],[0.518112252000037,50.862261455000066],[0.521409243000051,50.87029318900005],[0.519897090000029,50.87718847000008],[0.529357005000065,50.89236919000007],[0.53695003200005,50.894824603000075]]]]}},{"type":"Feature","properties":{"FID":90,"LAD23CD":"E07000066","LAD23NM":"Basildon","LAD23NMW":" ","BNG_E":571548,"BNG_N":190849,"LONG":0.47505599,"LAT":51.59037,"GlobalID":"{88D09C14-8AFB-486D-BBD8-ED8D26ADEA3B}","SHAPE_Length":0.6185342724866785,"SHAPE_Area":0.014403645031738497,"reference":"E07000066","name":"Basildon"},"geometry":{"type":"MultiPolygon","coordinates":[[[[0.44682842800006,51.626669037000056],[0.463074784000071,51.62361782100004],[0.481357965000029,51.62556123300004],[0.49454036100002,51.62362119900007],[0.504829548000032,51.62171645300003],[0.504821027000048,51.624372375000064],[0.512900001000048,51.62661364200005],[0.520260177000068,51.62541003700005],[0.52082255800002,51.618791377000036],[0.54098811700004,51.62087672000007],[0.544432510000036,51.617905230000076],[0.562475298000038,51.61785264900004],[0.561622037000063,51.61247617600003],[0.556646016000059,51.60839466700003],[0.551545394000073,51.60884825900007],[0.549784578000072,51.598180874000036],[0.565566659000069,51.593858477000026],[0.563742030000071,51.59158617800006],[0.565918633000024,51.58824524200003],[0.566039305000061,51.58813291800004],[0.568425989000048,51.58657792400004],[0.557613058000072,51.58061844300005],[0.545144600000071,51.574760352000055],[0.543802476000053,51.56728372500004],[0.539691811000068,51.56007962000007],[0.53838279100006,51.55333126200003],[0.544261104000043,51.54636577700006],[0.54286860000002,51.534970705000035],[0.535216728000023,51.53117010300008],[0.522551322000027,51.53281466200008],[0.517003079000062,51.53010417000007],[0.508553594000034,51.53664864900003],[0.49164014400003,51.54013257400004],[0.484919680000075,51.54780806800005],[0.466802036000047,51.54668252400006],[0.46169734800003,51.553688898000075],[0.45235387300005,51.551933424000026],[0.446013847000074,51.55117632200006],[0.439936720000048,51.54511372300004],[0.431000761000064,51.549723175000054],[0.430400225000028,51.546005113000035],[0.424786781000023,51.548084722000056],[0.42523178600004,51.552519190000055],[0.418180981000035,51.55083861900005],[0.421148273000028,51.55301435600006],[0.417560546000061,51.55707423100006],[0.393500848000031,51.557711306000044],[0.391753003000019,51.567190621000066],[0.382605093000052,51.56582381700008],[0.382031089000066,51.58208468000004],[0.385019974000045,51.59031218700005],[0.375126918000035,51.615172725000036],[0.38422655100004,51.61956481400006],[0.386077752000062,51.63434646400003],[0.394871074000037,51.64446429000003],[0.403018597000028,51.645824858000026],[0.402178789000061,51.65098223600006],[0.435384417000023,51.64896246300003],[0.446822343000065,51.641983509000056],[0.442893409000021,51.636997707000035],[0.44682842800006,51.626669037000056]]]]}},{"type":"Feature","properties":{"FID":92,"LAD23CD":"E07000068","LAD23NM":"Brentwood","LAD23NMW":" ","BNG_E":558560,"BNG_N":196070,"LONG":0.29009101,"LAT":51.641079,"GlobalID":"{71251443-382C-4380-B10F-C220B0BC0AF9}","SHAPE_Length":0.7569635187104885,"SHAPE_Area":0.019885074605245568,"reference":"E07000068","name":"Brentwood"},"geometry":{"type":"MultiPolygon","coordinates":[[[[0.344969015000061,51.69551950200008],[0.360551397000052,51.69038435500005],[0.376697621000062,51.69850338300006],[0.381827465000072,51.69364653200006],[0.39202511700006,51.69145705200003],[0.401497818000053,51.68242140700005],[0.397826007000049,51.679460250000034],[0.404896712000038,51.67869247800007],[0.41256020700007,51.67089617500005],[0.400147705000052,51.66226967500006],[0.402766259000032,51.65968259600004],[0.396881736000068,51.65368385600004],[0.402178789000061,51.65098223600006],[0.403018597000028,51.645824858000026],[0.394871074000037,51.64446429000003],[0.386077752000062,51.63434646400003],[0.38422655100004,51.61956481400006],[0.375126918000035,51.615172725000036],[0.385019974000045,51.59031218700005],[0.382031089000066,51.58208468000004],[0.382605093000052,51.56582381700008],[0.343784222000068,51.567821405000075],[0.313008168000067,51.56594192500006],[0.31303508000002,51.56581813300005],[0.290201524000054,51.56449719900007],[0.287123868000037,51.57270998900003],[0.271232678000047,51.58899215800005],[0.269866485000023,51.599554451000074],[0.260870024000042,51.600390470000036],[0.253916399000047,51.60192012300007],[0.263257699000064,51.60919199500006],[0.224087730000065,51.63173776200006],[0.208496661000027,51.62668769600003],[0.200311573000022,51.62493575800005],[0.194623162000028,51.64097940700003],[0.175702646000047,51.65579188800007],[0.192990348000023,51.65309902100006],[0.190857963000042,51.65982044200007],[0.208156616000053,51.66097120300003],[0.206787276000057,51.664486132000036],[0.21330086100005,51.665534398000034],[0.21502659600003,51.67485260900003],[0.239002074000041,51.674109206000026],[0.232184568000037,51.68335798000004],[0.240225717000044,51.68275066000007],[0.245821814000067,51.68813585000004],[0.254312478000031,51.68983825500004],[0.255596602000026,51.692820908000044],[0.257512947000066,51.69684265600006],[0.265739511000049,51.699706853000066],[0.26686799600003,51.695818908000035],[0.283478421000041,51.69411136900004],[0.302124819000028,51.68096544800005],[0.307456193000064,51.694291159000045],[0.323826552000071,51.70979537900007],[0.323061908000057,51.714167676000045],[0.333999479000056,51.71701305300007],[0.344969015000061,51.69551950200008]]]]}},{"type":"Feature","properties":{"FID":93,"LAD23CD":"E07000069","LAD23NM":"Castle Point","LAD23NMW":" ","BNG_E":579493,"BNG_N":187920,"LONG":0.58812702,"LAT":51.561588,"GlobalID":"{43D021AF-4C8A-4F43-BCF9-30C295A7A844}","SHAPE_Length":0.6320322130043962,"SHAPE_Area":0.005747267451106034,"reference":"E07000069","name":"Castle Point"},"geometry":{"type":"MultiPolygon","coordinates":[[[[0.625101714000039,51.53658001300005],[0.625459646000024,51.532368131000055],[0.609036016000061,51.53483248800006],[0.62424665900005,51.53650593900005],[0.625101714000039,51.53658001300005]]],[[[0.556518161000042,51.54443668300007],[0.553120425000031,51.541889946000026],[0.558488768000075,51.54398984300008],[0.561093995000022,51.54314261700006],[0.573275629000022,51.53910611800006],[0.585268606000056,51.53736707500008],[0.57797421600003,51.53588630000007],[0.593021426000064,51.535248670000044],[0.58727676500007,51.537099742000066],[0.59400405100007,51.536300304000065],[0.600671530000056,51.53550754300005],[0.599115251000057,51.53498988700005],[0.60163962300004,51.53488258100003],[0.605839167000056,51.53069724200003],[0.596634916000028,51.532388035000054],[0.596158753000054,51.53069325100006],[0.596103302000074,51.53049587600003],[0.627990111000031,51.527389765000066],[0.632045110000035,51.52460078400003],[0.62613996500005,51.522233791000076],[0.625688007000065,51.52205260800008],[0.625420223000049,51.52197500800003],[0.623764576000042,51.52128149500004],[0.636857597000073,51.52195369300006],[0.627831204000074,51.52042597700006],[0.625056261000054,51.51636905400005],[0.603837059000057,51.51288561100006],[0.60331689700007,51.512800162000076],[0.592582646000039,51.511291965000055],[0.589426848000073,51.510848346000046],[0.585659935000024,51.51315017200005],[0.583194540000022,51.51111084000007],[0.583139737000067,51.51106550500003],[0.581471458000067,51.50968539200005],[0.573330418000069,51.50782899300003],[0.553567186000066,51.50993553200004],[0.548515347000034,51.514145754000026],[0.548308080000027,51.514318470000035],[0.548030414000038,51.51574332000007],[0.545127115000071,51.516968976000044],[0.541338071000041,51.52012565100006],[0.538102084000059,51.51992753600007],[0.526703657000041,51.51921415600003],[0.517995306000046,51.529870850000066],[0.521884414000056,51.53159481500006],[0.523834995000072,51.532459370000026],[0.526407792000043,51.531983092000075],[0.529720858000076,51.53134536200008],[0.53449770800006,51.53042567600005],[0.543109534000052,51.53450680900005],[0.545792708000022,51.546761977000074],[0.545841039000038,51.54698266200006],[0.545930697000074,51.54739204300006],[0.546546027000034,51.547220321000054],[0.546616426000071,51.547200675000056],[0.556518161000042,51.54443668300007]]],[[[0.624160112000027,51.54765752600008],[0.625008465000064,51.53767723800007],[0.60847030900004,51.53495120100007],[0.603235832000053,51.535909040000035],[0.595987501000025,51.53723491300008],[0.594077004000042,51.53758428500004],[0.587812608000036,51.538729587000034],[0.587590686000055,51.53877015200004],[0.56538792300006,51.541938892000076],[0.564671990000022,51.542170181000074],[0.547582982000051,51.547688950000065],[0.545033824000029,51.54763007100007],[0.544261104000043,51.54636577700006],[0.53838279100006,51.55333126200003],[0.539691811000068,51.56007962000007],[0.543802476000053,51.56728372500004],[0.545144600000071,51.574760352000055],[0.557613058000072,51.58061844300005],[0.568425989000048,51.58657792400004],[0.566039305000061,51.58813291800004],[0.565918633000024,51.58824524200003],[0.593320622000022,51.577732],[0.59861113300002,51.57692694200006],[0.608388245000071,51.576056179000034],[0.632077285000037,51.57052947600005],[0.635575650000021,51.56064961100003],[0.631685214000072,51.557644880000055],[0.624160112000027,51.54765752600008]]]]}},{"type":"Feature","properties":{"FID":95,"LAD23CD":"E07000071","LAD23NM":"Colchester","LAD23NMW":" ","BNG_E":596947,"BNG_N":223692,"LONG":0.85982001,"LAT":51.87701,"GlobalID":"{6A9B7C2F-8829-472C-8E0E-3E206F4660FF}","SHAPE_Length":1.7528881508124894,"SHAPE_Area":0.0434447075589972,"reference":"E07000071","name":"Colchester"},"geometry":{"type":"MultiPolygon","coordinates":[[[[0.965127443000029,51.80882859700006],[0.974779535000039,51.804389005000075],[0.993336163000038,51.80353114600007],[1.005846115000054,51.79945688400005],[0.99661366700002,51.79124549200003],[0.945791283000062,51.77472581900008],[0.902246805000061,51.77437220300004],[0.898098961000073,51.77973151400005],[0.901872450000042,51.78615628300008],[0.91953713700002,51.794060642000034],[0.926477961000046,51.80156881600004],[0.943611979000025,51.80693574000003],[0.944593728000029,51.80576437500008],[0.945356649000075,51.80683628100007],[0.965127443000029,51.80882859700006]]],[[[0.961905655000066,51.97693030100004],[0.97130485200006,51.969804156000066],[0.970982749000029,51.96240775800004],[1.001264032000051,51.96340483100005],[1.011561546000053,51.95506981400007],[1.024711989000025,51.95490236200004],[1.022820657000068,51.94645897500004],[1.005733531000033,51.935604959000045],[0.985527800000057,51.93973678200007],[0.969269164000025,51.939724530000035],[0.949227674000042,51.93501853600003],[0.935284123000031,51.92250615100005],[0.932241991000069,51.918213749000074],[0.931511168000043,51.913229648000026],[0.948003544000073,51.91001235400006],[0.944139178000057,51.90622476600004],[0.95714306900004,51.90364835200006],[0.951731997000024,51.89926933100003],[0.948809136000023,51.89675245800004],[0.953097873000047,51.89170814600004],[0.962620281000056,51.891387397000074],[0.95812031600002,51.88111674400005],[0.952853229000027,51.88031016100007],[0.976594711000075,51.873322347000055],[0.979370024000048,51.86952405400007],[0.973978497000076,51.86045608400008],[0.97810432700004,51.85404328900006],[0.966581867000059,51.85165804900004],[0.966201094000041,51.85177556500008],[0.955468599000028,51.854122586000074],[0.957597254000063,51.85332181900003],[0.976016069000025,51.84639018900003],[0.977621955000075,51.840888505000066],[0.978421111000046,51.83815015700003],[0.974422804000028,51.828816706000055],[0.982322645000067,51.81735872200005],[0.966372557000057,51.82228092200006],[0.964056412000048,51.829002124000056],[0.952554470000052,51.83328579500005],[0.962939884000036,51.82826847900003],[0.964166442000021,51.821993031000034],[0.949239198000043,51.82465302500003],[0.943539749000024,51.82216426800005],[0.951213891000066,51.82337671500005],[0.966618463000032,51.819442544000026],[0.991238983000073,51.80719920000007],[0.969588926000029,51.81273265800007],[0.927476617000025,51.80755455500008],[0.925257910000028,51.80830970100004],[0.919892868000034,51.80791053100006],[0.923259204000033,51.80616750000007],[0.937152458000071,51.805859774000055],[0.925405185000045,51.802699982000036],[0.899600731000021,51.78878727500006],[0.901321677000055,51.79232622600006],[0.898594259000049,51.79012264000005],[0.897248327000057,51.78903510500004],[0.89475339400002,51.791020368000034],[0.89465763100003,51.78982309700007],[0.893427670000051,51.77443856300005],[0.878527872000063,51.785747393000065],[0.87122830900006,51.78427201300008],[0.872213411000075,51.78320644100006],[0.856196791000059,51.78741651000007],[0.859595177000074,51.785751865000066],[0.851548774000037,51.78628733800008],[0.841604084000039,51.78230468400005],[0.837467700000047,51.78420701200008],[0.84330660300003,51.78076430400006],[0.852588429000036,51.782849432000035],[0.840239397000062,51.77925557000003],[0.803929220000043,51.78970494500004],[0.805730471000061,51.791948139000056],[0.815929111000059,51.78924711500008],[0.808111583000027,51.79331861800006],[0.81185479200002,51.79911914300004],[0.779089704000057,51.81156320200006],[0.754230218000032,51.80096918600003],[0.718171007000024,51.79736300800005],[0.719036243000062,51.80516204400004],[0.713329896000062,51.808459637000055],[0.721663681000052,51.810005395000076],[0.710791684000071,51.81734358600005],[0.708908944000029,51.81890421500003],[0.721332071000063,51.830236125000056],[0.711898459000054,51.83455714400003],[0.733204122000075,51.84200115600004],[0.738348945000041,51.837854812000046],[0.741561131000026,51.84129010000004],[0.733123693000039,51.848462521000044],[0.750343950000058,51.853601997000055],[0.745873466000035,51.85974576700005],[0.752925743000048,51.863132464000046],[0.740742442000055,51.87062089700004],[0.736606593000033,51.87167950500003],[0.730460900000026,51.86755303000007],[0.717561724000063,51.87053062100006],[0.723538512000061,51.87394241700008],[0.718174978000036,51.87792794200004],[0.722784881000052,51.87880971800007],[0.711862445000065,51.88653526300004],[0.710582413000054,51.89515593900006],[0.700061805000075,51.89973516800006],[0.699683839000045,51.903485387000046],[0.72260237200004,51.90357628700008],[0.729069738000021,51.90804012000007],[0.722221636000029,51.91018561700008],[0.740141420000043,51.93163869000006],[0.740273160000072,51.939994839000065],[0.746920218000071,51.94537061400007],[0.749708182000063,51.95478878500006],[0.764041524000049,51.95431998600003],[0.768509305000066,51.96190783700007],[0.777576141000054,51.95988483700006],[0.781468928000038,51.966512941000076],[0.785147399000039,51.96746817400003],[0.787210318000064,51.963100688000054],[0.810877142000038,51.960696089000066],[0.815281612000035,51.967053528000065],[0.82465004900007,51.968549608000046],[0.850240125000028,51.96076664600008],[0.866907235000042,51.96919976400005],[0.877647571000068,51.966513933000044],[0.886565671000028,51.96844503300008],[0.889748608000048,51.97342406200005],[0.925239840000074,51.97616440400003],[0.929386648000047,51.97143868900008],[0.942911023000022,51.970690295000054],[0.961905655000066,51.97693030100004]]]]}},{"type":"Feature","properties":{"FID":96,"LAD23CD":"E07000072","LAD23NM":"Epping Forest","LAD23NMW":" ","BNG_E":548919,"BNG_N":203757,"LONG":0.154146,"LAT":51.71278,"GlobalID":"{0D1D2640-D030-47AA-927C-9CCB58698BF0}","SHAPE_Length":1.2891172687629768,"SHAPE_Area":0.04408427527709582,"reference":"E07000072","name":"Epping Forest"},"geometry":{"type":"MultiPolygon","coordinates":[[[[0.188568127000053,51.81927790600008],[0.196634302000064,51.79579676100008],[0.20733240900006,51.79209917700007],[0.218644632000064,51.798154486000044],[0.225746994000076,51.794494187000055],[0.231482041000049,51.795150920000026],[0.235746935000066,51.788635156000055],[0.240913115000069,51.788387303000036],[0.236839675000056,51.78613292400007],[0.237528008000027,51.77982672200005],[0.257498996000038,51.781870232000074],[0.281385827000065,51.78949708300007],[0.297460672000057,51.78996642800007],[0.296456278000051,51.780560699000034],[0.302829876000033,51.77740718700005],[0.299365660000035,51.77185988000008],[0.31296581700002,51.76884218100008],[0.320082120000052,51.77256342100003],[0.321638690000043,51.76993287200003],[0.346700459000033,51.76759607100007],[0.341113906000032,51.75201205600007],[0.347451317000036,51.73043979700003],[0.333999479000056,51.71701305300007],[0.323061908000057,51.714167676000045],[0.323826552000071,51.70979537900007],[0.307456193000064,51.694291159000045],[0.302124819000028,51.68096544800005],[0.283478421000041,51.69411136900004],[0.26686799600003,51.695818908000035],[0.265739511000049,51.699706853000066],[0.257512947000066,51.69684265600006],[0.255596602000026,51.692820908000044],[0.254312478000031,51.68983825500004],[0.245821814000067,51.68813585000004],[0.240225717000044,51.68275066000007],[0.232184568000037,51.68335798000004],[0.239002074000041,51.674109206000026],[0.21502659600003,51.67485260900003],[0.21330086100005,51.665534398000034],[0.206787276000057,51.664486132000036],[0.208156616000053,51.66097120300003],[0.190857963000042,51.65982044200007],[0.192990348000023,51.65309902100006],[0.175702646000047,51.65579188800007],[0.194623162000028,51.64097940700003],[0.200311573000022,51.62493575800005],[0.181238047000022,51.625826595000035],[0.168901298000037,51.62142017000008],[0.151073418000067,51.62324704400004],[0.13818423500004,51.62354539700004],[0.129187436000052,51.621401038000045],[0.119307302000038,51.61536850400006],[0.116710193000074,51.61692165000005],[0.103837893000048,51.61255136600005],[0.098068391000027,51.61542158100008],[0.092284868000036,51.61357426500007],[0.09469262600004,51.61074715800004],[0.088836610000044,51.60485969900003],[0.079369068000062,51.607038474000035],[0.072811863000027,51.60468190000006],[0.062565555000049,51.60708046700006],[0.047956184000043,51.61330263600007],[0.053672774000063,51.61827909900006],[0.040787843000032,51.61572882000007],[0.021819035000021,51.62883278700008],[0.025224407000053,51.635249602000044],[0.025159214000041,51.637289390000035],[0.022719542000061,51.641115494000076],[0.00106727800005,51.641762397000036],[-0.012259686999926,51.646228697000026],[-0.011837262999961,51.64884751100004],[-0.00983142299998,51.66177045100005],[-0.010328400999924,51.67666467000004],[-0.011918675999937,51.68087781600008],[-0.018496088999939,51.698434199000076],[-0.019730428999935,51.70327430000003],[-0.017578811999954,51.70740344600006],[-0.015499543999965,51.715327743000046],[-0.014120258999981,51.72312083400004],[-0.013747258999956,51.73540018600005],[-0.012980102999961,51.742751276000035],[-0.00623378399996,51.74170994200006],[0.00125738600002,51.74513649900007],[0.002914286000021,51.75379958800005],[0.004170582000029,51.75537164700006],[0.012992316000066,51.757465453000066],[0.014029058000062,51.76438],[0.026799443000073,51.774179900000036],[0.042323418000024,51.77513052100005],[0.057663539000032,51.77967392800008],[0.061225162000028,51.77805678400006],[0.054068811000036,51.775535501000036],[0.057663414000046,51.762906445000056],[0.06165027000003,51.760016525000026],[0.065426371000058,51.761567952000064],[0.063952044000075,51.75145297500006],[0.080752070000074,51.74139003100004],[0.084286512000062,51.73469],[0.100082732000033,51.73933257900006],[0.09743588200007,51.743263400000046],[0.102442501000041,51.74629524900007],[0.11268816300003,51.74652611800008],[0.126824734000024,51.749125364000065],[0.126610112000037,51.75214083800006],[0.148137359000032,51.75907122400008],[0.154635493000058,51.767052798000066],[0.16801896000004,51.78278398100008],[0.154738185000042,51.78664960100008],[0.15356934700003,51.79380033900003],[0.147419925000065,51.79345695900008],[0.146141158000034,51.796243762000074],[0.150766869000051,51.79704951300005],[0.158308819000069,51.81351699700008],[0.167008446000068,51.81327963500007],[0.172583035000059,51.81630439000003],[0.173021848000076,51.81888074400007],[0.164731843000027,51.81924054600006],[0.166251617000057,51.82215400900003],[0.184965558000044,51.82011621300006],[0.188568127000053,51.81927790600008]]]]}},{"type":"Feature","properties":{"FID":97,"LAD23CD":"E07000073","LAD23NM":"Harlow","LAD23NMW":" ","BNG_E":545276,"BNG_N":209589,"LONG":0.103888,"LAT":51.76614,"GlobalID":"{258240A4-04BB-423B-A571-2D01435ED24B}","SHAPE_Length":0.302022674454341,"SHAPE_Area":0.003974879992223092,"reference":"E07000073","name":"Harlow"},"geometry":{"type":"MultiPolygon","coordinates":[[[[0.146141158000034,51.796243762000074],[0.147419925000065,51.79345695900008],[0.15356934700003,51.79380033900003],[0.154738185000042,51.78664960100008],[0.16801896000004,51.78278398100008],[0.154635493000058,51.767052798000066],[0.148137359000032,51.75907122400008],[0.126610112000037,51.75214083800006],[0.126824734000024,51.749125364000065],[0.11268816300003,51.74652611800008],[0.102442501000041,51.74629524900007],[0.09743588200007,51.743263400000046],[0.100082732000033,51.73933257900006],[0.084286512000062,51.73469],[0.080752070000074,51.74139003100004],[0.063952044000075,51.75145297500006],[0.065426371000058,51.761567952000064],[0.06165027000003,51.760016525000026],[0.057663414000046,51.762906445000056],[0.054068811000036,51.775535501000036],[0.061225162000028,51.77805678400006],[0.057663539000032,51.77967392800008],[0.063683682000033,51.78395316400008],[0.08974893200002,51.784036755000045],[0.099254511000026,51.783230753000055],[0.107320536000032,51.78793974300004],[0.111153492000028,51.788451027000065],[0.132452339000054,51.795852539000066],[0.146141158000034,51.796243762000074]]]]}},{"type":"Feature","properties":{"FID":99,"LAD23CD":"E07000075","LAD23NM":"Rochford","LAD23NMW":" ","BNG_E":585979,"BNG_N":191417,"LONG":0.683442,"LAT":51.5909,"GlobalID":"{5B3D4EB6-A394-422F-A627-F8A3BDE5270B}","SHAPE_Length":1.657517047885349,"SHAPE_Area":0.022048993840899322,"reference":"E07000075","name":"Rochford"},"geometry":{"type":"MultiPolygon","coordinates":[[[[0.840283360000058,51.56087044600008],[0.831408381000074,51.560229701000026],[0.825779682000075,51.564466682000045],[0.828924483000037,51.572257911000065],[0.832185192000054,51.57428205600007],[0.83390647300007,51.57002586400006],[0.840283360000058,51.56087044600008]]],[[[0.83749146200006,51.58517682000007],[0.822949655000059,51.564881968000066],[0.815574616000049,51.57693753600006],[0.809380944000054,51.57911594900003],[0.808188772000051,51.585019242000044],[0.808066085000064,51.58562667400008],[0.808316921000028,51.58583395800008],[0.818339602000037,51.59411438200004],[0.830143842000041,51.59596627900004],[0.836353467000038,51.59490344300008],[0.83749146200006,51.58517682000007]]],[[[0.955316883000023,51.613164778000055],[0.929866928000024,51.592446368000026],[0.886572784000066,51.56958907900008],[0.884526933000075,51.56939236200003],[0.87921377300006,51.56888130200008],[0.866370064000023,51.55894084200003],[0.853616668000029,51.55694034000004],[0.840146358000027,51.56163649300004],[0.832725149000055,51.575769147000074],[0.838649729000053,51.58147836300003],[0.845546391000028,51.582111747000056],[0.847854082000026,51.57762350300004],[0.857277058000022,51.57647249900003],[0.863400352000042,51.571862159000034],[0.85791496500002,51.57725293300007],[0.848433493000073,51.57830197700008],[0.846476496000037,51.58267196800006],[0.840078210000058,51.58202300900007],[0.837997484000027,51.593618965000076],[0.85865681000007,51.59249504400003],[0.866825808000044,51.59518636300004],[0.874374641000031,51.61415086100004],[0.883242485000039,51.616165642000055],[0.887456070000042,51.61558505100004],[0.90076865900005,51.61374962100007],[0.957516616000021,51.620532308000065],[0.955316883000023,51.613164778000055]]],[[[0.764094702000023,51.63687816700008],[0.784418833000075,51.62429637500003],[0.779443552000032,51.61883095500008],[0.78508393900006,51.62361954600004],[0.865747079000073,51.61556976800006],[0.866138183000032,51.59921724000003],[0.862526473000059,51.59605222600004],[0.821170513000027,51.59873845700008],[0.816287591000048,51.60224756800005],[0.819110571000067,51.59760976800004],[0.80424520400004,51.589339874000075],[0.76464323600004,51.583224260000065],[0.754261684000028,51.58811303900006],[0.751110388000029,51.58640175600004],[0.75976285400003,51.58473509300006],[0.758659314000056,51.581187828000054],[0.75845406600007,51.58052800100006],[0.751186569000026,51.580392319000055],[0.751102110000033,51.58039073900005],[0.721834536000074,51.57983960700005],[0.723386242000061,51.57872273800007],[0.725591816000076,51.577135111000075],[0.713659116000031,51.57265492000005],[0.74420290200004,51.57873132700007],[0.74772712500004,51.579431783000075],[0.753111433000072,51.57919659200007],[0.759738749000064,51.57890676200003],[0.761042449000058,51.57636228500007],[0.764633986000035,51.58055150400003],[0.805932493000057,51.586122008000075],[0.806779126000038,51.57971517300007],[0.793474657000047,51.57633440700005],[0.799139203000038,51.57091526900007],[0.799215523000044,51.57094757300007],[0.801883310000051,51.572076725000045],[0.807021941000073,51.56964963200005],[0.803774038000029,51.56722339000004],[0.808220662000053,51.56713591400006],[0.809913916000028,51.569809742000075],[0.795668823000028,51.574598507000076],[0.808062449000033,51.57873200800003],[0.814382238000064,51.57644539900008],[0.821011955000074,51.564374556000075],[0.817822952000029,51.561996744000055],[0.82459775600006,51.56358044400008],[0.829607311000075,51.55855172000008],[0.840125156000056,51.56016200100004],[0.850500488000023,51.55662219000004],[0.848619669000072,51.55139200800005],[0.821187634000069,51.54062457400005],[0.821153105000064,51.54060516800007],[0.819168410000032,51.54220654100004],[0.81486925400003,51.543731765000075],[0.810868212000059,51.540132096000036],[0.78899055100004,51.54244412600008],[0.78679883600006,51.54726745900007],[0.786689932000058,51.552943397000035],[0.76986127400005,51.55178345100006],[0.753154015000064,51.55486707500006],[0.752092538000056,51.55836188400008],[0.739026317000025,51.55935043800008],[0.718391676000067,51.56094584600004],[0.705018590000066,51.56711904900004],[0.667833186000053,51.57220783300005],[0.643955290000065,51.57508488000008],[0.63895093900004,51.576801071000034],[0.632220804000042,51.57071507000006],[0.632077285000037,51.57052947600005],[0.608388245000071,51.576056179000034],[0.59861113300002,51.57692694200006],[0.593320622000022,51.577732],[0.565918633000024,51.58824524200003],[0.563742030000071,51.59158617800006],[0.565566659000069,51.593858477000026],[0.549784578000072,51.598180874000036],[0.551545394000073,51.60884825900007],[0.556646016000059,51.60839466700003],[0.561622037000063,51.61247617600003],[0.562475298000038,51.61785264900004],[0.566270076000023,51.622557019000055],[0.578483346000041,51.62500718800004],[0.586921960000041,51.62338994500004],[0.587905912000053,51.63085072600006],[0.605174118000036,51.629607785000076],[0.606201229000021,51.629305490000036],[0.605313962000025,51.62900393900003],[0.60680127400002,51.62912888000005],[0.607279895000033,51.62898800600004],[0.608653159000028,51.629284419000044],[0.637196896000034,51.63167771500008],[0.647497275000035,51.629916352000066],[0.646900264000067,51.633401011000046],[0.651593219000063,51.63590855900003],[0.657129904000044,51.63305916300004],[0.65678944900003,51.63520735900005],[0.656837887000052,51.63520604900003],[0.710176138000065,51.633751387000075],[0.711376032000032,51.633718387000044],[0.721976066000025,51.635778094000045],[0.733916931000067,51.63096516500008],[0.749473868000052,51.631175281000026],[0.764094702000023,51.63687816700008]]]]}},{"type":"Feature","properties":{"FID":102,"LAD23CD":"E07000078","LAD23NM":"Cheltenham","LAD23NMW":" ","BNG_E":394925,"BNG_N":222232,"LONG":-2.07515,"LAT":51.898609,"GlobalID":"{236EB4C9-E10E-4A77-A07E-4D294264DD88}","SHAPE_Length":0.3898366714528178,"SHAPE_Area":0.00607244825577932,"reference":"E07000078","name":"Cheltenham"},"geometry":{"type":"MultiPolygon","coordinates":[[[[-2.03994348699996,51.922410540000044],[-2.040526811999939,51.914599785000064],[-2.032698507999953,51.91177998100005],[-2.037536042999932,51.90757340600004],[-2.033778869999935,51.904416911000055],[-2.010215191999976,51.90292445400007],[-2.015611870999976,51.88180751300007],[-2.021109542999966,51.87626003200006],[-2.025251528999945,51.86428404800006],[-2.036542724999947,51.86427291900003],[-2.038523496999971,51.860708266000074],[-2.047254029999976,51.85834126900005],[-2.059364939999966,51.86444340800006],[-2.070757312999945,51.86502683300006],[-2.069552790999978,51.86840009500003],[-2.076241860999971,51.868961495000065],[-2.078116912999974,51.87308889500008],[-2.08071868299993,51.87085828600004],[-2.085712182999941,51.87312672200005],[-2.092288222999969,51.87117604200006],[-2.09751946199998,51.87886352100003],[-2.102269098999955,51.87599394100005],[-2.107709025999952,51.87889493200004],[-2.123251800999981,51.88311864700006],[-2.127725765999969,51.87971972200006],[-2.126078028999927,51.88739003100005],[-2.142418192999969,51.88450854000007],[-2.141431330999978,51.89182584000008],[-2.136881407999965,51.89962580400004],[-2.131454635999944,51.908439703000056],[-2.124498747999951,51.919484698000076],[-2.110707743999967,51.91612773600008],[-2.103251094999962,51.92336064400007],[-2.106565424999928,51.93888158000004],[-2.089609954999958,51.931928665000044],[-2.067217826999979,51.92961685600005],[-2.067101190999949,51.929595035000034],[-2.06700110099996,51.92958821800005],[-2.03994348699996,51.922410540000044]]]]}},{"type":"Feature","properties":{"FID":105,"LAD23CD":"E07000081","LAD23NM":"Gloucester","LAD23NMW":" ","BNG_E":384071,"BNG_N":216449,"LONG":-2.23263,"LAT":51.846409,"GlobalID":"{D30C1800-09AA-42B8-86B4-1E48728A04D3}","SHAPE_Length":0.3392835807935929,"SHAPE_Area":0.0053439023733612085,"reference":"E07000081","name":"Gloucester"},"geometry":{"type":"MultiPolygon","coordinates":[[[[-2.204769444999954,51.88286331000006],[-2.198785645999976,51.880011642000056],[-2.198348891999956,51.87926528100007],[-2.199685716999966,51.87791066600005],[-2.197616097999969,51.87170303400006],[-2.196385092999947,51.865543511000055],[-2.192050733999963,51.86435660500007],[-2.177257891999943,51.85587720900003],[-2.18667445799997,51.84616591400004],[-2.187683043999925,51.84502868700008],[-2.199240950999979,51.83774916100003],[-2.206944904999943,51.831412424000064],[-2.223211852999952,51.82125160600003],[-2.227488249999965,51.82831126200006],[-2.236872582999979,51.82557749100005],[-2.24623562599993,51.82605541300006],[-2.256630747999964,51.821463953000034],[-2.258177436999972,51.81819224100008],[-2.262855239999965,51.80758040200004],[-2.28280744999995,51.81454544500008],[-2.296084858999961,51.82397056700006],[-2.301099123999961,51.82676489000005],[-2.298226911999961,51.832602018000046],[-2.291287409999939,51.83377029800005],[-2.285746178999943,51.84126813900008],[-2.279256610999937,51.845285723000075],[-2.288278887999979,51.85940888300007],[-2.275206560999948,51.86242790300008],[-2.267870424999956,51.875179942000045],[-2.260406164999949,51.87556082400005],[-2.247043241999961,51.88105710000008],[-2.237956640999926,51.883109647000026],[-2.230388664999964,51.88194588200008],[-2.214542374999951,51.88522410000007],[-2.204769444999954,51.88286331000006]]]]}},{"type":"Feature","properties":{"FID":106,"LAD23CD":"E07000082","LAD23NM":"Stroud","LAD23NMW":" ","BNG_E":378807,"BNG_N":202410,"LONG":-2.3081801,"LAT":51.720009,"GlobalID":"{99D861A9-689E-4D68-A1DD-0D140CCD8E6A}","SHAPE_Length":1.8277576112993483,"SHAPE_Area":0.06004692352484612,"reference":"E07000082","name":"Stroud"},"geometry":{"type":"MultiPolygon","coordinates":[[[[-2.451339637999979,51.79698760600007],[-2.45020930499993,51.79229697100004],[-2.45180880099997,51.79640066800005],[-2.451339637999979,51.79698760600007]]],[[[-2.350721241999963,51.79788416000008],[-2.35148838899994,51.79774179600008],[-2.350042373999941,51.79912361500004],[-2.350721241999963,51.79788416000008]]],[[[-2.28280744999995,51.81454544500008],[-2.262855239999965,51.80758040200004],[-2.258177436999972,51.81819224100008],[-2.256630747999964,51.821463953000034],[-2.24623562599993,51.82605541300006],[-2.236872582999979,51.82557749100005],[-2.227488249999965,51.82831126200006],[-2.223211852999952,51.82125160600003],[-2.206944904999943,51.831412424000064],[-2.199240950999979,51.83774916100003],[-2.187683043999925,51.84502868700008],[-2.17865414399995,51.84182771600007],[-2.179746199999954,51.83829974500003],[-2.167838019999976,51.830436571000064],[-2.152847140999938,51.82314074000004],[-2.134254474999977,51.81991904100005],[-2.123694765999971,51.81020040300007],[-2.117592643999956,51.80916284600005],[-2.119502104999981,51.80336151500006],[-2.115635905999966,51.79945784100005],[-2.083844759999977,51.78891075800004],[-2.082754087999945,51.778455190000045],[-2.072970206999969,51.76974379900008],[-2.089725546999944,51.76568421400003],[-2.102388188999953,51.76710343900004],[-2.105866847999948,51.74396258500008],[-2.100468011999965,51.74074748600003],[-2.089597009999977,51.74700553900004],[-2.080251719999978,51.74367703200005],[-2.079959602999963,51.73929317300008],[-2.068624137999961,51.738461295000036],[-2.074863268999934,51.734369514000036],[-2.083582257999979,51.73586405100008],[-2.084735165999973,51.728330493000044],[-2.128230042999974,51.724717474000045],[-2.134035320999942,51.72207096600005],[-2.133226983999975,51.70860202500006],[-2.123727353999925,51.706180258000074],[-2.129901945999961,51.69729035300003],[-2.140767868999944,51.699321593000036],[-2.149909020999928,51.68937871000003],[-2.158945682999956,51.686384505000035],[-2.164127741999948,51.69055556700005],[-2.175170873999946,51.69074770800006],[-2.180814636999969,51.687618566000026],[-2.200622756999962,51.69284027800006],[-2.211796850999974,51.68218292900008],[-2.204720424999948,51.68148230700007],[-2.20060553299993,51.67454876100004],[-2.187549477999937,51.67028842600007],[-2.192327870999975,51.659763475000034],[-2.232696652999948,51.660930646000054],[-2.242490423999925,51.67394550700004],[-2.265336785999978,51.67827900100008],[-2.271529309999949,51.68288671400006],[-2.28716408799994,51.68063562800006],[-2.286144590999925,51.67427222100008],[-2.281797820999941,51.67364347000006],[-2.283848969999951,51.67004828000006],[-2.289697257999933,51.66945760200008],[-2.284299812999961,51.667006256000036],[-2.29283219499996,51.65615677400007],[-2.315274636999959,51.645832745000064],[-2.307170655999926,51.642897825000034],[-2.323568666999961,51.63297414400006],[-2.31433058999994,51.625062170000035],[-2.293760425999949,51.63251415800005],[-2.27685241599994,51.61914905200007],[-2.274324676999925,51.61458727400003],[-2.280822200999978,51.61153271900008],[-2.291637286999958,51.59369592100006],[-2.29654955999996,51.594994529000076],[-2.300097949999952,51.59148149100008],[-2.308253115999946,51.592864752000025],[-2.316570055999932,51.589834041000074],[-2.319846585999926,51.593915423000055],[-2.331062559999964,51.59160219100005],[-2.334175762999962,51.59663315300003],[-2.335252491999938,51.594253655000045],[-2.344111794999947,51.59422891500003],[-2.344019346999971,51.596498645000054],[-2.352785576999963,51.59669564300003],[-2.365641503999939,51.60374112000005],[-2.370429700999978,51.59757343000007],[-2.393099991999975,51.59707552400005],[-2.39503181799995,51.60489893100004],[-2.388909668999929,51.62754037500008],[-2.400474905999943,51.63514348100006],[-2.388181566999947,51.63717456100005],[-2.385988501999975,51.63994311000005],[-2.397142440999971,51.639554358000055],[-2.394783374999975,51.64212039200004],[-2.398802736999926,51.645795296000074],[-2.407157421999955,51.64120118100004],[-2.431822471999965,51.64687026300004],[-2.442986074999965,51.65248662600004],[-2.445655511999973,51.64933384100004],[-2.460441632999959,51.65260190200007],[-2.470334869999931,51.64747440100007],[-2.485571795999931,51.64507003700004],[-2.490675324999927,51.64483398400006],[-2.484940863999952,51.64844513400004],[-2.493100445999971,51.65203529000007],[-2.489646300999937,51.66396451000003],[-2.509050310999953,51.666041783000026],[-2.532388852999929,51.67805968300007],[-2.508648979999975,51.68626499000004],[-2.49331389799994,51.697713030000045],[-2.49004752299993,51.70015045800005],[-2.489003357999934,51.69966449600008],[-2.481855294999946,51.72565081400006],[-2.472301842999968,51.72598809900006],[-2.449455135999926,51.73982109100007],[-2.432622398999968,51.73622469700007],[-2.383216707999964,51.75863778200005],[-2.382037160999971,51.75917236300006],[-2.379327970999952,51.76627804600008],[-2.38371957499993,51.77575594800004],[-2.413039481999931,51.786058585000035],[-2.440772996999954,51.78830178900006],[-2.447024454999962,51.792684843000075],[-2.44411876099997,51.799761259000036],[-2.434864685999969,51.80995426700008],[-2.424597977999952,51.81504937700004],[-2.412609287999942,51.805317701000035],[-2.374883202999968,51.792801463000046],[-2.354250694999962,51.79403636500007],[-2.354204495999966,51.794039127000076],[-2.347146696999971,51.79768983400004],[-2.345805163999955,51.803916540000046],[-2.359347970999977,51.811176841000076],[-2.361676032999981,51.82221543300005],[-2.35976388399996,51.826606310000045],[-2.353250063999951,51.82879782200007],[-2.349701900999946,51.829741358000035],[-2.35647155199996,51.83543312200004],[-2.351774929999976,51.84622496900005],[-2.333044835999942,51.85046314200008],[-2.307467109999948,51.84687782200007],[-2.298226911999961,51.832602018000046],[-2.301099123999961,51.82676489000005],[-2.296084858999961,51.82397056700006],[-2.28280744999995,51.81454544500008]]]]}},{"type":"Feature","properties":{"FID":108,"LAD23CD":"E07000084","LAD23NM":"Basingstoke and Deane","LAD23NMW":" ","BNG_E":454507,"BNG_N":151423,"LONG":-1.22023,"LAT":51.259369,"GlobalID":"{EA841846-E656-470E-86D5-F08CF9D93E80}","SHAPE_Length":1.576208522096559,"SHAPE_Area":0.08169696871962066,"reference":"E07000084","name":"Basingstoke and Deane"},"geometry":{"type":"MultiPolygon","coordinates":[[[[-1.075354480999977,51.37952430200005],[-1.080022375999931,51.37460356100007],[-1.072511556999928,51.37527607000004],[-1.065774475999945,51.37232108200004],[-1.051514495999925,51.36262643800006],[-1.05008141299993,51.358109167000066],[-1.011122868999962,51.359169888000054],[-1.00022284299996,51.36266808000005],[-0.98612375099998,51.362848289000056],[-0.986740059999931,51.35985562500008],[-0.994603751999932,51.34231148200007],[-0.990737065999951,51.34265231200004],[-0.991673851999963,51.33870391600004],[-0.981001363999951,51.33722946800003],[-0.982572953999977,51.32618013200005],[-0.987080289999938,51.32288756200006],[-0.983887340999956,51.310020903000066],[-0.995397001999947,51.29869560600008],[-1.001217132999955,51.30023185700003],[-1.001603369999941,51.29591527200006],[-1.00022127699998,51.28922137700005],[-0.981726432999949,51.28663127900006],[-0.979925608999963,51.26758710000007],[-0.993707664999931,51.244417025000075],[-0.978818220999926,51.24208402800008],[-0.974796237999954,51.23851939100007],[-0.983109648999971,51.235307969000075],[-0.975474728999927,51.225915394000026],[-0.983281982999927,51.223078970000074],[-0.97810121599997,51.220484492000026],[-0.984159523999949,51.21242785600003],[-0.985882555999979,51.190435569000044],[-1.013130155999932,51.18774152300006],[-1.035690662999968,51.190706574000046],[-1.050027488999945,51.18793374000006],[-1.061691176999943,51.19051790000003],[-1.071103876999928,51.18775591900004],[-1.077470894999976,51.172735835000026],[-1.07424962999994,51.164451728000074],[-1.087377612999944,51.16768960300004],[-1.104920641999968,51.163148926000076],[-1.131789778999973,51.14358078400005],[-1.151782053999966,51.138972582000065],[-1.151011460999939,51.136176610000064],[-1.174288837999939,51.13354014600003],[-1.186565650999967,51.138180755000064],[-1.184445023999956,51.14431061200003],[-1.203679181999973,51.15022694800007],[-1.213299293999967,51.15194728100005],[-1.214379928999961,51.15877438600006],[-1.185572309999941,51.163988681000035],[-1.181696053999929,51.17524989800006],[-1.192920685999979,51.179376941000044],[-1.190307356999938,51.183765194000046],[-1.20123246299994,51.18560537500008],[-1.206560577999937,51.18070200900007],[-1.227853043999971,51.190485815000045],[-1.24860954299993,51.19109369000006],[-1.287418991999971,51.19623550600005],[-1.292712696999956,51.19441360500008],[-1.298939132999976,51.19703426500007],[-1.308822993999968,51.19473891600006],[-1.312559601999965,51.19358736100003],[-1.340938981999955,51.18457903500007],[-1.341611640999929,51.20565413600008],[-1.358178050999925,51.21202071600004],[-1.360040913999967,51.20456739400004],[-1.368862261999936,51.202406765000035],[-1.383665987999962,51.21490024700006],[-1.421091033999971,51.22373621300005],[-1.427633197999967,51.22702896100003],[-1.427465137999945,51.23306993400007],[-1.433283889999927,51.23652426400008],[-1.44505503399995,51.24962447400003],[-1.460152357999959,51.255890571000066],[-1.446950195999932,51.26791886800004],[-1.422059107999928,51.27740953300008],[-1.416765838999936,51.283069004000026],[-1.419261117999952,51.293026542000064],[-1.428651029999969,51.30039023200004],[-1.418409122999947,51.32647775500004],[-1.423303346999944,51.330924190000076],[-1.421335985999974,51.33555246100008],[-1.429705662999936,51.336544169000035],[-1.44487844799994,51.34809768200006],[-1.444115790999945,51.35491383200008],[-1.428355175999968,51.356766863000075],[-1.415466059999972,51.37198902700004],[-1.352879685999937,51.36726247300004],[-1.316719490999958,51.37291260000006],[-1.273409908999952,51.36752096300006],[-1.270694051999953,51.36880797500004],[-1.251139550999937,51.37204052900006],[-1.241578699999934,51.366221531000065],[-1.222588100999928,51.36975423300004],[-1.221025942999972,51.36758940200008],[-1.189281677999929,51.363322528000026],[-1.176894275999928,51.35732405400006],[-1.169621831999962,51.36072568800006],[-1.144130708999967,51.35726310700005],[-1.115790911999966,51.36046616500005],[-1.115457190999962,51.374214909000045],[-1.097517384999946,51.381725904000064],[-1.086640675999945,51.38391120500006],[-1.075354480999977,51.37952430200005]]]]}},{"type":"Feature","properties":{"FID":110,"LAD23CD":"E07000086","LAD23NM":"Eastleigh","LAD23NMW":" ","BNG_E":447199,"BNG_N":116807,"LONG":-1.32947,"LAT":50.948761,"GlobalID":"{653512C8-AD29-4410-8CEA-9CD338ED0567}","SHAPE_Length":0.695942717423484,"SHAPE_Area":0.010146233016343056,"reference":"E07000086","name":"Eastleigh"},"geometry":{"type":"MultiPolygon","coordinates":[[[[-1.342765486999951,50.990888777000066],[-1.346566321999944,50.981399519000036],[-1.344057292999935,50.984862021000026],[-1.335471603999963,50.98350700900005],[-1.330390811999962,50.98374793500005],[-1.327678057999947,50.980120068000076],[-1.322728099999949,50.987548315000026],[-1.316393741999946,50.985125020000055],[-1.293150287999936,50.98371366600003],[-1.293428152999979,50.97414531100003],[-1.275388637999924,50.973885417000076],[-1.272070955999936,50.97909847200003],[-1.266554300999928,50.98015660000004],[-1.258154273999935,50.97834189300005],[-1.269969038999932,50.96552979300003],[-1.291031375999978,50.95085843500004],[-1.291124820999926,50.94684455400005],[-1.284725750999939,50.93637858500006],[-1.273690857999952,50.93570267900003],[-1.267207155999927,50.92934304000005],[-1.26423731999995,50.92050156300007],[-1.268796622999957,50.90971600700004],[-1.262045414999932,50.903736329000026],[-1.261175521999974,50.90296497400004],[-1.26102997199996,50.90283297800005],[-1.262827410999932,50.89978225100003],[-1.279079567999929,50.897265049000055],[-1.280818949999968,50.899371030000054],[-1.280234361999931,50.897164245000056],[-1.289054799999974,50.896159064000074],[-1.289813034999952,50.89379486400003],[-1.291127520999964,50.89242928200008],[-1.293521082999973,50.892770778000056],[-1.294693265999967,50.89293799700005],[-1.305111615999976,50.88307335700006],[-1.300210146999973,50.87946413800006],[-1.312901165999961,50.876444941000045],[-1.314365327999951,50.87335541500005],[-1.313411190999943,50.87237197400003],[-1.312591219999945,50.87152677500006],[-1.309677700999941,50.86899832800003],[-1.309702810999966,50.86846183200004],[-1.313132627999948,50.86507594900007],[-1.312436329999969,50.854773641000065],[-1.317738248999945,50.85418679300005],[-1.310215330999938,50.850665254000035],[-1.312649527999952,50.84886750000004],[-1.33190855099997,50.85710566000006],[-1.364008450999961,50.879277595000076],[-1.349384459999953,50.88858906000007],[-1.342037937999976,50.893700685000056],[-1.321977561999972,50.90095349900008],[-1.324023627999964,50.90441042600003],[-1.327875758999937,50.90445329200003],[-1.324639478999927,50.908438122000064],[-1.329815801999928,50.91494083500004],[-1.339488441999947,50.923713330000055],[-1.353481435999925,50.92654274900008],[-1.357419413999935,50.93178063200003],[-1.352770370999963,50.93535750500007],[-1.358997870999929,50.93795742300006],[-1.354689951999944,50.941021834000026],[-1.357442713999944,50.94237146200004],[-1.366918092999924,50.94686829600005],[-1.379891894999957,50.94751807000006],[-1.374034111999947,50.95397580800005],[-1.384478086999934,50.956268831000045],[-1.382944879999968,50.96076509100004],[-1.392764042999943,50.96448737000003],[-1.396465771999942,50.968502783000076],[-1.393128352999952,50.97484309600003],[-1.396381267999971,50.97754705300008],[-1.391427080999961,50.98680887900008],[-1.397157229999948,50.99043912700006],[-1.399643013999935,50.994673943000066],[-1.391933046999952,50.99921933400003],[-1.392974659999936,51.004361319000054],[-1.357137622999971,50.998436069000036],[-1.342765486999951,50.990888777000066]]]]}},{"type":"Feature","properties":{"FID":111,"LAD23CD":"E07000087","LAD23NM":"Fareham","LAD23NMW":" ","BNG_E":453774,"BNG_N":106319,"LONG":-1.23742,"LAT":50.853882,"GlobalID":"{C40F4A66-E67F-4CF6-8094-E0849D37A3C3}","SHAPE_Length":0.613477528887882,"SHAPE_Area":0.009488992618057728,"reference":"E07000087","name":"Fareham"},"geometry":{"type":"MultiPolygon","coordinates":[[[[-1.176099827999963,50.83926033500006],[-1.177780987999938,50.83834060100003],[-1.17614813199998,50.839268204000064],[-1.176099827999963,50.83926033500006]]],[[[-1.236609304999945,50.86375643300005],[-1.22965030599994,50.86060500200006],[-1.229009445999964,50.86121146600004],[-1.223558348999973,50.867572566000035],[-1.216038965999928,50.87505803800008],[-1.198018734999948,50.87594308900003],[-1.195863549999956,50.88503870200003],[-1.188160897999978,50.883983371000056],[-1.188345291999951,50.888016632000074],[-1.180629554999939,50.88798394300005],[-1.167217638999944,50.889433163000035],[-1.150034672999936,50.87940428500008],[-1.151727211999969,50.87027857500004],[-1.144521794999946,50.866576724000026],[-1.143381921999946,50.85909611100004],[-1.132783262999965,50.85813938500007],[-1.115783197999974,50.85827384900006],[-1.118132259999925,50.84420628000004],[-1.113005797999961,50.836112728000046],[-1.136875798999938,50.83830956700007],[-1.136953349999942,50.83832358300003],[-1.149220290999949,50.84053971700007],[-1.152128647999973,50.84106491700004],[-1.152327579999962,50.84111348500005],[-1.153783297999951,50.84477285200006],[-1.153824071999964,50.844763956000065],[-1.153836683999941,50.844807235000076],[-1.167695413999979,50.841736378000064],[-1.172671029999947,50.84064986900006],[-1.175564600999962,50.84587411600006],[-1.175722088999976,50.84615841600004],[-1.176720681999939,50.84796102100006],[-1.176139305999925,50.84798458900008],[-1.176043264999976,50.84798848200006],[-1.169259002999979,50.84826327500008],[-1.168259091999971,50.85032373100006],[-1.166986546999965,50.85294584800005],[-1.169369331999974,50.84956450700008],[-1.176281177999954,50.84903932600008],[-1.176378599999964,50.84903192000007],[-1.178873048999947,50.84884227800006],[-1.178965408999943,50.84883525500004],[-1.178994977999935,50.84870079900003],[-1.175748468999927,50.84211139000007],[-1.17934678599994,50.83747598000008],[-1.18037635099995,50.836910137000075],[-1.181659345999947,50.836678059000064],[-1.181734107999944,50.83230744000008],[-1.189113240999973,50.822672227000055],[-1.186301885999967,50.81958964300003],[-1.17884335399998,50.81431437500004],[-1.186999287999924,50.81139659100006],[-1.193929091999962,50.81103681800005],[-1.214146624999955,50.810792166000056],[-1.214392853999925,50.80937357500005],[-1.242895098999952,50.81831049400006],[-1.243152306999946,50.81823033300003],[-1.246179542999926,50.81728680900005],[-1.267208731999972,50.82737014300005],[-1.26725973799995,50.82738747500008],[-1.30640856399998,50.84067967100003],[-1.308005541999933,50.84525030200007],[-1.303335620999974,50.84857510300003],[-1.307724655999948,50.86310925500004],[-1.307820062999951,50.86342515800004],[-1.305755137999938,50.87439625900004],[-1.305412502999957,50.87462118900004],[-1.296345459999941,50.879256557000076],[-1.302041065999958,50.88364232600003],[-1.300096485999973,50.88543817600004],[-1.297981327999935,50.88701234500007],[-1.287740124999971,50.89173750000003],[-1.287118861999943,50.89536310200003],[-1.265511637999964,50.89774786300006],[-1.265247779999925,50.897908261000055],[-1.254679494999948,50.887018391000026],[-1.255285951999952,50.87492778600006],[-1.253497376999974,50.87238580800005],[-1.236609304999945,50.86375643300005]]]]}},{"type":"Feature","properties":{"FID":112,"LAD23CD":"E07000088","LAD23NM":"Gosport","LAD23NMW":" ","BNG_E":458769,"BNG_N":101088,"LONG":-1.16731,"LAT":50.806358,"GlobalID":"{8EC7A1F7-7990-407F-B8AF-96D20BE19A8C}","SHAPE_Length":0.38471602366981966,"SHAPE_Area":0.0032160698987994713,"reference":"E07000088","name":"Gosport"},"geometry":{"type":"MultiPolygon","coordinates":[[[[-1.166451904999974,50.83768822300004],[-1.16650488199997,50.834717341000044],[-1.158952699999929,50.83848248600003],[-1.158518985999933,50.83869868000005],[-1.151671070999953,50.83415161000005],[-1.15011332399996,50.83235106700005],[-1.150257352999972,50.826768937000054],[-1.154793398999971,50.824539885000036],[-1.155037544999971,50.82441989800003],[-1.157127885999955,50.82339254300007],[-1.149500487999944,50.825126897000075],[-1.145779594999965,50.82597273400006],[-1.140943852999953,50.81630662500004],[-1.14019058599996,50.81586106300006],[-1.140074262999974,50.815792257000055],[-1.123815280999963,50.80617188200006],[-1.131206854999959,50.805179431000056],[-1.136065247999966,50.804526828000064],[-1.134447744999932,50.80211705000005],[-1.13382176999994,50.80225490300006],[-1.123738639999942,50.80412637400008],[-1.122315689999937,50.800004984000054],[-1.121828873999959,50.79964193200004],[-1.121391000999949,50.79931537400006],[-1.117230460999963,50.79621221100007],[-1.116572628999961,50.795721513000046],[-1.118685108999955,50.79121324100004],[-1.128281386999959,50.79177007000004],[-1.126947173999952,50.78928525900005],[-1.130684653999936,50.788796999000056],[-1.136223253999958,50.790340839000066],[-1.133997181999973,50.78878827800003],[-1.131804096999929,50.787258601000076],[-1.138630619999958,50.78518768300006],[-1.137120289999928,50.78516814500006],[-1.132973102999927,50.785114401000044],[-1.126869484999929,50.78829006600006],[-1.124922003999927,50.789303165000035],[-1.124359282999933,50.78959588400005],[-1.124054523999973,50.78953497700007],[-1.123285469999928,50.78938127600003],[-1.11641588699996,50.78800806700008],[-1.113098277999939,50.791344398000035],[-1.112247436999951,50.78927256700007],[-1.124754405999965,50.782160918000045],[-1.138117263999959,50.77388249000006],[-1.149860631999957,50.77832170200003],[-1.149967046999961,50.77837767500006],[-1.150345467999955,50.77857672200008],[-1.161373733999937,50.784376046000034],[-1.175953723999953,50.78645253700006],[-1.181000730999926,50.78786766700006],[-1.192964661999952,50.79179340700006],[-1.19902465399997,50.79680242400008],[-1.214147621999928,50.809296637000045],[-1.214392853999925,50.80937357500005],[-1.214146624999955,50.810792166000056],[-1.193929091999962,50.81103681800005],[-1.186999287999924,50.81139659100006],[-1.17884335399998,50.81431437500004],[-1.186301885999967,50.81958964300003],[-1.189113240999973,50.822672227000055],[-1.181734107999944,50.83230744000008],[-1.181659345999947,50.836678059000064],[-1.18037635099995,50.836910137000075],[-1.17934678599994,50.83747598000008],[-1.179373898999927,50.83744104800007],[-1.17839212399997,50.83800063600006],[-1.177780987999938,50.83834060100003],[-1.176099827999963,50.83926033500006],[-1.166451904999974,50.83768822300004]]]]}},{"type":"Feature","properties":{"FID":113,"LAD23CD":"E07000089","LAD23NM":"Hart","LAD23NMW":" ","BNG_E":477985,"BNG_N":154241,"LONG":-0.88321,"LAT":51.281979,"GlobalID":"{90923D81-44ED-437E-93D5-56CC6F08829D}","SHAPE_Length":0.835192606852381,"SHAPE_Area":0.027719043338739285,"reference":"E07000089","name":"Hart"},"geometry":{"type":"MultiPolygon","coordinates":[[[[-0.915075745999957,51.36078603000004],[-0.878057285999944,51.35262944300007],[-0.86807999399997,51.35474929600008],[-0.847771700999942,51.35247699900003],[-0.842861529999936,51.35227123100003],[-0.837373716999934,51.352886123000076],[-0.828124465999963,51.35286391900007],[-0.819049122999957,51.348829788000046],[-0.814080123999929,51.34156519900006],[-0.794929,51.34095959700005],[-0.784650939999949,51.33823208000007],[-0.775466206999965,51.33195890300004],[-0.767093449999948,51.32622489000005],[-0.762903119999976,51.31873053000004],[-0.764209329999971,51.31759329100004],[-0.767806087999929,51.32008433800007],[-0.773295699999949,51.31677976200007],[-0.778650808999942,51.31748600200007],[-0.793037683999955,51.30807642700006],[-0.789116276999948,51.30672842900003],[-0.791397924999956,51.30353367400005],[-0.796568633999925,51.30466693600005],[-0.797070350999945,51.30237818400008],[-0.796873691999963,51.29766410800005],[-0.802928157999929,51.29297386700006],[-0.795979724999938,51.28682602200007],[-0.797909304999962,51.28454418900003],[-0.790292025999975,51.282196483000064],[-0.807523791999927,51.27529158400006],[-0.80341700799994,51.272226456000055],[-0.804725641999937,51.26936032800006],[-0.804749572999924,51.24506474800006],[-0.820778171999962,51.23927082700004],[-0.820781953999926,51.23559744200003],[-0.820797806999963,51.235448277000046],[-0.826633225999956,51.234366763000025],[-0.828470054999968,51.23068125900005],[-0.829099799999938,51.22540483000006],[-0.848929726999927,51.21073272800004],[-0.869051826999964,51.21273675600003],[-0.884390766999957,51.21020522800006],[-0.904307630999938,51.20990875200005],[-0.90917757699998,51.20549851100003],[-0.951175604999946,51.20044660700006],[-0.973820434999936,51.186007663000055],[-0.985882555999979,51.190435569000044],[-0.984159523999949,51.21242785600003],[-0.97810121599997,51.220484492000026],[-0.983281982999927,51.223078970000074],[-0.975474728999927,51.225915394000026],[-0.983109648999971,51.235307969000075],[-0.974796237999954,51.23851939100007],[-0.978818220999926,51.24208402800008],[-0.993707664999931,51.244417025000075],[-0.979925608999963,51.26758710000007],[-0.981726432999949,51.28663127900006],[-1.00022127699998,51.28922137700005],[-1.001603369999941,51.29591527200006],[-1.001217132999955,51.30023185700003],[-0.995397001999947,51.29869560600008],[-0.983887340999956,51.310020903000066],[-0.987080289999938,51.32288756200006],[-0.982572953999977,51.32618013200005],[-0.981001363999951,51.33722946800003],[-0.991673851999963,51.33870391600004],[-0.990737065999951,51.34265231200004],[-0.994603751999932,51.34231148200007],[-0.986740059999931,51.35985562500008],[-0.939153416999943,51.36317156300004],[-0.93598936199993,51.36631706600008],[-0.91774780999998,51.364556579000066],[-0.915075745999957,51.36078603000004]]]]}},{"type":"Feature","properties":{"FID":114,"LAD23CD":"E07000090","LAD23NM":"Havant","LAD23NMW":" ","BNG_E":470178,"BNG_N":108564,"LONG":-1.00398,"LAT":50.872311,"GlobalID":"{9EBFD7CA-75D1-42C5-ADEC-14D3634DD4AF}","SHAPE_Length":0.8707035962696654,"SHAPE_Area":0.007057900830731767,"reference":"E07000090","name":"Havant"},"geometry":{"type":"MultiPolygon","coordinates":[[[[-1.005316380999943,50.833793412000034],[-1.002379941999948,50.829323970000075],[-1.008970358999932,50.83331636100007],[-1.005316380999943,50.833793412000034]]],[[[-0.969103196999924,50.83453305000006],[-0.970280425999931,50.83072591300004],[-0.963643217999959,50.83343341700004],[-0.957278995999957,50.83130926600006],[-0.951026190999926,50.823978889000045],[-0.957602768999948,50.81579845300007],[-0.957057021999958,50.807342934000076],[-0.961209020999945,50.81135122100005],[-0.971052404999966,50.81064244200007],[-0.961723438999968,50.80927211900007],[-0.965169303999971,50.80652116700003],[-0.970987781999952,50.80796834900008],[-0.971313739999971,50.80804941000008],[-0.973387965999962,50.80879695600004],[-0.971467189999942,50.80639435900008],[-0.970882113999949,50.80566246500007],[-0.96897079699994,50.80274091800004],[-0.958607334999954,50.80470117300007],[-0.952744881999934,50.80106776700006],[-0.957063793999964,50.79912435800003],[-0.955824634999942,50.79487964800006],[-0.955484265999928,50.793713585000035],[-0.962735100999964,50.78945798900003],[-0.967861395999932,50.790149092000036],[-0.967338514999938,50.78715256500004],[-0.957552236999959,50.78978774900003],[-0.951307489999976,50.78690625100006],[-0.951194460999943,50.78421726100004],[-0.961422624999955,50.782224995000036],[-0.949271371999941,50.78312080000006],[-0.943205639999974,50.786712710000074],[-0.937011507999955,50.78253233600003],[-0.936808134999978,50.78681111600008],[-0.936469448999958,50.77815411100005],[-0.946455445999959,50.77712678600005],[-0.97870224199994,50.78262560500008],[-0.991125074999957,50.78352862300005],[-1.007057232999955,50.78498798800007],[-1.00856663999997,50.78479417700004],[-1.020185842999979,50.78563577800003],[-1.025330991999965,50.79539833800004],[-1.024228973999925,50.795471457000076],[-1.019889013999943,50.79575931200003],[-1.020225744999948,50.79543794600005],[-1.021947682999951,50.79379449700008],[-1.017594369999927,50.792451277000055],[-1.017315948999965,50.795177402000036],[-1.005864282999937,50.79328727600006],[-1.001361700999951,50.79527797500003],[-0.994896275999963,50.798135898000055],[-0.983331962999955,50.820759157000055],[-0.986794979999956,50.82690183400007],[-0.977813484999956,50.83299060600007],[-0.969103196999924,50.83453305000006]]],[[[-1.018483767999953,50.83816585000005],[-1.010246324999969,50.83495766500005],[-1.01695548999993,50.83688673100005],[-1.023370525999951,50.83332600400007],[-1.021363854999947,50.837074389000065],[-1.018483767999953,50.83816585000005]]],[[[-0.960443268999938,50.87218376000004],[-0.963385134999953,50.867253994000066],[-0.953538326999933,50.86819576400006],[-0.938656961999925,50.87371455200008],[-0.926450186999944,50.86409172100008],[-0.932781161999969,50.853232622000064],[-0.93221717299997,50.845586971000046],[-0.932477907999953,50.84604943800008],[-0.932200206999937,50.84342770200004],[-0.937570438999956,50.84441061000007],[-0.94001196399995,50.84190757200008],[-0.951230558999953,50.84401613300008],[-0.956186029999969,50.83969354100003],[-0.95789065799994,50.83993715400004],[-0.974458243999948,50.84230348500006],[-0.981420803999924,50.83492808600005],[-0.983378082999934,50.83823844400007],[-0.987563129999955,50.83995293400005],[-0.985976017999974,50.83782305500006],[-0.98964505899994,50.83765888100004],[-1.001188979999938,50.84366848500008],[-0.996649738999963,50.846639494000044],[-1.000908825999943,50.84488189900003],[-1.001007333999951,50.85043385300003],[-1.000782547999961,50.85139173700003],[-1.001931913999954,50.850478518000045],[-1.002401127999974,50.84943796200008],[-1.003188198999965,50.84301922800006],[-1.019909516999974,50.84319771300005],[-1.020643722999978,50.839196601000026],[-1.025139826999975,50.84772858400004],[-1.022629196999958,50.85207310900006],[-1.054082070999925,50.85653023000003],[-1.048685392999971,50.86457856100003],[-1.054616636999924,50.86744879500003],[-1.047381146999953,50.86574961100007],[-1.045696450999969,50.87057942000007],[-1.046492931999978,50.87409948900006],[-1.040418923999937,50.87780603500005],[-1.038225456999953,50.87954253200007],[-1.035243664999939,50.880896482000026],[-1.04449585499998,50.88334331300007],[-1.047571771999969,50.89055031100003],[-1.034115913999926,50.90416264500004],[-1.023859942999934,50.90616013600004],[-1.024527626999941,50.90946337200006],[-1.018732943999964,50.90905511200003],[-1.019384374999959,50.904990385000076],[-1.001491939999937,50.89948210500006],[-1.004706516999931,50.896546132000026],[-0.998767404999967,50.89540094600005],[-0.993209194999963,50.89208972900008],[-0.978698313999928,50.87830117800007],[-0.971642288999931,50.877851845000066],[-0.968255834999979,50.877710956000044],[-0.968010487999948,50.873438011000076],[-0.960443268999938,50.87218376000004]]]]}},{"type":"Feature","properties":{"FID":116,"LAD23CD":"E07000092","LAD23NM":"Rushmoor","LAD23NMW":" ","BNG_E":486022,"BNG_N":153944,"LONG":-0.76806998,"LAT":51.278149,"GlobalID":"{6C6EDF93-F005-4017-BB66-BAC4C19FBDC5}","SHAPE_Length":0.3118140987510904,"SHAPE_Area":0.005014510752240807,"reference":"E07000092","name":"Rushmoor"},"geometry":{"type":"MultiPolygon","coordinates":[[[[-0.767806087999929,51.32008433800007],[-0.764209329999971,51.31759329100004],[-0.762903119999976,51.31873053000004],[-0.758290665999937,51.31592552200004],[-0.746389271999931,51.31061815400005],[-0.745653331999961,51.31003294000004],[-0.739400503999946,51.298939362000056],[-0.733348691999936,51.281791121000026],[-0.731093832999932,51.28036209100003],[-0.731633239999951,51.26679070500006],[-0.733300634999978,51.25972147300007],[-0.730489796999962,51.254899770000065],[-0.738085618999946,51.24174165200003],[-0.735786072999929,51.23768016500003],[-0.745540379999966,51.23045639000003],[-0.758721096999977,51.23388097700007],[-0.767649683999934,51.23606928300006],[-0.767694290999941,51.23607134700006],[-0.775904724999975,51.24193487300005],[-0.78674753599995,51.24185263500004],[-0.786900526999943,51.24186509900005],[-0.787916600999949,51.24207160600008],[-0.801740042999938,51.23903876300005],[-0.804749572999924,51.24506474800006],[-0.804725641999937,51.26936032800006],[-0.80341700799994,51.272226456000055],[-0.807523791999927,51.27529158400006],[-0.790292025999975,51.282196483000064],[-0.797909304999962,51.28454418900003],[-0.795979724999938,51.28682602200007],[-0.802928157999929,51.29297386700006],[-0.796873691999963,51.29766410800005],[-0.797070350999945,51.30237818400008],[-0.796568633999925,51.30466693600005],[-0.791397924999956,51.30353367400005],[-0.789116276999948,51.30672842900003],[-0.793037683999955,51.30807642700006],[-0.778650808999942,51.31748600200007],[-0.773295699999949,51.31677976200007],[-0.767806087999929,51.32008433800007]]]]}},{"type":"Feature","properties":{"FID":118,"LAD23CD":"E07000094","LAD23NM":"Winchester","LAD23NMW":" ","BNG_E":453115,"BNG_N":125901,"LONG":-1.24393,"LAT":51.030022,"GlobalID":"{B99F9C9A-0294-498D-B576-18155E4DE1A6}","SHAPE_Length":1.7837059678106528,"SHAPE_Area":0.08473554327644137,"reference":"E07000094","name":"Winchester"},"geometry":{"type":"MultiPolygon","coordinates":[[[[-1.298939132999976,51.19703426500007],[-1.292712696999956,51.19441360500008],[-1.287418991999971,51.19623550600005],[-1.24860954299993,51.19109369000006],[-1.227853043999971,51.190485815000045],[-1.206560577999937,51.18070200900007],[-1.20123246299994,51.18560537500008],[-1.190307356999938,51.183765194000046],[-1.192920685999979,51.179376941000044],[-1.181696053999929,51.17524989800006],[-1.185572309999941,51.163988681000035],[-1.214379928999961,51.15877438600006],[-1.213299293999967,51.15194728100005],[-1.203679181999973,51.15022694800007],[-1.184445023999956,51.14431061200003],[-1.186565650999967,51.138180755000064],[-1.174288837999939,51.13354014600003],[-1.151011460999939,51.136176610000064],[-1.151782053999966,51.138972582000065],[-1.131789778999973,51.14358078400005],[-1.129785607999963,51.13859537800005],[-1.112113545999932,51.13657792500004],[-1.095042854999974,51.14034613700005],[-1.09053271199997,51.111998140000026],[-1.093925285999944,51.10776833500006],[-1.084955101999981,51.109564497000065],[-1.072544972999935,51.107467702000065],[-1.083287829999961,51.10292934200004],[-1.085815035999929,51.09724784200006],[-1.100443316999929,51.09399976600008],[-1.108126482999978,51.08854609300005],[-1.107137225999963,51.07889498900005],[-1.091987044999939,51.06757183700006],[-1.094999113999961,51.06366181200008],[-1.088852978999967,51.06066547000006],[-1.090660303999925,51.05494592100007],[-1.081682877999924,51.04642634700008],[-1.067337382999938,51.04763917900004],[-1.062196252999968,51.04451898900004],[-1.053774541999928,51.04723167000003],[-1.073785818999966,51.03396414500003],[-1.072785263999947,51.03128815800005],[-1.06494030999994,51.030933410000046],[-1.062343591999934,51.02011253100005],[-1.068786965999948,51.00855186700005],[-1.069462062999946,50.99372997900008],[-1.063366112999972,50.97769173800003],[-1.055481524999948,50.977557782000076],[-1.05365052999997,50.97104122400003],[-1.045285586999967,50.96867450600007],[-1.046197845999927,50.95462861000004],[-1.035689568999942,50.95151690700004],[-1.037987182999927,50.94535124600003],[-1.036589436999975,50.93172836300005],[-1.039373115999979,50.92777915800008],[-1.036354261999975,50.92203028000006],[-1.044786933999944,50.91626151500003],[-1.048455600999944,50.902516320000075],[-1.034115913999926,50.90416264500004],[-1.047571771999969,50.89055031100003],[-1.04449585499998,50.88334331300007],[-1.035243664999939,50.880896482000026],[-1.038225456999953,50.87954253200007],[-1.040418923999937,50.87780603500005],[-1.046492931999978,50.87409948900006],[-1.045696450999969,50.87057942000007],[-1.047381146999953,50.86574961100007],[-1.054616636999924,50.86744879500003],[-1.048685392999971,50.86457856100003],[-1.054082070999925,50.85653023000003],[-1.054347317999941,50.855086689000075],[-1.066186123999955,50.85847394000007],[-1.07552755699993,50.85637841500005],[-1.090776913999946,50.85858162100004],[-1.115783197999974,50.85827384900006],[-1.132783262999965,50.85813938500007],[-1.143381921999946,50.85909611100004],[-1.144521794999946,50.866576724000026],[-1.151727211999969,50.87027857500004],[-1.150034672999936,50.87940428500008],[-1.167217638999944,50.889433163000035],[-1.180629554999939,50.88798394300005],[-1.188345291999951,50.888016632000074],[-1.188160897999978,50.883983371000056],[-1.195863549999956,50.88503870200003],[-1.198018734999948,50.87594308900003],[-1.216038965999928,50.87505803800008],[-1.223558348999973,50.867572566000035],[-1.229009445999964,50.86121146600004],[-1.22965030599994,50.86060500200006],[-1.236609304999945,50.86375643300005],[-1.253497376999974,50.87238580800005],[-1.255285951999952,50.87492778600006],[-1.254679494999948,50.887018391000026],[-1.265247779999925,50.897908261000055],[-1.256008135999934,50.903523902000074],[-1.262045414999932,50.903736329000026],[-1.268796622999957,50.90971600700004],[-1.26423731999995,50.92050156300007],[-1.267207155999927,50.92934304000005],[-1.273690857999952,50.93570267900003],[-1.284725750999939,50.93637858500006],[-1.291124820999926,50.94684455400005],[-1.291031375999978,50.95085843500004],[-1.269969038999932,50.96552979300003],[-1.258154273999935,50.97834189300005],[-1.266554300999928,50.98015660000004],[-1.272070955999936,50.97909847200003],[-1.275388637999924,50.973885417000076],[-1.293428152999979,50.97414531100003],[-1.293150287999936,50.98371366600003],[-1.316393741999946,50.985125020000055],[-1.322728099999949,50.987548315000026],[-1.327678057999947,50.980120068000076],[-1.330390811999962,50.98374793500005],[-1.335471603999963,50.98350700900005],[-1.344057292999935,50.984862021000026],[-1.346566321999944,50.981399519000036],[-1.342765486999951,50.990888777000066],[-1.357137622999971,50.998436069000036],[-1.392974659999936,51.004361319000054],[-1.394374440999968,51.009713711000074],[-1.398523741999952,51.00828189600003],[-1.411198386999956,51.01411148400007],[-1.421025460999942,51.01381708800005],[-1.42998470699996,51.024066719000075],[-1.439684735999947,51.024413104000075],[-1.444790517999934,51.02753080600007],[-1.447165800999926,51.03461465300006],[-1.456503503999954,51.04112225800003],[-1.447117421999963,51.05220353700008],[-1.436044257999924,51.05953958200007],[-1.415469967999968,51.06267230100008],[-1.410075689999928,51.07668944900007],[-1.415825285999972,51.07712963600005],[-1.411962955999968,51.08555917600006],[-1.41453469399994,51.095692015000054],[-1.429976192999959,51.09443107700008],[-1.431174374999955,51.09814706000003],[-1.436293080999974,51.097888639000075],[-1.436272178999957,51.112042415000076],[-1.431416691999971,51.11678573700004],[-1.417593937999925,51.10973800600004],[-1.414217312999938,51.11298533200005],[-1.411552289999975,51.11068435400006],[-1.404841481999938,51.112437148000026],[-1.407195142999967,51.12047662900005],[-1.380268710999928,51.12412378400006],[-1.370222719999958,51.12914184600004],[-1.377764433999971,51.13633104200005],[-1.364067267999928,51.14972794200003],[-1.348212778999937,51.155527085000074],[-1.347695825999949,51.15952488500005],[-1.336876582999935,51.15910626700003],[-1.337219642999969,51.16738373900006],[-1.328642749999972,51.171680879000064],[-1.331024014999969,51.173977695000076],[-1.308822993999968,51.19473891600006],[-1.298939132999976,51.19703426500007]]]]}},{"type":"Feature","properties":{"FID":119,"LAD23CD":"E07000095","LAD23NM":"Broxbourne","LAD23NMW":" ","BNG_E":534742,"BNG_N":204251,"LONG":-0.050730001,"LAT":51.720798,"GlobalID":"{8182EBDF-C898-4A29-87CB-421E3B721B54}","SHAPE_Length":0.41279631451255955,"SHAPE_Area":0.006689153333540752,"reference":"E07000095","name":"Broxbourne"},"geometry":{"type":"MultiPolygon","coordinates":[[[[0.00125738600002,51.74513649900007],[-0.00623378399996,51.74170994200006],[-0.012980102999961,51.742751276000035],[-0.013747258999956,51.73540018600005],[-0.014120258999981,51.72312083400004],[-0.015499543999965,51.715327743000046],[-0.017578811999954,51.70740344600006],[-0.019730428999935,51.70327430000003],[-0.018496088999939,51.698434199000076],[-0.011918675999937,51.68087781600008],[-0.033392078999952,51.68249447300008],[-0.048935773999972,51.68401701000005],[-0.062088958999936,51.68297668000008],[-0.083889094999961,51.689913388000036],[-0.105779139999925,51.69187564500004],[-0.10552929499994,51.713570118000064],[-0.114083215999926,51.720807258000036],[-0.098653729999967,51.73594646600003],[-0.058351376999951,51.73470136700007],[-0.057463036999934,51.73538991300006],[-0.055465881999964,51.742535804000056],[-0.052409067999974,51.74234490600003],[-0.048847506999948,51.76134596400004],[-0.045618709999928,51.770230955000045],[-0.023027121999974,51.77350424200006],[-0.018102778999946,51.78052362300008],[0.005574141000068,51.78006894200007],[0.003441987000031,51.77762156700004],[0.005229572000076,51.77092317100005],[0.014029058000062,51.76438],[0.012992316000066,51.757465453000066],[0.004170582000029,51.75537164700006],[0.002914286000021,51.75379958800005],[0.00125738600002,51.74513649900007]]]]}},{"type":"Feature","properties":{"FID":122,"LAD23CD":"E07000099","LAD23NM":"North Hertfordshire","LAD23NMW":" ","BNG_E":522191,"BNG_N":230250,"LONG":-0.22316,"LAT":51.957321,"GlobalID":"{036A5D64-0A22-4FB1-A2EF-43884AC5587C}","SHAPE_Length":1.7732339971299136,"SHAPE_Area":0.048913628580960024,"reference":"E07000099","name":"North Hertfordshire"},"geometry":{"type":"MultiPolygon","coordinates":[[[[-0.147509326999966,52.06945000700006],[-0.155121032999944,52.053061100000036],[-0.144576186999927,52.04699046500008],[-0.133729866999943,52.04623285300005],[-0.122338660999958,52.02963611500007],[-0.126567501999943,52.020921876000045],[-0.120998829999962,52.01952127700008],[-0.107694004999928,52.02835518000006],[-0.079039327999965,52.037884080000026],[-0.054263799999944,52.04660823800003],[-0.035780130999967,52.05880545600007],[-0.02441237599993,52.06331599200007],[-0.012628144999951,52.06154823700007],[-0.001343259999942,52.05160871100003],[0.007186279000052,52.04953311200006],[0.039849539000045,52.053224629000056],[0.052098380000075,52.02463078300008],[0.068156073000068,52.00576309600007],[0.074321848000068,52.000860903000046],[0.069061011000031,51.98404256200007],[0.066907400000048,51.97980730100005],[0.043714212000054,51.98480706400005],[0.044573172000071,51.98694401100005],[0.03854079000007,51.98640025100008],[0.035025800000028,51.98962899500003],[0.032269430000042,51.98703831100005],[0.021570363000023,51.98894351900003],[0.023270738000065,51.984370598000055],[0.009199868000053,51.98385430800005],[0.000248525000075,51.98380172700007],[-0.003036064999947,51.993445774000065],[-0.023733802999971,51.99716966300008],[-0.030601365999928,51.98378857300003],[-0.047952996999925,51.97973660300005],[-0.038535272999979,51.971417228000064],[-0.040189789999943,51.96770133800004],[-0.065539997999963,51.95684531400008],[-0.070723258999976,51.971293468000056],[-0.074656833999938,51.97116448400004],[-0.092524629999957,51.956238023000026],[-0.107011863999958,51.95395944900008],[-0.10726238999996,51.946325640000055],[-0.11015365999998,51.941901158000064],[-0.12016469699995,51.94218827700007],[-0.116674777999947,51.93617614100003],[-0.119284646999972,51.92828332700003],[-0.145266715999981,51.934054780000054],[-0.154798967999966,51.929599719000066],[-0.155243378999955,51.92390930800008],[-0.162181,51.920340880000026],[-0.162524112999961,51.92077063600004],[-0.168074520999937,51.927955574000066],[-0.184606470999938,51.93241337900008],[-0.19314277999996,51.92769868500005],[-0.194383986999981,51.93043426400004],[-0.209998738999957,51.928388306000045],[-0.220067749999941,51.930967760000044],[-0.226166359999979,51.928176836000034],[-0.229986684999972,51.91136900600003],[-0.234371696999972,51.905254727000056],[-0.228868277999936,51.90346902200008],[-0.230535389999943,51.89888937600006],[-0.225922229999981,51.89758721100003],[-0.225275383999929,51.89323615600006],[-0.218996584999957,51.89596398200007],[-0.214582204999942,51.89406729900003],[-0.20420361999993,51.88013838900008],[-0.191903250999928,51.88292394000007],[-0.175472990999936,51.87576732700006],[-0.173584538999933,51.875330631000054],[-0.164494654999942,51.861833250000075],[-0.172785294999926,51.85658778800007],[-0.183546171999978,51.86044386700007],[-0.191813059999959,51.857320515000026],[-0.195763589999956,51.85908325100007],[-0.20669025199993,51.85426325600008],[-0.196414907999952,51.84954913000007],[-0.19916309599995,51.84395678900006],[-0.203948235999974,51.84489944000006],[-0.21457141999997,51.83960295900005],[-0.205963250999957,51.846399484000074],[-0.21292585599997,51.85139604900007],[-0.222345856999937,51.84469855100008],[-0.223949066999978,51.84663993300006],[-0.223792784999944,51.84046641000003],[-0.218681396999955,51.83841446800005],[-0.224910367999939,51.83323406000005],[-0.22568038299994,51.837645405000046],[-0.241623749999974,51.835298984000076],[-0.24732579199997,51.84616081300004],[-0.272521756999936,51.84046529500006],[-0.273535467999977,51.83536463200005],[-0.319397913999978,51.83665490700008],[-0.323217762999946,51.84483193400007],[-0.339485894999939,51.84960555100008],[-0.352871724999943,51.86354316900008],[-0.354833888999963,51.87401452900008],[-0.349836724999932,51.87867567400008],[-0.354645697999956,51.884547335000036],[-0.365134445999956,51.89437762500006],[-0.373909268999967,51.89531397800005],[-0.378390185999933,51.90164569900003],[-0.385615555999948,51.91568039600003],[-0.383579375999943,51.91827477100003],[-0.389344627999947,51.92577908000004],[-0.405647618999978,51.93246617700004],[-0.402479679999942,51.93339428200005],[-0.405823940999937,51.94343100100008],[-0.399439484999959,51.96767140000003],[-0.393432814999926,51.96857694000005],[-0.39037333899995,51.97761936000006],[-0.380686422999929,51.97943231800008],[-0.378205737999963,51.97163577800006],[-0.382912025999929,51.951413708000075],[-0.372582344999955,51.948018869000066],[-0.350225341999931,51.95757810400005],[-0.34916230999994,51.96374078600007],[-0.350746899999933,51.97275967100006],[-0.363814307999974,51.97516568700007],[-0.367296264999936,51.98374944500006],[-0.358712820999926,51.985511177000035],[-0.338728579999952,51.98272154000006],[-0.311478095999973,51.98215373200003],[-0.30683935199994,51.989000462000035],[-0.295329608999964,51.995409891000065],[-0.300004170999955,52.00075550000008],[-0.282418728999971,52.00156388400006],[-0.282388864999973,52.00143058100008],[-0.283375311999976,51.996660302000066],[-0.272281412999973,51.988135630000045],[-0.273900553999965,51.98120953500006],[-0.260255094999934,51.97970482000005],[-0.257448531999955,51.985385886000074],[-0.24788910999996,51.98517297700005],[-0.244078670999954,51.999023289000036],[-0.239590513999929,51.99902283100005],[-0.213490564999972,52.00851437800003],[-0.201256005999937,52.00982468900003],[-0.219493433999958,52.03674125900005],[-0.194982618999973,52.06241508100004],[-0.172540383999944,52.06022326800007],[-0.164166051999928,52.07703547300008],[-0.157605055999966,52.08044095100007],[-0.147509326999966,52.06945000700006]]]]}},{"type":"Feature","properties":{"FID":123,"LAD23CD":"E07000102","LAD23NM":"Three Rivers","LAD23NMW":" ","BNG_E":507313,"BNG_N":196418,"LONG":-0.45005,"LAT":51.656319,"GlobalID":"{E4DA3DDD-58AC-4516-8F97-F496ABC3FC50}","SHAPE_Length":0.8035565360712815,"SHAPE_Area":0.011566368229874464,"reference":"E07000102","name":"Three Rivers"},"geometry":{"type":"MultiPolygon","coordinates":[[[[-0.380774777999932,51.70698914900004],[-0.375558051999974,51.69291212500008],[-0.384414066999966,51.695997179000074],[-0.402412529999935,51.70194274600004],[-0.412836350999953,51.68863760600004],[-0.423207323999975,51.68571104400007],[-0.42815724899998,51.68405725700006],[-0.430025132999958,51.683422231000065],[-0.428290766999964,51.67055377100007],[-0.439543239999978,51.672750250000036],[-0.436215058999949,51.65990925500006],[-0.424780247999934,51.654310906000035],[-0.426571576999947,51.65209316200003],[-0.430350931999953,51.64852068300007],[-0.426032821999968,51.64536516600003],[-0.428824906999978,51.641319113000065],[-0.424493952999967,51.64105966900007],[-0.410879545999933,51.63995088900003],[-0.40472959799996,51.64379265700006],[-0.394292170999961,51.637720708000074],[-0.386826271999951,51.639602893000074],[-0.377373414999965,51.63773338100003],[-0.375147062999929,51.63581776600006],[-0.369878796999956,51.63121345600007],[-0.362621257999933,51.623504817000025],[-0.368174514999964,51.620652379000035],[-0.384571611999945,51.616169753000065],[-0.385871935999944,51.61582004400003],[-0.403996050999979,51.61318398100008],[-0.411985221999942,51.61418268700004],[-0.440575300999967,51.62007323900008],[-0.45713075499998,51.612293890000046],[-0.459742897999945,51.61315934800007],[-0.497127638999928,51.63167911200003],[-0.499965025999927,51.62917330500005],[-0.500148673999945,51.62207187900003],[-0.495321906999948,51.61893754600004],[-0.499214908999932,51.60888110800005],[-0.496257603999936,51.602444036000065],[-0.500595886999974,51.599689900000044],[-0.51765461399998,51.60025626200007],[-0.522501788999932,51.605061582000076],[-0.530059299999948,51.61715112300004],[-0.534130551999965,51.63715089000004],[-0.539260816999956,51.63803939100006],[-0.537391592999938,51.642906968000034],[-0.530927777999977,51.64913347500004],[-0.536666063999974,51.65236945000004],[-0.53689150699995,51.66062447300004],[-0.532626075999929,51.66300718800005],[-0.52425442699996,51.657936892000066],[-0.520994789999975,51.668045379000034],[-0.514718483999957,51.66545287000008],[-0.505107855999938,51.673076894000076],[-0.510897206999971,51.67981721700005],[-0.524934112999972,51.678721],[-0.524272789999941,51.68211265600007],[-0.52301478399994,51.69508061800008],[-0.515495299999941,51.70657767100005],[-0.502948642999968,51.70053490500004],[-0.469638950999979,51.69683178900004],[-0.466813143999957,51.69588496400007],[-0.440261353999972,51.701013928000066],[-0.450084767999954,51.725532213000065],[-0.439929237999934,51.72825801000005],[-0.440448487999959,51.73345507500005],[-0.422080279999932,51.74083685100004],[-0.416164625999954,51.73261202600003],[-0.411888218999934,51.73207492500006],[-0.40659894099997,51.72441840100004],[-0.409539908999932,51.72188839300003],[-0.402459615999931,51.72115918700007],[-0.405872869999939,51.71379976700007],[-0.396419892999972,51.70950859200008],[-0.380774777999932,51.70698914900004]]]]}},{"type":"Feature","properties":{"FID":124,"LAD23CD":"E07000103","LAD23NM":"Watford","LAD23NMW":" ","BNG_E":510441,"BNG_N":198197,"LONG":-0.40428999,"LAT":51.6717,"GlobalID":"{BF1F7999-1DCB-4888-85BE-79BF8F332264}","SHAPE_Length":0.2726290322568427,"SHAPE_Area":0.0027848218131260568,"reference":"E07000103","name":"Watford"},"geometry":{"type":"MultiPolygon","coordinates":[[[[-0.374709387999928,51.673548821000054],[-0.384092885999962,51.669228102000034],[-0.386574656999926,51.656810836000034],[-0.383316933999936,51.64850196700007],[-0.378170030999968,51.646517654000036],[-0.371634075999964,51.64343423500003],[-0.379960948999951,51.63961708200003],[-0.377373414999965,51.63773338100003],[-0.386826271999951,51.639602893000074],[-0.394292170999961,51.637720708000074],[-0.40472959799996,51.64379265700006],[-0.410879545999933,51.63995088900003],[-0.424493952999967,51.64105966900007],[-0.428824906999978,51.641319113000065],[-0.426032821999968,51.64536516600003],[-0.430350931999953,51.64852068300007],[-0.426571576999947,51.65209316200003],[-0.424780247999934,51.654310906000035],[-0.436215058999949,51.65990925500006],[-0.439543239999978,51.672750250000036],[-0.428290766999964,51.67055377100007],[-0.430025132999958,51.683422231000065],[-0.42815724899998,51.68405725700006],[-0.423207323999975,51.68571104400007],[-0.412836350999953,51.68863760600004],[-0.402412529999935,51.70194274600004],[-0.384414066999966,51.695997179000074],[-0.375558051999974,51.69291212500008],[-0.375358259999928,51.69251194100008],[-0.378286861999925,51.688093328000036],[-0.369490491999954,51.68429201600003],[-0.368766139999934,51.67832656600007],[-0.374227350999945,51.674127456000065],[-0.374709387999928,51.673548821000054]]]]}},{"type":"Feature","properties":{"FID":130,"LAD23CD":"E07000110","LAD23NM":"Maidstone","LAD23NMW":" ","BNG_E":580489,"BNG_N":151670,"LONG":0.58406103,"LAT":51.235661,"GlobalID":"{9010256F-1840-4488-BE64-BD8959DEC7AB}","SHAPE_Length":1.3005162005030442,"SHAPE_Area":0.05061359995518779,"reference":"E07000110","name":"Maidstone"},"geometry":{"type":"MultiPolygon","coordinates":[[[[0.600980220000054,51.32820282500006],[0.604424481000024,51.32569709100005],[0.614288249000026,51.33509167600005],[0.619446120000021,51.33446923200006],[0.619228804000045,51.33156361200008],[0.639747870000065,51.33676458800005],[0.656722351000042,51.33161942000004],[0.664509256000031,51.32730442700006],[0.658855646000063,51.32449283300008],[0.670957007000027,51.310092473000054],[0.669180550000021,51.30799240400006],[0.675183961000073,51.305619558000046],[0.671652620000032,51.29968955600003],[0.673844754000072,51.29327176400005],[0.68050093100004,51.291182297000034],[0.692875893000064,51.298120433000065],[0.713817179000046,51.29940771300005],[0.721344873000021,51.289611008000065],[0.743874356000049,51.27846913500008],[0.756842948000042,51.27802499200004],[0.764540126000043,51.27674968200006],[0.749640681000074,51.258643806000066],[0.76195548000004,51.25637764800007],[0.776784190000058,51.266564447000064],[0.79054713000005,51.26178052900008],[0.79337920200004,51.25728147600006],[0.789378138000075,51.24863435100008],[0.796469115000036,51.24629480200008],[0.792657653000049,51.23807327500003],[0.782455391000042,51.239365029000055],[0.777518988000054,51.231347019000054],[0.755149663000054,51.219007102000035],[0.744583557000055,51.214661240000055],[0.746891812000058,51.21027999800003],[0.74007189200006,51.20814009500003],[0.725725837000027,51.20900601200003],[0.723877807000065,51.21141449400005],[0.716826615000059,51.21114141900006],[0.709781940000028,51.19961783800005],[0.69941127200002,51.19995299700008],[0.701837934000025,51.19733903200006],[0.683746386000053,51.191126059000055],[0.684947471000044,51.178695610000034],[0.678410259000032,51.17920079800007],[0.676719036000065,51.172262688000046],[0.664551059000075,51.17134807200006],[0.666632739000022,51.16814905900003],[0.658678247000068,51.16383754800006],[0.657604799000069,51.15812815700008],[0.647643740000035,51.15267072300003],[0.647594695000066,51.14456890200006],[0.639475076000053,51.14129336600007],[0.632545495000045,51.145295548000036],[0.636512940000046,51.145214216000056],[0.640340471000059,51.15247435200007],[0.626119009000035,51.15284057800005],[0.617199954000057,51.14827644600007],[0.612572310000076,51.152423758000054],[0.605069555000057,51.15091914900006],[0.601855724000075,51.15901619500005],[0.593241445000046,51.153975709000065],[0.575672634000057,51.15611342700004],[0.579305816000044,51.14463616000006],[0.564414468000052,51.135024445000056],[0.559065476000058,51.13394453800004],[0.565612488000056,51.14113561700003],[0.561949987000048,51.14325940900005],[0.541912412000045,51.134431145000065],[0.524296531000061,51.135479356000076],[0.514697538000064,51.13609270300003],[0.508985368000026,51.13663184100005],[0.508585753000034,51.14137129900007],[0.496896420000041,51.14477645100004],[0.481307480000055,51.141346174000034],[0.46896421100007,51.14328656100008],[0.467697344000044,51.156206084000075],[0.437368544000037,51.17768066200006],[0.416400856000052,51.18054764900006],[0.409403146000045,51.18844084300008],[0.394225607000067,51.19277527000003],[0.388842985000053,51.19461209500008],[0.383544890000053,51.19546028000008],[0.384254895000026,51.19826169400005],[0.38798446800007,51.20206721900007],[0.40034498700004,51.19857216300005],[0.408801572000073,51.22166828700006],[0.399975663000021,51.22253761600007],[0.397427628000059,51.22650567100004],[0.380433969000023,51.231081259000064],[0.378698701000076,51.235044078000044],[0.394192567000061,51.24142377700008],[0.406862147000027,51.25224320800004],[0.422142266000037,51.24910400700003],[0.43128331500003,51.24909205200004],[0.432406810000032,51.26893355500005],[0.453033247000064,51.271865810000065],[0.477656425000021,51.272275336000064],[0.480100398000047,51.27804241800004],[0.498862538000026,51.296632662000036],[0.49902895300005,51.29722959800006],[0.492518681000035,51.30456727100005],[0.511615595000023,51.306434540000055],[0.513948964000065,51.314312433000055],[0.526769655000066,51.32524659900008],[0.522661464000066,51.326983649000056],[0.522570983000037,51.327335436000055],[0.525641085000075,51.334717167000065],[0.532930098000065,51.337164475000066],[0.544003570000029,51.32789641200003],[0.563457199000027,51.338743125000065],[0.580877595000061,51.33558104000008],[0.591817313000035,51.33376280400006],[0.601403554000058,51.33330110500003],[0.607077881000066,51.33079509200007],[0.600980220000054,51.32820282500006]]]]}},{"type":"Feature","properties":{"FID":136,"LAD23CD":"E07000116","LAD23NM":"Tunbridge Wells","LAD23NMW":" ","BNG_E":573139,"BNG_N":136598,"LONG":0.47163099,"LAT":51.102531,"GlobalID":"{46EE92EB-42AD-48B2-8D54-B77190A8F818}","SHAPE_Length":1.563220338159591,"SHAPE_Area":0.042568201470128214,"reference":"E07000116","name":"Tunbridge Wells"},"geometry":{"type":"MultiPolygon","coordinates":[[[[0.388842985000053,51.19461209500008],[0.394225607000067,51.19277527000003],[0.409403146000045,51.18844084300008],[0.416400856000052,51.18054764900006],[0.437368544000037,51.17768066200006],[0.467697344000044,51.156206084000075],[0.46896421100007,51.14328656100008],[0.481307480000055,51.141346174000034],[0.496896420000041,51.14477645100004],[0.508585753000034,51.14137129900007],[0.508985368000026,51.13663184100005],[0.514697538000064,51.13609270300003],[0.524296531000061,51.135479356000076],[0.541912412000045,51.134431145000065],[0.561949987000048,51.14325940900005],[0.565612488000056,51.14113561700003],[0.559065476000058,51.13394453800004],[0.564414468000052,51.135024445000056],[0.579305816000044,51.14463616000006],[0.575672634000057,51.15611342700004],[0.593241445000046,51.153975709000065],[0.601855724000075,51.15901619500005],[0.605069555000057,51.15091914900006],[0.612572310000076,51.152423758000054],[0.617199954000057,51.14827644600007],[0.626119009000035,51.15284057800005],[0.640340471000059,51.15247435200007],[0.636512940000046,51.145214216000056],[0.632545495000045,51.145295548000036],[0.639475076000053,51.14129336600007],[0.64216420200006,51.14046274100008],[0.636453225000025,51.13683931800006],[0.626286522000044,51.13901905400007],[0.619910154000024,51.13215214400003],[0.603648722000059,51.131673704000036],[0.609007828000074,51.117900302000066],[0.590330191000021,51.11132127900004],[0.595615141000053,51.10831317700007],[0.596520419000058,51.09016807300003],[0.629194282000071,51.091432643000076],[0.642565942000033,51.082769960000064],[0.646674841000049,51.08328134000004],[0.64471065500004,51.07788796400007],[0.627294341000038,51.066577822000056],[0.611717197000075,51.063546263000035],[0.593549539000037,51.04185905600008],[0.593320987000027,51.03141808400005],[0.602456916000051,51.026761813000064],[0.595848988000057,51.024945495000054],[0.597255325000049,51.020817375000036],[0.606064404000051,51.019960929000035],[0.60539082400004,51.01206997600008],[0.570801044000063,51.00348231600003],[0.563696864000065,51.00740643200004],[0.54210669500003,51.01091031400006],[0.537568518000057,51.021639218000075],[0.525988133000055,51.02277012600007],[0.508435353000039,51.02412713400008],[0.496539072000076,51.03056229400005],[0.478071403000058,51.02904336900008],[0.467982119000055,51.03263571100007],[0.466090466000026,51.04273659200004],[0.471401334000063,51.04907763800003],[0.45365471100007,51.05692820300004],[0.44081707700002,51.05791662000007],[0.425572792000025,51.06406659800007],[0.418266861000063,51.06262697100004],[0.417777749000038,51.06789306700006],[0.411311270000056,51.06588698500008],[0.409005439000055,51.06939268600007],[0.400912878000042,51.071180867000066],[0.406648528000062,51.07970276600008],[0.396496475000049,51.08313168800004],[0.390864005000026,51.08129519100004],[0.391700046000039,51.08578688500006],[0.373840829000073,51.08846050300008],[0.36475123200006,51.08822476200004],[0.356735589000039,51.08302565400004],[0.350831196000058,51.08405591600007],[0.353935949000061,51.09366255300006],[0.350787229000048,51.09913388900003],[0.358976560000031,51.104530655000076],[0.335077206000051,51.10546589100005],[0.324457383000038,51.11230541300006],[0.330083952000052,51.11778478200006],[0.326226680000048,51.12243850900006],[0.325265572000035,51.122880303000045],[0.298718596000072,51.11815950000005],[0.279667003000043,51.11784547700006],[0.275940394000031,51.12040751400008],[0.272446455000022,51.118629971000075],[0.278942297000071,51.11467676700005],[0.275670536000064,51.11235543500004],[0.266264957000033,51.11509859900008],[0.252281978000042,51.11441992300007],[0.248304200000064,51.115568462000056],[0.243244685000036,51.115276222000034],[0.227445370000055,51.12424081300003],[0.19963438700006,51.11694025600008],[0.162605739000071,51.11640596800004],[0.15351408500004,51.12050393100003],[0.150026057000048,51.13118988400004],[0.154606419000061,51.13752883600006],[0.160718236000037,51.137328919000026],[0.16443601900005,51.132760664000045],[0.180407323000054,51.13180450500005],[0.193458779000025,51.13943507300007],[0.196430815000042,51.14642296900007],[0.215061276000029,51.153925310000034],[0.190640625000071,51.16796228700008],[0.197998405000021,51.17513677900007],[0.203456244000051,51.17122988600005],[0.226961570000071,51.18415432200004],[0.233633518000033,51.185143236000044],[0.256131104000076,51.17859143900006],[0.262240440000028,51.18001495300007],[0.279342234000069,51.17592638700006],[0.293498362000037,51.18906814300004],[0.299687959000039,51.19699738300005],[0.309435327000074,51.19993775000006],[0.330365500000028,51.19877982700007],[0.341744174000041,51.19273658700007],[0.35245051000004,51.196314391000044],[0.364998019000041,51.194076589000076],[0.366584441000043,51.20026173000008],[0.384254895000026,51.19826169400005],[0.383544890000053,51.19546028000008],[0.388842985000053,51.19461209500008]]]]}},{"type":"Feature","properties":{"FID":137,"LAD23CD":"E07000117","LAD23NM":"Burnley","LAD23NMW":" ","BNG_E":384886,"BNG_N":430880,"LONG":-2.2307999,"LAT":53.77404,"GlobalID":"{C08D1D1F-5D28-43E1-A2AC-FCEAA1DDDC0E}","SHAPE_Length":0.6407638156823973,"SHAPE_Area":0.015132529520353008,"reference":"E07000117","name":"Burnley"},"geometry":{"type":"MultiPolygon","coordinates":[[[[-2.152020099999959,53.82370678500007],[-2.148547030999964,53.819768139000075],[-2.142113560999974,53.820447321000074],[-2.135345625999946,53.81595767700003],[-2.128622963999931,53.81979568000003],[-2.112278990999926,53.805708389000074],[-2.12835851799997,53.79903130400004],[-2.129520145999948,53.79227284000007],[-2.124815500999944,53.788055342000064],[-2.136362748999943,53.780104460000075],[-2.130231667999965,53.770328763000066],[-2.129521566999927,53.75459046200007],[-2.133435736999957,53.749675111000045],[-2.141723544999934,53.745736822000026],[-2.145306090999952,53.73605811900006],[-2.149092788999951,53.73387111000005],[-2.155997618999947,53.73532536100004],[-2.173291321999955,53.723009647000026],[-2.18544099099995,53.730824658000074],[-2.203296548999958,53.73238832200008],[-2.214335329999926,53.73726032900004],[-2.232555207999951,53.73761009400005],[-2.242398487999935,53.74907540800007],[-2.251697411999942,53.755044989000055],[-2.257453013999964,53.74985756700005],[-2.266796821999947,53.74809704900008],[-2.262821483999971,53.74626067400004],[-2.267011631999935,53.742642716000034],[-2.285266810999929,53.74370806700006],[-2.295271502999981,53.75199049300005],[-2.302994330999979,53.74840495900003],[-2.314109106999979,53.74703879600003],[-2.313724413999978,53.75157517300005],[-2.319914939999933,53.75556692600003],[-2.328608632999931,53.76103195400003],[-2.329187268999931,53.780084798000075],[-2.335797219999961,53.782495022000035],[-2.336232700999972,53.79169715200004],[-2.342305908999947,53.79482744200004],[-2.336221816999966,53.79544688200008],[-2.329762210999945,53.806638529000054],[-2.317479788999947,53.81217960300006],[-2.313205165999932,53.81246503700004],[-2.311363330999939,53.81292550000006],[-2.301964668999972,53.82107918300005],[-2.303047400999958,53.81451349000008],[-2.297058991999961,53.814303883000036],[-2.294694134999929,53.80843882800008],[-2.282669307999925,53.807364075000066],[-2.269805056999928,53.815003888000035],[-2.261069499999962,53.80776720700004],[-2.24893906799997,53.811903606000044],[-2.235405411999977,53.81379104700005],[-2.222642849999943,53.81739267900008],[-2.217684511999948,53.81551610900004],[-2.20743046299998,53.811436686000036],[-2.194827773999975,53.821971966000035],[-2.196930208999959,53.825196161000065],[-2.193345098999941,53.82397215600008],[-2.152020099999959,53.82370678500007]]]]}},{"type":"Feature","properties":{"FID":138,"LAD23CD":"E07000118","LAD23NM":"Chorley","LAD23NMW":" ","BNG_E":359188,"BNG_N":419722,"LONG":-2.61923,"LAT":53.672379,"GlobalID":"{EB6C5CF5-9F87-4D6C-8577-5F79D58ED59A}","SHAPE_Length":1.014572542517327,"SHAPE_Area":0.027541572910294788,"reference":"E07000118","name":"Chorley"},"geometry":{"type":"MultiPolygon","coordinates":[[[[-2.539467702999957,53.71466765300005],[-2.543234711999958,53.70991084500008],[-2.53977957099994,53.702184300000056],[-2.531884797999965,53.69649309700003],[-2.515656004999926,53.69240294200006],[-2.518327936999981,53.677372096000056],[-2.525549376999948,53.67467641600007],[-2.532344033999948,53.66490226500008],[-2.522110040999962,53.648011791000044],[-2.524584226999934,53.64131693400003],[-2.520061602999931,53.63048168300003],[-2.511322928999959,53.62699496700003],[-2.556613825999932,53.60365733500004],[-2.559520512999939,53.59894251500003],[-2.574003476999962,53.59429077200008],[-2.583065113999965,53.60469507800008],[-2.595937517999971,53.61079155400006],[-2.615138744999967,53.602863210000066],[-2.617378792999943,53.595848629000045],[-2.625936201999934,53.59369555200004],[-2.631283349999933,53.60521803700004],[-2.63616105899996,53.608290639000074],[-2.659370349999961,53.60364775200003],[-2.689455738999925,53.604279536000035],[-2.696301702999961,53.60491851900008],[-2.699448925999945,53.61429932800007],[-2.694646571999954,53.61577719300004],[-2.69094733299994,53.62030896700003],[-2.69444361799998,53.62662547900004],[-2.695640351999941,53.62344833700007],[-2.709955735999927,53.61778416700008],[-2.736167876999957,53.62368473600003],[-2.758792957999958,53.614658183000074],[-2.76621786499993,53.619151765000026],[-2.779121631999942,53.61959669700008],[-2.780888543999936,53.62348335100006],[-2.792981747999931,53.62304268200006],[-2.787361716999953,53.617347015000064],[-2.790764593999938,53.61459207200005],[-2.795946125999933,53.61597814700008],[-2.800506876999975,53.62481175100004],[-2.80799968599996,53.628813336000064],[-2.805917183999952,53.640863833000026],[-2.814406649999967,53.64844734600007],[-2.812111783999967,53.65318637900003],[-2.816745404999949,53.65471951100005],[-2.812353206999944,53.656384614000046],[-2.823364456999968,53.66812387400006],[-2.816367237999941,53.67289518100006],[-2.818403023999963,53.67891243500003],[-2.824232865999932,53.680657515000064],[-2.819873353999981,53.687082822000036],[-2.795883380999953,53.68748141000003],[-2.787185834999946,53.69135291900005],[-2.75769121999997,53.69288132200006],[-2.746602214999939,53.69270751800008],[-2.744108509999933,53.68775425900003],[-2.734451802999956,53.68730066400008],[-2.729119811999965,53.68333342900007],[-2.733550488999924,53.67428295800005],[-2.712466864999953,53.671419927000045],[-2.708060594999949,53.68154631900006],[-2.676307849999944,53.67926336900007],[-2.658829301999958,53.680672611000034],[-2.655846519999955,53.68852020200006],[-2.67759498099997,53.69373004000005],[-2.677525945999946,53.70005908500008],[-2.673589509999942,53.70916837600004],[-2.658448633999967,53.71769593700003],[-2.656956795999974,53.71288558200007],[-2.651303992999942,53.712063458000046],[-2.647941947999925,53.71590120500008],[-2.629696214999967,53.71833490600005],[-2.622904810999955,53.72387657000007],[-2.624296929999957,53.729048255000066],[-2.611855065999976,53.73857058800007],[-2.601014900999928,53.74088050800003],[-2.587453905999951,53.74310308100007],[-2.576806909999959,53.75127371600007],[-2.561601608999979,53.746901354000045],[-2.564591267999958,53.74245890800006],[-2.557154985999944,53.73461211100005],[-2.556891691999965,53.72743546500004],[-2.546310706999975,53.72497651800006],[-2.547332682999979,53.72244621100003],[-2.540800128999933,53.719669802000055],[-2.539467702999957,53.71466765300005]]]]}},{"type":"Feature","properties":{"FID":140,"LAD23CD":"E07000120","LAD23NM":"Hyndburn","LAD23NMW":" ","BNG_E":374407,"BNG_N":428967,"LONG":-2.3896401,"LAT":53.756439,"GlobalID":"{889F78E9-913D-47AC-A885-99BE38D867C4}","SHAPE_Length":0.4590511087101531,"SHAPE_Area":0.00994684903856366,"reference":"E07000120","name":"Hyndburn"},"geometry":{"type":"MultiPolygon","coordinates":[[[[-2.369759554999973,53.79411554500007],[-2.356426609999971,53.79299098400003],[-2.356789416999959,53.79845557300007],[-2.344558276999976,53.793282066000074],[-2.342305908999947,53.79482744200004],[-2.336232700999972,53.79169715200004],[-2.335797219999961,53.782495022000035],[-2.329187268999931,53.780084798000075],[-2.328608632999931,53.76103195400003],[-2.319914939999933,53.75556692600003],[-2.313724413999978,53.75157517300005],[-2.314109106999979,53.74703879600003],[-2.326148156999977,53.747335613000075],[-2.324857830999974,53.74296175400008],[-2.32577142699995,53.734353543000054],[-2.338165754999977,53.72969397900005],[-2.344184447999965,53.72244960000006],[-2.355281752999929,53.72220512400003],[-2.360800397999981,53.71649837600006],[-2.404590223999946,53.70650490300005],[-2.410998284999948,53.705175817000054],[-2.433688291999943,53.71921434200004],[-2.433528686999978,53.72766870500004],[-2.438612666999973,53.732306675000075],[-2.439658018999978,53.74830830800005],[-2.451780243999963,53.75645436000008],[-2.446317093999937,53.76658970100004],[-2.45549664899994,53.77403208100003],[-2.465807713999936,53.78081340800003],[-2.447478279999928,53.78747952600003],[-2.447596610999938,53.788971196000034],[-2.412416151999935,53.80983706500007],[-2.396736576999956,53.816619192000076],[-2.393404026999974,53.81432648300006],[-2.399386167999978,53.80984780400007],[-2.398877069999969,53.80358036900003],[-2.387962718999972,53.802500320000036],[-2.369932150999944,53.80139061500006],[-2.369759554999973,53.79411554500007]]]]}},{"type":"Feature","properties":{"FID":142,"LAD23CD":"E07000122","LAD23NM":"Pendle","LAD23NMW":" ","BNG_E":387638,"BNG_N":443368,"LONG":-2.1895599,"LAT":53.88636,"GlobalID":"{23AE8248-E074-4487-A8ED-472F97E62B32}","SHAPE_Length":0.8949451127745344,"SHAPE_Area":0.023100468635891325,"reference":"E07000122","name":"Pendle"},"geometry":{"type":"MultiPolygon","coordinates":[[[[-2.185487763999959,53.941887164000036],[-2.182262790999971,53.93541092400005],[-2.175926508999964,53.93426878300005],[-2.171604998999953,53.93765922800003],[-2.164265979999925,53.93470427400007],[-2.16287677899993,53.92726993700006],[-2.151716455999974,53.92948396700007],[-2.149433366999972,53.926028375000044],[-2.141798334999976,53.92567457700005],[-2.139978412999938,53.92832546500006],[-2.132224106999956,53.92650885100005],[-2.124350296999978,53.92320073900004],[-2.121758171999943,53.917330836000076],[-2.113092964999964,53.91543930200004],[-2.107466655999929,53.90804297600005],[-2.113175990999935,53.90461156100008],[-2.103416871999968,53.89189276400003],[-2.082457649999981,53.87755449900004],[-2.089914991999933,53.86818197300005],[-2.081191023999963,53.86997142300004],[-2.074849493999977,53.86236734100004],[-2.046130321999954,53.85014124600008],[-2.046924636999961,53.82951028200006],[-2.061222328999975,53.82562021500007],[-2.084979168999951,53.818520575000036],[-2.112278990999926,53.805708389000074],[-2.128622963999931,53.81979568000003],[-2.135345625999946,53.81595767700003],[-2.142113560999974,53.820447321000074],[-2.148547030999964,53.819768139000075],[-2.152020099999959,53.82370678500007],[-2.193345098999941,53.82397215600008],[-2.196930208999959,53.825196161000065],[-2.194827773999975,53.821971966000035],[-2.20743046299998,53.811436686000036],[-2.217684511999948,53.81551610900004],[-2.222642849999943,53.81739267900008],[-2.235405411999977,53.81379104700005],[-2.24893906799997,53.811903606000044],[-2.261069499999962,53.80776720700004],[-2.269805056999928,53.815003888000035],[-2.282669307999925,53.807364075000066],[-2.294694134999929,53.80843882800008],[-2.297058991999961,53.814303883000036],[-2.303047400999958,53.81451349000008],[-2.301964668999972,53.82107918300005],[-2.311363330999939,53.81292550000006],[-2.313205165999932,53.81246503700004],[-2.317844672999968,53.81705719400003],[-2.317136510999944,53.827854460000026],[-2.305822780999961,53.829594333000045],[-2.302573258999928,53.836394762000054],[-2.33364464999994,53.84063096800003],[-2.317927958999974,53.846922008000035],[-2.318533793999961,53.850047292000056],[-2.32517276699997,53.851119693000044],[-2.314220911999939,53.85433092800008],[-2.319501693999939,53.85828460300007],[-2.305092879999961,53.87067428000006],[-2.273695689999954,53.878977579000036],[-2.265688194999939,53.87581837700003],[-2.258772824999937,53.87786302500007],[-2.259195831999932,53.882034274000034],[-2.226543977999938,53.88965101000008],[-2.223164320999956,53.89403353800003],[-2.234955474999936,53.90796211600008],[-2.245840688999976,53.93326268200008],[-2.22553882699998,53.943650123000054],[-2.215428766999935,53.94156398200005],[-2.184464226999978,53.95221139000006],[-2.179466809999951,53.94598577000005],[-2.185487763999959,53.941887164000036]]]]}},{"type":"Feature","properties":{"FID":143,"LAD23CD":"E07000123","LAD23NM":"Preston","LAD23NMW":" ","BNG_E":352828,"BNG_N":436431,"LONG":-2.71804,"LAT":53.82201,"GlobalID":"{B832899F-6FD2-454B-B0EB-6FED2D6E374F}","SHAPE_Length":0.8051441307713822,"SHAPE_Area":0.019503887627074418,"reference":"E07000123","name":"Preston"},"geometry":{"type":"MultiPolygon","coordinates":[[[[-2.645211579999966,53.89376424500006],[-2.635930836999933,53.89026933800005],[-2.63552935599995,53.88282705300003],[-2.62531230299993,53.880316281000034],[-2.629334913999969,53.86000334800008],[-2.614383554999961,53.85110869200008],[-2.622494978999953,53.84760474800004],[-2.620464492999929,53.84554616300005],[-2.60789806899993,53.83877248300007],[-2.610226098999931,53.82874906200004],[-2.615918720999957,53.819948701000044],[-2.624713720999978,53.81556486800008],[-2.612300067999968,53.80389592600005],[-2.59548659099994,53.79615761100007],[-2.601781670999969,53.78968260600004],[-2.599487779999947,53.78147102400004],[-2.611809369999946,53.77864554400003],[-2.631918943999949,53.78279388100003],[-2.634994856999981,53.780159480000066],[-2.622519790999945,53.774371838000036],[-2.622218905999944,53.770756677000065],[-2.630611208999937,53.766652975000056],[-2.643433184999935,53.76555039200008],[-2.645293035999941,53.76011961800003],[-2.658411364999949,53.75887323000006],[-2.664263551999966,53.74895170600007],[-2.679003463999948,53.75300595900006],[-2.68537938999998,53.749301356000046],[-2.69661027799998,53.75201193000004],[-2.705399562999958,53.75029339200006],[-2.710381064999979,53.74800822000003],[-2.716664799999933,53.75016903200003],[-2.718540344999951,53.75352300800006],[-2.721530276999943,53.75561662500007],[-2.733237560999953,53.75760319900007],[-2.760039651999932,53.75592435800007],[-2.757199524999976,53.75642302500006],[-2.763986306999925,53.75640983100004],[-2.764288953999937,53.756409234000046],[-2.788496743999929,53.75322470100008],[-2.793218746999969,53.75214826300004],[-2.789723310999932,53.75651942500008],[-2.794975978999958,53.76264064600008],[-2.798193677999961,53.77153922300005],[-2.780490599999951,53.78771366900003],[-2.815266361999932,53.80819307000007],[-2.825994217999948,53.81998730000004],[-2.802937078999946,53.82591643300003],[-2.79763627799997,53.824678677000065],[-2.800200054999948,53.833088556000064],[-2.793344126999955,53.83656331200007],[-2.787180400999944,53.83211840000007],[-2.781824431999951,53.83335083000003],[-2.774304403999963,53.83985691300006],[-2.770789832999981,53.84037161100008],[-2.761475425999947,53.82752611300003],[-2.753633381999975,53.82370606600006],[-2.736169254999936,53.82343371300004],[-2.746662845999936,53.85082471900006],[-2.725985929999979,53.84942944900007],[-2.709816505999925,53.85364231500006],[-2.711923050999928,53.856391881000036],[-2.70326124099995,53.86495895400003],[-2.706080406999945,53.86902116600004],[-2.69062761899994,53.87437392000004],[-2.689432525999962,53.88785392400007],[-2.680927348999944,53.89252134900005],[-2.670008434999943,53.89174857100005],[-2.657217659999958,53.89615181600004],[-2.645211579999966,53.89376424500006]]]]}},{"type":"Feature","properties":{"FID":145,"LAD23CD":"E07000125","LAD23NM":"Rossendale","LAD23NMW":" ","BNG_E":382827,"BNG_N":420953,"LONG":-2.2614901,"LAT":53.684761,"GlobalID":"{E294A84C-9BAC-4B39-A5B2-383EB15E1002}","SHAPE_Length":0.787257310969552,"SHAPE_Area":0.01869018384345426,"reference":"E07000125","name":"Rossendale"},"geometry":{"type":"MultiPolygon","coordinates":[[[[-2.242398487999935,53.74907540800007],[-2.232555207999951,53.73761009400005],[-2.214335329999926,53.73726032900004],[-2.203296548999958,53.73238832200008],[-2.18544099099995,53.730824658000074],[-2.173291321999955,53.723009647000026],[-2.165912423999941,53.71083988500004],[-2.162604840999961,53.69920020200004],[-2.145254706999935,53.69229491600004],[-2.146328075999975,53.682231529000035],[-2.158543012999928,53.66067519300003],[-2.164167802999941,53.65337388000006],[-2.161135851999973,53.64224845000007],[-2.185395838999966,53.638224093000076],[-2.180467826999973,53.640549615000054],[-2.182407183999942,53.648257615000034],[-2.189584255999932,53.648025361000066],[-2.205246891999934,53.654361522000045],[-2.215228159999924,53.66712359400003],[-2.21772889999994,53.66898073900006],[-2.225823867999964,53.67076785200004],[-2.236574963999942,53.66700716100007],[-2.261357563999979,53.65416814400004],[-2.269925205999925,53.646057271000075],[-2.26292689099995,53.62496114400005],[-2.256790628999966,53.62044210400006],[-2.257994923999945,53.61645354500007],[-2.27176557599995,53.61447800900004],[-2.272550524999929,53.61851233400006],[-2.282853173999968,53.62026326800003],[-2.289946347999944,53.63523498900008],[-2.29576695999998,53.64145045600003],[-2.297701445999962,53.65176826800007],[-2.293791885999951,53.65792989100004],[-2.299006130999942,53.666709454000056],[-2.315582613999936,53.655055247000064],[-2.325302574999967,53.65541295600008],[-2.353338545999975,53.65848290200006],[-2.355569832999947,53.66450729400003],[-2.371236193999948,53.667080654000074],[-2.37593465599997,53.67564160100005],[-2.374424274999967,53.68725443400007],[-2.398348277999958,53.691559863000066],[-2.410998284999948,53.705175817000054],[-2.404590223999946,53.70650490300005],[-2.360800397999981,53.71649837600006],[-2.355281752999929,53.72220512400003],[-2.344184447999965,53.72244960000006],[-2.338165754999977,53.72969397900005],[-2.32577142699995,53.734353543000054],[-2.324857830999974,53.74296175400008],[-2.326148156999977,53.747335613000075],[-2.314109106999979,53.74703879600003],[-2.302994330999979,53.74840495900003],[-2.295271502999981,53.75199049300005],[-2.285266810999929,53.74370806700006],[-2.267011631999935,53.742642716000034],[-2.262821483999971,53.74626067400004],[-2.266796821999947,53.74809704900008],[-2.257453013999964,53.74985756700005],[-2.251697411999942,53.755044989000055],[-2.242398487999935,53.74907540800007]]]]}},{"type":"Feature","properties":{"FID":147,"LAD23CD":"E07000127","LAD23NM":"West Lancashire","LAD23NMW":" ","BNG_E":342606,"BNG_N":413271,"LONG":-2.869,"LAT":53.612839,"GlobalID":"{7240DCA7-2AFC-4199-AC68-CD2C433BCFF4}","SHAPE_Length":1.5118540064400583,"SHAPE_Area":0.04706118511072755,"reference":"E07000127","name":"West Lancashire"},"geometry":{"type":"MultiPolygon","coordinates":[[[[-2.844464501999937,53.72750905700008],[-2.832534332999955,53.71939963700004],[-2.827057318999948,53.71394570500007],[-2.826718235999977,53.713607996000064],[-2.824056503999941,53.70233531400004],[-2.833490346999952,53.698598262000075],[-2.827692880999962,53.68894170300007],[-2.819873353999981,53.687082822000036],[-2.824232865999932,53.680657515000064],[-2.818403023999963,53.67891243500003],[-2.816367237999941,53.67289518100006],[-2.823364456999968,53.66812387400006],[-2.812353206999944,53.656384614000046],[-2.816745404999949,53.65471951100005],[-2.812111783999967,53.65318637900003],[-2.814406649999967,53.64844734600007],[-2.805917183999952,53.640863833000026],[-2.80799968599996,53.628813336000064],[-2.800506876999975,53.62481175100004],[-2.795946125999933,53.61597814700008],[-2.790764593999938,53.61459207200005],[-2.787361716999953,53.617347015000064],[-2.792981747999931,53.62304268200006],[-2.780888543999936,53.62348335100006],[-2.779121631999942,53.61959669700008],[-2.76621786499993,53.619151765000026],[-2.758792957999958,53.614658183000074],[-2.736167876999957,53.62368473600003],[-2.709955735999927,53.61778416700008],[-2.695640351999941,53.62344833700007],[-2.69444361799998,53.62662547900004],[-2.69094733299994,53.62030896700003],[-2.694646571999954,53.61577719300004],[-2.699448925999945,53.61429932800007],[-2.696301702999961,53.60491851900008],[-2.689455738999925,53.604279536000035],[-2.690485075999959,53.602355903000046],[-2.693309029999966,53.58947474200005],[-2.70006962399998,53.59121336100003],[-2.710343589999979,53.58511703100004],[-2.719222621999961,53.57611418100004],[-2.716388237999979,53.571306022000044],[-2.704738100999975,53.561860479000075],[-2.71855035599998,53.54355012600007],[-2.714527534999945,53.538327071000026],[-2.717835199999968,53.52730922500007],[-2.730417641999964,53.52058137000006],[-2.759831517999942,53.51253714100005],[-2.768872483999928,53.51357146400005],[-2.782418436999933,53.53137251100003],[-2.794686913999954,53.52124271200006],[-2.816615628999955,53.512282320000054],[-2.822519858999954,53.50512752100008],[-2.81989413499997,53.49650711800007],[-2.824964464999937,53.48520921900007],[-2.825574396999968,53.482781689000035],[-2.84442114899997,53.48413038900003],[-2.843937602999972,53.49021116600005],[-2.849836424999978,53.49313917300003],[-2.861477802999957,53.49107915700006],[-2.871067279999977,53.49499703200007],[-2.873332437999977,53.50003934500006],[-2.887963436999939,53.50384595000003],[-2.892210757999976,53.511165849000065],[-2.881687654999951,53.52052290700004],[-2.916743145999931,53.52325841000004],[-2.923009407999928,53.52522004300005],[-2.941979214999947,53.54099773400003],[-2.965817435999952,53.547815789000026],[-2.977278105999972,53.54622715800008],[-2.978434859999936,53.54277484200003],[-2.962997391999977,53.52290294900007],[-2.964142783999932,53.518606059000035],[-2.972943317999977,53.51544622400007],[-2.982531587999972,53.51954585700008],[-2.991522789999976,53.52299161800005],[-3.024968710999929,53.53903515800005],[-3.038692272999981,53.538319674000036],[-3.046698581999976,53.542958329000044],[-3.038809217999926,53.55190526200005],[-3.040588763999949,53.56500250200003],[-3.022619997999925,53.56959790700006],[-3.020768519999933,53.58281446900003],[-3.033342473999937,53.585119958000064],[-3.032148161999942,53.59852957700008],[-3.014098528999966,53.61127703100004],[-2.997333510999965,53.62688568300007],[-2.993720602999929,53.62827121500004],[-2.981823130999942,53.62220513600005],[-2.967768734999936,53.63106381400007],[-2.96035171799997,53.638736821000066],[-2.949966910999933,53.65233472400007],[-2.940143443999943,53.658610519000035],[-2.947437909999962,53.667349080000065],[-2.944307927999944,53.67912970200007],[-2.952493680999964,53.68227914400006],[-2.946785668999951,53.68801756500005],[-2.955230319999941,53.696495997000056],[-2.955461530999969,53.69674202400006],[-2.95621612399998,53.697488331000045],[-2.952719386999945,53.699792939000076],[-2.941528925999933,53.69653856800005],[-2.951127162999967,53.69971383200004],[-2.942597310999929,53.70015965400006],[-2.95364553099995,53.70236790000007],[-2.947317861999977,53.70416991600007],[-2.955105730999946,53.70443800700008],[-2.94378181299993,53.70815082000007],[-2.937118508999959,53.704519693000066],[-2.928842520999979,53.704505899000026],[-2.938026312999966,53.70542310900004],[-2.940320466999935,53.71142996300006],[-2.946746459999929,53.71030171900003],[-2.941401206999956,53.71327302700007],[-2.948243348999938,53.711781967000036],[-2.935902411999962,53.725427858000046],[-2.932311123999966,53.71874259800006],[-2.932869503999939,53.72453021200005],[-2.928414137999937,53.72207326800003],[-2.928254440999979,53.71612970100006],[-2.927177875999973,53.72071035400006],[-2.915506507999964,53.71333978100006],[-2.919502618999957,53.717049219000046],[-2.915789385999972,53.71687812600004],[-2.929348236999942,53.72416121100008],[-2.91509383999994,53.72609834600007],[-2.911334760999978,53.716759395000054],[-2.910659003999967,53.71772939300007],[-2.909488520999957,53.719409420000034],[-2.910719388999951,53.72052570300008],[-2.913214022999966,53.72278787800008],[-2.910773477999953,53.72303029700004],[-2.908719671999961,53.72323426100007],[-2.910798860999932,53.724205521000044],[-2.912075482999967,53.72480183400006],[-2.910832911999933,53.72578202900007],[-2.90745944899993,53.72842277900003],[-2.904300856999953,53.72892272800004],[-2.905288753999969,53.725852789000044],[-2.896276470999965,53.723000471000034],[-2.900563967999972,53.72633982200006],[-2.894577345999949,53.730064612000035],[-2.889387418999945,53.73064440600007],[-2.891142529999968,53.72568595900003],[-2.888779820999957,53.73072535000006],[-2.886121647999971,53.72685936800008],[-2.884143379999955,53.73096462400008],[-2.865834665999955,53.73374597500003],[-2.861570123999968,53.73321859200007],[-2.85106408799993,53.73082889300008],[-2.844464501999937,53.72750905700008]]]]}},{"type":"Feature","properties":{"FID":158,"LAD23CD":"E07000138","LAD23NM":"Lincoln","LAD23NMW":" ","BNG_E":496347,"BNG_N":370096,"LONG":-0.55848002,"LAT":53.219212,"GlobalID":"{1F788453-549D-400D-BFCA-786977E92BE8}","SHAPE_Length":0.38254789213346696,"SHAPE_Area":0.004767551664873336,"reference":"E07000138","name":"Lincoln"},"geometry":{"type":"MultiPolygon","coordinates":[[[[-0.495440959999939,53.24437335700003],[-0.495118460999947,53.22525914600004],[-0.502300631999958,53.225796366000054],[-0.501273479999952,53.22106028500008],[-0.508914070999936,53.21820844400003],[-0.513823300999945,53.22021061000004],[-0.526915242999962,53.21874061300008],[-0.533832896999968,53.21322090100006],[-0.539576379999971,53.20395296600003],[-0.54883977399993,53.205863184000066],[-0.549077891999957,53.20155555300005],[-0.552843478999932,53.18632607100005],[-0.564971320999973,53.18716050300003],[-0.578114187999972,53.19578884600003],[-0.586770139999942,53.19864419100003],[-0.588215998999942,53.20057156800004],[-0.60048876299993,53.20357573600006],[-0.613773432999949,53.20270498000008],[-0.617590338999946,53.20733674100006],[-0.619274761999975,53.20873523700004],[-0.617408576999935,53.21432592000008],[-0.622616973999925,53.21759820700004],[-0.595035735999943,53.22785093400006],[-0.575474921999955,53.23163552800003],[-0.570727189999957,53.22961178400004],[-0.572195707999924,53.23644711500003],[-0.59511192399998,53.24517019100006],[-0.554692317999979,53.25214906600007],[-0.53858069599994,53.25456263400008],[-0.514164464999965,53.25379564500008],[-0.496012166999947,53.247190756000066],[-0.495440959999939,53.24437335700003]]]]}},{"type":"Feature","properties":{"FID":168,"LAD23CD":"E07000148","LAD23NM":"Norwich","LAD23NMW":" ","BNG_E":622355,"BNG_N":309773,"LONG":1.284979,"LAT":52.640129,"GlobalID":"{23490C99-F2A8-423D-AB07-DC7DDA7631BD}","SHAPE_Length":0.45112361639487886,"SHAPE_Area":0.005151394245736787,"reference":"E07000148","name":"Norwich"},"geometry":{"type":"MultiPolygon","coordinates":[[[[1.310607424000068,52.65170606500004],[1.322976579000056,52.64502422500004],[1.340571590000025,52.64970786900005],[1.341136704000064,52.64709349900005],[1.342244116000074,52.64131872400003],[1.329864593000025,52.63758429500007],[1.328767695000067,52.630613519000065],[1.328356771000074,52.62973649000003],[1.322524704000045,52.62591614300004],[1.325285319000045,52.62318372000004],[1.319628672000022,52.62034126900005],[1.320366766000063,52.61587947600003],[1.29788985600004,52.605352124000035],[1.287101844000063,52.59648838700008],[1.277867663000052,52.59739752400003],[1.276888786000029,52.59811533000004],[1.268823377000047,52.60177395800008],[1.257785729000034,52.59814712600007],[1.250853247000066,52.60611455700007],[1.241685206000056,52.60999487500004],[1.243545519000065,52.61713520600006],[1.23188871900004,52.61768338600007],[1.228471737000064,52.62221225300004],[1.232761900000071,52.62810470900007],[1.22735401500006,52.63221363200006],[1.216370941000037,52.625569797000026],[1.209836278000068,52.63715363800003],[1.206343504000074,52.63830778100004],[1.203890471000022,52.64470380400007],[1.211492795000026,52.64536653200008],[1.235453630000052,52.640933450000034],[1.248047232000033,52.647611949000066],[1.248508073000039,52.647743164000076],[1.261585926000066,52.65209091200006],[1.277186572000062,52.65651764100005],[1.284988765000037,52.66022809100008],[1.271066075000022,52.66870257700003],[1.264635897000062,52.674918380000065],[1.262859307000042,52.67740553500005],[1.282945263000045,52.67733516100003],[1.292330009000068,52.68493512400005],[1.299660454000048,52.67426420400005],[1.292065621000063,52.671665045000054],[1.291706232000024,52.66134025200006],[1.292600984000046,52.65492795000006],[1.30234602400003,52.65307093100006],[1.310607424000068,52.65170606500004]]]]}},{"type":"Feature","properties":{"FID":177,"LAD23CD":"E07000177","LAD23NM":"Cherwell","LAD23NMW":" ","BNG_E":449301,"BNG_N":221199,"LONG":-1.28506,"LAT":51.88718,"GlobalID":"{886346BA-977F-4477-8B03-754840670BE3}","SHAPE_Length":2.3565445619856846,"SHAPE_Area":0.07689555255430076,"reference":"E07000177","name":"Cherwell"},"geometry":{"type":"MultiPolygon","coordinates":[[[[-1.308432746999927,52.143508601000065],[-1.276829557999974,52.11707641300006],[-1.252927599999964,52.10387448000006],[-1.247952349999935,52.09575480700005],[-1.271668783999928,52.097939901000075],[-1.28724043099993,52.09261023100004],[-1.308019274999936,52.09228288500003],[-1.320868885999971,52.087568849000036],[-1.320541940999931,52.08219532100003],[-1.316615089999971,52.07960572400003],[-1.299360652999951,52.08010150100006],[-1.297508813999968,52.07805669500004],[-1.306903207999937,52.070313541000075],[-1.300066948999927,52.069363374000034],[-1.302175477999924,52.06501887300004],[-1.307704574999946,52.06426032300004],[-1.307370057999947,52.05757544800008],[-1.312920042999963,52.05145266300008],[-1.309079664999956,52.048792855000045],[-1.296444595999958,52.04086213700003],[-1.291699391999941,52.03097800100005],[-1.294312722999962,52.02803570400005],[-1.285316599999931,52.02647730800004],[-1.278164018999973,52.014272669000036],[-1.278631786999938,52.01136779700005],[-1.284521023999957,52.01082196400006],[-1.277065995999976,52.005359456000065],[-1.28341500099998,51.999459010000066],[-1.282995,51.991512768000064],[-1.288829048999958,51.989744261000055],[-1.282692388999976,51.97924727000003],[-1.280865087999928,51.98236405800003],[-1.260915478999948,51.98092614900003],[-1.241612234999934,51.98629336400006],[-1.229700363999939,51.98136728800006],[-1.200641734999977,51.97794494900006],[-1.196259749999967,51.97743144300006],[-1.190690108999945,51.981522935000044],[-1.176054589999978,51.98204542600007],[-1.163823484999966,51.99341222700008],[-1.156650845999934,51.99223444900008],[-1.134328697999933,51.99729638800005],[-1.131253003999973,52.004884762000074],[-1.118086396999956,52.01542617200005],[-1.111979653999924,52.01659231900004],[-1.102877601999978,52.01208972000006],[-1.095919141999957,52.01496951000007],[-1.088062019999938,52.00578196300006],[-1.077144284999974,52.008806476000075],[-1.07392036899995,52.006281089000026],[-1.060820453999952,52.00862719700007],[-1.053159832999938,52.002485586000034],[-1.078186033999941,51.98105735300004],[-1.095235540999965,51.957122671000036],[-1.081910708999942,51.950998868000056],[-1.079039811999962,51.943409227000075],[-1.056765333999977,51.94928314900005],[-1.055918782999925,51.94259874000005],[-1.062111520999963,51.93513682100007],[-1.077548976999935,51.93164337600007],[-1.075534643999958,51.92993813900006],[-1.08667334699993,51.92264587900007],[-1.07935638999993,51.91722198200006],[-1.086279049999973,51.905319458000065],[-1.084253945999933,51.89954491000003],[-1.093518990999939,51.89393689700006],[-1.068975249999937,51.88726267000004],[-1.077605188999939,51.87673076600004],[-1.069166054999926,51.87464491000003],[-1.064642431999971,51.86869718300005],[-1.066031188999943,51.85281669400007],[-1.061977848999959,51.844126636000055],[-1.047122935999937,51.839813664000076],[-1.061906639999961,51.83238409900008],[-1.068588223999939,51.83463554900004],[-1.078449442999954,51.82925457700003],[-1.121598863999964,51.84534209900005],[-1.140753880999966,51.83467612100003],[-1.110096564999935,51.81730503600005],[-1.124889689999975,51.807511214000044],[-1.117405943999927,51.799167056000044],[-1.123541170999943,51.794181293000065],[-1.126818331999971,51.79950250100006],[-1.136807118999968,51.796015616000034],[-1.154076139999972,51.796633764000035],[-1.151895593999939,51.80309805600007],[-1.167120625999928,51.80968455300007],[-1.167410300999961,51.81377752900005],[-1.187316861999932,51.81213564300003],[-1.190679080999928,51.798537003000035],[-1.194519084999968,51.79699439700005],[-1.205812366999965,51.80055989900006],[-1.20834158599996,51.79815467200007],[-1.210357467999927,51.802462527000046],[-1.221340245999954,51.80155756700003],[-1.22457332099998,51.80694136400007],[-1.241963645999931,51.80999583400006],[-1.245087056999978,51.801980342000036],[-1.253809105999949,51.797846965000076],[-1.244091478999962,51.78943729700006],[-1.25270442599998,51.78649915300008],[-1.258094306999965,51.79351054500006],[-1.283650354999963,51.796271870000055],[-1.302820014999952,51.78096502500006],[-1.304721116999929,51.789624625000044],[-1.309396851999963,51.78917840400004],[-1.322285406999924,51.787837969000066],[-1.325563816999932,51.80532881000005],[-1.337396708999961,51.81169214300007],[-1.332381602999931,51.81701983900007],[-1.338175967999973,51.819964148000054],[-1.331092834999936,51.82050474000005],[-1.326242567999941,51.82554107000004],[-1.332542425999975,51.831092977000026],[-1.342000868999946,51.83018142800006],[-1.336719202999973,51.83784927000005],[-1.341360944999963,51.84042433500008],[-1.336995117999948,51.84989821000005],[-1.339175300999955,51.85617289500004],[-1.333994465999979,51.86247895000008],[-1.324561222999932,51.859653208000054],[-1.295349969999961,51.862504888000046],[-1.302233052999952,51.868984511000065],[-1.286143676999927,51.875152924000076],[-1.288509687999976,51.881561085000044],[-1.29785045999995,51.888059561000034],[-1.28978701799997,51.893733644000065],[-1.302416982999944,51.900005425000074],[-1.298661942999956,51.91200887000008],[-1.30639180299994,51.91634878500008],[-1.30622432399997,51.919765347000066],[-1.324720845999934,51.922505545000035],[-1.325229075999971,51.92672976400007],[-1.330539559999977,51.927350800000056],[-1.330173318999925,51.93348781800006],[-1.339991338999937,51.934960302000036],[-1.332465265999929,51.94214942900004],[-1.345267007999951,51.94116128300004],[-1.346416058999978,51.94509043700003],[-1.361858059999975,51.94837503200006],[-1.361396230999958,51.96853676900008],[-1.364947055999949,51.96746359500003],[-1.377234636999958,51.97960141300007],[-1.401867674999949,51.97987025500004],[-1.409988946999931,51.97278040300006],[-1.412532262999946,51.97857439300003],[-1.426579007999976,51.98293045500003],[-1.42445319899997,51.986685512000065],[-1.437371833999975,51.98919257300008],[-1.454077372999961,51.97967055400005],[-1.493668305999961,51.97489878600004],[-1.501871991999963,51.98409194800007],[-1.518192928999952,51.98986725600008],[-1.522825693999948,51.996843323000064],[-1.51020903999995,52.02549632600005],[-1.49735329899994,52.05895454300003],[-1.499342703999957,52.06359966600007],[-1.501855273999979,52.07162663100007],[-1.490665280999963,52.07713532100007],[-1.494354965999946,52.08222746000007],[-1.485607455999968,52.08773343900003],[-1.487804442999959,52.09395743300007],[-1.480066718999979,52.09355847900008],[-1.47730164799998,52.101350945000036],[-1.467559298999959,52.09705647200008],[-1.447187851999956,52.09762503300004],[-1.451580430999968,52.11444944600004],[-1.420746143999963,52.11781811000003],[-1.403894174999948,52.11008986000007],[-1.385399811999946,52.09414557300005],[-1.374423659999934,52.09972600300006],[-1.35776965499997,52.101310425000065],[-1.365183400999967,52.111301842000046],[-1.370366520999937,52.11271783500007],[-1.370842140999969,52.11753418300003],[-1.39070028499998,52.11678894000005],[-1.393302530999961,52.118962905000046],[-1.385462866999944,52.12840316100005],[-1.366147096999953,52.136075238000046],[-1.348707979999972,52.135132199000054],[-1.349936497999977,52.14159180200005],[-1.341040360999955,52.14485634500005],[-1.343458681999948,52.15323501000006],[-1.334005329999968,52.159080861000064],[-1.331897134999963,52.168485056000065],[-1.306429729999934,52.14555308300004],[-1.308432746999927,52.143508601000065]]]]}},{"type":"Feature","properties":{"FID":178,"LAD23CD":"E07000178","LAD23NM":"Oxford","LAD23NMW":" ","BNG_E":452277,"BNG_N":206368,"LONG":-1.24405,"LAT":51.753571,"GlobalID":"{38436645-5BFB-4F91-A5E8-4E98484D09B3}","SHAPE_Length":0.3806539473320124,"SHAPE_Area":0.005920434547414156,"reference":"E07000178","name":"Oxford"},"geometry":{"type":"MultiPolygon","coordinates":[[[[-1.179726523999932,51.76308177400006],[-1.187801494999974,51.755514084000026],[-1.194284989999971,51.75712952300006],[-1.195061306999946,51.75135871300006],[-1.195104454999978,51.749253284000076],[-1.195246809999958,51.74515328100006],[-1.19399408299995,51.73660010800006],[-1.179229087999943,51.73624700200003],[-1.175793717999966,51.733481538000035],[-1.190312807999931,51.72704572500004],[-1.184153745999936,51.72157322800007],[-1.18769481299995,51.71850380800004],[-1.188306698999952,51.716754672000036],[-1.200202893999972,51.71214364700006],[-1.20736282799993,51.714979551000056],[-1.216573686999936,51.71554311400007],[-1.222288520999939,51.710983716000044],[-1.233789267999953,51.72201701400007],[-1.24130957999995,51.72515969800003],[-1.25350887899998,51.727972058000034],[-1.267840938999939,51.742711746000055],[-1.288787228999979,51.748997630000076],[-1.303670054999941,51.77263691200005],[-1.302820014999952,51.78096502500006],[-1.283650354999963,51.796271870000055],[-1.258094306999965,51.79351054500006],[-1.25270442599998,51.78649915300008],[-1.253985946999933,51.786152138000034],[-1.22081529299993,51.772258399000066],[-1.180688117999978,51.765995375000045],[-1.179726523999932,51.76308177400006]]]]}},{"type":"Feature","properties":{"FID":181,"LAD23CD":"E07000181","LAD23NM":"West Oxfordshire","LAD23NMW":" ","BNG_E":434343,"BNG_N":215817,"LONG":-1.50292,"LAT":51.839909,"GlobalID":"{67BEA0F6-E7C7-4168-A7DB-38B1346C9C55}","SHAPE_Length":1.6660468316776877,"SHAPE_Area":0.09321541177210613,"reference":"E07000181","name":"West Oxfordshire"},"geometry":{"type":"MultiPolygon","coordinates":[[[[-1.522825693999948,51.996843323000064],[-1.518192928999952,51.98986725600008],[-1.501871991999963,51.98409194800007],[-1.493668305999961,51.97489878600004],[-1.454077372999961,51.97967055400005],[-1.437371833999975,51.98919257300008],[-1.42445319899997,51.986685512000065],[-1.426579007999976,51.98293045500003],[-1.412532262999946,51.97857439300003],[-1.409988946999931,51.97278040300006],[-1.401867674999949,51.97987025500004],[-1.377234636999958,51.97960141300007],[-1.364947055999949,51.96746359500003],[-1.361396230999958,51.96853676900008],[-1.361858059999975,51.94837503200006],[-1.346416058999978,51.94509043700003],[-1.345267007999951,51.94116128300004],[-1.332465265999929,51.94214942900004],[-1.339991338999937,51.934960302000036],[-1.330173318999925,51.93348781800006],[-1.330539559999977,51.927350800000056],[-1.325229075999971,51.92672976400007],[-1.324720845999934,51.922505545000035],[-1.30622432399997,51.919765347000066],[-1.30639180299994,51.91634878500008],[-1.298661942999956,51.91200887000008],[-1.302416982999944,51.900005425000074],[-1.28978701799997,51.893733644000065],[-1.29785045999995,51.888059561000034],[-1.288509687999976,51.881561085000044],[-1.286143676999927,51.875152924000076],[-1.302233052999952,51.868984511000065],[-1.295349969999961,51.862504888000046],[-1.324561222999932,51.859653208000054],[-1.333994465999979,51.86247895000008],[-1.339175300999955,51.85617289500004],[-1.336995117999948,51.84989821000005],[-1.341360944999963,51.84042433500008],[-1.336719202999973,51.83784927000005],[-1.342000868999946,51.83018142800006],[-1.332542425999975,51.831092977000026],[-1.326242567999941,51.82554107000004],[-1.331092834999936,51.82050474000005],[-1.338175967999973,51.819964148000054],[-1.332381602999931,51.81701983900007],[-1.337396708999961,51.81169214300007],[-1.325563816999932,51.80532881000005],[-1.322285406999924,51.787837969000066],[-1.330250086999968,51.78627456700008],[-1.34845293099994,51.77692323100007],[-1.359992966999926,51.775004780000074],[-1.364220528999965,51.76780584800008],[-1.359097127999974,51.763658246000034],[-1.363378722999926,51.76181958800004],[-1.367760160999978,51.75312868300006],[-1.365357461999963,51.746359623000046],[-1.374072210999941,51.737401473000034],[-1.366993473999969,51.72963468700004],[-1.369177758999967,51.72301889400006],[-1.391919936999955,51.70629592600005],[-1.403433469999925,51.70588113500003],[-1.419291713999939,51.71029343400005],[-1.438586723999947,51.70777156400004],[-1.442065596999953,51.71238273600005],[-1.45900923399995,51.71330432000008],[-1.463844619999975,51.71168448700007],[-1.465680877999944,51.69914468700006],[-1.479037117999951,51.70389926900003],[-1.49212635799995,51.69388593100007],[-1.497228148999966,51.69868134400008],[-1.513351546999957,51.70123168100008],[-1.534276398999964,51.698183818000075],[-1.545187625999972,51.70323933200007],[-1.560807285999942,51.69863321100007],[-1.574851907999971,51.70010741500005],[-1.584674923999955,51.69304737500005],[-1.60105866899994,51.688859336000064],[-1.606044572999963,51.692255963000036],[-1.628301778999969,51.68385037100006],[-1.635345162999954,51.68755624200003],[-1.648253742999941,51.684087067000064],[-1.657438139999954,51.69645132200003],[-1.664699673999962,51.696878695000066],[-1.686166202999971,51.71017594500006],[-1.693706453999937,51.72158791700008],[-1.695818347999932,51.72377291600003],[-1.685507819999941,51.73063416900004],[-1.687020834999942,51.73988402400005],[-1.694865511999978,51.74857501400004],[-1.700704640999959,51.77058423100004],[-1.719488632999969,51.78321182900004],[-1.683752954999932,51.801337525000065],[-1.676859634999971,51.81702467500003],[-1.681120083999929,51.81605266500003],[-1.686461591999944,51.83445579200003],[-1.676384998999936,51.85030968600006],[-1.678693695999925,51.85292251900006],[-1.686351228999968,51.86629235400005],[-1.667111882999961,51.87700005900007],[-1.668957163999949,51.881504378000045],[-1.658651973999952,51.89655119400004],[-1.644882722999967,51.894600765000064],[-1.633252623999965,51.89958303100008],[-1.633927659999927,51.90529981200007],[-1.634841125999969,51.91288311300008],[-1.644889296999963,51.913715799000045],[-1.641182081999943,51.921561832000066],[-1.645529842999963,51.92229425700003],[-1.615188930999977,51.93768163000004],[-1.632490649999966,51.95565145900008],[-1.648926554999946,51.958924839000076],[-1.655366943999979,51.95750346900007],[-1.652374583999972,51.961511863000055],[-1.66252910999998,51.96400494800008],[-1.668943258999946,51.97527273800006],[-1.66575430499995,51.987488822000046],[-1.638314673999957,51.97517183800005],[-1.61234247799996,51.95540341700007],[-1.591633823999928,51.97044997100005],[-1.600301559999934,51.97694155600004],[-1.580573055999935,51.97299599200005],[-1.563539078999952,51.977040370000054],[-1.549671233999959,51.98085965900003],[-1.557223609999937,51.99165766600004],[-1.541741594999962,51.996432060000075],[-1.527929047999976,51.991754316000026],[-1.522825693999948,51.996843323000064]]]]}},{"type":"Feature","properties":{"FID":182,"LAD23CD":"E07000192","LAD23NM":"Cannock Chase","LAD23NMW":" ","BNG_E":401261,"BNG_N":311553,"LONG":-1.98277,"LAT":52.70166,"GlobalID":"{D40661D0-95A9-45C2-B722-48B9767A492D}","SHAPE_Length":0.5379156829207634,"SHAPE_Area":0.010495216615772688,"reference":"E07000192","name":"Cannock Chase"},"geometry":{"type":"MultiPolygon","coordinates":[[[[-1.925481237999975,52.763760293000075],[-1.911387087999969,52.75902903400004],[-1.917199151999966,52.75465563200004],[-1.910806792999949,52.75119095200006],[-1.91490456899993,52.74045594800003],[-1.93392258199998,52.72764699600003],[-1.935861726999974,52.72085543400004],[-1.93738579099994,52.71408078200005],[-1.915510677999976,52.71063859600008],[-1.929409487999976,52.70500570300004],[-1.932620847999942,52.696313590000045],[-1.93354760699998,52.69595633200004],[-1.949632482999959,52.69566847900006],[-1.948161070999959,52.69083318700007],[-1.954586942999924,52.68452498000005],[-1.959250021999935,52.684149009000066],[-1.958310188999974,52.676827495000055],[-1.961999092999974,52.67822487600006],[-1.963225244999933,52.67463292000008],[-1.95456973499995,52.662641171000075],[-1.959944797999981,52.66203718400004],[-1.955073870999968,52.65413702600006],[-1.960557165999944,52.65371100200008],[-1.960280591999947,52.64416289300004],[-1.964036126999929,52.64184221800008],[-1.986550311999963,52.64040927800005],[-1.983766954999965,52.64362197500003],[-1.993025545999956,52.64534128300005],[-1.994951507999929,52.654313408000064],[-2.000525660999926,52.661015751000036],[-2.004917709999972,52.66913224400008],[-2.022720596999932,52.67227032300008],[-2.025240306999933,52.671793311000044],[-2.035507401999951,52.671172166000076],[-2.044333625999968,52.67609014800007],[-2.051355354999941,52.678021407000074],[-2.050870069999974,52.68532699700006],[-2.054632219999974,52.690059191000046],[-2.039219424999942,52.70228384100005],[-2.031091512999978,52.70510363800008],[-2.02984904799996,52.71401104000006],[-2.02532589599997,52.73459744200005],[-2.025691850999976,52.735012651000034],[-2.026802005999969,52.73631776000008],[-2.017016222999928,52.742566443000044],[-2.014780144999975,52.75351068900005],[-2.018466171999933,52.75883072700003],[-1.996776161999946,52.763643932000036],[-1.973129732999951,52.76155823100004],[-1.949145552999937,52.773359096000036],[-1.943957749999925,52.773739026000044],[-1.925481237999975,52.763760293000075]]]]}},{"type":"Feature","properties":{"FID":185,"LAD23CD":"E07000195","LAD23NM":"Newcastle-under-Lyme","LAD23NMW":" ","BNG_E":378201,"BNG_N":345177,"LONG":-2.3262801,"LAT":53.003471,"GlobalID":"{1E83F80D-7239-40ED-A22A-1EE2A5CE5DBD}","SHAPE_Length":1.1037356674848666,"SHAPE_Area":0.02832848004347635,"reference":"E07000195","name":"Newcastle-under-Lyme"},"geometry":{"type":"MultiPolygon","coordinates":[[[[-2.189271370999961,53.10143239000007],[-2.182672451999963,53.09247078200008],[-2.181148177999944,53.08984385900004],[-2.198615214999961,53.09271924400008],[-2.201370641999972,53.08670003000003],[-2.215863991999925,53.08531213500004],[-2.238761351999926,53.07333926600006],[-2.234139701999936,53.06439274000007],[-2.227917936999972,53.06373072500003],[-2.221991327999945,53.04987466800003],[-2.21501210699995,53.040467155000044],[-2.20832510799994,53.034459078000054],[-2.204960398999958,53.02314052200006],[-2.202552763999961,53.02002452600004],[-2.215486736999935,53.015305099000045],[-2.211523801999931,53.00703110000006],[-2.217190377999941,53.001636606000034],[-2.213442828999973,52.99506819100003],[-2.212464714999953,52.98818449000004],[-2.204340901999956,52.981398212000045],[-2.212513654999952,52.98057507000004],[-2.22708339299993,52.97634583200005],[-2.253574764999939,52.963931107000064],[-2.262565890999952,52.96568970800007],[-2.264403629999947,52.96284944800004],[-2.270224975999952,52.96337204500003],[-2.278026226999941,52.95122741200004],[-2.27314225799995,52.94114964100004],[-2.263233214999957,52.933961390000036],[-2.264065243999937,52.923683227000026],[-2.285476881999955,52.92658126100008],[-2.296359153999958,52.93194609200003],[-2.323029261999977,52.930840972000055],[-2.332763636999971,52.92820419800006],[-2.347307228999966,52.91411874000005],[-2.357879328999957,52.91855762700004],[-2.379149591999976,52.91291321300008],[-2.382688465999934,52.89784097900008],[-2.378937881999946,52.89172052400005],[-2.385554568999964,52.887988387000064],[-2.411858005999932,52.88789017200003],[-2.425850666999963,52.88200224500008],[-2.440411583999946,52.88122730100008],[-2.446096802999932,52.874002990000065],[-2.457629409999925,52.87910087200004],[-2.456224478999957,52.88526223400004],[-2.465262982999946,52.89231531100006],[-2.470781852999949,52.90587834100006],[-2.460854513999948,52.909383544000036],[-2.455686955999965,52.91556843400008],[-2.456841147999967,52.92437403800005],[-2.446945527999958,52.928606355000056],[-2.436722733999943,52.943869824000046],[-2.425150615999939,52.95001264100006],[-2.405502675999969,52.94731755500004],[-2.40713382499996,52.95790806000008],[-2.412917126999957,52.96177073200005],[-2.39915353899994,52.96065080400007],[-2.393743105999931,52.95055194000008],[-2.387337299999956,52.952678107000054],[-2.384750255999961,52.95982210500006],[-2.377141582999968,52.96493548400008],[-2.382832065999935,52.97065799100005],[-2.379718285999957,52.976065264000056],[-2.370736791999946,52.977466348000064],[-2.370269157999928,52.982162103000064],[-2.379806795999968,52.99106555100008],[-2.37660894499993,52.99764421800006],[-2.380793678999964,52.99841106200006],[-2.383044684999959,53.007786786000054],[-2.370467804999976,53.01457585300005],[-2.384227390999968,53.02616757800007],[-2.379785048999963,53.02759141900003],[-2.386170659999948,53.03356383200003],[-2.382159145999935,53.04584969500007],[-2.38512366599997,53.04809099700003],[-2.375059802999942,53.05453072000006],[-2.36105942699993,53.054157829000076],[-2.356679865999979,53.05821528700005],[-2.351675202999957,53.05744010400008],[-2.351680514999941,53.05736818400004],[-2.351645562999977,53.05729002600003],[-2.348594442999968,53.055825757000036],[-2.330515054999978,53.07086045300008],[-2.329009389999953,53.076579896000055],[-2.316727982999964,53.081115072000046],[-2.303396458999941,53.08296118900006],[-2.294460902999958,53.07829584600006],[-2.281690216999948,53.08031607000004],[-2.275289007999959,53.08218913200005],[-2.277059334999933,53.08591160900005],[-2.255898954999964,53.09067416000005],[-2.253248490999965,53.09397699400006],[-2.246508700999925,53.09021665800003],[-2.237951416999977,53.10104714500005],[-2.223073620999969,53.10379521900006],[-2.211314925999943,53.11582446400007],[-2.199303345999965,53.10528304700006],[-2.189271370999961,53.10143239000007]]]]}},{"type":"Feature","properties":{"FID":189,"LAD23CD":"E07000199","LAD23NM":"Tamworth","LAD23NMW":" ","BNG_E":421452,"BNG_N":302547,"LONG":-1.68455,"LAT":52.620281,"GlobalID":"{9112AFB4-F577-4A4D-AD75-E497FADD0175}","SHAPE_Length":0.3386154380285367,"SHAPE_Area":0.004126532751231446,"reference":"E07000199","name":"Tamworth"},"geometry":{"type":"MultiPolygon","coordinates":[[[[-1.64494295399993,52.65751678000004],[-1.634240352999939,52.64304521400004],[-1.64242246699996,52.640940295000064],[-1.63818865099995,52.63770097200006],[-1.642422073999967,52.63148951100004],[-1.63818075699993,52.62552073900008],[-1.643086351999955,52.62320369300005],[-1.641530159999945,52.62020907500005],[-1.636015145999977,52.61961694900003],[-1.639777364999929,52.608393067000065],[-1.643707049999932,52.60364489500006],[-1.651577539999948,52.59841827400004],[-1.660781397999926,52.59451022600007],[-1.665707904999977,52.595665835000034],[-1.665639589999955,52.59225223300007],[-1.679223409999963,52.59270948800008],[-1.685900191999963,52.59334848000003],[-1.685690886999964,52.58935099300004],[-1.697801430999959,52.590987891000054],[-1.70031606799995,52.590884559000074],[-1.703699477999976,52.59603974300006],[-1.695181025999943,52.598708671000054],[-1.688821719999964,52.60582120200007],[-1.692077756999936,52.61218667400004],[-1.691453309999929,52.617391886000064],[-1.702206339999975,52.615849740000044],[-1.711886642999957,52.62546028600008],[-1.731257563999975,52.632716370000026],[-1.735836656999936,52.63690742600005],[-1.734129137999957,52.64359940200006],[-1.721406721999927,52.64768125100005],[-1.72255254099997,52.65136613100003],[-1.704422826999973,52.65097184500007],[-1.689660142999969,52.650980882000056],[-1.684309291999966,52.647246807000045],[-1.670752066999967,52.65160226300003],[-1.64494295399993,52.65751678000004]]]]}},{"type":"Feature","properties":{"FID":191,"LAD23CD":"E07000202","LAD23NM":"Ipswich","LAD23NMW":" ","BNG_E":617163,"BNG_N":244456,"LONG":1.166175,"LAT":52.05592,"GlobalID":"{68FB9B3A-FB12-43DC-B637-D1A3D27969AD}","SHAPE_Length":0.39919250355051245,"SHAPE_Area":0.0051436697472328746,"reference":"E07000202","name":"Ipswich"},"geometry":{"type":"MultiPolygon","coordinates":[[[[1.157838839000021,52.08875163600004],[1.165586629000074,52.08101016000006],[1.170982664000064,52.080812911000066],[1.189894268000046,52.08044999500004],[1.186826613000051,52.07728604600004],[1.200214506000066,52.068535283000074],[1.205209800000034,52.06214051200004],[1.203857835000065,52.04947849600006],[1.20921267600005,52.04847735300007],[1.205955206000056,52.04120517500007],[1.201943912000047,52.037405500000034],[1.223610324000049,52.02943425400008],[1.221032539000021,52.02546278700004],[1.219368756000051,52.02288291000008],[1.215032634000067,52.02562054800006],[1.209477043000049,52.02076865600003],[1.201678464000054,52.02433055800003],[1.186610581000025,52.021993519000034],[1.184809835000067,52.02432685600007],[1.17767542200005,52.02244672200004],[1.169720148000067,52.03034378600006],[1.166226708000067,52.02986455300004],[1.160676409000075,52.03264045700007],[1.160991874000047,52.041850898000064],[1.161076521000041,52.042022804000055],[1.163059127000054,52.046048721000034],[1.159926022000036,52.047957619000044],[1.155497844000024,52.03653437300005],[1.150526205000062,52.03423240400008],[1.146712812000032,52.033877938000046],[1.129577092000034,52.02995452700003],[1.125658759000032,52.034191373000056],[1.117607795000026,52.035322188000066],[1.112943533000021,52.034577623000075],[1.107275696000045,52.04618577900004],[1.114313710000033,52.04859735200006],[1.110250300000075,52.05350211500007],[1.12200400200004,52.05742466300006],[1.122021274000076,52.06152184100006],[1.109215778000021,52.07104283800004],[1.109118945000034,52.08809660700007],[1.113785600000028,52.09005036900004],[1.115734579000048,52.08923127700007],[1.138533391000067,52.088392799000076],[1.142292375000068,52.09446965200004],[1.157838839000021,52.08875163600004]]]]}},{"type":"Feature","properties":{"FID":193,"LAD23CD":"E07000207","LAD23NM":"Elmbridge","LAD23NMW":" ","BNG_E":511883,"BNG_N":163655,"LONG":-0.3944,"LAT":51.36095,"GlobalID":"{0E2C4D07-FA01-4D76-B999-13A6CF6800C5}","SHAPE_Length":0.5345929273467604,"SHAPE_Area":0.012414688329132199,"reference":"E07000207","name":"Elmbridge"},"geometry":{"type":"MultiPolygon","coordinates":[[[[-0.359139331999927,51.411903161000055],[-0.33833561299997,51.400843775000055],[-0.325860279999972,51.39143960400003],[-0.317697878999979,51.39366708000006],[-0.315958341999931,51.38763225300005],[-0.31313595499995,51.38879940400005],[-0.30736544399997,51.378383546000066],[-0.308434001999956,51.37585942700008],[-0.312651477999964,51.37475113700003],[-0.317897382999945,51.36979779600006],[-0.318481506999944,51.365762190000055],[-0.327923136999971,51.352184513000054],[-0.330655551999939,51.32900963900005],[-0.352485687999945,51.319177901000046],[-0.360348989999977,51.31178402900008],[-0.367374989999973,51.31482815800007],[-0.373422310999956,51.309245231000034],[-0.38047297199995,51.31357020100006],[-0.387527303999946,51.30964750600003],[-0.396936407999931,51.312771585000064],[-0.392001254999968,51.30828367700008],[-0.394000160999951,51.298643500000026],[-0.394673936999936,51.29797058200006],[-0.405325653999967,51.29490563200005],[-0.41179402299997,51.30356643200008],[-0.440312034999977,51.304836383000065],[-0.445698681999943,51.324141137000026],[-0.436606618999974,51.32632685600004],[-0.445569616999933,51.32677068300006],[-0.451452007999933,51.33093832000003],[-0.462343997999938,51.32996029800006],[-0.463653649999969,51.34061574900005],[-0.47676917299998,51.34326347900003],[-0.48118571699996,51.34938363400005],[-0.466971497999964,51.35657532000005],[-0.476086628999951,51.35954749800004],[-0.474121366999952,51.36396778900007],[-0.467556704999936,51.36568603100005],[-0.467623458999924,51.374619910000035],[-0.45799074699994,51.380566961000056],[-0.450523070999964,51.38365993000008],[-0.451890803999959,51.38763283800006],[-0.445004034999954,51.38690053600004],[-0.442777279999973,51.38979800700008],[-0.43208935399997,51.38404159800007],[-0.418947531999947,51.39716419000007],[-0.412933454999973,51.40146959100008],[-0.411535891999961,51.403254641000046],[-0.397193285999947,51.40859619200006],[-0.385696669999959,51.409150606000026],[-0.383350026999949,51.408538296000074],[-0.373860204999971,51.40849330700007],[-0.359139331999927,51.411903161000055]]]]}},{"type":"Feature","properties":{"FID":196,"LAD23CD":"E07000210","LAD23NM":"Mole Valley","LAD23NMW":" ","BNG_E":518377,"BNG_N":148953,"LONG":-0.30603001,"LAT":51.227489,"GlobalID":"{345DA16D-73A1-49D9-9913-60E2C4671135}","SHAPE_Length":1.0520608284049444,"SHAPE_Area":0.03322054728779645,"reference":"E07000210","name":"Mole Valley"},"geometry":{"type":"MultiPolygon","coordinates":[[[[-0.30618917299995,51.33507556600006],[-0.287664091999943,51.32109157600007],[-0.272902451999926,51.29337164900005],[-0.272234354999966,51.29233034900005],[-0.266167238999969,51.278630304000046],[-0.265744188999975,51.26138707100006],[-0.260834540999952,51.25782953500004],[-0.240686460999939,51.26064725200007],[-0.226757137999925,51.255913692000036],[-0.23152308899995,51.25083495900003],[-0.226314004999949,51.24890278500004],[-0.230700589999969,51.24009585300007],[-0.244872819999955,51.23630559900005],[-0.249923640999953,51.23109737400006],[-0.246486224999956,51.22358840600003],[-0.235421302999953,51.22235554800005],[-0.23417630299997,51.21773144600007],[-0.233012863999932,51.21339982400008],[-0.225097866999931,51.21231096900004],[-0.234758467999939,51.20608595700003],[-0.232671643999936,51.20431604800007],[-0.228339,51.20698629100008],[-0.223051599999962,51.20387011000008],[-0.223584848999963,51.195957855000074],[-0.218550028999971,51.20184919500008],[-0.212820501999943,51.19331906200006],[-0.227164925999944,51.191579415000035],[-0.232130844999972,51.186717259000034],[-0.242906063999953,51.18947231800007],[-0.243085189999931,51.182797624000045],[-0.237244774999965,51.18442412300004],[-0.22376146199997,51.17493097100004],[-0.21997042199996,51.176265526000066],[-0.209701097999925,51.17230927500003],[-0.196922079999979,51.17535507600007],[-0.19962679799994,51.18110558500007],[-0.189819435999937,51.181413933000044],[-0.177058047999935,51.167903135000074],[-0.176706224999975,51.16684997300007],[-0.18529786199997,51.16481972100007],[-0.186866074999955,51.161665853000045],[-0.195921748999979,51.16230231800006],[-0.204109586999948,51.155711317000055],[-0.21214208899994,51.15545488600003],[-0.214235174999942,51.14846331100006],[-0.255184519999943,51.14419083700005],[-0.254613263999943,51.139050369000074],[-0.275290745999939,51.130308522000064],[-0.286390624999967,51.13049247600003],[-0.300346785999977,51.12473569700006],[-0.319332624999959,51.12463695800005],[-0.326426691999927,51.12581509600005],[-0.342014657999925,51.11992387300006],[-0.352703491999932,51.11829336000005],[-0.358033355999964,51.12103022500003],[-0.384631064999951,51.11474127500003],[-0.391524793999963,51.11651078600005],[-0.400218399999972,51.108419576000074],[-0.419203499999981,51.105204581000066],[-0.417880207999929,51.12167055300006],[-0.413236599999948,51.126328869000076],[-0.418564944999957,51.173181432000035],[-0.408336772999974,51.17570723700004],[-0.409878126999956,51.192699514000026],[-0.41895240599996,51.201794687000074],[-0.438436753999952,51.20967949700008],[-0.425676135999936,51.23032334100003],[-0.434648247999974,51.23990584300003],[-0.421105746999956,51.239567055000066],[-0.41097332399994,51.235158900000044],[-0.397353726999938,51.23767007500004],[-0.394459712999947,51.25508966900003],[-0.389274244999967,51.25592850100003],[-0.387245618999941,51.26549304300005],[-0.397376251999958,51.27964194300006],[-0.394673936999936,51.29797058200006],[-0.394000160999951,51.298643500000026],[-0.392001254999968,51.30828367700008],[-0.396936407999931,51.312771585000064],[-0.387527303999946,51.30964750600003],[-0.38047297199995,51.31357020100006],[-0.373422310999956,51.309245231000034],[-0.367374989999973,51.31482815800007],[-0.360348989999977,51.31178402900008],[-0.352485687999945,51.319177901000046],[-0.330655551999939,51.32900963900005],[-0.323946901999932,51.326716066000074],[-0.30618917299995,51.33507556600006]]]]}},{"type":"Feature","properties":{"FID":197,"LAD23CD":"E07000211","LAD23NM":"Reigate and Banstead","LAD23NMW":" ","BNG_E":525786,"BNG_N":152574,"LONG":-0.19870999,"LAT":51.258461,"GlobalID":"{FB70CAD0-DF76-43AD-86B5-E1B3FF792E96}","SHAPE_Length":0.7794745481423828,"SHAPE_Area":0.01656369861958969,"reference":"E07000211","name":"Reigate and Banstead"},"geometry":{"type":"MultiPolygon","coordinates":[[[[-0.187459115999957,51.34081228200006],[-0.172854634999965,51.330013449000035],[-0.163076716999967,51.33026422000006],[-0.164187028999947,51.32604051900006],[-0.156523624999977,51.32148528700003],[-0.161879751999948,51.31962570500008],[-0.158330470999942,51.31098539100003],[-0.154315337999947,51.31031789700006],[-0.157735019999961,51.30442751000004],[-0.151023183999939,51.300721932000044],[-0.143577997999955,51.301244558000064],[-0.137213219999978,51.30074156100005],[-0.124301849999938,51.286790404000044],[-0.13105649299996,51.28481739400007],[-0.129986344999963,51.27255675500004],[-0.132036623999966,51.269020186000034],[-0.126801912999952,51.26173664700008],[-0.131792693999955,51.25416968800005],[-0.142949080999927,51.253323040000055],[-0.144473886999947,51.248797592000074],[-0.145307473999935,51.23729702800006],[-0.148017287999949,51.23420407200007],[-0.152247064999926,51.23503713800005],[-0.154218261999972,51.22906835600003],[-0.152946696999948,51.22632401300007],[-0.144733462999966,51.216256636000026],[-0.145502224999973,51.21073352500008],[-0.135868326999969,51.21207411200004],[-0.137903695999967,51.20399111900008],[-0.143508137999959,51.186534624000046],[-0.131693104999954,51.17548092700008],[-0.12823377999996,51.16284198200003],[-0.140462480999929,51.16004731900006],[-0.16089255299994,51.15982342400008],[-0.176706224999975,51.16684997300007],[-0.177058047999935,51.167903135000074],[-0.189819435999937,51.181413933000044],[-0.19962679799994,51.18110558500007],[-0.196922079999979,51.17535507600007],[-0.209701097999925,51.17230927500003],[-0.21997042199996,51.176265526000066],[-0.22376146199997,51.17493097100004],[-0.237244774999965,51.18442412300004],[-0.243085189999931,51.182797624000045],[-0.242906063999953,51.18947231800007],[-0.232130844999972,51.186717259000034],[-0.227164925999944,51.191579415000035],[-0.212820501999943,51.19331906200006],[-0.218550028999971,51.20184919500008],[-0.223584848999963,51.195957855000074],[-0.223051599999962,51.20387011000008],[-0.228339,51.20698629100008],[-0.232671643999936,51.20431604800007],[-0.234758467999939,51.20608595700003],[-0.225097866999931,51.21231096900004],[-0.233012863999932,51.21339982400008],[-0.23417630299997,51.21773144600007],[-0.235421302999953,51.22235554800005],[-0.246486224999956,51.22358840600003],[-0.249923640999953,51.23109737400006],[-0.244872819999955,51.23630559900005],[-0.230700589999969,51.24009585300007],[-0.226314004999949,51.24890278500004],[-0.23152308899995,51.25083495900003],[-0.226757137999925,51.255913692000036],[-0.240686460999939,51.26064725200007],[-0.260834540999952,51.25782953500004],[-0.265744188999975,51.26138707100006],[-0.266167238999969,51.278630304000046],[-0.272234354999966,51.29233034900005],[-0.264399318999949,51.299545299000044],[-0.247245376999956,51.298721088000036],[-0.240661648999946,51.31057978900003],[-0.244162743999937,51.31187873400006],[-0.241251587999955,51.31614571500006],[-0.241918465999959,51.32192861000004],[-0.234169863999966,51.32717395900005],[-0.220841624999935,51.32980197200004],[-0.214229602999978,51.330252717000064],[-0.213053982999952,51.33555356900007],[-0.202050654999937,51.34014140700003],[-0.197319339999979,51.34359516100005],[-0.187459115999957,51.34081228200006]]]]}},{"type":"Feature","properties":{"FID":198,"LAD23CD":"E07000212","LAD23NM":"Runnymede","LAD23NMW":" ","BNG_E":501777,"BNG_N":166980,"LONG":-0.53855002,"LAT":51.392738,"GlobalID":"{BA7A19CA-77AD-45B9-901B-7FFFFF65B62E}","SHAPE_Length":0.48143934251702,"SHAPE_Area":0.010110370188996444,"reference":"E07000212","name":"Runnymede"},"geometry":{"type":"MultiPolygon","coordinates":[[[[-0.571690115999957,51.450991602000045],[-0.555566907999946,51.44148585500005],[-0.550444871999957,51.44347291300005],[-0.534600003999969,51.437411937000036],[-0.522777872999939,51.43530370900004],[-0.511216358999945,51.43062523300006],[-0.510205539999959,51.42935843600003],[-0.512595809999937,51.41737666500006],[-0.502680977999944,51.41588627400006],[-0.503243970999961,51.410802870000055],[-0.499771923999958,51.41407932100003],[-0.49456837799994,51.41291554600008],[-0.486485354999957,51.394084261000046],[-0.486423033999927,51.38888141900003],[-0.482862707999971,51.386518213000045],[-0.476475642999958,51.390114176000054],[-0.470136013999934,51.38588247100006],[-0.471020232999933,51.382551497000065],[-0.461647525999979,51.38208261800003],[-0.462795691999929,51.37843505500007],[-0.45799074699994,51.380566961000056],[-0.467623458999924,51.374619910000035],[-0.467556704999936,51.36568603100005],[-0.474121366999952,51.36396778900007],[-0.476086628999951,51.35954749800004],[-0.466971497999964,51.35657532000005],[-0.48118571699996,51.34938363400005],[-0.499127496999961,51.34369300600008],[-0.51607996499996,51.33931435200003],[-0.519329554999956,51.34170437100005],[-0.520774105999976,51.34486646600004],[-0.534048720999976,51.34748320800003],[-0.548549356999956,51.348020897000026],[-0.555233930999975,51.36193573300005],[-0.569800612999927,51.36059496900003],[-0.573954104999927,51.37082208700008],[-0.594416053999964,51.37652600800004],[-0.597702002999938,51.38550235300005],[-0.618495200999973,51.392388253000036],[-0.614520614999947,51.397394072000054],[-0.618368607999969,51.39902577500004],[-0.608501160999936,51.412010663000046],[-0.604956226999946,51.421380756000076],[-0.60512455099996,51.43131211800005],[-0.594219456999951,51.44146802200004],[-0.579675613999939,51.44474734500005],[-0.571690115999957,51.450991602000045]]]]}},{"type":"Feature","properties":{"FID":201,"LAD23CD":"E07000215","LAD23NM":"Tandridge","LAD23NMW":" ","BNG_E":536362,"BNG_N":150328,"LONG":-0.04809,"LAT":51.23584,"GlobalID":"{08123D63-47AC-4815-ABBD-6DB087CAB42F}","SHAPE_Length":0.8380744230407804,"SHAPE_Area":0.032029545882322374,"reference":"E07000215","name":"Tandridge"},"geometry":{"type":"MultiPolygon","coordinates":[[[[-0.022150176999958,51.33813085600008],[-0.014316511999937,51.32977209500007],[-0.010946568999941,51.333675870000036],[0.002255312000045,51.32913483500005],[0.006580593000024,51.315656346000026],[0.010348595000039,51.31614033300008],[0.012142972000049,51.29961618100003],[0.015009378000059,51.29178607000006],[0.019101246000048,51.291684101000044],[0.024839136000026,51.30215493500003],[0.032909418000031,51.30752091200003],[0.042620201000034,51.301328899000055],[0.042396497000027,51.29267304800004],[0.048171075000027,51.28565265000003],[0.045396379000067,51.27666027600003],[0.051942393000047,51.262682752000046],[0.057607654000037,51.24491438000007],[0.052859695000052,51.23652704500006],[0.043809439000029,51.23088747700007],[0.042833772000051,51.224610161000044],[0.041148589000045,51.216623940000034],[0.033598952000034,51.214337973000056],[0.037289900000076,51.20706027500006],[0.039682139000035,51.19782210100004],[0.047823257000061,51.19174161500007],[0.045167443000025,51.18861524300007],[0.052600364000057,51.18062401800006],[0.046175916000038,51.17183141000004],[0.051494242000047,51.15724541800006],[0.054805363000071,51.14952859300007],[0.050016529000061,51.14265001700005],[0.027360061000024,51.139847993000046],[-0.006732434999947,51.137640754000074],[-0.017653287999963,51.14118461900006],[-0.02465475799994,51.13861255100005],[-0.033209585999941,51.139257032000046],[-0.056325693999952,51.13676552100003],[-0.063203482999938,51.14125758500006],[-0.082613050999953,51.14263774800003],[-0.093059978999975,51.138706693000074],[-0.093690428999935,51.13842647900003],[-0.117252320999967,51.14160594500004],[-0.131025048999959,51.139483134000045],[-0.137571777999938,51.14215961100007],[-0.132959634999963,51.15888373200005],[-0.140462480999929,51.16004731900006],[-0.12823377999996,51.16284198200003],[-0.131693104999954,51.17548092700008],[-0.143508137999959,51.186534624000046],[-0.137903695999967,51.20399111900008],[-0.135868326999969,51.21207411200004],[-0.145502224999973,51.21073352500008],[-0.144733462999966,51.216256636000026],[-0.152946696999948,51.22632401300007],[-0.154218261999972,51.22906835600003],[-0.152247064999926,51.23503713800005],[-0.148017287999949,51.23420407200007],[-0.145307473999935,51.23729702800006],[-0.144473886999947,51.248797592000074],[-0.142949080999927,51.253323040000055],[-0.131792693999955,51.25416968800005],[-0.126801912999952,51.26173664700008],[-0.132036623999966,51.269020186000034],[-0.129986344999963,51.27255675500004],[-0.13105649299996,51.28481739400007],[-0.124301849999938,51.286790404000044],[-0.11778742599995,51.28718202300007],[-0.115805363999925,51.29064488700004],[-0.101139812999975,51.29628665600006],[-0.094324198999971,51.29935396500008],[-0.097244716999967,51.300295368000036],[-0.088731978999931,51.305104562000054],[-0.081931675999954,51.31064728900003],[-0.082236627999976,51.31694653800008],[-0.07101978299994,51.321223831000054],[-0.063986142999966,51.31864002200007],[-0.056251602999964,51.32166402100006],[-0.047868739999956,51.325245057000075],[-0.050277133999941,51.33263781100004],[-0.041986458999929,51.33386017300006],[-0.037920084999939,51.33872474400005],[-0.022150176999958,51.33813085600008]]]]}},{"type":"Feature","properties":{"FID":203,"LAD23CD":"E07000217","LAD23NM":"Woking","LAD23NMW":" ","BNG_E":499088,"BNG_N":157544,"LONG":-0.57981002,"LAT":51.308392,"GlobalID":"{F6AEE1CE-37A7-4BF4-8BF7-9645C6B4F6D0}","SHAPE_Length":0.5397264102910501,"SHAPE_Area":0.008218995147573604,"reference":"E07000217","name":"Woking"},"geometry":{"type":"MultiPolygon","coordinates":[[[[-0.463653649999969,51.34061574900005],[-0.462343997999938,51.32996029800006],[-0.473978717999955,51.32699912900006],[-0.483797280999966,51.331505879000076],[-0.48918069399997,51.32974275400005],[-0.489054791999934,51.32570975300007],[-0.478447543999948,51.32255381300007],[-0.475320034999925,51.31645228800005],[-0.488040231999946,51.31616458700006],[-0.50084794299994,51.30656417600005],[-0.510298270999954,51.31312083600005],[-0.513633287999937,51.30946543300007],[-0.510853741999938,51.30606234700008],[-0.525337989999969,51.302795278000076],[-0.529911153999933,51.297543215000076],[-0.539622229999964,51.30129384500003],[-0.545292887999949,51.293394308000074],[-0.54919082899994,51.28466047200004],[-0.534188062999931,51.27384577300006],[-0.537670769999977,51.27315640200004],[-0.537445765999962,51.26841443100005],[-0.544369609999933,51.26550356600006],[-0.550731194999969,51.26695299700003],[-0.554926672999954,51.27085105300006],[-0.563553586999944,51.270495777000065],[-0.600851835999947,51.28607706500003],[-0.611650484999927,51.28215516900008],[-0.618602944999964,51.28303965900005],[-0.647890638999968,51.30435506100008],[-0.646791891999953,51.31190236400005],[-0.636983395999948,51.31418158300005],[-0.623506258999953,51.319906020000076],[-0.626927205999948,51.324482888000034],[-0.624680336999972,51.334820395000065],[-0.622480824999968,51.33445014700004],[-0.61380935699998,51.33348002900004],[-0.61524671199993,51.33594212400004],[-0.608146138999928,51.339695033000055],[-0.594016402999955,51.33996069400007],[-0.576897904999953,51.33626403800008],[-0.57281556099997,51.342298655000036],[-0.548549356999956,51.348020897000026],[-0.534048720999976,51.34748320800003],[-0.520774105999976,51.34486646600004],[-0.519329554999956,51.34170437100005],[-0.51607996499996,51.33931435200003],[-0.499127496999961,51.34369300600008],[-0.48118571699996,51.34938363400005],[-0.47676917299998,51.34326347900003],[-0.463653649999969,51.34061574900005]]]]}},{"type":"Feature","properties":{"FID":205,"LAD23CD":"E07000219","LAD23NM":"Nuneaton and Bedworth","LAD23NMW":" ","BNG_E":435420,"BNG_N":289352,"LONG":-1.47964,"LAT":52.500938,"GlobalID":"{58E9070C-37BF-4EFE-899C-3C3DE6274FC4}","SHAPE_Length":0.5335737290374464,"SHAPE_Area":0.010353402916372162,"reference":"E07000219","name":"Nuneaton and Bedworth"},"geometry":{"type":"MultiPolygon","coordinates":[[[[-1.459994023999968,52.551589927000066],[-1.424083947999975,52.53958834900004],[-1.418957721999959,52.53776800300005],[-1.417344251999964,52.53445530700003],[-1.422665944999949,52.531570403000046],[-1.428238501999942,52.51681153200008],[-1.424141632999977,52.51444614500008],[-1.416757310999969,52.51678703400006],[-1.407545614999947,52.51533713500004],[-1.40750600399997,52.50371999100008],[-1.403886695999972,52.502381125000056],[-1.411773664999942,52.48863891600007],[-1.40479100999994,52.48310126400003],[-1.410410589999969,52.46656628900007],[-1.421252792999951,52.46322640600005],[-1.43762247799998,52.46804706800003],[-1.459053173999962,52.45515803400008],[-1.463921163999942,52.45831765400004],[-1.470815129999949,52.45693806400004],[-1.482759591999979,52.45801708600004],[-1.492788727999937,52.458450077000066],[-1.491706843999964,52.45501174300006],[-1.500027126999953,52.45103246100007],[-1.519654917999958,52.45334192800004],[-1.517569040999945,52.45678387700008],[-1.529677103999973,52.45708774900004],[-1.539790818999961,52.46479868700004],[-1.530812422999929,52.46963520800006],[-1.545228705999932,52.47260146500008],[-1.514822611999932,52.47626678600005],[-1.513773156999946,52.479856676000054],[-1.515818857999932,52.48531387700007],[-1.523300977999952,52.48830463300004],[-1.521335028999943,52.493427144000066],[-1.529410729999938,52.49593725600005],[-1.555223310999963,52.517387333000045],[-1.553892082999937,52.518598721000046],[-1.554054796999935,52.533343443000035],[-1.524054586999966,52.53611292800008],[-1.518329566999967,52.53735192600004],[-1.501714040999957,52.53873887700007],[-1.497056019999945,52.54237991900004],[-1.49269488799996,52.54042041100007],[-1.486652840999966,52.54038904400005],[-1.459994023999968,52.551589927000066]]]]}},{"type":"Feature","properties":{"FID":206,"LAD23CD":"E07000220","LAD23NM":"Rugby","LAD23NMW":" ","BNG_E":446498,"BNG_N":276244,"LONG":-1.31828,"LAT":52.382278,"GlobalID":"{605A9087-56EB-41A9-BCF1-AB9CC0466C93}","SHAPE_Length":1.2073054504720562,"SHAPE_Area":0.04667064883483953,"reference":"E07000220","name":"Rugby"},"geometry":{"type":"MultiPolygon","coordinates":[[[[-1.395006940999963,52.527001745000064],[-1.325121255999932,52.501054485000054],[-1.305947540999966,52.49339528100006],[-1.257830589999969,52.45389258200004],[-1.240371578999941,52.43975871300006],[-1.236753602999954,52.436039495000045],[-1.236444134999942,52.435727332000056],[-1.201633483999956,52.39673440800004],[-1.202649859999951,52.39662186000004],[-1.202186267999934,52.39600827400005],[-1.187083123999969,52.37859882300006],[-1.172126365999929,52.36130092900004],[-1.175019268999961,52.356251393000036],[-1.192019000999949,52.35104483500004],[-1.198220219999939,52.35293183500005],[-1.224194890999968,52.348098039000035],[-1.238138694999975,52.34415269900006],[-1.258016148999957,52.337259448000054],[-1.265266657999973,52.32837721200008],[-1.246384167999963,52.32161258500008],[-1.209233831999939,52.31520408000006],[-1.233782947999941,52.29032810700005],[-1.223567462999938,52.28683872800008],[-1.216890043999967,52.26751485600005],[-1.217855264999969,52.261800797000035],[-1.232998803999976,52.253258850000066],[-1.259477903999937,52.25650336900003],[-1.287803100999952,52.27362573700003],[-1.293338967999944,52.26540381500007],[-1.309015316999933,52.25747346600008],[-1.315739857999972,52.26701670700004],[-1.33519150799998,52.27124031200003],[-1.362350504999938,52.28341313700008],[-1.364561580999975,52.287993888000074],[-1.389268922999975,52.30090016500003],[-1.419407758999967,52.30375358400005],[-1.419908260999932,52.31226558600008],[-1.412730850999935,52.311822016000065],[-1.406638632999943,52.31767225600004],[-1.418097603999968,52.326332613000034],[-1.435975544999962,52.32841655800007],[-1.444136025999967,52.34106705000005],[-1.447957696999936,52.34063815800005],[-1.44364269099998,52.34553567900008],[-1.456199181999978,52.34677723500005],[-1.448051057999976,52.35367744000007],[-1.451199875999976,52.35704825800008],[-1.464913570999954,52.35807752900007],[-1.46044466099994,52.36313206700004],[-1.464983449999977,52.36713840300007],[-1.460372808999978,52.370439357000066],[-1.464013602999955,52.37326716800004],[-1.461182882999935,52.37521695300006],[-1.462923957999976,52.37640255000008],[-1.463131179999948,52.379669713000055],[-1.44496432699998,52.38637729100003],[-1.432247813999936,52.39587744800008],[-1.43805469199998,52.41012069800007],[-1.432398467999974,52.41569206100007],[-1.424145717999977,52.43400020400003],[-1.446458825999969,52.44308302200005],[-1.443647190999968,52.447421965000046],[-1.45216512899998,52.44965787800004],[-1.459053173999962,52.45515803400008],[-1.43762247799998,52.46804706800003],[-1.421252792999951,52.46322640600005],[-1.410410589999969,52.46656628900007],[-1.40479100999994,52.48310126400003],[-1.411773664999942,52.48863891600007],[-1.403886695999972,52.502381125000056],[-1.40750600399997,52.50371999100008],[-1.407545614999947,52.51533713500004],[-1.416757310999969,52.51678703400006],[-1.424141632999977,52.51444614500008],[-1.428238501999942,52.51681153200008],[-1.422665944999949,52.531570403000046],[-1.417344251999964,52.53445530700003],[-1.395006940999963,52.527001745000064]]]]}},{"type":"Feature","properties":{"FID":209,"LAD23CD":"E07000223","LAD23NM":"Adur","LAD23NMW":" ","BNG_E":518076,"BNG_N":106472,"LONG":-0.32416999,"LAT":50.845718,"GlobalID":"{0B676FD8-10EE-44B1-8772-7B63350349FA}","SHAPE_Length":0.5064003968090832,"SHAPE_Area":0.005471709827979203,"reference":"E07000223","name":"Adur"},"geometry":{"type":"MultiPolygon","coordinates":[[[[-0.36459787299998,50.87452577400006],[-0.343336323999949,50.862907094000036],[-0.307597792999957,50.86650527900008],[-0.299990054999967,50.86479574300006],[-0.276062340999943,50.863425850000056],[-0.256579131999956,50.86233526700005],[-0.25893452899993,50.87120728100007],[-0.255303083999934,50.87155145300005],[-0.248977986999932,50.87064831100008],[-0.248472913999933,50.86413670600007],[-0.24497086699995,50.86380890400005],[-0.239752979999935,50.86195232600005],[-0.225966102999962,50.842931340000064],[-0.22290615299994,50.83908859200005],[-0.216617971999938,50.827595194000025],[-0.238020541999958,50.82844087600006],[-0.244998349999946,50.82820715100007],[-0.245788995999931,50.827034972000035],[-0.246414266999977,50.826977502000034],[-0.246005774999958,50.828530760000035],[-0.238374975999932,50.830473837000056],[-0.248029714999973,50.829086335000056],[-0.252095410999971,50.831095307000055],[-0.252299516999926,50.83109670200008],[-0.27530638099995,50.831251690000045],[-0.281328144999975,50.83387883200004],[-0.28170073299998,50.83404136000007],[-0.287500321999971,50.840530777000026],[-0.285601503999942,50.833381419000034],[-0.280241045999958,50.831331688000034],[-0.284245460999955,50.82932657600003],[-0.251537990999964,50.83026210100007],[-0.251499834999947,50.83022557500004],[-0.248136728999953,50.82479945000006],[-0.272917301999939,50.82696061900003],[-0.29024402899995,50.82522032800006],[-0.290541136999934,50.82519046300007],[-0.297636569999952,50.823979973000064],[-0.323324775999936,50.81959335600004],[-0.323878299999933,50.81949876200008],[-0.332299681999928,50.817537540000046],[-0.332466651999937,50.817498648000026],[-0.337196679999977,50.82097441600007],[-0.349426265999966,50.82254923100004],[-0.359138942999948,50.835586662000026],[-0.358520858999952,50.84353428000003],[-0.36591610399995,50.84734598700004],[-0.368996169999946,50.85528152300003],[-0.367453203999958,50.86053180300007],[-0.371508078999966,50.87066803000005],[-0.36459787299998,50.87452577400006]]]]}},{"type":"Feature","properties":{"FID":212,"LAD23CD":"E07000226","LAD23NM":"Crawley","LAD23NMW":" ","BNG_E":526390,"BNG_N":137581,"LONG":-0.19532999,"LAT":51.123569,"GlobalID":"{C2516956-00C2-4BD4-B2A0-4AEE5E8AC393}","SHAPE_Length":0.4253340652460823,"SHAPE_Area":0.005790457332140987,"reference":"E07000226","name":"Crawley"},"geometry":{"type":"MultiPolygon","coordinates":[[[[-0.176706224999975,51.16684997300007],[-0.16089255299994,51.15982342400008],[-0.140462480999929,51.16004731900006],[-0.132959634999963,51.15888373200005],[-0.137571777999938,51.14215961100007],[-0.141078286999971,51.12540456200003],[-0.137015735999967,51.11299905100003],[-0.145218153999963,51.103180509000026],[-0.150615866999942,51.099250631000075],[-0.16086951799997,51.09320092200005],[-0.161325571999953,51.09293919300006],[-0.172541765999938,51.08989563500006],[-0.195581109999978,51.08614739700005],[-0.211977566999963,51.08658450400003],[-0.211808348999966,51.091932573000065],[-0.217690267999956,51.09193406700007],[-0.219431739999948,51.09957771400008],[-0.232521955999971,51.097377738000034],[-0.231703578999941,51.10786782400004],[-0.236892213999965,51.109440790000065],[-0.235872398999959,51.11180231600008],[-0.222786774999975,51.11486676200008],[-0.219253800999979,51.128835980000076],[-0.211702038999931,51.131344616000035],[-0.200274263999972,51.13909246600008],[-0.240824219999979,51.143114386000036],[-0.254613263999943,51.139050369000074],[-0.255184519999943,51.14419083700005],[-0.214235174999942,51.14846331100006],[-0.21214208899994,51.15545488600003],[-0.204109586999948,51.155711317000055],[-0.195921748999979,51.16230231800006],[-0.186866074999955,51.161665853000045],[-0.18529786199997,51.16481972100007],[-0.176706224999975,51.16684997300007]]]]}},{"type":"Feature","properties":{"FID":215,"LAD23CD":"E07000229","LAD23NM":"Worthing","LAD23NMW":" ","BNG_E":512679,"BNG_N":104948,"LONG":-0.40127,"LAT":50.833099,"GlobalID":"{13161655-D9CB-4493-9C45-BB7EC6A0014B}","SHAPE_Length":0.31471621704437136,"SHAPE_Area":0.00414394002168817,"reference":"E07000229","name":"Worthing"},"geometry":{"type":"MultiPolygon","coordinates":[[[[-0.368996169999946,50.85528152300003],[-0.36591610399995,50.84734598700004],[-0.358520858999952,50.84353428000003],[-0.359138942999948,50.835586662000026],[-0.349426265999966,50.82254923100004],[-0.337196679999977,50.82097441600007],[-0.332466651999937,50.817498648000026],[-0.332696992999956,50.81744499300004],[-0.360116288999961,50.81127318400007],[-0.37832223199996,50.80799525700007],[-0.388391468999941,50.80668872800004],[-0.388717577999955,50.80666917700006],[-0.40577435299997,50.80564375500006],[-0.435941923999962,50.803140228000075],[-0.44193675799994,50.817329175000054],[-0.443659123999964,50.82145962800007],[-0.446531772999947,50.83632585700008],[-0.443344498999977,50.83719185700005],[-0.44600700899997,50.83985420600004],[-0.422297516999947,50.84067797900008],[-0.422793812999942,50.860234940000055],[-0.409280310999975,50.852263590000064],[-0.405440907999946,50.85462043100006],[-0.381266998999934,50.86322430300004],[-0.367453203999958,50.86053180300007],[-0.368996169999946,50.85528152300003]]]]}},{"type":"Feature","properties":{"FID":218,"LAD23CD":"E07000236","LAD23NM":"Redditch","LAD23NMW":" ","BNG_E":403705,"BNG_N":265253,"LONG":-1.9471,"LAT":52.285412,"GlobalID":"{D48E94F5-7C79-460E-8073-EAA8C0538153}","SHAPE_Length":0.42800748316176646,"SHAPE_Area":0.007176821443658989,"reference":"E07000236","name":"Redditch"},"geometry":{"type":"MultiPolygon","coordinates":[[[[-1.909387813999956,52.323514970000076],[-1.908783620999941,52.32047324900003],[-1.891851155999973,52.32142161500008],[-1.880982618999951,52.31093354500007],[-1.880953448999946,52.31087148300003],[-1.875207035999949,52.30548218300004],[-1.880428346999963,52.29833479100006],[-1.886399774999973,52.286784847000035],[-1.897880160999932,52.283560968000074],[-1.901031671999931,52.28339030300003],[-1.914542711999957,52.27538741400008],[-1.92110543299998,52.276476107000065],[-1.934266733999948,52.276945486000045],[-1.935421893999944,52.276933048000046],[-1.938687019999975,52.270497885000054],[-1.934387218999973,52.26459438900008],[-1.934610830999929,52.25201786500003],[-1.946053856999924,52.25118300400004],[-1.952994771999954,52.243681611000056],[-1.96762173999997,52.23703569700007],[-1.994022362999942,52.239860890000045],[-1.994655502999933,52.23527121300003],[-2.01673935499997,52.23727510100008],[-2.018909813999926,52.241471526000055],[-2.011241269999971,52.262626958000055],[-2.015529608999941,52.270002230000046],[-2.005829864999953,52.27059288400005],[-2.003198100999953,52.27363167000004],[-2.007044123999947,52.27538646200003],[-2.002459908999924,52.27958241700003],[-1.997952550999969,52.28359843900006],[-2.002017680999927,52.28813941400006],[-1.990895474999945,52.29204993500008],[-1.986151387999939,52.29090587400003],[-1.984982724999952,52.300092980000045],[-1.981597092999948,52.29933186800008],[-1.976491735999957,52.303710127000045],[-1.980715442999951,52.30714067900004],[-1.978261771999939,52.30976382400007],[-1.973974491999968,52.30842151200005],[-1.969603341999971,52.31502561000008],[-1.960717211999963,52.31469941800003],[-1.955012269999941,52.32096153200007],[-1.948175804999948,52.32175674200005],[-1.94257425099994,52.32169738300007],[-1.934699167999952,52.324176298000054],[-1.909387813999956,52.323514970000076]]]]}},{"type":"Feature","properties":{"FID":219,"LAD23CD":"E07000237","LAD23NM":"Worcester","LAD23NMW":" ","BNG_E":385744,"BNG_N":255190,"LONG":-2.20997,"LAT":52.194771,"GlobalID":"{24608B70-6587-418F-966E-30307EF987D4}","SHAPE_Length":0.32010423802962845,"SHAPE_Area":0.004375775071599983,"reference":"E07000237","name":"Worcester"},"geometry":{"type":"MultiPolygon","coordinates":[[[[-2.222473706999949,52.23138295800004],[-2.209156631999974,52.22482909200005],[-2.196480617999953,52.223666929000046],[-2.167632991999938,52.21638016400004],[-2.157446127999947,52.21358085700007],[-2.16470002799997,52.20020241000003],[-2.164804137999965,52.20007483100005],[-2.170881942999927,52.18457400900007],[-2.179818263999948,52.184057186000075],[-2.18737727599995,52.17816729000003],[-2.188619303999928,52.171012380000036],[-2.203369358999964,52.16731755500007],[-2.217601681999952,52.16199495200004],[-2.220466048999924,52.167313851000074],[-2.225874532999967,52.168022077000046],[-2.22749450799995,52.16360196000005],[-2.232714123999926,52.169676579000054],[-2.247346006999976,52.169762451000054],[-2.244227794999972,52.171445720000065],[-2.246602680999956,52.17699563200006],[-2.252813627999956,52.183602836000034],[-2.261760131999949,52.18192544500005],[-2.261837082999932,52.18980607900005],[-2.257358058999955,52.19212210900008],[-2.260395246999963,52.194155384000055],[-2.260532394999927,52.196343410000054],[-2.250244520999956,52.197425751000026],[-2.248460413999965,52.209915617000036],[-2.234885959999929,52.21145663200008],[-2.243537647999972,52.21746355400006],[-2.243271731999926,52.22185415700005],[-2.235532148999937,52.222113585000045],[-2.233479356999965,52.226795424000045],[-2.228311219999966,52.224918469000045],[-2.222473706999949,52.23138295800004]]]]}},{"type":"Feature","properties":{"FID":222,"LAD23CD":"E07000240","LAD23NM":"St Albans","LAD23NMW":" ","BNG_E":514580,"BNG_N":209623,"LONG":-0.3407,"LAT":51.77356,"GlobalID":"{76F4C53D-F2B8-4E47-8244-2C2E47DD01CA}","SHAPE_Length":0.791206128716464,"SHAPE_Area":0.021061914517553206,"reference":"E07000240","name":"St Albans"},"geometry":{"type":"MultiPolygon","coordinates":[[[[-0.323217762999946,51.84483193400007],[-0.319397913999978,51.83665490700008],[-0.273535467999977,51.83536463200005],[-0.265056661999949,51.83384250900008],[-0.243428379999955,51.812791908000065],[-0.243782805999956,51.809382862000064],[-0.277542610999944,51.797786005000034],[-0.271211889999961,51.79101012700005],[-0.277427771999953,51.77807984200007],[-0.275838010999962,51.77224935300006],[-0.266964148999932,51.767980719000036],[-0.258640098999933,51.760245766000025],[-0.261252239999976,51.75852551000003],[-0.255873407999957,51.749263693000046],[-0.253059042999951,51.74771654300008],[-0.245590538999977,51.751766908000036],[-0.241998898999952,51.74320643600004],[-0.246457133999968,51.73816103000007],[-0.244427608999956,51.73189192500007],[-0.250349777999929,51.732580132000066],[-0.255135645999928,51.729537374000074],[-0.266110011999956,51.738145254000074],[-0.28529808899998,51.731655974000034],[-0.289466351999977,51.727990487000056],[-0.283670981999933,51.72428671100005],[-0.285917020999932,51.72078479700008],[-0.276953744999958,51.721284825000055],[-0.279620874999978,51.71749246400003],[-0.301975987999924,51.70806670300004],[-0.300019499999962,51.69652461000004],[-0.309229981999977,51.69789762600004],[-0.322332180999979,51.69347963900003],[-0.326711222999961,51.70348383900006],[-0.336849432999941,51.69771905700003],[-0.349737219999952,51.69947612200008],[-0.355777303999957,51.69751245800006],[-0.355324915999972,51.690597609000065],[-0.371998946999952,51.68759085100004],[-0.375358259999928,51.69251194100008],[-0.375558051999974,51.69291212500008],[-0.380774777999932,51.70698914900004],[-0.396419892999972,51.70950859200008],[-0.405872869999939,51.71379976700007],[-0.402459615999931,51.72115918700007],[-0.409539908999932,51.72188839300003],[-0.40659894099997,51.72441840100004],[-0.411888218999934,51.73207492500006],[-0.416164625999954,51.73261202600003],[-0.422080279999932,51.74083685100004],[-0.42655700399996,51.74434278500007],[-0.421024410999962,51.748761064000064],[-0.425702017999924,51.752886474000036],[-0.423461308999947,51.756276926000055],[-0.422831588999941,51.76598964900006],[-0.429738639999925,51.76790486800007],[-0.430324276999954,51.77754480500005],[-0.436896071999968,51.78238555300004],[-0.440584237999929,51.78687836100005],[-0.427305306999926,51.79207591800008],[-0.413368275999972,51.79118530300008],[-0.409362472999931,51.797305933000075],[-0.428828917999965,51.80676474400008],[-0.427500502999976,51.81163051600004],[-0.414111630999969,51.819085587000075],[-0.41744166899997,51.82015553000008],[-0.419938366999929,51.82588736000008],[-0.416312829999924,51.83570351600008],[-0.404858806999925,51.84060746500006],[-0.37395911599998,51.82919067000006],[-0.368730269999958,51.83108298600007],[-0.364370662999931,51.83989132000005],[-0.363307665999969,51.84210474100007],[-0.356030497999939,51.840513249000026],[-0.339485894999939,51.84960555100008],[-0.323217762999946,51.84483193400007]]]]}},{"type":"Feature","properties":{"FID":223,"LAD23CD":"E07000241","LAD23NM":"Welwyn Hatfield","LAD23NMW":" ","BNG_E":525345,"BNG_N":208467,"LONG":-0.18517999,"LAT":51.760872,"GlobalID":"{2FD0995D-B6F2-4B05-97BF-B36B830005ED}","SHAPE_Length":0.8719763840416689,"SHAPE_Area":0.016952681191407852,"reference":"E07000241","name":"Welwyn Hatfield"},"geometry":{"type":"MultiPolygon","coordinates":[[[[-0.183546171999978,51.86044386700007],[-0.172785294999926,51.85658778800007],[-0.166760340999929,51.84417743700004],[-0.169999578999978,51.83912039000006],[-0.178527540999937,51.84118521000005],[-0.170028212999966,51.83866497500003],[-0.174214349999943,51.836843507000026],[-0.168432410999969,51.83116224100007],[-0.183598134999954,51.81506596500003],[-0.163411236999934,51.80830220200005],[-0.147972134999975,51.79902017300003],[-0.156005531999938,51.79902415200007],[-0.163975989999926,51.79485621500004],[-0.164019380999946,51.78935809800004],[-0.164559123999936,51.78931528800007],[-0.141441457999974,51.77373559800003],[-0.143779829999971,51.757497046000026],[-0.138159248999955,51.75151254100007],[-0.138407682999969,51.73727585200004],[-0.128265752999937,51.73921166400004],[-0.128383012999961,51.74142031400004],[-0.105188127999952,51.741558302000044],[-0.101193708999972,51.74513305000005],[-0.092141320999929,51.74320857500004],[-0.098653729999967,51.73594646600003],[-0.114083215999926,51.720807258000036],[-0.10552929499994,51.713570118000064],[-0.105779139999925,51.69187564500004],[-0.11820456199996,51.68906613100006],[-0.149431382999978,51.685509369000044],[-0.163493271999926,51.688115080000046],[-0.163118088999965,51.699857629000064],[-0.172114643999976,51.70274163100004],[-0.173720696999965,51.702642567000055],[-0.202621624999949,51.70974100600006],[-0.222258183999941,51.71312873000005],[-0.234270808999952,51.71076055700007],[-0.238971700999969,51.706141786000046],[-0.241062922999959,51.71577777600004],[-0.255135645999928,51.729537374000074],[-0.250349777999929,51.732580132000066],[-0.244427608999956,51.73189192500007],[-0.246457133999968,51.73816103000007],[-0.241998898999952,51.74320643600004],[-0.245590538999977,51.751766908000036],[-0.253059042999951,51.74771654300008],[-0.255873407999957,51.749263693000046],[-0.261252239999976,51.75852551000003],[-0.258640098999933,51.760245766000025],[-0.266964148999932,51.767980719000036],[-0.275838010999962,51.77224935300006],[-0.277427771999953,51.77807984200007],[-0.271211889999961,51.79101012700005],[-0.277542610999944,51.797786005000034],[-0.243782805999956,51.809382862000064],[-0.243428379999955,51.812791908000065],[-0.265056661999949,51.83384250900008],[-0.273535467999977,51.83536463200005],[-0.272521756999936,51.84046529500006],[-0.24732579199997,51.84616081300004],[-0.241623749999974,51.835298984000076],[-0.22568038299994,51.837645405000046],[-0.224910367999939,51.83323406000005],[-0.218681396999955,51.83841446800005],[-0.223792784999944,51.84046641000003],[-0.223949066999978,51.84663993300006],[-0.222345856999937,51.84469855100008],[-0.21292585599997,51.85139604900007],[-0.205963250999957,51.846399484000074],[-0.21457141999997,51.83960295900005],[-0.203948235999974,51.84489944000006],[-0.19916309599995,51.84395678900006],[-0.196414907999952,51.84954913000007],[-0.20669025199993,51.85426325600008],[-0.195763589999956,51.85908325100007],[-0.191813059999959,51.857320515000026],[-0.183546171999978,51.86044386700007]]]]}},{"type":"Feature","properties":{"FID":225,"LAD23CD":"E07000243","LAD23NM":"Stevenage","LAD23NMW":" ","BNG_E":524622,"BNG_N":224531,"LONG":-0.18987,"LAT":51.905392,"GlobalID":"{111EF19D-19B1-4F0F-A008-51381AE560BA}","SHAPE_Length":0.2866546997367293,"SHAPE_Area":0.0034140431076879483,"reference":"E07000243","name":"Stevenage"},"geometry":{"type":"MultiPolygon","coordinates":[[[[-0.168074520999937,51.927955574000066],[-0.162524112999961,51.92077063600004],[-0.162181,51.920340880000026],[-0.156538105999971,51.91623494100003],[-0.15549266599993,51.90366654200005],[-0.159458976999929,51.90372505900007],[-0.159828662999928,51.901685196000074],[-0.153019479999955,51.89899778800003],[-0.159250800999928,51.885802408000075],[-0.161150546999977,51.88497164700004],[-0.15512095899993,51.88707849200006],[-0.151295588999972,51.88539258600008],[-0.156102070999964,51.87759096100007],[-0.149582497999972,51.875157854000065],[-0.148420976999944,51.86926769400003],[-0.173584538999933,51.875330631000054],[-0.175472990999936,51.87576732700006],[-0.191903250999928,51.88292394000007],[-0.20420361999993,51.88013838900008],[-0.214582204999942,51.89406729900003],[-0.218996584999957,51.89596398200007],[-0.225275383999929,51.89323615600006],[-0.225922229999981,51.89758721100003],[-0.230535389999943,51.89888937600006],[-0.228868277999936,51.90346902200008],[-0.234371696999972,51.905254727000056],[-0.229986684999972,51.91136900600003],[-0.226166359999979,51.928176836000034],[-0.220067749999941,51.930967760000044],[-0.209998738999957,51.928388306000045],[-0.194383986999981,51.93043426400004],[-0.19314277999996,51.92769868500005],[-0.184606470999938,51.93241337900008],[-0.168074520999937,51.927955574000066]]]]}},{"type":"Feature","properties":{"FID":228,"LAD23CD":"E08000001","LAD23NM":"Bolton","LAD23NMW":" ","BNG_E":368352,"BNG_N":409874,"LONG":-2.4795201,"LAT":53.584499,"GlobalID":"{307FB571-66A0-44E3-9155-863F42822494}","SHAPE_Length":0.8737946386940058,"SHAPE_Area":0.0190599992843677,"reference":"E08000001","name":"Bolton"},"geometry":{"type":"MultiPolygon","coordinates":[[[[-2.425853414999949,53.62585943800008],[-2.419928260999939,53.62360987500006],[-2.405375546999949,53.62514320200006],[-2.40120935799996,53.624599061000026],[-2.397845780999944,53.63220818000008],[-2.379126457999973,53.63085244900003],[-2.379293288999975,53.62929600400008],[-2.383455478999963,53.62554538400008],[-2.376359114999957,53.62207958000005],[-2.379436426999973,53.62029822100004],[-2.362994418999961,53.61030660900008],[-2.36839157199995,53.59605707500003],[-2.376883756999973,53.593291418000035],[-2.37398245299994,53.571469007000076],[-2.360990052999966,53.568275723000056],[-2.35731481199997,53.56325417000005],[-2.358295615999964,53.55323293600003],[-2.362185969999928,53.556115377000026],[-2.366714713999954,53.55334666600004],[-2.373588965999943,53.55391410800007],[-2.344218466999962,53.545638790000055],[-2.338193544999967,53.533614140000054],[-2.345928210999944,53.537453062000054],[-2.353695565999942,53.535056593000036],[-2.350773843999946,53.52966329700007],[-2.354388480999944,53.52624066000004],[-2.385380783999949,53.53152456400005],[-2.393660403999945,53.53651529100006],[-2.410289593999948,53.53851739100003],[-2.435663401999932,53.54196690100008],[-2.444607380999969,53.53092526300003],[-2.451097231999938,53.528605395000056],[-2.490163692999943,53.53557195900004],[-2.507298856999967,53.537808591000044],[-2.510165014999927,53.53410534200003],[-2.515534399999979,53.53582333600008],[-2.515815045999943,53.529259599000056],[-2.528918584999928,53.52310422800008],[-2.533747180999967,53.52301444600005],[-2.536538005999944,53.52780990300005],[-2.553701112999931,53.536187891000054],[-2.561830200999964,53.53890033000005],[-2.558131256999957,53.54445738900006],[-2.569228136999925,53.54753119800006],[-2.559823531999939,53.55556565900008],[-2.563351320999971,53.55953984400003],[-2.560136660999945,53.56210945500004],[-2.568535332999943,53.56471135800007],[-2.567829881999955,53.57144960000005],[-2.585075048999954,53.585079594000035],[-2.618008083999939,53.59110238000005],[-2.627510532999963,53.58944206700005],[-2.625936201999934,53.59369555200004],[-2.617378792999943,53.595848629000045],[-2.615138744999967,53.602863210000066],[-2.595937517999971,53.61079155400006],[-2.583065113999965,53.60469507800008],[-2.574003476999962,53.59429077200008],[-2.559520512999939,53.59894251500003],[-2.556613825999932,53.60365733500004],[-2.511322928999959,53.62699496700003],[-2.510411056999942,53.62636159200008],[-2.472992837999925,53.61663187400006],[-2.466019428999971,53.62169902200003],[-2.453780887999926,53.62197442200005],[-2.458289277999938,53.62463121400003],[-2.450653325999951,53.62781056000006],[-2.450270357999955,53.641432069000075],[-2.438724382999965,53.64604544900004],[-2.426143740999976,53.635010271000056],[-2.425853414999949,53.62585943800008]]]]}},{"type":"Feature","properties":{"FID":229,"LAD23CD":"E08000002","LAD23NM":"Bury","LAD23NMW":" ","BNG_E":379658,"BNG_N":410767,"LONG":-2.3088,"LAT":53.59309,"GlobalID":"{19267ECC-8C7E-455A-850B-4ED450E75AC9}","SHAPE_Length":0.7258937566393711,"SHAPE_Area":0.013547393411732797,"reference":"E08000002","name":"Bury"},"geometry":{"type":"MultiPolygon","coordinates":[[[[-2.325302574999967,53.65541295600008],[-2.315582613999936,53.655055247000064],[-2.299006130999942,53.666709454000056],[-2.293791885999951,53.65792989100004],[-2.297701445999962,53.65176826800007],[-2.29576695999998,53.64145045600003],[-2.289946347999944,53.63523498900008],[-2.282853173999968,53.62026326800003],[-2.272550524999929,53.61851233400006],[-2.27176557599995,53.61447800900004],[-2.266618177999931,53.60915354600007],[-2.259405092999941,53.60607114100003],[-2.251003074999971,53.60721265600006],[-2.245566847999953,53.599130890000026],[-2.255550219999975,53.59712717000008],[-2.259221724999975,53.59218198700006],[-2.269977193999978,53.591962187000036],[-2.270133106999936,53.58916108900007],[-2.276639978999981,53.59151549500007],[-2.27805683899993,53.58732819800008],[-2.28243820299997,53.58672285800003],[-2.28143890299998,53.58274339800005],[-2.272182457999975,53.57942304100004],[-2.265495595999937,53.585603192000065],[-2.259239989999969,53.58526998100007],[-2.250678611999945,53.57843466700007],[-2.250753814999939,53.57735865200004],[-2.243304528999943,53.57170423400004],[-2.248094469999955,53.56318690100005],[-2.242682426999977,53.56155880800003],[-2.242624289999981,53.56154520000007],[-2.236542361999966,53.55922845400005],[-2.24172058399995,53.55715175300003],[-2.234164586999952,53.54336432000008],[-2.237229833999947,53.53886050800003],[-2.248020799999949,53.544159738000076],[-2.258759204999933,53.54315455700004],[-2.268460281999978,53.53710195500008],[-2.266022582999938,53.53023304300007],[-2.26411429999996,53.52469048700004],[-2.246644946999936,53.529236354000034],[-2.248566793999942,53.525115665000044],[-2.251785069999926,53.52576058500006],[-2.25696583499996,53.51794578500005],[-2.279342899999961,53.51588802300006],[-2.290796293999961,53.51202116800005],[-2.302259676999938,53.51708747400005],[-2.310472525999955,53.52718724400006],[-2.326789205999944,53.52849751600007],[-2.338193544999967,53.533614140000054],[-2.344218466999962,53.545638790000055],[-2.373588965999943,53.55391410800007],[-2.366714713999954,53.55334666600004],[-2.362185969999928,53.556115377000026],[-2.358295615999964,53.55323293600003],[-2.35731481199997,53.56325417000005],[-2.360990052999966,53.568275723000056],[-2.37398245299994,53.571469007000076],[-2.376883756999973,53.593291418000035],[-2.36839157199995,53.59605707500003],[-2.362994418999961,53.61030660900008],[-2.379436426999973,53.62029822100004],[-2.376359114999957,53.62207958000005],[-2.383455478999963,53.62554538400008],[-2.379293288999975,53.62929600400008],[-2.379126457999973,53.63085244900003],[-2.370442404999949,53.63158935400003],[-2.368660826999928,53.63695110100008],[-2.372437522999974,53.64234325100006],[-2.367009159999952,53.645011554000064],[-2.362649549999958,53.65591993900006],[-2.371236193999948,53.667080654000074],[-2.355569832999947,53.66450729400003],[-2.353338545999975,53.65848290200006],[-2.325302574999967,53.65541295600008]]]]}},{"type":"Feature","properties":{"FID":230,"LAD23CD":"E08000003","LAD23NM":"Manchester","LAD23NMW":" ","BNG_E":384591,"BNG_N":397063,"LONG":-2.2335899,"LAT":53.470089,"GlobalID":"{5AB74240-2811-4F83-B89A-F52752156AF1}","SHAPE_Length":0.8967259169184425,"SHAPE_Area":0.015718139769334852,"reference":"E08000003","name":"Manchester"},"geometry":{"type":"MultiPolygon","coordinates":[[[[-2.248020799999949,53.544159738000076],[-2.237229833999947,53.53886050800003],[-2.218725224999957,53.54390683100007],[-2.207124196999928,53.53819472500004],[-2.206771176999951,53.53421343800005],[-2.193877272999941,53.53164006600008],[-2.186014213999954,53.52905939900006],[-2.170219159999931,53.52774555700006],[-2.170501096999942,53.523956560000045],[-2.164790912999933,53.52016612300008],[-2.159187675999931,53.52212690700003],[-2.156239984999957,53.51579847700003],[-2.161166217999948,53.512875216000054],[-2.171422227999926,53.51316738400004],[-2.178266478999944,53.50676816300006],[-2.17551298799998,53.50265035900003],[-2.161864874999935,53.498325599000054],[-2.163030245999948,53.492849198000044],[-2.165968932999931,53.491573274000075],[-2.167537379999942,53.48109599000003],[-2.161564744999964,53.47485009900004],[-2.150661305999961,53.47286647400006],[-2.14989421599995,53.47091315700004],[-2.146863369999949,53.46749774600005],[-2.15278314699998,53.463246895000054],[-2.149213416999942,53.46032494600007],[-2.158451283999966,53.45493686300006],[-2.161282375999974,53.451820388000044],[-2.166043505999937,53.45364836600004],[-2.171431684999959,53.44851018800006],[-2.174726502999931,53.43797533800006],[-2.176754661999951,53.43301604100003],[-2.187431746999948,53.43666796500003],[-2.19135207599993,53.43512827200004],[-2.193141020999974,53.427653175000046],[-2.199064711999938,53.42704396800008],[-2.207693139999947,53.420079960000066],[-2.20967036199994,53.417943534000074],[-2.21342771299993,53.41891473100003],[-2.212594913999965,53.40696801200005],[-2.218428170999971,53.40543387300005],[-2.222667692999948,53.401176269000075],[-2.238142668999956,53.40082168600003],[-2.242423490999954,53.39900559500006],[-2.246828029999961,53.39605999400004],[-2.246222235999937,53.38782962600004],[-2.242624787999944,53.38769054900007],[-2.23867568299994,53.370799102000035],[-2.240790083999968,53.35957426700003],[-2.256447285999968,53.36067684100004],[-2.267076672999963,53.35057345800004],[-2.28064008299998,53.345968897000034],[-2.287932832999957,53.34308862900008],[-2.301661638999974,53.34022418500007],[-2.297012536999944,53.34864746000005],[-2.314012496999965,53.357430417000046],[-2.298594549999962,53.36082494600004],[-2.286342808999962,53.375847117000035],[-2.299873821999938,53.384330602000034],[-2.299619265999979,53.387664244000064],[-2.300151822999965,53.39215447300006],[-2.308590358999936,53.39894822800005],[-2.319919019999929,53.41162355400007],[-2.304321133999963,53.40986857300004],[-2.297715557999936,53.40836167100008],[-2.293942958999935,53.41358175900007],[-2.277842523999936,53.415474636000056],[-2.27362065899996,53.422500839000065],[-2.283651934999966,53.42500794400007],[-2.285994888999937,53.42933455500008],[-2.286746381999933,53.43023104700006],[-2.299865814999976,53.43343385600008],[-2.299698899999953,53.43732542200007],[-2.294304298999975,53.43606158400007],[-2.295438600999944,53.43879943500008],[-2.289870558999951,53.441288576000034],[-2.293128931999945,53.44444999000007],[-2.286212377999959,53.44912131800004],[-2.273023351999939,53.45056667000006],[-2.271465886999977,53.45073195800006],[-2.258186825999928,53.45882500100004],[-2.253687274999947,53.45994564400007],[-2.259810802999937,53.46533270000003],[-2.268160723999927,53.46970713600007],[-2.265320116999931,53.47272901800005],[-2.263321249999933,53.47568508900008],[-2.253043539999965,53.481804554000064],[-2.245638110999948,53.48514023000007],[-2.24864452099996,53.48824127700004],[-2.250487913999962,53.49008542000007],[-2.255422505999945,53.49911912700003],[-2.251532839999925,53.503900275000035],[-2.247076475999961,53.50239050600004],[-2.245336305999956,53.50491087000006],[-2.250263765999932,53.50803853000008],[-2.250327107999965,53.50804918000006],[-2.249676154999975,53.50861503800007],[-2.24522748399994,53.51215670800008],[-2.25696583499996,53.51794578500005],[-2.251785069999926,53.52576058500006],[-2.248566793999942,53.525115665000044],[-2.246644946999936,53.529236354000034],[-2.26411429999996,53.52469048700004],[-2.266022582999938,53.53023304300007],[-2.268460281999978,53.53710195500008],[-2.258759204999933,53.54315455700004],[-2.248020799999949,53.544159738000076]]]]}},{"type":"Feature","properties":{"FID":231,"LAD23CD":"E08000004","LAD23NM":"Oldham","LAD23NMW":" ","BNG_E":396603,"BNG_N":406784,"LONG":-2.0527401,"LAT":53.557678,"GlobalID":"{3E1B24DE-C948-40CC-9025-C207B96827C7}","SHAPE_Length":0.7992645513006937,"SHAPE_Area":0.019263956025763203,"reference":"E08000004","name":"Oldham"},"geometry":{"type":"MultiPolygon","coordinates":[[[[-2.02681574099995,53.62416714600005],[-2.02303595799998,53.615839477000065],[-2.009470786999941,53.61677951100006],[-1.98164621199993,53.589337844000056],[-1.948109415999966,53.572848202000046],[-1.942725850999977,53.561641294000026],[-1.927521556999977,53.55463747500005],[-1.925665971999933,53.55318930100003],[-1.912884642999927,53.551643615000046],[-1.909620831999973,53.53839098700007],[-1.922444681999934,53.530815062000045],[-1.926780655999949,53.52094875000006],[-1.916766435999932,53.514495760000045],[-1.92197284599996,53.50995468500008],[-1.951332674999946,53.50419883900008],[-1.96338598899996,53.509827261000055],[-1.98578595999993,53.51644847600005],[-1.996927310999979,53.52206529400007],[-2.009133253999948,53.51912661600005],[-2.018776102999936,53.52143378200003],[-2.01809282499994,53.524830561000044],[-2.026799236999977,53.52942646200006],[-2.048650521999946,53.530308407000064],[-2.056936184999927,53.53067652000004],[-2.054148140999928,53.52226916200004],[-2.061866342999963,53.52231110400004],[-2.070696583999961,53.52173626000007],[-2.077205206999963,53.52027417900007],[-2.092122539999934,53.52061488700008],[-2.103311493999968,53.509671334000075],[-2.11632874999998,53.50630672800003],[-2.119684832999951,53.50572723000005],[-2.126020062999942,53.49902246900007],[-2.140938847999962,53.491128264000054],[-2.156171636999943,53.49389230700007],[-2.163030245999948,53.492849198000044],[-2.161864874999935,53.498325599000054],[-2.17551298799998,53.50265035900003],[-2.178266478999944,53.50676816300006],[-2.171422227999926,53.51316738400004],[-2.161166217999948,53.512875216000054],[-2.156239984999957,53.51579847700003],[-2.159187675999931,53.52212690700003],[-2.164790912999933,53.52016612300008],[-2.170501096999942,53.523956560000045],[-2.170219159999931,53.52774555700006],[-2.186014213999954,53.52905939900006],[-2.173177770999928,53.541554605000044],[-2.16944024299994,53.54615930600005],[-2.171756823999942,53.551361900000074],[-2.17199289499996,53.55823229200007],[-2.15520837899993,53.56536599300006],[-2.150929677999954,53.567124154000055],[-2.152477261999934,53.57603233200007],[-2.156586387999937,53.58228746300006],[-2.136717381999972,53.58308390900004],[-2.125844686999926,53.58649797400005],[-2.124054667999928,53.589052914000035],[-2.112713342999939,53.592772412000045],[-2.111996394999949,53.59618117100007],[-2.110637668999971,53.59970882300007],[-2.098023095999963,53.59635467800007],[-2.069881584999962,53.59499293200008],[-2.067317996999975,53.592408531000046],[-2.05509570199996,53.594608675000075],[-2.056880714999977,53.59740045700005],[-2.035827062999942,53.60293237500008],[-2.02681574099995,53.62416714600005]]]]}},{"type":"Feature","properties":{"FID":232,"LAD23CD":"E08000005","LAD23NM":"Rochdale","LAD23NMW":" ","BNG_E":390315,"BNG_N":412326,"LONG":-2.14784,"LAT":53.60741,"GlobalID":"{36168C3D-59FE-4162-A4B7-11AC8F651C30}","SHAPE_Length":0.8966619059628039,"SHAPE_Area":0.02150481380651439,"reference":"E08000005","name":"Rochdale"},"geometry":{"type":"MultiPolygon","coordinates":[[[[-2.134127271999944,53.68573402900006],[-2.12538675199994,53.67483834600006],[-2.114104550999969,53.67111911400008],[-2.087264535999964,53.670751402000064],[-2.083077523999975,53.67810426200003],[-2.073345692999965,53.67751181700004],[-2.056713639999941,53.683052073000056],[-2.051242172999935,53.683691759000055],[-2.050734329999955,53.67951610400007],[-2.054857614999946,53.67566292300006],[-2.05291768099994,53.67031673000008],[-2.03570938799993,53.65932766700007],[-2.041580058999955,53.64248734000006],[-2.029996638999933,53.636169265000035],[-2.030886700999929,53.62924003900008],[-2.02681574099995,53.62416714600005],[-2.035827062999942,53.60293237500008],[-2.056880714999977,53.59740045700005],[-2.05509570199996,53.594608675000075],[-2.067317996999975,53.592408531000046],[-2.069881584999962,53.59499293200008],[-2.098023095999963,53.59635467800007],[-2.110637668999971,53.59970882300007],[-2.111996394999949,53.59618117100007],[-2.112713342999939,53.592772412000045],[-2.124054667999928,53.589052914000035],[-2.125844686999926,53.58649797400005],[-2.136717381999972,53.58308390900004],[-2.156586387999937,53.58228746300006],[-2.152477261999934,53.57603233200007],[-2.150929677999954,53.567124154000055],[-2.15520837899993,53.56536599300006],[-2.17199289499996,53.55823229200007],[-2.171756823999942,53.551361900000074],[-2.16944024299994,53.54615930600005],[-2.173177770999928,53.541554605000044],[-2.186014213999954,53.52905939900006],[-2.193877272999941,53.53164006600008],[-2.206771176999951,53.53421343800005],[-2.207124196999928,53.53819472500004],[-2.218725224999957,53.54390683100007],[-2.237229833999947,53.53886050800003],[-2.234164586999952,53.54336432000008],[-2.24172058399995,53.55715175300003],[-2.236542361999966,53.55922845400005],[-2.242624289999981,53.56154520000007],[-2.242682426999977,53.56155880800003],[-2.248094469999955,53.56318690100005],[-2.243304528999943,53.57170423400004],[-2.250753814999939,53.57735865200004],[-2.250678611999945,53.57843466700007],[-2.259239989999969,53.58526998100007],[-2.265495595999937,53.585603192000065],[-2.272182457999975,53.57942304100004],[-2.28143890299998,53.58274339800005],[-2.28243820299997,53.58672285800003],[-2.27805683899993,53.58732819800008],[-2.276639978999981,53.59151549500007],[-2.270133106999936,53.58916108900007],[-2.269977193999978,53.591962187000036],[-2.259221724999975,53.59218198700006],[-2.255550219999975,53.59712717000008],[-2.245566847999953,53.599130890000026],[-2.251003074999971,53.60721265600006],[-2.259405092999941,53.60607114100003],[-2.266618177999931,53.60915354600007],[-2.27176557599995,53.61447800900004],[-2.257994923999945,53.61645354500007],[-2.256790628999966,53.62044210400006],[-2.26292689099995,53.62496114400005],[-2.269925205999925,53.646057271000075],[-2.261357563999979,53.65416814400004],[-2.236574963999942,53.66700716100007],[-2.225823867999964,53.67076785200004],[-2.21772889999994,53.66898073900006],[-2.215228159999924,53.66712359400003],[-2.205246891999934,53.654361522000045],[-2.189584255999932,53.648025361000066],[-2.182407183999942,53.648257615000034],[-2.180467826999973,53.640549615000054],[-2.185395838999966,53.638224093000076],[-2.161135851999973,53.64224845000007],[-2.164167802999941,53.65337388000006],[-2.158543012999928,53.66067519300003],[-2.146328075999975,53.682231529000035],[-2.142257550999943,53.67800580900007],[-2.134127271999944,53.68573402900006]]]]}},{"type":"Feature","properties":{"FID":233,"LAD23CD":"E08000006","LAD23NM":"Salford","LAD23NMW":" ","BNG_E":374556,"BNG_N":398128,"LONG":-2.38485,"LAT":53.479271,"GlobalID":"{DEF066CF-EB9A-49BD-895F-5FF2A9086EEC}","SHAPE_Length":0.7426170618981568,"SHAPE_Area":0.013098216309276938,"reference":"E08000006","name":"Salford"},"geometry":{"type":"MultiPolygon","coordinates":[[[[-2.385380783999949,53.53152456400005],[-2.354388480999944,53.52624066000004],[-2.350773843999946,53.52966329700007],[-2.353695565999942,53.535056593000036],[-2.345928210999944,53.537453062000054],[-2.338193544999967,53.533614140000054],[-2.326789205999944,53.52849751600007],[-2.310472525999955,53.52718724400006],[-2.302259676999938,53.51708747400005],[-2.290796293999961,53.51202116800005],[-2.279342899999961,53.51588802300006],[-2.25696583499996,53.51794578500005],[-2.24522748399994,53.51215670800008],[-2.249676154999975,53.50861503800007],[-2.250327107999965,53.50804918000006],[-2.250263765999932,53.50803853000008],[-2.245336305999956,53.50491087000006],[-2.247076475999961,53.50239050600004],[-2.251532839999925,53.503900275000035],[-2.255422505999945,53.49911912700003],[-2.250487913999962,53.49008542000007],[-2.24864452099996,53.48824127700004],[-2.245638110999948,53.48514023000007],[-2.253043539999965,53.481804554000064],[-2.263321249999933,53.47568508900008],[-2.265320116999931,53.47272901800005],[-2.281259382999963,53.46486196300003],[-2.304403553999975,53.473095356000044],[-2.319203132999974,53.479651440000055],[-2.329466894999939,53.47999463800005],[-2.352177255999948,53.47472519100006],[-2.362120782999966,53.47169923800004],[-2.369074695999927,53.46926550300003],[-2.393252892999953,53.46015648500003],[-2.407457240999975,53.448802244000035],[-2.409565253999972,53.44573509500003],[-2.413519186999963,53.43753209800008],[-2.422386793999976,53.42733869400007],[-2.449378187999969,53.41589144400007],[-2.451543595999965,53.426709061000054],[-2.46172387799993,53.43636873300005],[-2.467699630999959,53.437442942000075],[-2.478153328999952,53.44341748900007],[-2.475986508999938,53.448237678000055],[-2.489713821999942,53.46028229700005],[-2.434469414999967,53.46504440800004],[-2.435626160999959,53.46989223000003],[-2.436125850999929,53.47189760700007],[-2.438506956999959,53.49240215700007],[-2.430430763999937,53.50469633500006],[-2.420506478999926,53.50679025000005],[-2.41945570799993,53.512157339000055],[-2.415348481999956,53.51204492900007],[-2.421636915999954,53.519927866000046],[-2.454113061999976,53.52622202400005],[-2.451097231999938,53.528605395000056],[-2.444607380999969,53.53092526300003],[-2.435663401999932,53.54196690100008],[-2.410289593999948,53.53851739100003],[-2.393660403999945,53.53651529100006],[-2.385380783999949,53.53152456400005]]]]}},{"type":"Feature","properties":{"FID":234,"LAD23CD":"E08000007","LAD23NM":"Stockport","LAD23NMW":" ","BNG_E":391807,"BNG_N":388258,"LONG":-2.12465,"LAT":53.391109,"GlobalID":"{23E9B10F-6643-4CE9-9B70-53A94CE4D366}","SHAPE_Length":0.7539052472511849,"SHAPE_Area":0.017012922010124405,"reference":"E08000007","name":"Stockport"},"geometry":{"type":"MultiPolygon","coordinates":[[[[-2.158451283999966,53.45493686300006],[-2.143424032999974,53.44486284300007],[-2.141690235999931,53.43825113300005],[-2.130723007999961,53.43943488300005],[-2.122921880999968,53.43776217800007],[-2.123269711999967,53.44106072500006],[-2.120261914999958,53.43640220800006],[-2.116084832999945,53.44074610300004],[-2.102861407999967,53.43264422000004],[-2.092809770999963,53.43753861000005],[-2.084036133999973,53.43409710600008],[-2.082913969999936,53.426818946000026],[-2.06942371699995,53.427737242000035],[-2.055789696999966,53.431771292000064],[-2.039068364999935,53.42718219300008],[-2.026255417999948,53.429865161000066],[-2.019724332999942,53.425118679000036],[-2.023709629999928,53.420551713000066],[-2.01369718199993,53.41589011000008],[-1.992329470999948,53.41519313300006],[-2.005052258999967,53.39053937600005],[-2.004642866999973,53.38632727800007],[-2.019714460999978,53.380595465000056],[-2.017084082999929,53.37783275600003],[-2.021995638999954,53.37595780400005],[-2.026208991999965,53.373618142000055],[-2.03377543299996,53.37554157000005],[-2.031058462999965,53.370262386000036],[-2.040563624999947,53.37408776600006],[-2.05532046899998,53.366891148000036],[-2.060833272999957,53.35843550700008],[-2.078617819999977,53.35817296600004],[-2.095091962999959,53.366067918000056],[-2.103938443999937,53.36604073800004],[-2.11440917799996,53.36462049900007],[-2.124294956999961,53.36196706700008],[-2.139025309999965,53.36731701200006],[-2.138196731999926,53.35689131200007],[-2.142532766999977,53.35418958100007],[-2.151190596999925,53.34813313500007],[-2.144099309999945,53.34287100700004],[-2.150008437999929,53.33829748800008],[-2.152535439999951,53.32855327600004],[-2.159554635999939,53.328189560000055],[-2.18487676899997,53.33269142000006],[-2.194162864999953,53.33865044100003],[-2.180977276999954,53.344043801000055],[-2.188015180999969,53.34873662000007],[-2.185438266999938,53.35265158300007],[-2.200417949999974,53.35524498400008],[-2.208464533999972,53.35500440100003],[-2.207409530999939,53.356798611000045],[-2.222224202999939,53.35978125300005],[-2.232981612999936,53.35879518300004],[-2.240790083999968,53.35957426700003],[-2.23867568299994,53.370799102000035],[-2.242624787999944,53.38769054900007],[-2.246222235999937,53.38782962600004],[-2.246828029999961,53.39605999400004],[-2.242423490999954,53.39900559500006],[-2.238142668999956,53.40082168600003],[-2.222667692999948,53.401176269000075],[-2.218428170999971,53.40543387300005],[-2.212594913999965,53.40696801200005],[-2.21342771299993,53.41891473100003],[-2.20967036199994,53.417943534000074],[-2.207693139999947,53.420079960000066],[-2.199064711999938,53.42704396800008],[-2.193141020999974,53.427653175000046],[-2.19135207599993,53.43512827200004],[-2.187431746999948,53.43666796500003],[-2.176754661999951,53.43301604100003],[-2.174726502999931,53.43797533800006],[-2.171431684999959,53.44851018800006],[-2.166043505999937,53.45364836600004],[-2.161282375999974,53.451820388000044],[-2.158451283999966,53.45493686300006]]]]}},{"type":"Feature","properties":{"FID":235,"LAD23CD":"E08000008","LAD23NM":"Tameside","LAD23NMW":" ","BNG_E":394987,"BNG_N":397995,"LONG":-2.0769999,"LAT":53.478668,"GlobalID":"{7D42A804-3199-4FEC-831F-B04E01E3C113}","SHAPE_Length":0.5867189373592693,"SHAPE_Area":0.013936106317596059,"reference":"E08000008","name":"Tameside"},"geometry":{"type":"MultiPolygon","coordinates":[[[[-2.01809282499994,53.524830561000044],[-2.018776102999936,53.52143378200003],[-2.009133253999948,53.51912661600005],[-1.996927310999979,53.52206529400007],[-1.98578595999993,53.51644847600005],[-1.96338598899996,53.509827261000055],[-1.972719652999956,53.50248613000008],[-1.974277770999947,53.488384419000056],[-1.987399006999965,53.48157600900004],[-1.988682001999962,53.47468341800004],[-1.981532492999975,53.46450505700005],[-1.987429782999925,53.45890330700007],[-1.986901128999932,53.45431634000005],[-1.99821418099998,53.44577248200005],[-2.00830558499996,53.44145224600004],[-2.004216051999947,53.43592178600005],[-2.013655462999964,53.43988323500008],[-2.027322621999929,53.432400587000075],[-2.026255417999948,53.429865161000066],[-2.039068364999935,53.42718219300008],[-2.055789696999966,53.431771292000064],[-2.06942371699995,53.427737242000035],[-2.082913969999936,53.426818946000026],[-2.084036133999973,53.43409710600008],[-2.092809770999963,53.43753861000005],[-2.102861407999967,53.43264422000004],[-2.116084832999945,53.44074610300004],[-2.120261914999958,53.43640220800006],[-2.123269711999967,53.44106072500006],[-2.122921880999968,53.43776217800007],[-2.130723007999961,53.43943488300005],[-2.141690235999931,53.43825113300005],[-2.143424032999974,53.44486284300007],[-2.158451283999966,53.45493686300006],[-2.149213416999942,53.46032494600007],[-2.15278314699998,53.463246895000054],[-2.146863369999949,53.46749774600005],[-2.14989421599995,53.47091315700004],[-2.150661305999961,53.47286647400006],[-2.161564744999964,53.47485009900004],[-2.167537379999942,53.48109599000003],[-2.165968932999931,53.491573274000075],[-2.163030245999948,53.492849198000044],[-2.156171636999943,53.49389230700007],[-2.140938847999962,53.491128264000054],[-2.126020062999942,53.49902246900007],[-2.119684832999951,53.50572723000005],[-2.11632874999998,53.50630672800003],[-2.103311493999968,53.509671334000075],[-2.092122539999934,53.52061488700008],[-2.077205206999963,53.52027417900007],[-2.070696583999961,53.52173626000007],[-2.061866342999963,53.52231110400004],[-2.054148140999928,53.52226916200004],[-2.056936184999927,53.53067652000004],[-2.048650521999946,53.530308407000064],[-2.026799236999977,53.52942646200006],[-2.01809282499994,53.524830561000044]]]]}},{"type":"Feature","properties":{"FID":236,"LAD23CD":"E08000009","LAD23NM":"Trafford","LAD23NMW":" ","BNG_E":375790,"BNG_N":391163,"LONG":-2.36572,"LAT":53.416721,"GlobalID":"{A9D2DB69-E1CC-4604-BDE0-9CCBB6AB2F79}","SHAPE_Length":0.6829916028658798,"SHAPE_Area":0.014348481777503797,"reference":"E08000009","name":"Trafford"},"geometry":{"type":"MultiPolygon","coordinates":[[[[-2.304403553999975,53.473095356000044],[-2.281259382999963,53.46486196300003],[-2.265320116999931,53.47272901800005],[-2.268160723999927,53.46970713600007],[-2.259810802999937,53.46533270000003],[-2.253687274999947,53.45994564400007],[-2.258186825999928,53.45882500100004],[-2.271465886999977,53.45073195800006],[-2.273023351999939,53.45056667000006],[-2.286212377999959,53.44912131800004],[-2.293128931999945,53.44444999000007],[-2.289870558999951,53.441288576000034],[-2.295438600999944,53.43879943500008],[-2.294304298999975,53.43606158400007],[-2.299698899999953,53.43732542200007],[-2.299865814999976,53.43343385600008],[-2.286746381999933,53.43023104700006],[-2.285994888999937,53.42933455500008],[-2.283651934999966,53.42500794400007],[-2.27362065899996,53.422500839000065],[-2.277842523999936,53.415474636000056],[-2.293942958999935,53.41358175900007],[-2.297715557999936,53.40836167100008],[-2.304321133999963,53.40986857300004],[-2.319919019999929,53.41162355400007],[-2.308590358999936,53.39894822800005],[-2.300151822999965,53.39215447300006],[-2.299619265999979,53.387664244000064],[-2.299873821999938,53.384330602000034],[-2.286342808999962,53.375847117000035],[-2.298594549999962,53.36082494600004],[-2.314012496999965,53.357430417000046],[-2.323475483999971,53.35827706500004],[-2.324525096999935,53.36145576200005],[-2.328687229999957,53.36064034200007],[-2.34009023699997,53.36744377900004],[-2.34889246299997,53.365909990000034],[-2.353958238999951,53.36822853500007],[-2.364957455999956,53.363100631000066],[-2.384729480999965,53.370052360000045],[-2.400702506999949,53.37524587100006],[-2.408036729999935,53.38281572900007],[-2.426589924999973,53.38746151700008],[-2.448393979999935,53.394808255000044],[-2.458561306999968,53.392988546000026],[-2.465898,53.394776483000044],[-2.471026357999961,53.39233111000004],[-2.47843960299997,53.39621322900007],[-2.465976704999946,53.400747866000074],[-2.453681363999976,53.41321284000003],[-2.449378187999969,53.41589144400007],[-2.422386793999976,53.42733869400007],[-2.413519186999963,53.43753209800008],[-2.409565253999972,53.44573509500003],[-2.407457240999975,53.448802244000035],[-2.393252892999953,53.46015648500003],[-2.369074695999927,53.46926550300003],[-2.362120782999966,53.47169923800004],[-2.352177255999948,53.47472519100006],[-2.329466894999939,53.47999463800005],[-2.319203132999974,53.479651440000055],[-2.304403553999975,53.473095356000044]]]]}},{"type":"Feature","properties":{"FID":237,"LAD23CD":"E08000010","LAD23NM":"Wigan","LAD23NMW":" ","BNG_E":362139,"BNG_N":402126,"LONG":-2.5724199,"LAT":53.51445,"GlobalID":"{D571AA7F-5C93-499D-AC8A-EA6D2E0A61EA}","SHAPE_Length":0.948639619602391,"SHAPE_Area":0.025413037904248786,"reference":"E08000010","name":"Wigan"},"geometry":{"type":"MultiPolygon","coordinates":[[[[-2.631283349999933,53.60521803700004],[-2.625936201999934,53.59369555200004],[-2.627510532999963,53.58944206700005],[-2.618008083999939,53.59110238000005],[-2.585075048999954,53.585079594000035],[-2.567829881999955,53.57144960000005],[-2.568535332999943,53.56471135800007],[-2.560136660999945,53.56210945500004],[-2.563351320999971,53.55953984400003],[-2.559823531999939,53.55556565900008],[-2.569228136999925,53.54753119800006],[-2.558131256999957,53.54445738900006],[-2.561830200999964,53.53890033000005],[-2.553701112999931,53.536187891000054],[-2.536538005999944,53.52780990300005],[-2.533747180999967,53.52301444600005],[-2.528918584999928,53.52310422800008],[-2.515815045999943,53.529259599000056],[-2.515534399999979,53.53582333600008],[-2.510165014999927,53.53410534200003],[-2.507298856999967,53.537808591000044],[-2.490163692999943,53.53557195900004],[-2.451097231999938,53.528605395000056],[-2.454113061999976,53.52622202400005],[-2.421636915999954,53.519927866000046],[-2.415348481999956,53.51204492900007],[-2.41945570799993,53.512157339000055],[-2.420506478999926,53.50679025000005],[-2.430430763999937,53.50469633500006],[-2.438506956999959,53.49240215700007],[-2.436125850999929,53.47189760700007],[-2.435626160999959,53.46989223000003],[-2.434469414999967,53.46504440800004],[-2.489713821999942,53.46028229700005],[-2.489145509999958,53.475848177000046],[-2.496334458999968,53.48092942200003],[-2.536445940999954,53.47150405200006],[-2.552638543999933,53.46781340700005],[-2.54908962899998,53.46151155700005],[-2.570320066999955,53.45853368000007],[-2.576664780999977,53.44608527300005],[-2.583328347999952,53.44897146000005],[-2.584200721999935,53.45411576600003],[-2.59692909599994,53.45683672800004],[-2.59971900499994,53.461068397000076],[-2.61311107399996,53.46177483200006],[-2.616760500999931,53.46623855300004],[-2.614548558999957,53.470361241000035],[-2.607863427999973,53.470827747000044],[-2.612138266999978,53.48113809100005],[-2.617277404999925,53.48177885500007],[-2.645537009999941,53.48027121900003],[-2.655915360999927,53.49033923500008],[-2.66293723299998,53.49279681000007],[-2.666257839999957,53.499740572000064],[-2.680230430999927,53.49951607700007],[-2.705478017999951,53.50478601800006],[-2.710014285999932,53.51457958300006],[-2.722970421999946,53.50999734200008],[-2.730417641999964,53.52058137000006],[-2.717835199999968,53.52730922500007],[-2.714527534999945,53.538327071000026],[-2.71855035599998,53.54355012600007],[-2.704738100999975,53.561860479000075],[-2.716388237999979,53.571306022000044],[-2.719222621999961,53.57611418100004],[-2.710343589999979,53.58511703100004],[-2.70006962399998,53.59121336100003],[-2.693309029999966,53.58947474200005],[-2.690485075999959,53.602355903000046],[-2.689455738999925,53.604279536000035],[-2.659370349999961,53.60364775200003],[-2.63616105899996,53.608290639000074],[-2.631283349999933,53.60521803700004]]]]}},{"type":"Feature","properties":{"FID":238,"LAD23CD":"E08000011","LAD23NM":"Knowsley","LAD23NMW":" ","BNG_E":344762,"BNG_N":393778,"LONG":-2.8329699,"LAT":53.437881,"GlobalID":"{0941EFAC-9287-491D-B9D8-F4F81DF962C2}","SHAPE_Length":0.7503286803629172,"SHAPE_Area":0.011792655662140796,"reference":"E08000011","name":"Knowsley"},"geometry":{"type":"MultiPolygon","coordinates":[[[[-2.871067279999977,53.49499703200007],[-2.861477802999957,53.49107915700006],[-2.849836424999978,53.49313917300003],[-2.843937602999972,53.49021116600005],[-2.84442114899997,53.48413038900003],[-2.825574396999968,53.482781689000035],[-2.824964464999937,53.48520921900007],[-2.816751615999976,53.477851730000054],[-2.818711771999972,53.46689108500004],[-2.804407756999979,53.46723643900003],[-2.807003711999926,53.45583124600006],[-2.795069462999948,53.44323009200008],[-2.796767226999975,53.44063092400006],[-2.804638795999949,53.44116154900007],[-2.80502953599995,53.43866000500003],[-2.787945122999929,53.430378277000045],[-2.782016985999974,53.42859696800008],[-2.776201425999943,53.426687042000026],[-2.781673287999979,53.42085168300008],[-2.778204598999935,53.416302691000055],[-2.785690533999968,53.41502934700003],[-2.786775966999926,53.40118756900006],[-2.74517463899997,53.40209564600008],[-2.743395544999942,53.39528515500007],[-2.750647856999933,53.39378809600004],[-2.748141696999937,53.38850135900003],[-2.760270727999966,53.38433565200006],[-2.757654073999959,53.380737870000075],[-2.772078162999946,53.382964506000064],[-2.781282906999934,53.37169163000004],[-2.784759157999929,53.36079191200008],[-2.784822990999942,53.360722956000075],[-2.787301698999954,53.35629039500003],[-2.809064331999934,53.35508138000006],[-2.818806931999973,53.34800070800003],[-2.840405579999981,53.347331104000034],[-2.846338651999929,53.353981429000044],[-2.85208425299993,53.36123237400005],[-2.853803802999948,53.37981522200005],[-2.844431596999925,53.382057098000075],[-2.821954808999976,53.38066704500005],[-2.833649917999935,53.38894099000004],[-2.837345054999957,53.399868025000046],[-2.85621982999993,53.39496014300005],[-2.871915938999962,53.400435068000036],[-2.881679622999968,53.40804078200006],[-2.890542337999932,53.40692614500006],[-2.892412414999967,53.41091850000004],[-2.884096719999945,53.41687604800006],[-2.871162935999962,53.412384907000046],[-2.86869472799998,53.41558850000007],[-2.867938467999977,53.42056565100006],[-2.866831581999975,53.42836524200004],[-2.873416026999962,53.436518714000044],[-2.870122759999958,53.44169516800008],[-2.870591481999952,53.44252765600004],[-2.867855340999938,53.44929459800005],[-2.880940288999966,53.45712007100008],[-2.891440338999928,53.463115609000056],[-2.891817956999944,53.46323769900005],[-2.905928768999956,53.47017869500007],[-2.904924429999937,53.465245250000066],[-2.914377591999937,53.465005165000036],[-2.922615107999945,53.474983216000055],[-2.916843307999955,53.479261389000044],[-2.919559211999967,53.48207288400005],[-2.914267732999974,53.48253412000008],[-2.905249210999955,53.49197623900005],[-2.899582901999963,53.492813572000045],[-2.898419616999945,53.50081514900006],[-2.887963436999939,53.50384595000003],[-2.873332437999977,53.50003934500006],[-2.871067279999977,53.49499703200007]]]]}},{"type":"Feature","properties":{"FID":240,"LAD23CD":"E08000013","LAD23NM":"St. Helens","LAD23NMW":" ","BNG_E":353413,"BNG_N":395992,"LONG":-2.70309,"LAT":53.458618,"GlobalID":"{77F14ABB-9988-47B4-972A-224177DD1432}","SHAPE_Length":0.8364836060295321,"SHAPE_Area":0.01837689102274258,"reference":"E08000013","name":"St. Helens"},"geometry":{"type":"MultiPolygon","coordinates":[[[[-2.768872483999928,53.51357146400005],[-2.759831517999942,53.51253714100005],[-2.730417641999964,53.52058137000006],[-2.722970421999946,53.50999734200008],[-2.710014285999932,53.51457958300006],[-2.705478017999951,53.50478601800006],[-2.680230430999927,53.49951607700007],[-2.666257839999957,53.499740572000064],[-2.66293723299998,53.49279681000007],[-2.655915360999927,53.49033923500008],[-2.645537009999941,53.48027121900003],[-2.617277404999925,53.48177885500007],[-2.612138266999978,53.48113809100005],[-2.607863427999973,53.470827747000044],[-2.614548558999957,53.470361241000035],[-2.616760500999931,53.46623855300004],[-2.61311107399996,53.46177483200006],[-2.59971900499994,53.461068397000076],[-2.59692909599994,53.45683672800004],[-2.584200721999935,53.45411576600003],[-2.583328347999952,53.44897146000005],[-2.576664780999977,53.44608527300005],[-2.584596601999976,53.44039312000007],[-2.598684922999951,53.45041376800003],[-2.596230526999932,53.44266629300006],[-2.61142278899996,53.442274730000065],[-2.627462414999968,53.434412602000066],[-2.632407633999946,53.44166011400006],[-2.639539962999947,53.44442210600005],[-2.670660711999972,53.449925964000045],[-2.673408234999954,53.452582076000056],[-2.677185668999925,53.45275291100006],[-2.682168217999958,53.43923435500005],[-2.668771715999981,53.441044083000065],[-2.675267724999969,53.43296530500004],[-2.663852449999979,53.429666602000054],[-2.672319793999975,53.422024700000065],[-2.666856184999972,53.41626394700006],[-2.671876599999962,53.41528660500006],[-2.672136256999977,53.41180741900007],[-2.671376985999927,53.40017399300007],[-2.675996656999928,53.39500990500005],[-2.676317212999948,53.387619365000035],[-2.690632798999957,53.38538822000004],[-2.705042091999928,53.38674575500005],[-2.712803440999949,53.39062600800003],[-2.715226788999928,53.39903490000006],[-2.73094442699994,53.39999307000005],[-2.734447954999951,53.40054692100006],[-2.74517463899997,53.40209564600008],[-2.786775966999926,53.40118756900006],[-2.785690533999968,53.41502934700003],[-2.778204598999935,53.416302691000055],[-2.781673287999979,53.42085168300008],[-2.776201425999943,53.426687042000026],[-2.782016985999974,53.42859696800008],[-2.787945122999929,53.430378277000045],[-2.80502953599995,53.43866000500003],[-2.804638795999949,53.44116154900007],[-2.796767226999975,53.44063092400006],[-2.795069462999948,53.44323009200008],[-2.807003711999926,53.45583124600006],[-2.804407756999979,53.46723643900003],[-2.818711771999972,53.46689108500004],[-2.816751615999976,53.477851730000054],[-2.824964464999937,53.48520921900007],[-2.81989413499997,53.49650711800007],[-2.822519858999954,53.50512752100008],[-2.816615628999955,53.512282320000054],[-2.794686913999954,53.52124271200006],[-2.782418436999933,53.53137251100003],[-2.768872483999928,53.51357146400005]]]]}},{"type":"Feature","properties":{"FID":241,"LAD23CD":"E08000014","LAD23NM":"Sefton","LAD23NMW":" ","BNG_E":334282,"BNG_N":398835,"LONG":-2.99177,"LAT":53.482121,"GlobalID":"{59850738-BCDE-41BA-A93C-848510637EEC}","SHAPE_Length":1.15376876189559,"SHAPE_Area":0.021014948087360773,"reference":"E08000014","name":"Sefton"},"geometry":{"type":"MultiPolygon","coordinates":[[[[-2.96459264799995,53.69347898600006],[-2.971488100999977,53.69216316900008],[-2.962947956999926,53.69288099400006],[-2.958302520999951,53.687584524000044],[-2.954052958999966,53.69137729800008],[-2.957327248999945,53.69105102100008],[-2.962283593999928,53.69383189700005],[-2.955230319999941,53.696495997000056],[-2.946785668999951,53.68801756500005],[-2.952493680999964,53.68227914400006],[-2.944307927999944,53.67912970200007],[-2.947437909999962,53.667349080000065],[-2.940143443999943,53.658610519000035],[-2.949966910999933,53.65233472400007],[-2.96035171799997,53.638736821000066],[-2.967768734999936,53.63106381400007],[-2.981823130999942,53.62220513600005],[-2.993720602999929,53.62827121500004],[-2.997333510999965,53.62688568300007],[-3.014098528999966,53.61127703100004],[-3.032148161999942,53.59852957700008],[-3.033342473999937,53.585119958000064],[-3.020768519999933,53.58281446900003],[-3.022619997999925,53.56959790700006],[-3.040588763999949,53.56500250200003],[-3.038809217999926,53.55190526200005],[-3.046698581999976,53.542958329000044],[-3.038692272999981,53.538319674000036],[-3.024968710999929,53.53903515800005],[-2.991522789999976,53.52299161800005],[-2.982531587999972,53.51954585700008],[-2.972943317999977,53.51544622400007],[-2.964142783999932,53.518606059000035],[-2.962997391999977,53.52290294900007],[-2.978434859999936,53.54277484200003],[-2.977278105999972,53.54622715800008],[-2.965817435999952,53.547815789000026],[-2.941979214999947,53.54099773400003],[-2.923009407999928,53.52522004300005],[-2.916743145999931,53.52325841000004],[-2.881687654999951,53.52052290700004],[-2.892210757999976,53.511165849000065],[-2.887963436999939,53.50384595000003],[-2.898419616999945,53.50081514900006],[-2.899582901999963,53.492813572000045],[-2.905249210999955,53.49197623900005],[-2.914267732999974,53.48253412000008],[-2.919559211999967,53.48207288400005],[-2.916843307999955,53.479261389000044],[-2.922615107999945,53.474983216000055],[-2.928122665999979,53.47342340100005],[-2.955446693999932,53.47240351900007],[-2.959302048999973,53.46766516300005],[-2.960178954999947,53.46800148600005],[-2.967782193999938,53.467418775000056],[-2.972911390999968,53.459173028000066],[-2.972654133999924,53.45859963500004],[-2.972565439999926,53.45840194900006],[-2.973393744999953,53.447448723000036],[-2.975307230999931,53.44324701800008],[-2.981059268999957,53.44234685200007],[-2.985194795999973,53.44157758400007],[-2.991053582999939,53.44021254300003],[-3.008580345999974,53.43769807900003],[-3.008620636999979,53.43785547300007],[-3.008755303999976,53.43838154100007],[-3.023554452999974,53.45623134500005],[-3.027771800999972,53.45512434500006],[-3.03448938799994,53.45996259400005],[-3.036394768999969,53.46143525800005],[-3.036534791999941,53.46155034700007],[-3.040422914999965,53.464745797000035],[-3.041456075999974,53.46562874800003],[-3.037582802999964,53.46846638000005],[-3.043407764999927,53.477886641000055],[-3.054809792999947,53.49206161600006],[-3.065061829999934,53.504797186000076],[-3.064033569999935,53.51049531600006],[-3.063968093999961,53.51131942500007],[-3.062738539999941,53.52678959000008],[-3.062692597999956,53.52736741700005],[-3.064089302999946,53.53060797000006],[-3.063366041999927,53.52647355900007],[-3.07092871499998,53.521540136000056],[-3.079120186999944,53.526144885000065],[-3.08540284999998,53.53374577300008],[-3.101479878999953,53.540807673000074],[-3.105469693999964,53.55151512300006],[-3.100519400999929,53.56939355900005],[-3.086123804999943,53.58735285800003],[-3.062115285999937,53.61017002500006],[-3.061985019999952,53.61034586900007],[-3.042723338999963,53.63632938000006],[-3.031151053999963,53.647650103000046],[-3.01780002199996,53.65417591000005],[-3.017659631999948,53.654329164000046],[-3.003197875999945,53.67010925100004],[-3.006416333999937,53.67133611100007],[-3.010951297999952,53.666976170000055],[-3.015006415999949,53.672179810000046],[-3.015606734999949,53.67295003400005],[-3.014091636999979,53.679129035000074],[-3.002367589999949,53.67695728800004],[-2.98790424699996,53.68465309000004],[-2.982973399999935,53.68253653000005],[-2.988460181999926,53.68737741700005],[-2.984685738999929,53.68973569900004],[-2.980447874999925,53.68671172300003],[-2.980155439999976,53.68902196500005],[-2.980070338999951,53.689746453000055],[-2.977145770999925,53.69653499100008],[-2.96527621499996,53.69820223900007],[-2.96459264799995,53.69347898600006]]]]}},{"type":"Feature","properties":{"FID":242,"LAD23CD":"E08000015","LAD23NM":"Wirral","LAD23NMW":" ","BNG_E":329109,"BNG_N":386965,"LONG":-3.06703,"LAT":53.374779,"GlobalID":"{478787C3-B20C-4029-A3A2-32136BA470EC}","SHAPE_Length":0.6984091200800916,"SHAPE_Area":0.021297430349234564,"reference":"E08000015","name":"Wirral"},"geometry":{"type":"MultiPolygon","coordinates":[[[[-2.958129184999962,53.33253133100004],[-2.934697057999927,53.31328391200003],[-2.928793756999937,53.30843136200008],[-2.931702379999933,53.30603614200004],[-2.939608500999952,53.31038821700008],[-2.946610472999964,53.30551064300005],[-2.968033332999937,53.30125511000006],[-2.980163832999949,53.30465902600008],[-2.992737790999968,53.30710875800003],[-3.012836987999947,53.29897079700004],[-3.029759982999963,53.29899209900003],[-3.048390739999945,53.31096060900006],[-3.059659163999925,53.30900384900008],[-3.072649645999945,53.31585427500005],[-3.082928325999944,53.31084348500008],[-3.088719441999956,53.30838030100006],[-3.088789039999938,53.30835288800006],[-3.089713959999926,53.30801659300005],[-3.106825045999926,53.298512963000064],[-3.109023683999965,53.29726412900004],[-3.109452637999937,53.29702083400008],[-3.110723461999953,53.29629896000006],[-3.116400466999949,53.30325906300004],[-3.106975913999975,53.302140543000064],[-3.115835523999976,53.304844598000045],[-3.120014608999952,53.30987263700007],[-3.120346989999973,53.311683790000075],[-3.122340231999942,53.322541673000046],[-3.137884820999943,53.33373228500005],[-3.138731378999978,53.334287406000044],[-3.138783454999952,53.33432155500003],[-3.190571155999976,53.36824344900003],[-3.19085660199994,53.36851300500007],[-3.19851887599998,53.37574721800007],[-3.200367864999976,53.38751527800008],[-3.177605884999934,53.39972727800006],[-3.140957534999927,53.41186156100008],[-3.140583259999971,53.41193876900007],[-3.118876670999953,53.41641409600004],[-3.118313967999939,53.416618509000045],[-3.089895770999931,53.42693576100004],[-3.060353930999952,53.43865038300004],[-3.05671380299998,53.44009301600005],[-3.040320323999936,53.44289745000003],[-3.030095729999971,53.42712355400005],[-3.029198443999974,53.42592229200005],[-3.024256640999965,53.41930498500005],[-3.024119029999952,53.41909143200007],[-3.012793181999939,53.40148579600003],[-3.012772092999967,53.401431509000076],[-3.006778957999927,53.38599882300008],[-3.006745574999968,53.38591282800007],[-3.006540275999953,53.38538397800005],[-2.995603886999959,53.36840243900008],[-2.995348503999935,53.368005717000074],[-2.973181759999932,53.35302496200006],[-2.958263717999955,53.33264177500007],[-2.958129184999962,53.33253133100004]]]]}},{"type":"Feature","properties":{"FID":243,"LAD23CD":"E08000016","LAD23NM":"Barnsley","LAD23NMW":" ","BNG_E":429979,"BNG_N":403327,"LONG":-1.54925,"LAT":53.525768,"GlobalID":"{428DD8C9-7166-4828-A986-0D5812AA26F0}","SHAPE_Length":1.4625932235990913,"SHAPE_Area":0.04452744556285542,"reference":"E08000016","name":"Barnsley"},"geometry":{"type":"MultiPolygon","coordinates":[[[[-1.447630613999934,53.61273882100005],[-1.439193125999964,53.607062057000064],[-1.432924602999947,53.60894243300004],[-1.424896266999951,53.604483661000074],[-1.400184573999979,53.598668349000036],[-1.376702959999932,53.60647841900004],[-1.356119636999949,53.59536621500007],[-1.353900004999957,53.583404373000064],[-1.351434125999958,53.58108104200005],[-1.348733410999955,53.58334763000005],[-1.332149438999977,53.562864869000066],[-1.326807045999942,53.55818532700005],[-1.297456798999974,53.55138182400003],[-1.286981973999957,53.53767012900005],[-1.293808847999969,53.53581040600005],[-1.275726486999929,53.52983731300003],[-1.286040924999952,53.526946562000035],[-1.276504485999965,53.52063325300003],[-1.281283377999955,53.516492278000044],[-1.312442774999965,53.51379448200004],[-1.343626771999936,53.51433391200004],[-1.362059042999931,53.513473986000065],[-1.368881951999924,53.51522313400005],[-1.379050121999967,53.51452648600008],[-1.389647974999946,53.50940424200007],[-1.40862948299997,53.50332347500006],[-1.415178330999936,53.49251176400003],[-1.42796513899998,53.48585370500007],[-1.440933234999932,53.49110763600004],[-1.452206656999977,53.48492886400004],[-1.450444560999927,53.47739373200005],[-1.455219213999953,53.47175094600004],[-1.455923704999975,53.471791893000045],[-1.466895117999968,53.47805962100006],[-1.494748733999927,53.48626926700007],[-1.495239289999972,53.48035685000008],[-1.514813833999938,53.46366677600008],[-1.518182420999949,53.45724181200006],[-1.51317073599995,53.45142302200003],[-1.520924220999973,53.444354169000064],[-1.526364030999957,53.439074247000065],[-1.532926863999933,53.43831531200004],[-1.551212817999954,53.44614579800003],[-1.547383345999947,53.449885952000045],[-1.551384136999957,53.45545492100007],[-1.540260875999934,53.45615898600005],[-1.539046918999929,53.461715491000064],[-1.548120480999955,53.47133178000007],[-1.543628634999948,53.472667554000054],[-1.55926844499993,53.483569712000076],[-1.606590842999935,53.49290717300005],[-1.614458024999976,53.493153978000066],[-1.614947214999972,53.49056765700004],[-1.62444675699993,53.49212509100005],[-1.669052892999957,53.50067032100003],[-1.688796313999944,53.49912045200006],[-1.701088763999962,53.50312097600005],[-1.711009408999928,53.50125945900004],[-1.720038031999934,53.49234805900005],[-1.731982883999933,53.490896647000056],[-1.738707876999968,53.47715202900008],[-1.783648167999957,53.48479899800003],[-1.801470631999962,53.48099176100004],[-1.801576538999939,53.48479490600005],[-1.801571752999962,53.48483542400004],[-1.800262990999954,53.493355164000036],[-1.795000921999929,53.495918731000074],[-1.796288218999962,53.503152991000036],[-1.810398890999977,53.50634014900004],[-1.800778652999952,53.51137852900007],[-1.819523776999972,53.51342809200003],[-1.822228780999978,53.52109092200004],[-1.804283015999943,53.537013373000036],[-1.797431241999959,53.533887564000054],[-1.755818962999967,53.536681059000045],[-1.730082747999973,53.546791676000055],[-1.723177507999935,53.55992674200007],[-1.704126869999925,53.56024976800006],[-1.699036679999949,53.55381050700004],[-1.669465800999944,53.55322751600005],[-1.661910527999964,53.553692830000045],[-1.663930363999953,53.55750137500007],[-1.656560265999929,53.56055811600004],[-1.619403955999928,53.563122985000064],[-1.615631883999924,53.56302832200004],[-1.609658317999958,53.572029488000055],[-1.596198712999978,53.57698690800004],[-1.600265667999963,53.57733935200008],[-1.601752112999975,53.58775896000003],[-1.587978366999948,53.59348655100007],[-1.585191425999938,53.600531896000064],[-1.591151262999972,53.606781193000074],[-1.586453259999928,53.607174056000076],[-1.582007580999971,53.60572770500005],[-1.571984401999941,53.60860916900003],[-1.557599799999934,53.60591446600006],[-1.547326762999944,53.60316539200005],[-1.535403876999965,53.59387896800007],[-1.530781443999956,53.59312938000005],[-1.528380997999932,53.59703343700005],[-1.518671066999957,53.599719297000036],[-1.510364208999931,53.596860837000065],[-1.501388495999947,53.599833388000036],[-1.496562462999975,53.59737375000003],[-1.495119577999958,53.60319023300008],[-1.491580791999979,53.60276900800005],[-1.49213365199995,53.59699284000004],[-1.483918465999977,53.59488048500003],[-1.447630613999934,53.61273882100005]]]]}},{"type":"Feature","properties":{"FID":245,"LAD23CD":"E08000018","LAD23NM":"Rotherham","LAD23NMW":" ","BNG_E":447542,"BNG_N":388980,"LONG":-1.28651,"LAT":53.395531,"GlobalID":"{33CF54D6-B89A-4EAA-B8CF-C114174C081C}","SHAPE_Length":1.1623682576807188,"SHAPE_Area":0.03881359504719239,"reference":"E08000018","name":"Rotherham"},"geometry":{"type":"MultiPolygon","coordinates":[[[[-1.368881951999924,53.51522313400005],[-1.362059042999931,53.513473986000065],[-1.343626771999936,53.51433391200004],[-1.312442774999965,53.51379448200004],[-1.312019749999934,53.507973684000035],[-1.313229259999957,53.50198882300003],[-1.305936093999946,53.496024188000035],[-1.290624628999979,53.49113609600005],[-1.293189550999955,53.48575480100004],[-1.301381936999974,53.48336783900004],[-1.296015145999945,53.480574184000034],[-1.297011553999937,53.47516710500008],[-1.280877446999966,53.478410592000046],[-1.269816809999952,53.48584632300003],[-1.254242240999929,53.48099258900004],[-1.25000726199994,53.476327060000074],[-1.259320965999962,53.46414804300008],[-1.252125239999941,53.454638128000056],[-1.258212857999979,53.45546888200005],[-1.253115178999963,53.44601523000006],[-1.250759151999944,53.44077172900006],[-1.237520975999928,53.44115814600008],[-1.240202837999959,53.43452348800008],[-1.23809855199994,53.43275451200003],[-1.216513213999974,53.43503559100003],[-1.20685420999996,53.43169986800007],[-1.197339983999939,53.43155549900007],[-1.195129075999944,53.43713529300004],[-1.185805930999948,53.43377499500008],[-1.170003060999932,53.43522945500007],[-1.16049315999993,53.42435223200005],[-1.145853064999926,53.42634113200006],[-1.136019738999948,53.42448255700003],[-1.145945651999966,53.412324624000064],[-1.133397675999959,53.40874303700008],[-1.118045571999971,53.41094170100007],[-1.116041005999932,53.407349354000075],[-1.115579379999929,53.39718575000006],[-1.122811041999967,53.398312400000066],[-1.133278071999939,53.39137831700003],[-1.133492590999936,53.39148061000003],[-1.129995877999932,53.37756556900007],[-1.138218957999925,53.37225244200005],[-1.144915555999944,53.37125070700006],[-1.146440154999937,53.36573349000008],[-1.145178232999967,53.36338280100006],[-1.14055426699997,53.36405971000005],[-1.13853968199993,53.35590751400008],[-1.151693383999941,53.35448536900003],[-1.161949347999951,53.35790882400005],[-1.161954149999929,53.35421266600008],[-1.156843391999928,53.34496950000005],[-1.140286359999948,53.346527621000064],[-1.138718101999928,53.34138281200006],[-1.148620537999932,53.338506609000035],[-1.159384813999964,53.33350896500008],[-1.175110850999943,53.325677377000034],[-1.174481811999954,53.32139086800004],[-1.190323353999929,53.319932],[-1.199742828999945,53.31144018500004],[-1.203239046999954,53.304223241000045],[-1.219878047999941,53.30407797200007],[-1.230440352999949,53.30855814000006],[-1.236064263999936,53.30660680500006],[-1.243329777999975,53.30164905500004],[-1.254294138999967,53.30175482800007],[-1.273597600999949,53.31044010200003],[-1.282011412999964,53.30946259000007],[-1.29567816399998,53.31503697200003],[-1.295158756999967,53.32179152100008],[-1.288589026999944,53.32622805500006],[-1.299072189999947,53.33253259300005],[-1.312299346999964,53.33416482700005],[-1.310537301999943,53.32935383800003],[-1.321658677999949,53.32568743100006],[-1.32466917499994,53.328810014000055],[-1.325567665999927,53.33695626900004],[-1.332076443999938,53.35241483900006],[-1.337751546999925,53.35351964200004],[-1.351961972999959,53.36651254900005],[-1.362538719999975,53.36849835000004],[-1.379865265999968,53.38107727400006],[-1.391180306999956,53.38331863800005],[-1.376246773999981,53.392826213000035],[-1.377607037999951,53.39781930600003],[-1.390669291999927,53.41315954200007],[-1.389383297999927,53.41861466700004],[-1.393529794999949,53.42000301400003],[-1.382330595999974,53.421038801000066],[-1.381719201999942,53.42544561900007],[-1.39832030499997,53.424624951000055],[-1.408504076999975,53.42034939500007],[-1.425648604999935,53.43391379900004],[-1.433337248999976,53.438284183000064],[-1.442929443999958,53.44727835700007],[-1.447737119999942,53.46194960100007],[-1.455219213999953,53.47175094600004],[-1.450444560999927,53.47739373200005],[-1.452206656999977,53.48492886400004],[-1.440933234999932,53.49110763600004],[-1.42796513899998,53.48585370500007],[-1.415178330999936,53.49251176400003],[-1.40862948299997,53.50332347500006],[-1.389647974999946,53.50940424200007],[-1.379050121999967,53.51452648600008],[-1.368881951999924,53.51522313400005]]]]}},{"type":"Feature","properties":{"FID":246,"LAD23CD":"E08000019","LAD23NM":"Sheffield","LAD23NMW":" ","BNG_E":430511,"BNG_N":389736,"LONG":-1.54254,"LAT":53.40358,"GlobalID":"{41B620E8-6E12-46FC-9B1C-255D21321C2F}","SHAPE_Length":1.4988621364688786,"SHAPE_Area":0.04972154540911973,"reference":"E08000019","name":"Sheffield"},"geometry":{"type":"MultiPolygon","coordinates":[[[[-1.701088763999962,53.50312097600005],[-1.688796313999944,53.49912045200006],[-1.669052892999957,53.50067032100003],[-1.62444675699993,53.49212509100005],[-1.614947214999972,53.49056765700004],[-1.614458024999976,53.493153978000066],[-1.606590842999935,53.49290717300005],[-1.55926844499993,53.483569712000076],[-1.543628634999948,53.472667554000054],[-1.548120480999955,53.47133178000007],[-1.539046918999929,53.461715491000064],[-1.540260875999934,53.45615898600005],[-1.551384136999957,53.45545492100007],[-1.547383345999947,53.449885952000045],[-1.551212817999954,53.44614579800003],[-1.532926863999933,53.43831531200004],[-1.526364030999957,53.439074247000065],[-1.520924220999973,53.444354169000064],[-1.51317073599995,53.45142302200003],[-1.518182420999949,53.45724181200006],[-1.514813833999938,53.46366677600008],[-1.495239289999972,53.48035685000008],[-1.494748733999927,53.48626926700007],[-1.466895117999968,53.47805962100006],[-1.455923704999975,53.471791893000045],[-1.455219213999953,53.47175094600004],[-1.447737119999942,53.46194960100007],[-1.442929443999958,53.44727835700007],[-1.433337248999976,53.438284183000064],[-1.425648604999935,53.43391379900004],[-1.408504076999975,53.42034939500007],[-1.39832030499997,53.424624951000055],[-1.381719201999942,53.42544561900007],[-1.382330595999974,53.421038801000066],[-1.393529794999949,53.42000301400003],[-1.389383297999927,53.41861466700004],[-1.390669291999927,53.41315954200007],[-1.377607037999951,53.39781930600003],[-1.376246773999981,53.392826213000035],[-1.391180306999956,53.38331863800005],[-1.379865265999968,53.38107727400006],[-1.362538719999975,53.36849835000004],[-1.351961972999959,53.36651254900005],[-1.337751546999925,53.35351964200004],[-1.332076443999938,53.35241483900006],[-1.325567665999927,53.33695626900004],[-1.32466917499994,53.328810014000055],[-1.32830019599993,53.32897421000007],[-1.340259539999977,53.315534685000046],[-1.347238082999979,53.31886889200007],[-1.361777424999957,53.31848555100004],[-1.362622739999949,53.31503563500007],[-1.385076436999952,53.317780877000075],[-1.392003970999951,53.32264871500007],[-1.386573289999944,53.334884543000044],[-1.38882295999997,53.33644660900006],[-1.408746844999939,53.341965059000074],[-1.420866495999974,53.33456795200004],[-1.442135733999976,53.33738452000006],[-1.461701313999924,53.32844861500007],[-1.455223581999974,53.321869141000036],[-1.46786581899994,53.31715848700003],[-1.474386592999963,53.31849069500004],[-1.496126663999974,53.316386556000054],[-1.510488090999957,53.316046250000056],[-1.526185296999927,53.310403449000034],[-1.53121491099995,53.310651524000036],[-1.536768861999974,53.30474867400005],[-1.549075995999942,53.306982694000055],[-1.558457612999973,53.305322466000064],[-1.561826925999981,53.30660227000004],[-1.55575188399996,53.31154884600005],[-1.561364884999932,53.315821189000076],[-1.580533895999963,53.31173808900007],[-1.583004586999948,53.31572247300005],[-1.578924308999945,53.31669512600007],[-1.584902009999951,53.32158795200007],[-1.599093278999931,53.31131820000007],[-1.601525042999924,53.318205403000036],[-1.609201583999948,53.322663961000046],[-1.627594428999942,53.31624057600004],[-1.632726986999955,53.320839213000056],[-1.612303061999967,53.343218670000056],[-1.601575581999953,53.34260901300007],[-1.590547953999931,53.34592098500008],[-1.625603751999961,53.352061898000045],[-1.630592038999964,53.35616097400003],[-1.66395050899996,53.36689292600005],[-1.663291481999977,53.37424823300006],[-1.653530518999958,53.384852108000075],[-1.653817821999951,53.39191082700006],[-1.668089246999955,53.393071192000036],[-1.68182866199993,53.40178070200005],[-1.694521215999941,53.40116116300004],[-1.704965320999975,53.40505597400005],[-1.703945021999971,53.41490858100008],[-1.716777956999977,53.419298043000026],[-1.729951137999933,53.41598563900004],[-1.746719062999944,53.42616493000003],[-1.744273009999972,53.431296660000044],[-1.74972822899997,53.43911926000004],[-1.743674415999976,53.445013732000064],[-1.746824711999977,53.46340999800003],[-1.768437340999981,53.46476693300008],[-1.77619997599993,53.46832578100003],[-1.779063182999948,53.47422119400005],[-1.791106612999954,53.47578161700005],[-1.801470631999962,53.48099176100004],[-1.783648167999957,53.48479899800003],[-1.738707876999968,53.47715202900008],[-1.731982883999933,53.490896647000056],[-1.720038031999934,53.49234805900005],[-1.711009408999928,53.50125945900004],[-1.701088763999962,53.50312097600005]]]]}},{"type":"Feature","properties":{"FID":247,"LAD23CD":"E08000021","LAD23NM":"Newcastle upon Tyne","LAD23NMW":" ","BNG_E":422287,"BNG_N":569661,"LONG":-1.65297,"LAT":55.021,"GlobalID":"{E69DE6CE-6F35-4A27-837D-AFAB933CF571}","SHAPE_Length":0.7827775301489835,"SHAPE_Area":0.015949996267098754,"reference":"E08000021","name":"Newcastle upon Tyne"},"geometry":{"type":"MultiPolygon","coordinates":[[[[-1.593807268999967,54.96981266100005],[-1.594449604999966,54.96979735600007],[-1.594089478999933,54.969927977000054],[-1.593807268999967,54.96981266100005]]],[[[-1.700383454999951,54.969953272000055],[-1.702874035999969,54.96959836700006],[-1.701470851999943,54.97029082700004],[-1.700383454999951,54.969953272000055]]],[[[-1.647681257999977,55.079388702000074],[-1.637893568999971,55.06476859900005],[-1.632209238999963,55.048228951000056],[-1.63971347699993,55.04408180400003],[-1.638507858999958,55.04155134700005],[-1.629707995999979,55.04146564800004],[-1.622395751999932,55.03895584800006],[-1.61658861199993,55.041293867000036],[-1.597563463999961,55.03956681100004],[-1.592637684999943,55.03894036600008],[-1.587334779999935,55.02600588700005],[-1.59667055999995,55.020666746000074],[-1.600266441999963,55.00983841300007],[-1.579214319999949,55.00979190000004],[-1.577136453999969,55.005324794000046],[-1.558504011999958,55.005543644000056],[-1.560590174999959,54.995879126000034],[-1.562570823999977,54.99224056200006],[-1.556358125999964,54.993371008000054],[-1.552289666999968,54.98970239400006],[-1.547916972999928,54.99262114600003],[-1.545781642999941,54.98902504700004],[-1.540442550999956,54.989891113000056],[-1.539985841999965,54.98331864200003],[-1.533699639999952,54.98574974600007],[-1.530612084999973,54.98409239000006],[-1.530844294999952,54.98401527900006],[-1.535032006999927,54.977518959000065],[-1.535166692999951,54.97717723400007],[-1.540751923999949,54.96300269100004],[-1.550306882999962,54.96084631900004],[-1.555154375999962,54.96045456300004],[-1.565562058999944,54.964585627000076],[-1.565606149999951,54.96458998800006],[-1.580659863999927,54.96607775100006],[-1.592833394999957,54.97629395100006],[-1.588434416999974,54.97058382300003],[-1.588725669999974,54.97057369500004],[-1.600177741999971,54.97016992600004],[-1.620486465999932,54.962433324000074],[-1.639453774999936,54.960350221000056],[-1.667408541999976,54.96477360200004],[-1.667713308999964,54.96482178700006],[-1.683123658999932,54.96587255800006],[-1.686707446999947,54.966953086000046],[-1.689148412999941,54.96786214900004],[-1.697650758999941,54.97102788300003],[-1.697692300999961,54.97104334800008],[-1.712002260999952,54.97431248400005],[-1.702575973999956,54.97126406600006],[-1.708194413999934,54.968840027000056],[-1.714971789999936,54.96787363700008],[-1.720236581999927,54.96820218100004],[-1.726110121999966,54.97534975100007],[-1.738123214999973,54.97939709900004],[-1.738181964999967,54.97941688800006],[-1.739111408999975,54.97972994500003],[-1.752456185999961,54.98344258100008],[-1.769802803999937,54.98139002900007],[-1.775685051999972,54.989630446000035],[-1.773842372999979,55.004139476000034],[-1.756563323999956,55.003263289000074],[-1.756344248999937,55.01594398000003],[-1.751057547999949,55.01561430100003],[-1.750245276999976,55.02402078000006],[-1.740032679999956,55.02458084600005],[-1.73932130299994,55.02959531600004],[-1.726928872999963,55.03316548400005],[-1.714448042999948,55.03402360600006],[-1.716943825999977,55.03862578800005],[-1.708654002999936,55.04226094000006],[-1.695025802999965,55.04290866100007],[-1.698028247999957,55.05239508300008],[-1.710573858999965,55.05278819900008],[-1.713774145999935,55.06546313400003],[-1.704067858999963,55.065847363000046],[-1.704579868999929,55.07092856700007],[-1.691296028999943,55.069699623000076],[-1.69103996399997,55.072718759000054],[-1.647681257999977,55.079388702000074]]]]}},{"type":"Feature","properties":{"FID":248,"LAD23CD":"E08000022","LAD23NM":"North Tyneside","LAD23NMW":" ","BNG_E":431471,"BNG_N":570602,"LONG":-1.50923,"LAT":55.028961,"GlobalID":"{03743974-17E0-4858-B756-91A6F182DC79}","SHAPE_Length":0.671529803899941,"SHAPE_Area":0.01155092622832047,"reference":"E08000022","name":"North Tyneside"},"geometry":{"type":"MultiPolygon","coordinates":[[[[-1.455700924999974,55.071830326000054],[-1.455916723999962,55.070833708000066],[-1.454142778999937,55.071190985000044],[-1.451387332999957,55.07006026500005],[-1.455097569999964,55.06413984400007],[-1.450437420999947,55.05365375500003],[-1.450338942999963,55.053539459000035],[-1.445878155999935,55.04836138100006],[-1.445834466999941,55.04831065900004],[-1.430650363999973,55.037161439000045],[-1.430582013999924,55.03656341300007],[-1.43032263799995,55.034293829000035],[-1.430583361999936,55.034072123000044],[-1.430288680999979,55.03399668600008],[-1.429889232999926,55.03050091000006],[-1.42971474899997,55.03030082100008],[-1.41971687399996,55.01883201100003],[-1.415732876999925,55.01781236000005],[-1.414260786999932,55.01659033800007],[-1.40349208899994,55.01466452800008],[-1.408540283999969,55.015364770000076],[-1.417264517999968,55.01667710100003],[-1.416870526999958,55.01502486500004],[-1.416904525999939,55.01439190500008],[-1.429840081999942,55.01322850000008],[-1.432527918999938,55.00892146800004],[-1.441053563999958,55.00685685700006],[-1.441106356999967,55.00680108200004],[-1.45103316999996,54.99631036300008],[-1.448715738999965,54.993069340000034],[-1.456505523999965,54.98856619800006],[-1.471814476999953,54.98916195900006],[-1.47027380399993,54.991040600000076],[-1.481976903999964,54.98822429400008],[-1.50178137499995,54.98852702600004],[-1.502985237999951,54.989196579000065],[-1.502630746999955,54.98848773200007],[-1.50274051599996,54.98848312000007],[-1.519513,54.987777222000034],[-1.530612084999973,54.98409239000006],[-1.533699639999952,54.98574974600007],[-1.539985841999965,54.98331864200003],[-1.540442550999956,54.989891113000056],[-1.545781642999941,54.98902504700004],[-1.547916972999928,54.99262114600003],[-1.552289666999968,54.98970239400006],[-1.556358125999964,54.993371008000054],[-1.562570823999977,54.99224056200006],[-1.560590174999959,54.995879126000034],[-1.558504011999958,55.005543644000056],[-1.577136453999969,55.005324794000046],[-1.579214319999949,55.00979190000004],[-1.600266441999963,55.00983841300007],[-1.59667055999995,55.020666746000074],[-1.587334779999935,55.02600588700005],[-1.592637684999943,55.03894036600008],[-1.597563463999961,55.03956681100004],[-1.61658861199993,55.041293867000036],[-1.622395751999932,55.03895584800006],[-1.629707995999979,55.04146564800004],[-1.638507858999958,55.04155134700005],[-1.63971347699993,55.04408180400003],[-1.632209238999963,55.048228951000056],[-1.637893568999971,55.06476859900005],[-1.632901825999966,55.065901894000035],[-1.592114960999936,55.06422548000006],[-1.584275103999971,55.06243509900003],[-1.57905100499994,55.062990521000074],[-1.575080096999955,55.05561989200004],[-1.559754393999924,55.054477630000065],[-1.547548362999976,55.05667073300003],[-1.539880954999944,55.061582239000074],[-1.532393498999966,55.05412563500005],[-1.510273990999963,55.055052482000065],[-1.507322787999954,55.04838565000006],[-1.492980246999934,55.05439988900008],[-1.487766917999977,55.053586867000035],[-1.49125793099995,55.065906504000054],[-1.479644493999956,55.067209037000055],[-1.470717168999954,55.074486078000064],[-1.46198461299997,55.074571810000066],[-1.461772036999946,55.07432102100006],[-1.455700924999974,55.071830326000054]]]]}},{"type":"Feature","properties":{"FID":249,"LAD23CD":"E08000023","LAD23NM":"South Tyneside","LAD23NMW":" ","BNG_E":435514,"BNG_N":564057,"LONG":-1.44679,"LAT":54.969879,"GlobalID":"{02B3E155-793A-407F-A2FB-7FB2899BB7BC}","SHAPE_Length":0.4621898997260218,"SHAPE_Area":0.009058361407774274,"reference":"E08000023","name":"South Tyneside"},"geometry":{"type":"MultiPolygon","coordinates":[[[[-1.423835994999934,55.00815729000004],[-1.418657856999971,55.003262963000054],[-1.414156709999929,55.00527501500005],[-1.411103688999958,54.99929631900005],[-1.410894175999942,54.99888350700007],[-1.393421196999952,54.98817776000004],[-1.381132627999932,54.98577359300003],[-1.380747423999935,54.98379350100004],[-1.380906108999966,54.98040942600005],[-1.380912361999947,54.98027605900006],[-1.376588959999935,54.97835969800008],[-1.360740539999938,54.97133196600004],[-1.356630128999939,54.965198790000045],[-1.353675727999928,54.95860403200004],[-1.353805809999926,54.95682604700005],[-1.363975259999961,54.944068738000055],[-1.374348907999945,54.94353607000005],[-1.375683310999932,54.93690997400006],[-1.39339320199997,54.93963854700007],[-1.404792244999953,54.93785789600008],[-1.412471746999927,54.93580667300006],[-1.419370792999928,54.92992399700006],[-1.450084679999975,54.93395721200005],[-1.457387085999926,54.93268421200003],[-1.466447407999965,54.93013893700004],[-1.483587471999954,54.92836887900006],[-1.511217516999977,54.93166587800005],[-1.518062648999944,54.947047971000075],[-1.516293771999926,54.954975911000076],[-1.518982955999945,54.95926488400005],[-1.530699388999949,54.95797792800005],[-1.529346595999925,54.963354577000075],[-1.534369349999963,54.96488311400003],[-1.534172756999965,54.96509852300005],[-1.528388274999941,54.982112408000035],[-1.506412001999934,54.98610340100004],[-1.506088686999931,54.98610011900007],[-1.481365250999943,54.98584660700004],[-1.480768590999958,54.98587140500007],[-1.472304648999966,54.98622286400007],[-1.471012475999942,54.983774950000054],[-1.471819756999935,54.98613899000003],[-1.464314055999978,54.98404027600003],[-1.45158816999998,54.98515808900004],[-1.449094694999928,54.98537694100003],[-1.443677033999961,54.99301249800004],[-1.44356911999995,54.993164559000036],[-1.439804186999936,55.00391742200003],[-1.429063854999924,55.00732095800004],[-1.423835994999934,55.00815729000004]]]]}},{"type":"Feature","properties":{"FID":250,"LAD23CD":"E08000024","LAD23NM":"Sunderland","LAD23NMW":" ","BNG_E":436470,"BNG_N":551524,"LONG":-1.43344,"LAT":54.857189,"GlobalID":"{847248D7-42FF-4AA4-8480-0B36DD10F82E}","SHAPE_Length":0.7989200637486831,"SHAPE_Area":0.01951214644677821,"reference":"E08000024","name":"Sunderland"},"geometry":{"type":"MultiPolygon","coordinates":[[[[-1.363975259999961,54.944068738000055],[-1.365198781999936,54.93302689200004],[-1.365391387999978,54.93108505100008],[-1.363295491999963,54.92295640400005],[-1.361348860999954,54.92266317000008],[-1.361308903999941,54.922469946000035],[-1.363411189999965,54.92274311700004],[-1.360748894999972,54.91976165800003],[-1.360515520999968,54.91863291800007],[-1.365891033999958,54.91734431300006],[-1.367498681999962,54.91978172700004],[-1.370993053999939,54.91169838500008],[-1.377637930999924,54.91046804500007],[-1.37988714599993,54.91005149000006],[-1.38283280099995,54.909501265000074],[-1.377651973999946,54.909557558000074],[-1.372072000999935,54.90962264400008],[-1.361185195999951,54.91729732300007],[-1.35840832599996,54.91371327500008],[-1.357337692999977,54.91474461000007],[-1.353996265999967,54.91787968700004],[-1.353441853999925,54.918399804000046],[-1.357177941999964,54.914569088000064],[-1.358551769999963,54.913139396000076],[-1.358718933999967,54.91296542600003],[-1.350676949999979,54.90595790200007],[-1.354850263999936,54.907610592000026],[-1.351476211999966,54.90531103200004],[-1.361640171999966,54.898297514000035],[-1.358005118999927,54.88573295900005],[-1.34743323999993,54.86060844600007],[-1.347405048999974,54.86056812700008],[-1.368960546999972,54.857655041000044],[-1.381663462999938,54.847159703000045],[-1.41354692799996,54.84487765200004],[-1.412013326999954,54.84189571100006],[-1.421631182999931,54.83847075400007],[-1.413121966999938,54.82455897700004],[-1.413059422999936,54.82332923300004],[-1.422872595999934,54.808255201000065],[-1.422543016999953,54.803175355000064],[-1.437530718999938,54.80052732000007],[-1.444021622999969,54.802470424000035],[-1.454601474999947,54.80002189900006],[-1.493508405999933,54.79999782700003],[-1.481855561999964,54.809651415000076],[-1.494305795999935,54.816012354000065],[-1.49028995499998,54.820181536000064],[-1.493739575999939,54.82347237600004],[-1.497508744999948,54.822627985000054],[-1.504279680999957,54.83122981100007],[-1.503318368999942,54.83663030300005],[-1.503569459999937,54.837478686000054],[-1.510261772999968,54.86010705000007],[-1.506530701999964,54.871080102000064],[-1.519561379999971,54.87594168800007],[-1.532941983999933,54.87705784800005],[-1.541568428999938,54.873459367000066],[-1.561809651999965,54.87571675700008],[-1.559410791999937,54.882037119000074],[-1.558195330999979,54.902659784000036],[-1.562784969999939,54.90508922200007],[-1.558672543999933,54.906518507000044],[-1.568891335999979,54.92462479900007],[-1.556704602999957,54.929978092000056],[-1.553265472999954,54.92769018900003],[-1.54305309199998,54.93138337600004],[-1.52734688399994,54.93306408400008],[-1.511217516999977,54.93166587800005],[-1.483587471999954,54.92836887900006],[-1.466447407999965,54.93013893700004],[-1.457387085999926,54.93268421200003],[-1.450084679999975,54.93395721200005],[-1.419370792999928,54.92992399700006],[-1.412471746999927,54.93580667300006],[-1.404792244999953,54.93785789600008],[-1.39339320199997,54.93963854700007],[-1.375683310999932,54.93690997400006],[-1.374348907999945,54.94353607000005],[-1.363975259999961,54.944068738000055]]]]}},{"type":"Feature","properties":{"FID":251,"LAD23CD":"E08000025","LAD23NM":"Birmingham","LAD23NMW":" ","BNG_E":408150,"BNG_N":287352,"LONG":-1.88141,"LAT":52.484039,"GlobalID":"{B806B0B9-CBA6-4555-AABE-F4406B2739C1}","SHAPE_Length":1.1380872921022174,"SHAPE_Area":0.03535532321539512,"reference":"E08000025","name":"Birmingham"},"geometry":{"type":"MultiPolygon","coordinates":[[[[-1.786799660999975,52.58307227800003],[-1.774710059999961,52.57460030900006],[-1.769688173999953,52.57498272600003],[-1.763577097999928,52.57085286600005],[-1.773907656999938,52.56563582700005],[-1.770152024999959,52.56357708100006],[-1.765339720999975,52.55667688800003],[-1.756399758999976,52.555879600000026],[-1.75357675999993,52.54530243600004],[-1.746427831999938,52.54171306200004],[-1.750914505999958,52.536278080000045],[-1.749085998999931,52.531422364000036],[-1.739421514999947,52.531911423000054],[-1.739755011999932,52.52911983200005],[-1.728850447999946,52.524467437000055],[-1.745822905999944,52.52007002200003],[-1.753810174999956,52.52121316200004],[-1.75707693399994,52.51782706400007],[-1.75351881399996,52.51296150600007],[-1.768483911999965,52.51424373200007],[-1.791651770999977,52.50917037100004],[-1.799294592999956,52.50369962500008],[-1.787837468999953,52.502399525000044],[-1.755837243999963,52.49949550000008],[-1.758962886999939,52.495211863000065],[-1.763424079999936,52.48732480100006],[-1.755803465999975,52.47190227600004],[-1.759323524999957,52.46895359600006],[-1.763378623999927,52.46384647700006],[-1.754977800999939,52.45628410200004],[-1.761392230999945,52.45092300200008],[-1.782455284999969,52.45110109500007],[-1.798743538999929,52.45746960300005],[-1.805965061999927,52.45409422700004],[-1.808275683999966,52.44653205000003],[-1.809263305999934,52.44539377400008],[-1.817314732999932,52.43236735700003],[-1.825263312999937,52.42930558300003],[-1.83072531199997,52.42279574600008],[-1.832891878999931,52.41951378300007],[-1.832897933999959,52.41948323400004],[-1.843608802999938,52.410523803000046],[-1.849433889999943,52.41078931800007],[-1.857810708999978,52.408419053000046],[-1.864769400999933,52.41099737400003],[-1.868746782999949,52.404737510000075],[-1.882697284999949,52.39981296500008],[-1.886688513999957,52.404702126000075],[-1.887114916999963,52.404685458000074],[-1.904587854999932,52.403145633000065],[-1.913675023999929,52.40746430400003],[-1.918577865999964,52.39819275100007],[-1.934314705999952,52.38723638000005],[-1.945449408999934,52.39069610700005],[-1.952542530999949,52.39332070100005],[-1.960434512999939,52.38909291400006],[-1.964926960999946,52.39218786500004],[-1.966361664999965,52.389465157000075],[-1.983624472999963,52.387334183000064],[-1.994511041999942,52.381181165000044],[-2.001279104999981,52.38356511900008],[-2.011352541999941,52.38618050300005],[-2.020686540999975,52.39935615600007],[-2.021646776999944,52.400189322000074],[-2.032208238999942,52.40154802300003],[-2.027534421999974,52.40810490500007],[-2.017548764999958,52.40558243700008],[-2.009237732999964,52.410388097000066],[-1.997797720999927,52.40973781900004],[-1.986037058999955,52.41672618600006],[-1.997061143999929,52.41742615800007],[-2.004686309999954,52.42841016400007],[-2.009740551999926,52.42652187700003],[-2.016990280999948,52.432682931000045],[-2.013038171999938,52.45037337000008],[-2.013243468999974,52.462147651000066],[-2.01324348299994,52.46219079000008],[-1.98171395199995,52.46629137700006],[-1.968316448999929,52.47223996200006],[-1.965745285999958,52.47336203800006],[-1.969024315999945,52.47679355500003],[-1.964689098999941,52.48151388200006],[-1.951566755999977,52.482826200000034],[-1.943028441999957,52.491512131000036],[-1.944310289999976,52.49573540200004],[-1.93813215299997,52.49842475600008],[-1.951038111999935,52.50151804600006],[-1.957294231999924,52.50325821200005],[-1.963024853999968,52.504897311000036],[-1.961976101999937,52.50987564500008],[-1.959568764999972,52.50966714100008],[-1.962643413999956,52.51366154200008],[-1.958038749999957,52.51997907000003],[-1.960238085999947,52.53135124700003],[-1.95127187099996,52.52979176300005],[-1.942849615999933,52.53382799800005],[-1.929445187999931,52.53130674000005],[-1.933149918999959,52.545812813000055],[-1.918505995999965,52.547032569000066],[-1.918157496999925,52.54730653000007],[-1.899793043999978,52.554999268000074],[-1.893274534999932,52.56132237800006],[-1.891632793999975,52.56245454200007],[-1.878519222999955,52.569635583000036],[-1.87256444999997,52.584944696000036],[-1.87249045599998,52.585030895000045],[-1.852796231999946,52.60249268700005],[-1.832370336999929,52.60780657000004],[-1.808469774999935,52.60309031400004],[-1.796528088999935,52.59912293900004],[-1.788081298999941,52.58786260900007],[-1.786799660999975,52.58307227800003]]]]}},{"type":"Feature","properties":{"FID":252,"LAD23CD":"E08000026","LAD23NM":"Coventry","LAD23NMW":" ","BNG_E":432809,"BNG_N":279689,"LONG":-1.51905,"LAT":52.41423,"GlobalID":"{4F79BE04-B1DE-4D58-9EBE-7EB5AEA2BAAA}","SHAPE_Length":0.5715930778909071,"SHAPE_Area":0.01299118323461132,"reference":"E08000026","name":"Coventry"},"geometry":{"type":"MultiPolygon","coordinates":[[[[-1.517569040999945,52.45678387700008],[-1.519654917999958,52.45334192800004],[-1.500027126999953,52.45103246100007],[-1.491706843999964,52.45501174300006],[-1.492788727999937,52.458450077000066],[-1.482759591999979,52.45801708600004],[-1.470815129999949,52.45693806400004],[-1.463921163999942,52.45831765400004],[-1.459053173999962,52.45515803400008],[-1.45216512899998,52.44965787800004],[-1.443647190999968,52.447421965000046],[-1.446458825999969,52.44308302200005],[-1.424145717999977,52.43400020400003],[-1.432398467999974,52.41569206100007],[-1.43805469199998,52.41012069800007],[-1.432247813999936,52.39587744800008],[-1.44496432699998,52.38637729100003],[-1.463131179999948,52.379669713000055],[-1.462923957999976,52.37640255000008],[-1.461182882999935,52.37521695300006],[-1.464013602999955,52.37326716800004],[-1.466608785999938,52.37720408300004],[-1.480409895999969,52.37431830700007],[-1.482277974999931,52.377118848000066],[-1.504498937999927,52.377807148000045],[-1.51372175299997,52.36901627600008],[-1.524651324999979,52.379400901000054],[-1.535479317999943,52.377608904000056],[-1.545677127999966,52.36927055000007],[-1.541892882999946,52.366633497000066],[-1.555555389999938,52.36504030300006],[-1.554993095999976,52.374423970000066],[-1.562635152999974,52.37689149800008],[-1.567798517999961,52.38477779300007],[-1.576707799999951,52.38278797300006],[-1.575788689999968,52.38457556800006],[-1.60106738199994,52.38929948600003],[-1.603395053999975,52.407759568000074],[-1.602175501999966,52.41605701600008],[-1.611094983999976,52.42234096300007],[-1.606453124999973,52.42538679000006],[-1.614450000999966,52.427968],[-1.611396811999953,52.43213389500005],[-1.606545824999955,52.43100041200006],[-1.608270845999925,52.43884097500006],[-1.595228609999936,52.43992641600005],[-1.595487258999981,52.45591975900004],[-1.594921160999945,52.46068973800004],[-1.589863106999928,52.46191210900008],[-1.561191666999946,52.45522256900006],[-1.551420853999957,52.45704430300003],[-1.539790818999961,52.46479868700004],[-1.529677103999973,52.45708774900004],[-1.517569040999945,52.45678387700008]]]]}},{"type":"Feature","properties":{"FID":253,"LAD23CD":"E08000027","LAD23NM":"Dudley","LAD23NMW":" ","BNG_E":393191,"BNG_N":288584,"LONG":-2.1017101,"LAT":52.495129,"GlobalID":"{6D824D96-77CD-4AE1-BA68-7231D5454773}","SHAPE_Length":0.7404578118105848,"SHAPE_Area":0.012878807294722659,"reference":"E08000027","name":"Dudley"},"geometry":{"type":"MultiPolygon","coordinates":[[[[-2.121527059999949,52.55681529100008],[-2.107759721999969,52.54412156800004],[-2.092099262999966,52.547969065000075],[-2.08901697999994,52.55148916600007],[-2.081986524999934,52.55263601400003],[-2.078490128999931,52.557081922000066],[-2.073942057999943,52.54987967500006],[-2.072995249999963,52.54183784800006],[-2.075916037999946,52.53410466200006],[-2.079269343999954,52.53544554700005],[-2.077675340999974,52.53200614900004],[-2.079590407999945,52.524084783000035],[-2.071437771999967,52.52184703000006],[-2.063220052999952,52.51372031200003],[-2.057257607999929,52.512271475000034],[-2.062442332999979,52.507721754000045],[-2.062744819999978,52.49989587200008],[-2.070278526999971,52.49185829700008],[-2.064322898999933,52.48716898500004],[-2.070533006999938,52.48159980100007],[-2.075519990999965,52.47719144000007],[-2.094250275999968,52.47360148400003],[-2.097074152999937,52.46839573300008],[-2.076640821999945,52.464005910000026],[-2.072209549999968,52.46074258500005],[-2.059016665999934,52.461975351000035],[-2.048019557999964,52.467511123000065],[-2.047496957999954,52.46751493000005],[-2.041748763999976,52.47356017700008],[-2.022902207999948,52.480323904000045],[-2.018464749999964,52.47442370300007],[-2.01324348299994,52.46219079000008],[-2.013243468999974,52.462147651000066],[-2.013038171999938,52.45037337000008],[-2.016990280999948,52.432682931000045],[-2.024766368999963,52.43488231400005],[-2.029706279999971,52.42730153100007],[-2.036987762999956,52.42754570800008],[-2.037881,52.44155755500003],[-2.059263586999975,52.43998260800004],[-2.06071299499996,52.42753762700005],[-2.065787675999957,52.42808691500005],[-2.062349482999934,52.43245533100003],[-2.06754618399998,52.43255851300006],[-2.068051864999973,52.43519509600003],[-2.079891888999953,52.43227202400004],[-2.086061322999967,52.432874609000066],[-2.093280340999968,52.44528252200007],[-2.105249338999954,52.44420789900005],[-2.108777237999959,52.44122261100006],[-2.117518506999943,52.43394396100007],[-2.129696962999958,52.43221048000004],[-2.136026835999928,52.42626822300008],[-2.143574935999936,52.42605473300006],[-2.164851282999962,52.43020414100005],[-2.174923449999937,52.45857839300004],[-2.167512581999972,52.47121553300008],[-2.178482306999967,52.482695826000054],[-2.18517593699994,52.49481311200003],[-2.188659576999953,52.49450732200006],[-2.184783807999963,52.50034715600003],[-2.191748810999968,52.503397077000045],[-2.18661911099997,52.504787141000065],[-2.187982394999949,52.50836298200005],[-2.178243493999958,52.51164872900006],[-2.148781245999942,52.51469496100003],[-2.144582888999935,52.52138421700005],[-2.151989220999951,52.52619893200006],[-2.135563840999964,52.53450859700007],[-2.139150555999947,52.54806474900005],[-2.13348672799998,52.55406666400006],[-2.128381527999977,52.553836886000056],[-2.127597657999956,52.55820682800004],[-2.121527059999949,52.55681529100008]]]]}},{"type":"Feature","properties":{"FID":254,"LAD23CD":"E08000028","LAD23NM":"Sandwell","LAD23NMW":" ","BNG_E":399573,"BNG_N":290764,"LONG":-2.00771,"LAT":52.514771,"GlobalID":"{360C9E1B-3FD4-45ED-90E5-9A76DB98D9FC}","SHAPE_Length":0.6311117401259656,"SHAPE_Area":0.011295946575908824,"reference":"E08000028","name":"Sandwell"},"geometry":{"type":"MultiPolygon","coordinates":[[[[-1.999799245999952,52.56522267200006],[-1.975241220999976,52.555894769000076],[-1.966845018999948,52.56257309100005],[-1.954068921999976,52.562211974000036],[-1.951068617999965,52.55683306100008],[-1.942309251999973,52.560761359000026],[-1.932602320999933,52.55932955000003],[-1.933066568999948,52.55384069200005],[-1.918157496999925,52.54730653000007],[-1.918505995999965,52.547032569000066],[-1.933149918999959,52.545812813000055],[-1.929445187999931,52.53130674000005],[-1.942849615999933,52.53382799800005],[-1.95127187099996,52.52979176300005],[-1.960238085999947,52.53135124700003],[-1.958038749999957,52.51997907000003],[-1.962643413999956,52.51366154200008],[-1.959568764999972,52.50966714100008],[-1.961976101999937,52.50987564500008],[-1.963024853999968,52.504897311000036],[-1.957294231999924,52.50325821200005],[-1.951038111999935,52.50151804600006],[-1.93813215299997,52.49842475600008],[-1.944310289999976,52.49573540200004],[-1.943028441999957,52.491512131000036],[-1.951566755999977,52.482826200000034],[-1.964689098999941,52.48151388200006],[-1.969024315999945,52.47679355500003],[-1.965745285999958,52.47336203800006],[-1.968316448999929,52.47223996200006],[-1.98171395199995,52.46629137700006],[-2.01324348299994,52.46219079000008],[-2.018464749999964,52.47442370300007],[-2.022902207999948,52.480323904000045],[-2.041748763999976,52.47356017700008],[-2.047496957999954,52.46751493000005],[-2.048019557999964,52.467511123000065],[-2.059016665999934,52.461975351000035],[-2.072209549999968,52.46074258500005],[-2.076640821999945,52.464005910000026],[-2.097074152999937,52.46839573300008],[-2.094250275999968,52.47360148400003],[-2.075519990999965,52.47719144000007],[-2.070533006999938,52.48159980100007],[-2.064322898999933,52.48716898500004],[-2.070278526999971,52.49185829700008],[-2.062744819999978,52.49989587200008],[-2.062442332999979,52.507721754000045],[-2.057257607999929,52.512271475000034],[-2.063220052999952,52.51372031200003],[-2.071437771999967,52.52184703000006],[-2.079590407999945,52.524084783000035],[-2.077675340999974,52.53200614900004],[-2.079269343999954,52.53544554700005],[-2.075916037999946,52.53410466200006],[-2.072995249999963,52.54183784800006],[-2.073942057999943,52.54987967500006],[-2.06146913699996,52.54692291400005],[-2.050982467999972,52.552729115000034],[-2.048462295999968,52.55174219000003],[-2.025368513999979,52.56228019500003],[-2.02704866299996,52.56460647200004],[-2.010978484999953,52.56906533500006],[-1.999799245999952,52.56522267200006]]]]}},{"type":"Feature","properties":{"FID":255,"LAD23CD":"E08000029","LAD23NM":"Solihull","LAD23NMW":" ","BNG_E":419434,"BNG_N":281483,"LONG":-1.71558,"LAT":52.431,"GlobalID":"{35F65734-1837-44E5-83BE-EC72719208E0}","SHAPE_Length":1.0489751325654417,"SHAPE_Area":0.023563835764815837,"reference":"E08000029","name":"Solihull"},"geometry":{"type":"MultiPolygon","coordinates":[[[[-1.708516327999973,52.46575898000003],[-1.677154190999943,52.436356627000066],[-1.666585940999937,52.435471567000036],[-1.662286672999926,52.44429932400004],[-1.65486819299997,52.44075482000005],[-1.641590058999952,52.44327136000004],[-1.624661964999973,52.45702961100005],[-1.624452204999955,52.46353867200003],[-1.61421254499993,52.462999678000074],[-1.610714237999957,52.458602909000035],[-1.598546493999947,52.45433171600007],[-1.595487258999981,52.45591975900004],[-1.595228609999936,52.43992641600005],[-1.608270845999925,52.43884097500006],[-1.606545824999955,52.43100041200006],[-1.611396811999953,52.43213389500005],[-1.614450000999966,52.427968],[-1.606453124999973,52.42538679000006],[-1.611094983999976,52.42234096300007],[-1.602175501999966,52.41605701600008],[-1.603395053999975,52.407759568000074],[-1.60106738199994,52.38929948600003],[-1.610282605999942,52.38250656100007],[-1.60782846799998,52.37630994600005],[-1.61537102099993,52.374455459000046],[-1.618145044999949,52.376256184000056],[-1.619015074999936,52.37055839300007],[-1.623675454999955,52.37177888000008],[-1.626615833999949,52.36919448100008],[-1.620966329999931,52.36788377100004],[-1.622506984999973,52.36616443100007],[-1.63645854899994,52.36516884500003],[-1.648418039999967,52.35674339600007],[-1.660888092999926,52.36567010700003],[-1.684026752999955,52.36325227900005],[-1.684930523999981,52.356010913000034],[-1.693885000999956,52.351013357000056],[-1.69809152199997,52.35573231800004],[-1.710269852999943,52.35502105900008],[-1.718336846999932,52.35869226300008],[-1.718535365999969,52.355817853000076],[-1.720258221999927,52.372574013000076],[-1.734031122999966,52.370717788000036],[-1.738322924999977,52.36497187300006],[-1.741436765999936,52.357234927000036],[-1.748675294999941,52.35474169100007],[-1.759514984999953,52.35840304100003],[-1.762699798999961,52.36421045700007],[-1.779613711999957,52.36427618700003],[-1.778184877999934,52.35644515400003],[-1.771799812999973,52.355856223000046],[-1.775790362999942,52.34796525200005],[-1.784522427999946,52.35011235200005],[-1.78577146799995,52.35384645100004],[-1.804199279999978,52.36282359100005],[-1.80791008999995,52.36662345700006],[-1.835066297999958,52.367343739000034],[-1.842881767999927,52.36514047900005],[-1.872020173999942,52.367609006000066],[-1.866765950999934,52.37270909400007],[-1.861355033999928,52.38384830700005],[-1.845597934999944,52.39942724700006],[-1.868746782999949,52.404737510000075],[-1.864769400999933,52.41099737400003],[-1.857810708999978,52.408419053000046],[-1.849433889999943,52.41078931800007],[-1.843608802999938,52.410523803000046],[-1.832897933999959,52.41948323400004],[-1.832891878999931,52.41951378300007],[-1.83072531199997,52.42279574600008],[-1.825263312999937,52.42930558300003],[-1.817314732999932,52.43236735700003],[-1.809263305999934,52.44539377400008],[-1.808275683999966,52.44653205000003],[-1.805965061999927,52.45409422700004],[-1.798743538999929,52.45746960300005],[-1.782455284999969,52.45110109500007],[-1.761392230999945,52.45092300200008],[-1.754977800999939,52.45628410200004],[-1.763378623999927,52.46384647700006],[-1.759323524999957,52.46895359600006],[-1.755803465999975,52.47190227600004],[-1.763424079999936,52.48732480100006],[-1.758962886999939,52.495211863000065],[-1.755837243999963,52.49949550000008],[-1.787837468999953,52.502399525000044],[-1.799294592999956,52.50369962500008],[-1.791651770999977,52.50917037100004],[-1.768483911999965,52.51424373200007],[-1.75351881399996,52.51296150600007],[-1.743079048999959,52.50650169200003],[-1.733213027999966,52.492148917000065],[-1.733080216999952,52.49196158900003],[-1.715272791999951,52.47841722600003],[-1.708516327999973,52.46575898000003]]]]}},{"type":"Feature","properties":{"FID":256,"LAD23CD":"E08000030","LAD23NM":"Walsall","LAD23NMW":" ","BNG_E":402099,"BNG_N":300807,"LONG":-1.97043,"LAT":52.605049,"GlobalID":"{D1D3793A-7B5F-4557-99F9-06382E6583C4}","SHAPE_Length":0.6466577333306879,"SHAPE_Area":0.01391599602330497,"reference":"E08000030","name":"Walsall"},"geometry":{"type":"MultiPolygon","coordinates":[[[[-1.95456973499995,52.662641171000075],[-1.945401918999949,52.65629863400005],[-1.933519942999965,52.66152910300008],[-1.923683549999964,52.65552793900008],[-1.912842181999963,52.65823370700008],[-1.908659830999966,52.654000015000065],[-1.918120697999939,52.649950973000045],[-1.905083804999947,52.64320755700004],[-1.915985264999961,52.63528578200004],[-1.894328381999969,52.622662192000064],[-1.885142549999955,52.612671403000036],[-1.890626918999942,52.59806351800006],[-1.87256444999997,52.584944696000036],[-1.878519222999955,52.569635583000036],[-1.891632793999975,52.56245454200007],[-1.893274534999932,52.56132237800006],[-1.899793043999978,52.554999268000074],[-1.918157496999925,52.54730653000007],[-1.933066568999948,52.55384069200005],[-1.932602320999933,52.55932955000003],[-1.942309251999973,52.560761359000026],[-1.951068617999965,52.55683306100008],[-1.954068921999976,52.562211974000036],[-1.966845018999948,52.56257309100005],[-1.975241220999976,52.555894769000076],[-1.999799245999952,52.56522267200006],[-2.010978484999953,52.56906533500006],[-2.02704866299996,52.56460647200004],[-2.025368513999979,52.56228019500003],[-2.048462295999968,52.55174219000003],[-2.050982467999972,52.552729115000034],[-2.061952577999932,52.55824905900005],[-2.05535085799994,52.56099153100007],[-2.057949780999934,52.56421680300008],[-2.050859087999925,52.57243955000007],[-2.05709619299995,52.57376174400008],[-2.056287096999938,52.57686635200008],[-2.065967093999973,52.58160771300004],[-2.07779302199998,52.58612789400007],[-2.062911253999971,52.59767715700008],[-2.05699488099998,52.598275339000054],[-2.052396610999949,52.60490390100006],[-2.048021732999928,52.61603523400004],[-2.052749479999932,52.617311537000035],[-2.050717868999925,52.62052268100007],[-2.030173196999954,52.61695366300006],[-2.035534847999941,52.621756204000064],[-2.010017765999976,52.63461665700004],[-1.995736398999952,52.63832071500008],[-1.990855891999956,52.636671730000046],[-1.986550311999963,52.64040927800005],[-1.964036126999929,52.64184221800008],[-1.960280591999947,52.64416289300004],[-1.960557165999944,52.65371100200008],[-1.955073870999968,52.65413702600006],[-1.959944797999981,52.66203718400004],[-1.95456973499995,52.662641171000075]]]]}},{"type":"Feature","properties":{"FID":257,"LAD23CD":"E08000031","LAD23NM":"Wolverhampton","LAD23NMW":" ","BNG_E":391463,"BNG_N":300016,"LONG":-2.12746,"LAT":52.597881,"GlobalID":"{D5D966EB-23F6-4A73-B0EF-6CB6FC0D4EB9}","SHAPE_Length":0.5743626899666245,"SHAPE_Area":0.009192499934610444,"reference":"E08000031","name":"Wolverhampton"},"geometry":{"type":"MultiPolygon","coordinates":[[[[-2.097190711999929,52.62336834300004],[-2.081001740999966,52.61190498000008],[-2.067325363999942,52.61207641400006],[-2.068706677999955,52.618116746000055],[-2.064000237999949,52.620746301000054],[-2.050717868999925,52.62052268100007],[-2.052749479999932,52.617311537000035],[-2.048021732999928,52.61603523400004],[-2.052396610999949,52.60490390100006],[-2.05699488099998,52.598275339000054],[-2.062911253999971,52.59767715700008],[-2.07779302199998,52.58612789400007],[-2.065967093999973,52.58160771300004],[-2.056287096999938,52.57686635200008],[-2.05709619299995,52.57376174400008],[-2.050859087999925,52.57243955000007],[-2.057949780999934,52.56421680300008],[-2.05535085799994,52.56099153100007],[-2.061952577999932,52.55824905900005],[-2.050982467999972,52.552729115000034],[-2.06146913699996,52.54692291400005],[-2.073942057999943,52.54987967500006],[-2.078490128999931,52.557081922000066],[-2.081986524999934,52.55263601400003],[-2.08901697999994,52.55148916600007],[-2.092099262999966,52.547969065000075],[-2.107759721999969,52.54412156800004],[-2.121527059999949,52.55681529100008],[-2.127597657999956,52.55820682800004],[-2.128381527999977,52.553836886000056],[-2.13348672799998,52.55406666400006],[-2.140956703999962,52.55853946600007],[-2.15305435199997,52.55367515700004],[-2.173048820999952,52.55464087900003],[-2.175773139999933,52.55501360400007],[-2.175526312999978,52.56448663600003],[-2.179631330999939,52.56398957300007],[-2.180958678999957,52.566395974000045],[-2.176974628999972,52.566958509000074],[-2.182963454999935,52.576929902000074],[-2.188277378999942,52.57417520300004],[-2.189431398999943,52.57727039000008],[-2.201831996999942,52.57881827700004],[-2.203962389999958,52.58386274700007],[-2.199900644999957,52.58384542600004],[-2.206876978999958,52.58658334800003],[-2.198176095999941,52.589176844000065],[-2.19761637299996,52.589162206000026],[-2.189309411999943,52.58860862300003],[-2.188552533999939,52.592096998000045],[-2.189872517999959,52.59928857800003],[-2.195198671999947,52.60706590900003],[-2.187209374999952,52.60900994600007],[-2.180313619999936,52.60490146300003],[-2.172454088999928,52.61027482600008],[-2.169157262999931,52.609338362000074],[-2.170963649999976,52.61433401800008],[-2.165016894999951,52.61651263400006],[-2.168462535999936,52.61989334100008],[-2.161731453999948,52.61912967900008],[-2.162786498999935,52.62122189100006],[-2.151554058999977,52.624590983000076],[-2.152982989999941,52.62975289700006],[-2.137112334999927,52.62981499500006],[-2.133754195999927,52.63362184500005],[-2.131644097999924,52.63762308300005],[-2.118245686999956,52.63770842200006],[-2.099248462999981,52.63276178700005],[-2.097190711999929,52.62336834300004]]]]}},{"type":"Feature","properties":{"FID":258,"LAD23CD":"E08000032","LAD23NM":"Bradford","LAD23NMW":" ","BNG_E":408395,"BNG_N":438626,"LONG":-1.87389,"LAT":53.843819,"GlobalID":"{25FB3AE5-F18C-494C-86FF-8E120847882E}","SHAPE_Length":1.5288328065638577,"SHAPE_Area":0.05018293711377045,"reference":"E08000032","name":"Bradford"},"geometry":{"type":"MultiPolygon","coordinates":[[[[-1.878723395999941,53.96239199200005],[-1.878848134999942,53.954247913000074],[-1.874404668999944,53.94529564000004],[-1.862101163999967,53.940548636000074],[-1.859502430999953,53.93247502100007],[-1.83616699099997,53.93141141900003],[-1.848780501999954,53.93602271100008],[-1.847731085999953,53.940800714000034],[-1.830125045999978,53.940383498000074],[-1.83020004499997,53.93801717900004],[-1.805089162999934,53.93902266900005],[-1.802862815999958,53.935956916000066],[-1.79751258899995,53.93649483300004],[-1.798027991999959,53.92971534700007],[-1.782355314999961,53.929443244000026],[-1.77753621599993,53.92292123800007],[-1.770993140999963,53.92098025800004],[-1.767472904999977,53.92425312800003],[-1.767110535999961,53.92439741000004],[-1.755312898999932,53.921026770000026],[-1.745626041999969,53.923003763000054],[-1.74487129399995,53.91742529700008],[-1.744780281999965,53.91736391500007],[-1.727217318999976,53.91016724600007],[-1.73205212299996,53.89596995200003],[-1.717269558999931,53.892345857000066],[-1.726760078999973,53.888207099000056],[-1.725428896999972,53.88569443800003],[-1.756344922999972,53.88470395200005],[-1.767294740999944,53.89022900300006],[-1.779526975999943,53.89119152600006],[-1.776679639999941,53.89385205600007],[-1.787464830999966,53.896900481000046],[-1.794962890999955,53.894627849000074],[-1.800424226999951,53.88596456500005],[-1.794780902999946,53.88048243000003],[-1.778738145999966,53.87857197900007],[-1.77833544799995,53.871862614000065],[-1.760994797999956,53.86384729300005],[-1.753557651999927,53.867473293000046],[-1.744420714999933,53.865589226000054],[-1.746354765999968,53.863378726000064],[-1.715286009999943,53.866244563000066],[-1.710340334999955,53.863495045000036],[-1.702110501999925,53.85784406400006],[-1.695091952999974,53.857537953000076],[-1.694006413999944,53.85131021800004],[-1.703679931999943,53.84234757000007],[-1.703143375999957,53.83635405600006],[-1.706296225999949,53.82922718600008],[-1.708012316999941,53.80979492100005],[-1.706615519999957,53.804080587000044],[-1.701282075999927,53.80226086600004],[-1.709912803999941,53.79289671600003],[-1.709940391999965,53.79287072400007],[-1.711096466999948,53.791628665000076],[-1.707217644999957,53.78796662500008],[-1.711995738999974,53.783069768000075],[-1.682270571999936,53.78641491600007],[-1.674233357999981,53.78000478100006],[-1.64062350699993,53.779976471000055],[-1.640722000999972,53.77375433600008],[-1.651614257999938,53.76735807700004],[-1.662916772999949,53.76675036000006],[-1.681620883999926,53.756468925000036],[-1.704879656999935,53.76484835500003],[-1.722217555999976,53.758833639000045],[-1.729537025999946,53.75132829000006],[-1.736268894999967,53.74716914500004],[-1.747351627999933,53.74669137400008],[-1.745900930999937,53.73448984000004],[-1.76090891399997,53.734645415000045],[-1.77008624299998,53.726252342000066],[-1.773711117999937,53.72435644700005],[-1.779530380999972,53.72964850300008],[-1.779338516999928,53.73708486700008],[-1.78657095799997,53.74223364100004],[-1.792537388999961,53.74494053700005],[-1.79456304699994,53.75305122900005],[-1.801081312999941,53.75493979300006],[-1.808784509999953,53.76388810000003],[-1.827836419999926,53.76373268100008],[-1.840237577999972,53.75562919100008],[-1.852605565999966,53.75265738000007],[-1.855456319999973,53.74830795400004],[-1.855555391999928,53.75082021900005],[-1.865707645999976,53.75243375200006],[-1.872653372999935,53.75494088200003],[-1.86939149899996,53.759734223000066],[-1.87335141899996,53.77859510800005],[-1.895555391999949,53.780893992000074],[-1.914628166999933,53.78158763400006],[-1.926978829999939,53.78748914000005],[-1.950720313999966,53.78601189200003],[-1.959716042999958,53.784270743000036],[-1.980848824999953,53.78635298900008],[-1.986765185999957,53.796150615000045],[-2.009658023999975,53.80710164000004],[-2.031616988999929,53.80910307600004],[-2.036932438999941,53.814556233000076],[-2.061222328999975,53.82562021500007],[-2.046924636999961,53.82951028200006],[-2.046130321999954,53.85014124600008],[-2.031708469999955,53.85859357500004],[-2.021630706999929,53.87149709700003],[-2.013484564999942,53.869737540000074],[-1.999455380999962,53.87206523300006],[-1.987653290999958,53.867737024000064],[-1.977024079999978,53.87553506300003],[-1.976979900999936,53.87560073700007],[-1.981169923999971,53.89699320200003],[-1.979349386999957,53.90117960900005],[-1.96967977099996,53.903459560000044],[-1.952417114999946,53.903527524000026],[-1.953229255999929,53.91171151700007],[-1.976867231999961,53.92641776700003],[-1.97192178499995,53.92998043400007],[-1.965889464999975,53.92788741100003],[-1.968018585999971,53.93182466600007],[-1.96307646799994,53.93340421400006],[-1.970526718999963,53.94333314900007],[-1.962289474999977,53.94320778000008],[-1.965048899999942,53.94823543900003],[-1.966175257999964,53.95156125200003],[-1.949362018999977,53.95301227400006],[-1.950657983999974,53.95666957200007],[-1.927979776999962,53.95045884600006],[-1.92276981699996,53.95563440500007],[-1.906273609999971,53.95837831500006],[-1.893138215999954,53.955383537000046],[-1.882241993999969,53.963137017000065],[-1.878723395999941,53.96239199200005]]]]}},{"type":"Feature","properties":{"FID":259,"LAD23CD":"E08000033","LAD23NM":"Calderdale","LAD23NMW":" ","BNG_E":402618,"BNG_N":424895,"LONG":-1.9618,"LAT":53.72047,"GlobalID":"{2F46B2E4-8E2C-429A-9734-A0397F4C42AC}","SHAPE_Length":1.2263088271650666,"SHAPE_Area":0.0495846802113504,"reference":"E08000033","name":"Calderdale"},"geometry":{"type":"MultiPolygon","coordinates":[[[[-1.980848824999953,53.78635298900008],[-1.959716042999958,53.784270743000036],[-1.950720313999966,53.78601189200003],[-1.926978829999939,53.78748914000005],[-1.914628166999933,53.78158763400006],[-1.895555391999949,53.780893992000074],[-1.87335141899996,53.77859510800005],[-1.86939149899996,53.759734223000066],[-1.872653372999935,53.75494088200003],[-1.865707645999976,53.75243375200006],[-1.855555391999928,53.75082021900005],[-1.855456319999973,53.74830795400004],[-1.852605565999966,53.75265738000007],[-1.840237577999972,53.75562919100008],[-1.827836419999926,53.76373268100008],[-1.808784509999953,53.76388810000003],[-1.801081312999941,53.75493979300006],[-1.79456304699994,53.75305122900005],[-1.792537388999961,53.74494053700005],[-1.78657095799997,53.74223364100004],[-1.779338516999928,53.73708486700008],[-1.779530380999972,53.72964850300008],[-1.773711117999937,53.72435644700005],[-1.77008624299998,53.726252342000066],[-1.753636790999963,53.72586025900006],[-1.755409208999936,53.720736206000026],[-1.744480989999943,53.715833891000045],[-1.73682458899998,53.714132042000074],[-1.739539152999953,53.69945492900007],[-1.733238774999961,53.694805072000065],[-1.732184245999974,53.68458134100007],[-1.727224862999947,53.68281125000004],[-1.731405566999968,53.68036239300005],[-1.746295381999971,53.69446845300007],[-1.759850861999951,53.69267709400003],[-1.780029963999937,53.68359085800006],[-1.795343317999937,53.68136458400005],[-1.812152915999945,53.67760158600004],[-1.818776209999953,53.672911800000065],[-1.835534093999968,53.66897482600007],[-1.853629764999937,53.67254769900006],[-1.843566290999945,53.66612191300004],[-1.863444665999964,53.661068699000054],[-1.875023790999933,53.65806928900008],[-1.897798257999966,53.644651526000075],[-1.934152275999963,53.64833961200003],[-1.941327027999932,53.64077698300008],[-1.963215401999946,53.63273129800007],[-1.972743729999934,53.625773475000074],[-1.979508157999931,53.62305955900007],[-2.004541892999953,53.622409891000075],[-2.009470786999941,53.61677951100006],[-2.02303595799998,53.615839477000065],[-2.02681574099995,53.62416714600005],[-2.030886700999929,53.62924003900008],[-2.029996638999933,53.636169265000035],[-2.041580058999955,53.64248734000006],[-2.03570938799993,53.65932766700007],[-2.05291768099994,53.67031673000008],[-2.054857614999946,53.67566292300006],[-2.050734329999955,53.67951610400007],[-2.051242172999935,53.683691759000055],[-2.056713639999941,53.683052073000056],[-2.073345692999965,53.67751181700004],[-2.083077523999975,53.67810426200003],[-2.087264535999964,53.670751402000064],[-2.114104550999969,53.67111911400008],[-2.12538675199994,53.67483834600006],[-2.134127271999944,53.68573402900006],[-2.142257550999943,53.67800580900007],[-2.146328075999975,53.682231529000035],[-2.145254706999935,53.69229491600004],[-2.162604840999961,53.69920020200004],[-2.165912423999941,53.71083988500004],[-2.173291321999955,53.723009647000026],[-2.155997618999947,53.73532536100004],[-2.149092788999951,53.73387111000005],[-2.145306090999952,53.73605811900006],[-2.141723544999934,53.745736822000026],[-2.133435736999957,53.749675111000045],[-2.129521566999927,53.75459046200007],[-2.130231667999965,53.770328763000066],[-2.136362748999943,53.780104460000075],[-2.124815500999944,53.788055342000064],[-2.129520145999948,53.79227284000007],[-2.12835851799997,53.79903130400004],[-2.112278990999926,53.805708389000074],[-2.084979168999951,53.818520575000036],[-2.061222328999975,53.82562021500007],[-2.036932438999941,53.814556233000076],[-2.031616988999929,53.80910307600004],[-2.009658023999975,53.80710164000004],[-1.986765185999957,53.796150615000045],[-1.980848824999953,53.78635298900008]]]]}},{"type":"Feature","properties":{"FID":260,"LAD23CD":"E08000034","LAD23NM":"Kirklees","LAD23NMW":" ","BNG_E":414586,"BNG_N":416223,"LONG":-1.7808501,"LAT":53.64233,"GlobalID":"{DEBAEA27-1154-4455-84D6-984664AAB66D}","SHAPE_Length":1.418543898032124,"SHAPE_Area":0.055548451858342035,"reference":"E08000034","name":"Kirklees"},"geometry":{"type":"MultiPolygon","coordinates":[[[[-1.681620883999926,53.756468925000036],[-1.658444019999934,53.74545780200003],[-1.638644549999981,53.74615557700008],[-1.63225371599998,53.730813785000066],[-1.623371627999973,53.71854693600005],[-1.60545536799998,53.72118328100004],[-1.58209310999996,53.71388348100004],[-1.571122264999929,53.706404605000046],[-1.584205573999952,53.70308975200004],[-1.598375967999971,53.699780780000026],[-1.602499394999938,53.69217157200006],[-1.592302922999977,53.691564173000074],[-1.591920049999942,53.68933473800007],[-1.605049457999939,53.679392653000036],[-1.615216883999949,53.677581141000076],[-1.614093517999947,53.673766612000065],[-1.590881991999936,53.660492833000035],[-1.624097047999953,53.654100724000045],[-1.619199797999954,53.64632139100007],[-1.623165137999933,53.63810791000003],[-1.617191587999969,53.63771610400005],[-1.612139077999927,53.63270791800005],[-1.615692607999961,53.630237659000045],[-1.610275649999949,53.62797952300008],[-1.614571964999925,53.62592602400008],[-1.60751377899993,53.619572868000034],[-1.591911051999944,53.61466914700003],[-1.586453259999928,53.607174056000076],[-1.591151262999972,53.606781193000074],[-1.585191425999938,53.600531896000064],[-1.587978366999948,53.59348655100007],[-1.601752112999975,53.58775896000003],[-1.600265667999963,53.57733935200008],[-1.596198712999978,53.57698690800004],[-1.609658317999958,53.572029488000055],[-1.615631883999924,53.56302832200004],[-1.619403955999928,53.563122985000064],[-1.656560265999929,53.56055811600004],[-1.663930363999953,53.55750137500007],[-1.661910527999964,53.553692830000045],[-1.669465800999944,53.55322751600005],[-1.699036679999949,53.55381050700004],[-1.704126869999925,53.56024976800006],[-1.723177507999935,53.55992674200007],[-1.730082747999973,53.546791676000055],[-1.755818962999967,53.536681059000045],[-1.797431241999959,53.533887564000054],[-1.804283015999943,53.537013373000036],[-1.822228780999978,53.52109092200004],[-1.827151059999949,53.523507917000074],[-1.841820827999925,53.51990878000004],[-1.873492625999972,53.54042965100007],[-1.894109491999927,53.53361177900007],[-1.899322003999941,53.53811212900007],[-1.909620831999973,53.53839098700007],[-1.912884642999927,53.551643615000046],[-1.925665971999933,53.55318930100003],[-1.927521556999977,53.55463747500005],[-1.942725850999977,53.561641294000026],[-1.948109415999966,53.572848202000046],[-1.98164621199993,53.589337844000056],[-2.009470786999941,53.61677951100006],[-2.004541892999953,53.622409891000075],[-1.979508157999931,53.62305955900007],[-1.972743729999934,53.625773475000074],[-1.963215401999946,53.63273129800007],[-1.941327027999932,53.64077698300008],[-1.934152275999963,53.64833961200003],[-1.897798257999966,53.644651526000075],[-1.875023790999933,53.65806928900008],[-1.863444665999964,53.661068699000054],[-1.843566290999945,53.66612191300004],[-1.853629764999937,53.67254769900006],[-1.835534093999968,53.66897482600007],[-1.818776209999953,53.672911800000065],[-1.812152915999945,53.67760158600004],[-1.795343317999937,53.68136458400005],[-1.780029963999937,53.68359085800006],[-1.759850861999951,53.69267709400003],[-1.746295381999971,53.69446845300007],[-1.731405566999968,53.68036239300005],[-1.727224862999947,53.68281125000004],[-1.732184245999974,53.68458134100007],[-1.733238774999961,53.694805072000065],[-1.739539152999953,53.69945492900007],[-1.73682458899998,53.714132042000074],[-1.744480989999943,53.715833891000045],[-1.755409208999936,53.720736206000026],[-1.753636790999963,53.72586025900006],[-1.77008624299998,53.726252342000066],[-1.76090891399997,53.734645415000045],[-1.745900930999937,53.73448984000004],[-1.747351627999933,53.74669137400008],[-1.736268894999967,53.74716914500004],[-1.729537025999946,53.75132829000006],[-1.722217555999976,53.758833639000045],[-1.704879656999935,53.76484835500003],[-1.681620883999926,53.756468925000036]]]]}},{"type":"Feature","properties":{"FID":261,"LAD23CD":"E08000035","LAD23NM":"Leeds","LAD23NMW":" ","BNG_E":432528,"BNG_N":436384,"LONG":-1.50736,"LAT":53.822731,"GlobalID":"{13AC8CB9-A431-4825-B4C2-F15C9C882473}","SHAPE_Length":1.8287511102519758,"SHAPE_Area":0.07529102687024225,"reference":"E08000035","name":"Leeds"},"geometry":{"type":"MultiPolygon","coordinates":[[[[-1.340405164999936,53.945888188000026],[-1.34470601299995,53.93949898000005],[-1.339501027999972,53.94078346600003],[-1.30692669299998,53.93442201100004],[-1.30889461299995,53.92403977300006],[-1.300382922999972,53.92937700200008],[-1.294115050999949,53.927031492000026],[-1.303831822999939,53.92510072200008],[-1.307355792999942,53.921150219000026],[-1.297202896999977,53.92163779300006],[-1.300453105999964,53.90751951500005],[-1.313718968999979,53.90471244300005],[-1.321142014999964,53.903456851000044],[-1.322251515999938,53.90042650600003],[-1.31773090799993,53.89634921700008],[-1.320804392999946,53.883788037000045],[-1.315607006999926,53.881682322000074],[-1.319693101999974,53.878957875000026],[-1.31260283599994,53.86531700200004],[-1.352969876999964,53.85675075200004],[-1.338429142999928,53.85174431300004],[-1.342137893999961,53.84517275400003],[-1.326557135999963,53.840423430000044],[-1.325208656999962,53.835346439000034],[-1.336096744999963,53.83358975300007],[-1.309673543999963,53.82289497100004],[-1.310398377999945,53.81991779100008],[-1.303623458999937,53.816535990000034],[-1.312434930999927,53.81437561700005],[-1.314872083999944,53.80955741500003],[-1.313957850999941,53.80686028300005],[-1.313963841999964,53.80671322200004],[-1.314053268999942,53.806038372000046],[-1.314114935999953,53.805284173000075],[-1.314168172999928,53.80485804400007],[-1.314016834999961,53.804157478000036],[-1.313815882999961,53.803276717000074],[-1.313695941999924,53.80290124000004],[-1.313605612999936,53.80211519900007],[-1.313624219999951,53.80106721800007],[-1.313434856999947,53.80029768500003],[-1.313268851999965,53.799953395000045],[-1.31275579499993,53.79875400200007],[-1.312610922999966,53.79853129000003],[-1.312267530999975,53.79740310900007],[-1.312233357999958,53.79726534300005],[-1.312128665999978,53.79694029900003],[-1.312097868999956,53.796840297000074],[-1.31189749899994,53.79607518700004],[-1.31181685699994,53.794450536000056],[-1.31189965599998,53.79362590200003],[-1.31202994399996,53.79216068100004],[-1.312142746999939,53.79167979300007],[-1.312531093999951,53.79075064300008],[-1.312707156999977,53.79018714800003],[-1.312824582999951,53.789707932000056],[-1.312826962999964,53.78936359900007],[-1.312006546999953,53.788807948000056],[-1.311755869999956,53.78872784300006],[-1.311601265999968,53.78857375100006],[-1.311415164999971,53.78828347400008],[-1.311323559999948,53.78819916500004],[-1.311268667999968,53.78802803200006],[-1.311297470999932,53.787942834000035],[-1.31141539999993,53.78797091600006],[-1.311921170999938,53.78813600400008],[-1.312868012999957,53.78722551300007],[-1.313435120999941,53.786515112000075],[-1.313708434999967,53.78585514800005],[-1.31386433299997,53.78503223100006],[-1.313938119999932,53.784516335000035],[-1.313932913999963,53.78448399400003],[-1.313838213999929,53.78338730100006],[-1.313811210999972,53.782902240000055],[-1.313786053999934,53.78230797200007],[-1.313516193999931,53.781821928000056],[-1.313562067999953,53.78170987200008],[-1.313674526999932,53.781604394000055],[-1.31343549099995,53.781047182000066],[-1.313283340999931,53.780891471000075],[-1.313170485999933,53.78078185100003],[-1.312762575999955,53.78047931100008],[-1.312020482999969,53.78007748300007],[-1.311743282999942,53.77984477700005],[-1.311603801999979,53.77969875100007],[-1.312135815999966,53.77946188300007],[-1.312598308999952,53.77929820500003],[-1.312118228999964,53.77905275900008],[-1.310644780999951,53.77834966000006],[-1.31027069299995,53.77816769100008],[-1.30959242199998,53.77788605100005],[-1.309314644999972,53.77761655000006],[-1.306621090999954,53.77642360700003],[-1.304860412999972,53.775588095000046],[-1.303801921999934,53.775122905000046],[-1.306787478999979,53.773044121000055],[-1.296362164999948,53.77186273800004],[-1.290415410999969,53.763078722000046],[-1.29674922199996,53.75895361500005],[-1.294942008999953,53.75546283400007],[-1.312238769999965,53.75588850500003],[-1.315356781999981,53.74368070300005],[-1.301967240999943,53.74167221700003],[-1.308205612999927,53.73910914000004],[-1.313631577999956,53.740957406000064],[-1.323099265999929,53.73482323600007],[-1.340083137999954,53.736357342000076],[-1.371998313999939,53.72957924600007],[-1.394487181999978,53.723777151000036],[-1.398950776999925,53.71938826100006],[-1.412172775999977,53.72306741500006],[-1.428270530999953,53.72135235400003],[-1.434624521999979,53.72568278400007],[-1.44314942699998,53.72822659900004],[-1.480995246999953,53.72780557300007],[-1.488298233999956,53.72775699200008],[-1.491421118999938,53.722167022000065],[-1.50437713499997,53.725001391000035],[-1.505633436999972,53.72914921000006],[-1.51322165299996,53.727533677000054],[-1.547142303999976,53.71013676000007],[-1.55449919299997,53.702829930000064],[-1.559322856999927,53.69898371100004],[-1.571122264999929,53.706404605000046],[-1.58209310999996,53.71388348100004],[-1.60545536799998,53.72118328100004],[-1.623371627999973,53.71854693600005],[-1.63225371599998,53.730813785000066],[-1.638644549999981,53.74615557700008],[-1.658444019999934,53.74545780200003],[-1.681620883999926,53.756468925000036],[-1.662916772999949,53.76675036000006],[-1.651614257999938,53.76735807700004],[-1.640722000999972,53.77375433600008],[-1.64062350699993,53.779976471000055],[-1.674233357999981,53.78000478100006],[-1.682270571999936,53.78641491600007],[-1.711995738999974,53.783069768000075],[-1.707217644999957,53.78796662500008],[-1.711096466999948,53.791628665000076],[-1.709940391999965,53.79287072400007],[-1.709912803999941,53.79289671600003],[-1.701282075999927,53.80226086600004],[-1.706615519999957,53.804080587000044],[-1.708012316999941,53.80979492100005],[-1.706296225999949,53.82922718600008],[-1.703143375999957,53.83635405600006],[-1.703679931999943,53.84234757000007],[-1.694006413999944,53.85131021800004],[-1.695091952999974,53.857537953000076],[-1.702110501999925,53.85784406400006],[-1.710340334999955,53.863495045000036],[-1.715286009999943,53.866244563000066],[-1.746354765999968,53.863378726000064],[-1.744420714999933,53.865589226000054],[-1.753557651999927,53.867473293000046],[-1.760994797999956,53.86384729300005],[-1.77833544799995,53.871862614000065],[-1.778738145999966,53.87857197900007],[-1.794780902999946,53.88048243000003],[-1.800424226999951,53.88596456500005],[-1.794962890999955,53.894627849000074],[-1.787464830999966,53.896900481000046],[-1.776679639999941,53.89385205600007],[-1.779526975999943,53.89119152600006],[-1.767294740999944,53.89022900300006],[-1.756344922999972,53.88470395200005],[-1.725428896999972,53.88569443800003],[-1.726760078999973,53.888207099000056],[-1.717269558999931,53.892345857000066],[-1.73205212299996,53.89596995200003],[-1.727217318999976,53.91016724600007],[-1.722135293999941,53.91185848400005],[-1.717930914999954,53.90855077800006],[-1.716423603999942,53.91761992000005],[-1.706112459999929,53.91707072000003],[-1.707083079999961,53.91913125600007],[-1.689792762999957,53.916687265000064],[-1.687776793999944,53.91651572600006],[-1.687700832999951,53.91648408000003],[-1.689171143999943,53.91264561100007],[-1.684627242999966,53.91058809100008],[-1.655082984999979,53.91248429900003],[-1.65206313799996,53.90569995100003],[-1.642122158999939,53.90743202200008],[-1.620659200999967,53.90338699100005],[-1.599839368999938,53.90972177200007],[-1.599261657999932,53.90395497600008],[-1.586666153999943,53.90130340600007],[-1.584295678999979,53.90902189600007],[-1.568689211999924,53.910912189000044],[-1.562883123999939,53.903930107000065],[-1.552576829999964,53.90300791900006],[-1.549416871999938,53.910699573000045],[-1.528596323999977,53.90869913200004],[-1.494671679999954,53.91533747400007],[-1.486026686999935,53.91091212600003],[-1.467413990999944,53.91075744700004],[-1.463387075999947,53.90592130300007],[-1.451191774999927,53.90705288800007],[-1.440500826999937,53.913864611000065],[-1.432434806999936,53.91120246500003],[-1.433552850999945,53.92635487500007],[-1.430168872999957,53.92872160700006],[-1.406709565999961,53.92784970900004],[-1.410629055999948,53.93015543800004],[-1.409197094999968,53.93546560500005],[-1.400657965999926,53.93750041000004],[-1.397182499999928,53.94253517200008],[-1.361953240999981,53.94148352500008],[-1.340405164999936,53.945888188000026]]]]}},{"type":"Feature","properties":{"FID":262,"LAD23CD":"E08000036","LAD23NM":"Wakefield","LAD23NMW":" ","BNG_E":438367,"BNG_N":418231,"LONG":-1.42091,"LAT":53.65918,"GlobalID":"{C012542A-E0AB-4F33-9FF6-9D2C094C375F}","SHAPE_Length":1.2385312443098773,"SHAPE_Area":0.046161405807173476,"reference":"E08000036","name":"Wakefield"},"geometry":{"type":"MultiPolygon","coordinates":[[[[-1.301967240999943,53.74167221700003],[-1.283764088999931,53.73201222700004],[-1.271961394999948,53.724924188000045],[-1.268517090999978,53.714909153000065],[-1.247988003999978,53.71172530000007],[-1.229408083999942,53.71488997800003],[-1.226328842999976,53.70986781100004],[-1.219811873999959,53.71441901800006],[-1.218442909999965,53.70709557200007],[-1.19876646299997,53.700714606000076],[-1.199060682999971,53.69489471800006],[-1.24442802599998,53.69246895900005],[-1.243957578999925,53.67325035500005],[-1.252319257999943,53.666655983000055],[-1.246960391999949,53.65561453000004],[-1.248776524999926,53.649630724000076],[-1.255216485999938,53.64896261200005],[-1.253662032999955,53.64119937800007],[-1.242887864999943,53.63461571500005],[-1.232844271999966,53.62111224600005],[-1.227892077999968,53.617342862000044],[-1.231298344999971,53.61690906700005],[-1.24824986699997,53.61635328500006],[-1.244864709999945,53.608163156000046],[-1.252199917999974,53.60711261100005],[-1.24720997299994,53.60070519000004],[-1.257638069999928,53.599852515000066],[-1.252911266999945,53.59711677000007],[-1.25802813599995,53.591997450000065],[-1.276693922999925,53.58997952300007],[-1.282285386999945,53.58302032200004],[-1.298643831999925,53.577455515000054],[-1.307819707999954,53.57536697100005],[-1.348733410999955,53.58334763000005],[-1.351434125999958,53.58108104200005],[-1.353900004999957,53.583404373000064],[-1.356119636999949,53.59536621500007],[-1.376702959999932,53.60647841900004],[-1.400184573999979,53.598668349000036],[-1.424896266999951,53.604483661000074],[-1.432924602999947,53.60894243300004],[-1.439193125999964,53.607062057000064],[-1.447630613999934,53.61273882100005],[-1.483918465999977,53.59488048500003],[-1.49213365199995,53.59699284000004],[-1.491580791999979,53.60276900800005],[-1.495119577999958,53.60319023300008],[-1.496562462999975,53.59737375000003],[-1.501388495999947,53.599833388000036],[-1.510364208999931,53.596860837000065],[-1.518671066999957,53.599719297000036],[-1.528380997999932,53.59703343700005],[-1.530781443999956,53.59312938000005],[-1.535403876999965,53.59387896800007],[-1.547326762999944,53.60316539200005],[-1.557599799999934,53.60591446600006],[-1.571984401999941,53.60860916900003],[-1.582007580999971,53.60572770500005],[-1.586453259999928,53.607174056000076],[-1.591911051999944,53.61466914700003],[-1.60751377899993,53.619572868000034],[-1.614571964999925,53.62592602400008],[-1.610275649999949,53.62797952300008],[-1.615692607999961,53.630237659000045],[-1.612139077999927,53.63270791800005],[-1.617191587999969,53.63771610400005],[-1.623165137999933,53.63810791000003],[-1.619199797999954,53.64632139100007],[-1.624097047999953,53.654100724000045],[-1.590881991999936,53.660492833000035],[-1.614093517999947,53.673766612000065],[-1.615216883999949,53.677581141000076],[-1.605049457999939,53.679392653000036],[-1.591920049999942,53.68933473800007],[-1.592302922999977,53.691564173000074],[-1.602499394999938,53.69217157200006],[-1.598375967999971,53.699780780000026],[-1.584205573999952,53.70308975200004],[-1.571122264999929,53.706404605000046],[-1.559322856999927,53.69898371100004],[-1.55449919299997,53.702829930000064],[-1.547142303999976,53.71013676000007],[-1.51322165299996,53.727533677000054],[-1.505633436999972,53.72914921000006],[-1.50437713499997,53.725001391000035],[-1.491421118999938,53.722167022000065],[-1.488298233999956,53.72775699200008],[-1.480995246999953,53.72780557300007],[-1.44314942699998,53.72822659900004],[-1.434624521999979,53.72568278400007],[-1.428270530999953,53.72135235400003],[-1.412172775999977,53.72306741500006],[-1.398950776999925,53.71938826100006],[-1.394487181999978,53.723777151000036],[-1.371998313999939,53.72957924600007],[-1.340083137999954,53.736357342000076],[-1.323099265999929,53.73482323600007],[-1.313631577999956,53.740957406000064],[-1.308205612999927,53.73910914000004],[-1.301967240999943,53.74167221700003]]]]}},{"type":"Feature","properties":{"FID":263,"LAD23CD":"E08000037","LAD23NM":"Gateshead","LAD23NMW":" ","BNG_E":420158,"BNG_N":559652,"LONG":-1.68696,"LAT":54.931149,"GlobalID":"{2CB471A6-7D7E-4078-ABEE-3F1AAB480C62}","SHAPE_Length":0.9551006242405842,"SHAPE_Area":0.0198540790664952,"reference":"E08000037","name":"Gateshead"},"geometry":{"type":"MultiPolygon","coordinates":[[[[-1.550306882999962,54.96084631900004],[-1.554030834999935,54.96000563300004],[-1.555154375999962,54.96045456300004],[-1.550306882999962,54.96084631900004]]],[[[-1.686707446999947,54.966953086000046],[-1.683123658999932,54.96587255800006],[-1.683959186999971,54.96592947200003],[-1.686707446999947,54.966953086000046]]],[[[-1.708194413999934,54.968840027000056],[-1.711007576999975,54.96762609900003],[-1.714971789999936,54.96787363700008],[-1.708194413999934,54.968840027000056]]],[[[-1.77840340299997,54.98240981600003],[-1.772541258999979,54.98052268400005],[-1.746742858999937,54.98105399700006],[-1.728493388999937,54.97498580300004],[-1.726874718999966,54.96965959700003],[-1.719502690999946,54.96702387700003],[-1.718841918999942,54.96678759400004],[-1.70976346599997,54.96619790500006],[-1.702874035999969,54.96959836700006],[-1.700383454999951,54.969953272000055],[-1.689159083999925,54.96646805000006],[-1.679886926999927,54.96358776300008],[-1.679649453999957,54.963525995000055],[-1.67852139799993,54.963232574000074],[-1.637392961999979,54.95783343000005],[-1.637724889999959,54.95704005600004],[-1.615853669999979,54.96211574600005],[-1.61520305199997,54.962266654000075],[-1.594449604999966,54.96979735600007],[-1.593807268999967,54.96981266100005],[-1.578935447999925,54.963775361000046],[-1.578836421999938,54.96377628100004],[-1.568255292999936,54.96387418100005],[-1.558520782999949,54.95963964900005],[-1.557888334999973,54.95947318700007],[-1.552433256999961,54.95803720300006],[-1.538226889999976,54.96065582500006],[-1.534369349999963,54.96488311400003],[-1.529346595999925,54.963354577000075],[-1.530699388999949,54.95797792800005],[-1.518982955999945,54.95926488400005],[-1.516293771999926,54.954975911000076],[-1.518062648999944,54.947047971000075],[-1.511217516999977,54.93166587800005],[-1.52734688399994,54.93306408400008],[-1.54305309199998,54.93138337600004],[-1.553265472999954,54.92769018900003],[-1.556704602999957,54.929978092000056],[-1.568891335999979,54.92462479900007],[-1.558672543999933,54.906518507000044],[-1.562784969999939,54.90508922200007],[-1.558195330999979,54.902659784000036],[-1.559410791999937,54.882037119000074],[-1.579909465999947,54.87777014900007],[-1.580712182999946,54.88105825900004],[-1.587562101999936,54.89434100700004],[-1.597517264999965,54.90158469800008],[-1.611932698999965,54.89524786800007],[-1.618743495999979,54.887058651000075],[-1.627410642999962,54.88644729500004],[-1.643689461999941,54.87880404200007],[-1.650982049999925,54.87966713600008],[-1.646345871999927,54.881395327000064],[-1.650011653999968,54.89362643800007],[-1.65995094699997,54.890664826000034],[-1.663035917999935,54.89593938500008],[-1.678133740999954,54.89984510000005],[-1.674837602999958,54.909302386000036],[-1.687654965999968,54.90791702400003],[-1.69057275199998,54.90266573800005],[-1.697587659999954,54.90624327300003],[-1.699639289999936,54.90918999000007],[-1.724922828999979,54.90884455100007],[-1.737606708999976,54.918688978000034],[-1.750571959999945,54.91741971400006],[-1.760825638999961,54.90851159500005],[-1.767187320999938,54.90964186000008],[-1.770849347999956,54.907179289000055],[-1.781637020999938,54.91155659900005],[-1.791182856999967,54.90869752300006],[-1.794522303999941,54.903574124000045],[-1.807405997999979,54.90724990400008],[-1.820637072999943,54.90577108700006],[-1.826636814999972,54.910093078000045],[-1.852721344999964,54.91741354000004],[-1.841149256999927,54.92972548400007],[-1.826956527999926,54.93070033400005],[-1.824476841999967,54.939392155000064],[-1.831017199999962,54.94430917500006],[-1.833655325999928,54.95329724000004],[-1.822922953999978,54.95574656100007],[-1.822517972999947,54.96482045500005],[-1.81544784099998,54.96730189500005],[-1.812807404999944,54.97628556900003],[-1.802669479999963,54.97876187500003],[-1.788515016999952,54.98426736400006],[-1.77840340299997,54.98240981600003]]]]}},{"type":"Feature","properties":{"FID":265,"LAD23CD":"E09000002","LAD23NM":"Barking and Dagenham","LAD23NMW":" ","BNG_E":547757,"BNG_N":185111,"LONG":0.12947901,"LAT":51.545551,"GlobalID":"{B229792D-850F-4A40-AFA5-93CA01C4704F}","SHAPE_Length":0.3780994026390038,"SHAPE_Area":0.0046874590370465895,"reference":"E09000002","name":"Barking and Dagenham"},"geometry":{"type":"MultiPolygon","coordinates":[[[[0.154363766000074,51.56611315400005],[0.161893736000025,51.56161687400004],[0.185180463000052,51.56551308300004],[0.182665769000039,51.561242708000066],[0.19016902900006,51.55272086200006],[0.186013642000034,51.547535922000066],[0.17388283400004,51.53738842800004],[0.168696355000066,51.53119084000008],[0.165962966000052,51.52879337500008],[0.162282351000044,51.52137109000006],[0.159049531000051,51.512071535000075],[0.158721674000049,51.51218680300008],[0.143206848000034,51.515324572000054],[0.141864531000067,51.51565281000006],[0.141819593000037,51.51566379900004],[0.126345975000049,51.519446266000045],[0.109074896000038,51.514250021000066],[0.100509380000062,51.51456931100006],[0.097788272000059,51.51590644700008],[0.097590059000026,51.51600384200003],[0.096927350000044,51.51632947000007],[0.092634506000024,51.525674855000034],[0.08049193100004,51.52763020200007],[0.080461466000031,51.527648439000075],[0.072576978000029,51.53075123900004],[0.071756238000035,51.53289744700004],[0.068771363000053,51.536206993000064],[0.068303699000069,51.54425342300004],[0.068361695000021,51.544390390000046],[0.08006389600007,51.54477235600007],[0.088500175000036,51.547741650000034],[0.092608264000035,51.54964970000003],[0.093519764000064,51.54585789400005],[0.106131547000075,51.55094491300008],[0.107456042000024,51.55200231400005],[0.108318691000022,51.552156850000074],[0.113272873000028,51.55726675500006],[0.120491600000037,51.55857346800008],[0.119051088000049,51.563051822000034],[0.125028557000064,51.564340979000065],[0.129324285000052,51.56652544500008],[0.129659210000057,51.56811120200007],[0.130026134000047,51.57073015100008],[0.129191022000043,51.576312339000026],[0.133567348000042,51.57995365100004],[0.127759039000068,51.581636384000035],[0.126386612000033,51.58672522100005],[0.141935433000071,51.59655917500004],[0.148205902000029,51.59896846500004],[0.149879934000069,51.59701167700007],[0.14856379400004,51.58077501200006],[0.148988110000062,51.57314913100004],[0.146703648000027,51.56879663400008],[0.154363766000074,51.56611315400005]]]]}},{"type":"Feature","properties":{"FID":266,"LAD23CD":"E09000003","LAD23NM":"Barnet","LAD23NMW":" ","BNG_E":523473,"BNG_N":191752,"LONG":-0.21819,"LAT":51.611069,"GlobalID":"{0FE7656D-CD2C-477B-A420-30D0924C7AEE}","SHAPE_Length":0.5164777346516246,"SHAPE_Area":0.011280457398578018,"reference":"E09000003","name":"Barnet"},"geometry":{"type":"MultiPolygon","coordinates":[[[[-0.199871676999976,51.67017027400004],[-0.191066698999975,51.66389670500007],[-0.181960814999968,51.668683196000075],[-0.185418359999971,51.66353630500004],[-0.175562037999953,51.66059957900006],[-0.154731838999965,51.655545145000076],[-0.149867892999964,51.64881028900004],[-0.152121724999972,51.64580067700007],[-0.142287195999927,51.639310443000056],[-0.13839031699996,51.63652644700005],[-0.129093931999932,51.632265449000045],[-0.132382694999933,51.62719292700007],[-0.142033436999952,51.61628031300006],[-0.144495115999973,51.615509013000064],[-0.138705995999942,51.610185787000034],[-0.143425302999958,51.608831061000046],[-0.144470071999933,51.600121785000056],[-0.151330700999949,51.597471100000064],[-0.156340779999937,51.605368929000065],[-0.161761100999968,51.59747886000008],[-0.157130981999956,51.58619139500007],[-0.161339670999951,51.58528412700008],[-0.163070346999973,51.58436965900006],[-0.171231832999979,51.572418251000045],[-0.173376244999929,51.57108731000005],[-0.182112166999957,51.56872602100003],[-0.190346428999931,51.56287154000006],[-0.19677484999994,51.559154626000065],[-0.199371627999938,51.556190033000064],[-0.20596749799995,51.55643032300003],[-0.213486676999935,51.55519093300006],[-0.220660398999939,51.561664087000054],[-0.232249097999954,51.570959437000056],[-0.244199170999934,51.57258449600005],[-0.247001613999942,51.56861892200004],[-0.253052793999927,51.57239530500004],[-0.251728707999973,51.58337590300005],[-0.249504913999942,51.58556609000004],[-0.259777011999972,51.594193913000026],[-0.262333745999968,51.59634784600007],[-0.267113114999972,51.60037196900004],[-0.278348902999937,51.60978536400006],[-0.28103019699995,51.61227239500005],[-0.292643324999972,51.62174294700003],[-0.304460793999965,51.63203366500005],[-0.30444997099994,51.63634872000006],[-0.302620968999975,51.63620769100004],[-0.273713529999952,51.638673966000056],[-0.273122038999929,51.64119396000007],[-0.263272164999933,51.64483350000006],[-0.257354300999964,51.641839642000036],[-0.25155700199997,51.64795258800007],[-0.249348029999965,51.656057813000075],[-0.22891931099997,51.65997581000005],[-0.226462690999938,51.65716186700007],[-0.207863695999947,51.66286118100004],[-0.211133865999955,51.666954934000046],[-0.199871676999976,51.67017027400004]]]]}},{"type":"Feature","properties":{"FID":267,"LAD23CD":"E09000004","LAD23NM":"Bexley","LAD23NMW":" ","BNG_E":549202,"BNG_N":175434,"LONG":0.146212,"LAT":51.458221,"GlobalID":"{878F27C7-98A7-42A8-82D4-FCDF698FDE8C}","SHAPE_Length":0.4533476564118722,"SHAPE_Area":0.007873824708231239,"reference":"E09000004","name":"Bexley"},"geometry":{"type":"MultiPolygon","coordinates":[[[[0.186537326000064,51.48046488400007],[0.200844594000046,51.478657113000054],[0.211683789000062,51.48272859300005],[0.217644190000044,51.48044859000004],[0.219202439000071,51.47960956500003],[0.211568834000047,51.47509267300006],[0.210612945000037,51.46248131200008],[0.20288021600004,51.45826549800006],[0.202608148000024,51.45623011500004],[0.200237814000047,51.45255769400006],[0.192083488000037,51.45084203400006],[0.191012191000027,51.44878771600003],[0.170898856000065,51.441202393000026],[0.166851115000043,51.43207203600008],[0.164216991000046,51.42854646600006],[0.155875041000058,51.43087658300004],[0.153763538000021,51.42752323600007],[0.15115888400004,51.42043043500007],[0.154636646000029,51.418469877000064],[0.149159930000053,51.412435224000035],[0.153770120000047,51.411265136000054],[0.152932433000046,51.408708482000065],[0.148989832000041,51.408623430000034],[0.148869410000032,51.40842912900007],[0.126514243000031,51.41467552000006],[0.113124309000057,51.41290611900007],[0.104482870000027,51.41522473300006],[0.095128289000058,51.420083360000035],[0.083213104000038,51.429868645000056],[0.075360212000021,51.431986652000035],[0.07843852700006,51.43709317400004],[0.078460423000024,51.437116368000034],[0.088075276000041,51.44749577500005],[0.085732177000068,51.45645031000004],[0.078881441000021,51.45912872200006],[0.082942126000034,51.45982950500007],[0.082313074000069,51.46664131500006],[0.087053333000028,51.46997023800003],[0.098244271000056,51.47545242100006],[0.108189976000062,51.47611680700004],[0.112477040000044,51.47342101800007],[0.115509656000029,51.47616815200007],[0.11847134900006,51.47890313500005],[0.124191087000042,51.47684901900004],[0.122030983000059,51.48287268400003],[0.122044685000049,51.48299474500004],[0.122056599000075,51.483211363000066],[0.121297277000053,51.491031305000035],[0.121299261000047,51.49110344600007],[0.120975423000061,51.50080029700007],[0.118784514000026,51.51131951500008],[0.120239032000029,51.51144510200004],[0.128620891000025,51.51329415500004],[0.151296375000072,51.506282501000044],[0.152013469000053,51.50615670900004],[0.166190946000029,51.503668635000054],[0.169380012000033,51.49886196600005],[0.172101163000036,51.49475951200003],[0.172147224000071,51.49461817000008],[0.172307113000045,51.49412754200006],[0.175197827000034,51.48525564200003],[0.186499593000065,51.48048083000003],[0.186537326000064,51.48046488400007]]]]}},{"type":"Feature","properties":{"FID":268,"LAD23CD":"E09000005","LAD23NM":"Brent","LAD23NMW":" ","BNG_E":519615,"BNG_N":186465,"LONG":-0.27568001,"LAT":51.564381,"GlobalID":"{B2F9840E-3EBD-439A-8125-E7994897B170}","SHAPE_Length":0.4232086120598752,"SHAPE_Area":0.005633566101075264,"reference":"E09000005","name":"Brent"},"geometry":{"type":"MultiPolygon","coordinates":[[[[-0.249504913999942,51.58556609000004],[-0.251728707999973,51.58337590300005],[-0.253052793999927,51.57239530500004],[-0.247001613999942,51.56861892200004],[-0.244199170999934,51.57258449600005],[-0.232249097999954,51.570959437000056],[-0.220660398999939,51.561664087000054],[-0.213486676999935,51.55519093300006],[-0.203700949999927,51.54696239500004],[-0.203502883999931,51.54677603200008],[-0.20343240099993,51.54670930700007],[-0.201918605999936,51.54528417500006],[-0.191467608999972,51.53629235900007],[-0.197339740999951,51.52789262200008],[-0.20301302699994,51.53289555500004],[-0.203061889999958,51.532895051000025],[-0.215266647999954,51.53136056100004],[-0.216020723999975,51.52792036100004],[-0.228440757999977,51.530319157000065],[-0.23382124699998,51.53233111600008],[-0.24628157099994,51.53273751000006],[-0.255644957999948,51.533978983000054],[-0.282957481999972,51.52884590700006],[-0.289382581999973,51.53168284000003],[-0.278964094999935,51.533227503000035],[-0.281817393999972,51.53810673500004],[-0.302704988999949,51.53198653100003],[-0.307453581999937,51.53308705900008],[-0.304718037999976,51.53985887300007],[-0.308517710999979,51.54319870000006],[-0.312526297999966,51.54902808700007],[-0.335555531999944,51.55655690000003],[-0.331264836999935,51.56141428900003],[-0.329849337999974,51.56712821900004],[-0.322148244999937,51.569677057000035],[-0.326587519999975,51.57829001700003],[-0.326634184999932,51.57860067400003],[-0.317025088999969,51.58207509200008],[-0.306784639999933,51.58651543800005],[-0.28245801199995,51.58505166500004],[-0.284197440999947,51.590495539000074],[-0.290405901999975,51.593543802000056],[-0.287051821999967,51.594562833000055],[-0.267113114999972,51.60037196900004],[-0.262333745999968,51.59634784600007],[-0.259777011999972,51.594193913000026],[-0.249504913999942,51.58556609000004]]]]}},{"type":"Feature","properties":{"FID":269,"LAD23CD":"E09000006","LAD23NM":"Bromley","LAD23NMW":" ","BNG_E":542036,"BNG_N":165707,"LONG":0.039246,"LAT":51.372662,"GlobalID":"{05D1E35C-9543-490E-9F2D-634938F33166}","SHAPE_Length":0.778124095108012,"SHAPE_Area":0.019321838905402334,"reference":"E09000006","name":"Bromley"},"geometry":{"type":"MultiPolygon","coordinates":[[[[0.039754857000048,51.44098086000008],[0.058207380000056,51.42487150800008],[0.06313816100004,51.42413504800004],[0.075360212000021,51.431986652000035],[0.083213104000038,51.429868645000056],[0.095128289000058,51.420083360000035],[0.104482870000027,51.41522473300006],[0.113124309000057,51.41290611900007],[0.126514243000031,51.41467552000006],[0.148869410000032,51.40842912900007],[0.161313219000021,51.39236973000004],[0.147725412000057,51.39261150800007],[0.153236330000027,51.37803648900007],[0.149600418000034,51.37358261700007],[0.15161979100003,51.36837889600008],[0.147280236000029,51.36701441400004],[0.141287336000062,51.34977910600003],[0.136958108000044,51.34417460600008],[0.119184940000025,51.344256880000046],[0.116681194000023,51.34130295800003],[0.121684470000048,51.333636385000034],[0.117900333000023,51.329647101000035],[0.104901956000049,51.32741287200008],[0.085029300000031,51.31602320500008],[0.082816241000046,51.30563366800004],[0.091184789000067,51.29682736700005],[0.081580256000052,51.29183532300004],[0.058510228000046,51.28935371400007],[0.050789893000058,51.29398688400005],[0.042396497000027,51.29267304800004],[0.042620201000034,51.301328899000055],[0.032909418000031,51.30752091200003],[0.024839136000026,51.30215493500003],[0.019101246000048,51.291684101000044],[0.015009378000059,51.29178607000006],[0.012142972000049,51.29961618100003],[0.010348595000039,51.31614033300008],[0.006580593000024,51.315656346000026],[0.002255312000045,51.32913483500005],[0.003313305000063,51.33215504200007],[-0.002960050999945,51.34551934800004],[-0.005308685999978,51.352575184000045],[-0.018288913999925,51.36123638600003],[-0.019780278999974,51.363633496000034],[-0.023567731999947,51.36529092100005],[-0.026766677999944,51.37937593500004],[-0.036778810999976,51.37699643700006],[-0.036523498999941,51.38843153700003],[-0.053472970999962,51.39491507300005],[-0.050418767999929,51.39801308300008],[-0.052930719999949,51.40143653200005],[-0.060529650999968,51.39913850800008],[-0.063758260999975,51.40156885500005],[-0.068570856999941,51.40384058300003],[-0.072835001999977,51.40848569700006],[-0.072742654999956,51.41268943400007],[-0.080760149999946,51.41604423200005],[-0.078557366999974,51.41987421200008],[-0.078287681999939,51.420604714000035],[-0.07390726999995,51.426212924000026],[-0.071841922999965,51.42629489800004],[-0.051747764999959,51.42251658500004],[-0.039893334999931,51.42425874300005],[-0.033349108999971,51.42463471000008],[-0.020997798999929,51.420975845000044],[-0.020999334999942,51.41602424700005],[-0.007663774999969,51.41447680200008],[-0.000728858999935,51.41590710500003],[0.003533784000069,51.417427401000054],[0.008106023000039,51.423039534000054],[0.020404841000072,51.426874834000046],[0.025458977000028,51.42897324300003],[0.034604486000035,51.423404625000046],[0.039055579000035,51.42468794100006],[0.037708777000034,51.43334104000007],[0.03115916400003,51.43209420000005],[0.028687013000024,51.43640969300003],[0.025435831000038,51.43566672700007],[0.029378816000076,51.44170542000006],[0.030549450000024,51.44432794800008],[0.039754857000048,51.44098086000008]]]]}},{"type":"Feature","properties":{"FID":270,"LAD23CD":"E09000007","LAD23NM":"Camden","LAD23NMW":" ","BNG_E":527491,"BNG_N":184283,"LONG":-0.16291,"LAT":51.543049,"GlobalID":"{9CE95F78-BF48-4623-91CA-51F0D62F50C0}","SHAPE_Length":0.2769358172429451,"SHAPE_Area":0.0027786752359742093,"reference":"E09000007","name":"Camden"},"geometry":{"type":"MultiPolygon","coordinates":[[[[-0.138419158999966,51.55686816300005],[-0.130720645999929,51.550672485000064],[-0.129102816999932,51.54883660300004],[-0.126357378999955,51.545058597000036],[-0.125064221999935,51.54114297800004],[-0.119838910999931,51.53094718400007],[-0.11422900599996,51.52548255900007],[-0.105290341999932,51.51855485900006],[-0.113803702999974,51.518257937000044],[-0.111567823999962,51.515335030000074],[-0.128949098999954,51.51341477600005],[-0.130326509999975,51.516419592000034],[-0.143544818999942,51.52396596600005],[-0.145205616999931,51.52398897100005],[-0.152701824999951,51.53750954100008],[-0.164898866999977,51.53578464000003],[-0.173476990999973,51.53764639100007],[-0.175765523999928,51.53961672400004],[-0.178343044999963,51.53980807000005],[-0.188722648999942,51.534530509000035],[-0.191467608999972,51.53629235900007],[-0.201918605999936,51.54528417500006],[-0.20343240099993,51.54670930700007],[-0.203502883999931,51.54677603200008],[-0.203700949999927,51.54696239500004],[-0.213486676999935,51.55519093300006],[-0.20596749799995,51.55643032300003],[-0.199371627999938,51.556190033000064],[-0.19677484999994,51.559154626000065],[-0.190346428999931,51.56287154000006],[-0.182112166999957,51.56872602100003],[-0.173376244999929,51.57108731000005],[-0.171231832999979,51.572418251000045],[-0.142395610999927,51.56910600300006],[-0.139426986999979,51.55824222500007],[-0.138419158999966,51.55686816300005]]]]}},{"type":"Feature","properties":{"FID":271,"LAD23CD":"E09000008","LAD23NM":"Croydon","LAD23NMW":" ","BNG_E":533922,"BNG_N":164745,"LONG":-0.077610001,"LAT":51.365978,"GlobalID":"{12AE325A-0752-4FD2-9712-426AA7291D7D}","SHAPE_Length":0.5864640346714028,"SHAPE_Area":0.01122778038940316,"reference":"E09000008","name":"Croydon"},"geometry":{"type":"MultiPolygon","coordinates":[[[[-0.112632832999964,51.423242376000076],[-0.105962230999978,51.422594332000074],[-0.096883072999958,51.42267008200008],[-0.078557366999974,51.41987421200008],[-0.080760149999946,51.41604423200005],[-0.072742654999956,51.41268943400007],[-0.072835001999977,51.40848569700006],[-0.068570856999941,51.40384058300003],[-0.063758260999975,51.40156885500005],[-0.060529650999968,51.39913850800008],[-0.052930719999949,51.40143653200005],[-0.050418767999929,51.39801308300008],[-0.053472970999962,51.39491507300005],[-0.036523498999941,51.38843153700003],[-0.036778810999976,51.37699643700006],[-0.026766677999944,51.37937593500004],[-0.023567731999947,51.36529092100005],[-0.019780278999974,51.363633496000034],[-0.018288913999925,51.36123638600003],[-0.005308685999978,51.352575184000045],[-0.002960050999945,51.34551934800004],[0.003313305000063,51.33215504200007],[0.002255312000045,51.32913483500005],[-0.010946568999941,51.333675870000036],[-0.014316511999937,51.32977209500007],[-0.022150176999958,51.33813085600008],[-0.037920084999939,51.33872474400005],[-0.041986458999929,51.33386017300006],[-0.050277133999941,51.33263781100004],[-0.047868739999956,51.325245057000075],[-0.056251602999964,51.32166402100006],[-0.063986142999966,51.31864002200007],[-0.07101978299994,51.321223831000054],[-0.082236627999976,51.31694653800008],[-0.081931675999954,51.31064728900003],[-0.088731978999931,51.305104562000054],[-0.097244716999967,51.300295368000036],[-0.094324198999971,51.29935396500008],[-0.101139812999975,51.29628665600006],[-0.115805363999925,51.29064488700004],[-0.11778742599995,51.28718202300007],[-0.124301849999938,51.286790404000044],[-0.137213219999978,51.30074156100005],[-0.143577997999955,51.301244558000064],[-0.151023183999939,51.300721932000044],[-0.157735019999961,51.30442751000004],[-0.154315337999947,51.31031789700006],[-0.158330470999942,51.31098539100003],[-0.161879751999948,51.31962570500008],[-0.156523624999977,51.32148528700003],[-0.14557670399995,51.32349295500006],[-0.144411358999946,51.32646476800005],[-0.149188030999937,51.32884591100003],[-0.14407141199996,51.33069077000005],[-0.147483922999925,51.338798017000045],[-0.14428038899996,51.34021894500006],[-0.128347392999956,51.347450570000035],[-0.126854879999939,51.34486442600007],[-0.117284835999953,51.34566661500003],[-0.124554967999927,51.35836330600006],[-0.121402652999961,51.36234376400006],[-0.126732898999933,51.377068146000056],[-0.132612887999926,51.390124935000074],[-0.134321993999947,51.39084706700004],[-0.134257563999938,51.39091916500007],[-0.125398397999959,51.398826333000045],[-0.131456539999931,51.40493478700006],[-0.127724901999954,51.412316332000046],[-0.126832475999947,51.41269892500003],[-0.112632832999964,51.423242376000076]]]]}},{"type":"Feature","properties":{"FID":272,"LAD23CD":"E09000009","LAD23NM":"Ealing","LAD23NMW":" ","BNG_E":517055,"BNG_N":181959,"LONG":-0.3141,"LAT":51.524422,"GlobalID":"{88714EC5-3352-411B-BC5C-96C8C5249FF4}","SHAPE_Length":0.5392133310014202,"SHAPE_Area":0.007183729200599592,"reference":"E09000009","name":"Ealing"},"geometry":{"type":"MultiPolygon","coordinates":[[[[-0.335555531999944,51.55655690000003],[-0.312526297999966,51.54902808700007],[-0.308517710999979,51.54319870000006],[-0.304718037999976,51.53985887300007],[-0.307453581999937,51.53308705900008],[-0.302704988999949,51.53198653100003],[-0.281817393999972,51.53810673500004],[-0.278964094999935,51.533227503000035],[-0.289382581999973,51.53168284000003],[-0.282957481999972,51.52884590700006],[-0.255644957999948,51.533978983000054],[-0.24628157099994,51.53273751000006],[-0.25176804299997,51.52211708700003],[-0.248971351999955,51.51389060200006],[-0.245134655999948,51.50676959700007],[-0.246466730999941,51.50674307700007],[-0.245673762999957,51.504628611000044],[-0.255064220999941,51.50432925000007],[-0.253040909999925,51.50142233500003],[-0.25542212299996,51.49497834500005],[-0.269061038999951,51.49402632200008],[-0.274176318999935,51.49729279300004],[-0.280772401999968,51.502847528000075],[-0.300669386999971,51.49932922600004],[-0.297537161999969,51.49488471500007],[-0.305431203999945,51.49453736300006],[-0.311911168999927,51.49197145900007],[-0.315794342999936,51.49590734700007],[-0.327341219999937,51.49600241400003],[-0.33123124399998,51.49550955900003],[-0.335117279999963,51.49614744400003],[-0.33526455599997,51.49615791400004],[-0.335375050999971,51.496165768000026],[-0.350619147999964,51.49910665800007],[-0.366986978999932,51.492803379000065],[-0.37185104699995,51.49047615600006],[-0.375012564999963,51.49399602600005],[-0.377876676999961,51.49660664600003],[-0.384546938999961,51.49468305600004],[-0.406918399999938,51.499666398000045],[-0.403826556999945,51.50292661900005],[-0.393513488999929,51.507011730000045],[-0.390422059999935,51.513204563000045],[-0.383430005999969,51.51748857900003],[-0.376371680999966,51.52888490300006],[-0.380996722999953,51.52941169500008],[-0.411845421999942,51.53407281400007],[-0.418586413999947,51.540221967000036],[-0.395285531999946,51.54255163400006],[-0.398706173999926,51.54789736100008],[-0.39498604299996,51.54803871000007],[-0.37784337599993,51.55497706400007],[-0.375881513999957,51.55308460500004],[-0.36230031599996,51.557248360000074],[-0.347548976999974,51.559657396000034],[-0.335555531999944,51.55655690000003]]]]}},{"type":"Feature","properties":{"FID":273,"LAD23CD":"E09000010","LAD23NM":"Enfield","LAD23NMW":" ","BNG_E":532831,"BNG_N":196198,"LONG":-0.081440002,"LAT":51.648891,"GlobalID":"{4BE77387-5A58-4D37-916B-11E02705DA4C}","SHAPE_Length":0.4763357882547248,"SHAPE_Area":0.01071525246822913,"reference":"E09000010","name":"Enfield"},"geometry":{"type":"MultiPolygon","coordinates":[[[[-0.083889094999961,51.689913388000036],[-0.062088958999936,51.68297668000008],[-0.048935773999972,51.68401701000005],[-0.033392078999952,51.68249447300008],[-0.011918675999937,51.68087781600008],[-0.010328400999924,51.67666467000004],[-0.00983142299998,51.66177045100005],[-0.011837262999961,51.64884751100004],[-0.012259686999926,51.646228697000026],[-0.01478007399993,51.63673878700007],[-0.016809081999952,51.633528898000066],[-0.023392602999934,51.625278439000056],[-0.024024616999952,51.624643965000075],[-0.025937770999974,51.621742823000034],[-0.035322449999967,51.61298425100006],[-0.033946651999941,51.609503861000064],[-0.041390716999956,51.60564678500003],[-0.067476927999962,51.60863989200004],[-0.085599899999977,51.60847329500007],[-0.097466236999935,51.60851747100003],[-0.114451348999978,51.608402546000036],[-0.115623936999953,51.60842213800004],[-0.138705995999942,51.610185787000034],[-0.144495115999973,51.615509013000064],[-0.142033436999952,51.61628031300006],[-0.132382694999933,51.62719292700007],[-0.129093931999932,51.632265449000045],[-0.13839031699996,51.63652644700005],[-0.142287195999927,51.639310443000056],[-0.152121724999972,51.64580067700007],[-0.149867892999964,51.64881028900004],[-0.154731838999965,51.655545145000076],[-0.175562037999953,51.66059957900006],[-0.185418359999971,51.66353630500004],[-0.181960814999968,51.668683196000075],[-0.176385933999939,51.672644982000065],[-0.17247316299995,51.67309135700003],[-0.163503791999972,51.685922910000045],[-0.163493271999926,51.688115080000046],[-0.149431382999978,51.685509369000044],[-0.11820456199996,51.68906613100006],[-0.105779139999925,51.69187564500004],[-0.083889094999961,51.689913388000036]]]]}},{"type":"Feature","properties":{"FID":274,"LAD23CD":"E09000011","LAD23NM":"Greenwich","LAD23NMW":" ","BNG_E":542507,"BNG_N":175878,"LONG":0.050092999,"LAT":51.46394,"GlobalID":"{8AF991F3-36E0-40C9-BE61-CE1F0811CC44}","SHAPE_Length":0.5015279963345957,"SHAPE_Area":0.006081633391551596,"reference":"E09000011","name":"Greenwich"},"geometry":{"type":"MultiPolygon","coordinates":[[[[-0.017798601999971,51.48087473500004],[-0.01709031799993,51.48040979900003],[-0.017325245999928,51.480199654000046],[-0.018761443999949,51.47891492700006],[-0.017798601999971,51.48087473500004]]],[[[-0.017798601999971,51.48087473500004],[-0.026365297999973,51.48150682600004],[-0.024302792999947,51.485202453000056],[-0.017798601999971,51.48087473500004]]],[[[0.120975423000061,51.50080029700007],[0.121299261000047,51.49110344600007],[0.121297277000053,51.491031305000035],[0.122056599000075,51.483211363000066],[0.122044685000049,51.48299474500004],[0.122030983000059,51.48287268400003],[0.124191087000042,51.47684901900004],[0.11847134900006,51.47890313500005],[0.115509656000029,51.47616815200007],[0.112477040000044,51.47342101800007],[0.108189976000062,51.47611680700004],[0.098244271000056,51.47545242100006],[0.087053333000028,51.46997023800003],[0.082313074000069,51.46664131500006],[0.082942126000034,51.45982950500007],[0.078881441000021,51.45912872200006],[0.085732177000068,51.45645031000004],[0.088075276000041,51.44749577500005],[0.078460423000024,51.437116368000034],[0.07843852700006,51.43709317400004],[0.075360212000021,51.431986652000035],[0.06313816100004,51.42413504800004],[0.058207380000056,51.42487150800008],[0.039754857000048,51.44098086000008],[0.030549450000024,51.44432794800008],[0.029378816000076,51.44170542000006],[0.021505759000036,51.44272826300005],[0.022418261000041,51.44812378700004],[0.015100185000051,51.45000678700006],[0.019885305000059,51.45072971700006],[0.017548729000055,51.455031932000054],[0.011510525000062,51.45668520500004],[0.010438734000047,51.458482152000045],[0.009094760000039,51.465872999000055],[0.013265505000049,51.46683907100004],[0.012610183000049,51.46980851300003],[0.016543599000045,51.46912899600005],[0.017962966000027,51.47383003400006],[0.012113525000075,51.473169158000076],[-0.014045390999968,51.47267092000004],[-0.013105950999943,51.46893943400005],[-0.017161299999941,51.46932766500004],[-0.022791955999935,51.47446630300004],[-0.01916229099993,51.478097450000064],[-0.018980269999929,51.47846866300006],[-0.016834074999963,51.48024558100008],[-0.014999296999974,51.481766565000044],[-0.017858456999932,51.48321869500006],[-0.010925184999962,51.48398422500003],[-0.004700171999957,51.48467117800004],[-0.004618593999965,51.48473116300005],[0.002473437000049,51.48994524600005],[0.001185810000038,51.492730564000055],[-0.002240195999946,51.50013986000005],[-0.001005462999956,51.50189047500004],[0.000852384000041,51.50452427500005],[0.005586874000073,51.501777865000065],[0.015415842000039,51.49607469800003],[0.015726421000068,51.49589445200007],[0.029045431000043,51.493916547000026],[0.029596385000048,51.49393971900008],[0.029744027000049,51.49394592800007],[0.045798449000074,51.49461990200007],[0.061103970000033,51.49526039600005],[0.075047414000039,51.49584215200008],[0.075924368000074,51.49587868500004],[0.076234545000034,51.495891604000064],[0.08243109700004,51.498861711000075],[0.082721438000021,51.49916797000003],[0.083900670000048,51.50041179800007],[0.088021922000053,51.50475844400006],[0.09205213000007,51.509008117000064],[0.118784514000026,51.51131951500008],[0.120975423000061,51.50080029700007]]]]}},{"type":"Feature","properties":{"FID":275,"LAD23CD":"E09000012","LAD23NM":"Hackney","LAD23NMW":" ","BNG_E":534560,"BNG_N":185787,"LONG":-0.060449999,"LAT":51.55492,"GlobalID":"{531E10E0-753A-4EAE-A4FF-967AFD9286C3}","SHAPE_Length":0.27781802059523614,"SHAPE_Area":0.0024858539202400453,"reference":"E09000012","name":"Hackney"},"geometry":{"type":"MultiPolygon","coordinates":[[[[-0.017174334999936,51.551577285000064],[-0.016549675999954,51.54332986800006],[-0.028991068999972,51.54227297700004],[-0.033191114999966,51.54468571700005],[-0.037421318999975,51.54128148600006],[-0.040737913999976,51.53811865700004],[-0.052856450999968,51.534938717000045],[-0.057301907999943,51.53441444100008],[-0.062434445999941,51.535532498000066],[-0.06625344899993,51.53122007300004],[-0.075715309999964,51.52835819500007],[-0.076119965999965,51.52236897900008],[-0.078529105999962,51.521511919000034],[-0.085232644999962,51.52034839700008],[-0.085009791999937,51.526237636000076],[-0.091481256999941,51.52820851600006],[-0.097032336999973,51.53300334000005],[-0.093147286999965,51.53439880700006],[-0.089688990999946,51.53604322800004],[-0.086563397999953,51.53730227300008],[-0.086561524999979,51.53736716600008],[-0.08378952399994,51.546585236000055],[-0.076685252999937,51.546086596000066],[-0.077677390999952,51.549483010000074],[-0.079399000999956,51.55167269200007],[-0.090356141999962,51.55415142700008],[-0.090396921999968,51.55757417500007],[-0.091716867999935,51.56020148700003],[-0.098585794999963,51.560813934000066],[-0.099565512999959,51.56156279900006],[-0.104373934999956,51.56476665900004],[-0.104032178999944,51.56496624600004],[-0.098075757999936,51.56911173900005],[-0.097634982999978,51.57364559200005],[-0.085658828999954,51.57504010200006],[-0.076242674999946,51.57493519700006],[-0.072392068999932,51.57563346200004],[-0.061158571999954,51.57778603700007],[-0.051146012999936,51.56772980100004],[-0.04512970899998,51.56178994600003],[-0.030039588999955,51.56135891200006],[-0.017174050999927,51.55167589500007],[-0.017174334999936,51.551577285000064]]]]}},{"type":"Feature","properties":{"FID":276,"LAD23CD":"E09000013","LAD23NM":"Hammersmith and Fulham","LAD23NMW":" ","BNG_E":523867,"BNG_N":177993,"LONG":-0.21735001,"LAT":51.487331,"GlobalID":"{D5A3ADC7-DD7E-4467-93A9-0D1D3849E1C9}","SHAPE_Length":0.2613487380592161,"SHAPE_Area":0.0020783733218696894,"reference":"E09000013","name":"Hammersmith and Fulham"},"geometry":{"type":"MultiPolygon","coordinates":[[[[-0.215386352999928,51.46843128100005],[-0.20985699199997,51.46629880100005],[-0.21265391299994,51.46675264500004],[-0.215386352999928,51.46843128100005]]],[[[-0.225134822999962,51.476631918000066],[-0.224887474999946,51.47590275200008],[-0.225356566999949,51.47643439400008],[-0.225845612999933,51.47872716300003],[-0.225134822999962,51.476631918000066]]],[[[-0.21502890599993,51.50218530200004],[-0.207951410999954,51.496031568000035],[-0.203085507999958,51.49337146800008],[-0.201833010999962,51.491845296000065],[-0.202364640999974,51.49166154000005],[-0.196405191999929,51.487186903000065],[-0.195906064999974,51.48737071100004],[-0.19077081699993,51.48316568700005],[-0.188262412999961,51.480966677000026],[-0.18652101899994,51.479868846000045],[-0.183876302999977,51.477443133000065],[-0.183775596999965,51.47744473400007],[-0.18385662299994,51.47741955200007],[-0.182839872999978,51.477459604000046],[-0.179441289999943,51.47751355500003],[-0.182345087999977,51.47181599000004],[-0.185908697999935,51.46737583000004],[-0.188811281999961,51.46682750200006],[-0.197374863999926,51.46520924600003],[-0.198026880999976,51.465356704000044],[-0.216664070999968,51.46956967300008],[-0.22221622099994,51.479231526000035],[-0.22374743599994,51.48189537400003],[-0.224064561999967,51.48244703700004],[-0.226540196999963,51.48595111700007],[-0.227559643999939,51.487393920000045],[-0.234394019999968,51.490425522000066],[-0.243470856999977,51.48888441200006],[-0.243609073999949,51.48886093800007],[-0.245929224999941,51.498141332000046],[-0.249203164999926,51.49694990000006],[-0.253040909999925,51.50142233500003],[-0.255064220999941,51.50432925000007],[-0.245673762999957,51.504628611000044],[-0.246466730999941,51.50674307700007],[-0.245134655999948,51.50676959700007],[-0.248971351999955,51.51389060200006],[-0.25176804299997,51.52211708700003],[-0.24628157099994,51.53273751000006],[-0.23382124699998,51.53233111600008],[-0.228440757999977,51.530319157000065],[-0.226543292999963,51.519577079000044],[-0.222464367999976,51.51540701300007],[-0.220235963999926,51.51173279900007],[-0.215541652999946,51.50839204500005],[-0.217001984999968,51.504504172000054],[-0.216976652999961,51.50446615100003],[-0.21502890599993,51.50218530200004]]]]}},{"type":"Feature","properties":{"FID":277,"LAD23CD":"E09000014","LAD23NM":"Haringey","LAD23NMW":" ","BNG_E":531260,"BNG_N":189349,"LONG":-0.1067,"LAT":51.587711,"GlobalID":"{575EF380-8CC9-4BA2-A8AE-362DC410ED4F}","SHAPE_Length":0.3256273343074709,"SHAPE_Area":0.003845377743090195,"reference":"E09000014","name":"Haringey"},"geometry":{"type":"MultiPolygon","coordinates":[[[[-0.115623936999953,51.60842213800004],[-0.114451348999978,51.608402546000036],[-0.097466236999935,51.60851747100003],[-0.085599899999977,51.60847329500007],[-0.067476927999962,51.60863989200004],[-0.041390716999956,51.60564678500003],[-0.052288931999954,51.59354103800007],[-0.053200591999939,51.58693272600004],[-0.061158571999954,51.57778603700007],[-0.072392068999932,51.57563346200004],[-0.076242674999946,51.57493519700006],[-0.085658828999954,51.57504010200006],[-0.097634982999978,51.57364559200005],[-0.098075757999936,51.56911173900005],[-0.104032178999944,51.56496624600004],[-0.104373934999956,51.56476665900004],[-0.110690523999949,51.56861286900005],[-0.115701333999937,51.57201648900008],[-0.118876824999973,51.57473082300004],[-0.133385080999972,51.57287518500004],[-0.138308605999953,51.57059401500004],[-0.142395610999927,51.56910600300006],[-0.171231832999979,51.572418251000045],[-0.163070346999973,51.58436965900006],[-0.161339670999951,51.58528412700008],[-0.157130981999956,51.58619139500007],[-0.161761100999968,51.59747886000008],[-0.156340779999937,51.605368929000065],[-0.151330700999949,51.597471100000064],[-0.144470071999933,51.600121785000056],[-0.143425302999958,51.608831061000046],[-0.138705995999942,51.610185787000034],[-0.115623936999953,51.60842213800004]]]]}},{"type":"Feature","properties":{"FID":278,"LAD23CD":"E09000015","LAD23NM":"Harrow","LAD23NMW":" ","BNG_E":515359,"BNG_N":189736,"LONG":-0.33598,"LAT":51.594669,"GlobalID":"{B71DD943-CF29-4991-BCF6-85B58A1D5C47}","SHAPE_Length":0.3794698722901,"SHAPE_Area":0.0065522773183954545,"reference":"E09000015","name":"Harrow"},"geometry":{"type":"MultiPolygon","coordinates":[[[[-0.284197440999947,51.590495539000074],[-0.28245801199995,51.58505166500004],[-0.306784639999933,51.58651543800005],[-0.317025088999969,51.58207509200008],[-0.326634184999932,51.57860067400003],[-0.326587519999975,51.57829001700003],[-0.322148244999937,51.569677057000035],[-0.329849337999974,51.56712821900004],[-0.331264836999935,51.56141428900003],[-0.335555531999944,51.55655690000003],[-0.347548976999974,51.559657396000034],[-0.36230031599996,51.557248360000074],[-0.375881513999957,51.55308460500004],[-0.37784337599993,51.55497706400007],[-0.380088715999932,51.559585801000026],[-0.381892289999939,51.56307668800008],[-0.385883077999949,51.570897494000064],[-0.395573576999936,51.59059356100005],[-0.397696181999947,51.596880816000066],[-0.403996050999979,51.61318398100008],[-0.385871935999944,51.61582004400003],[-0.384571611999945,51.616169753000065],[-0.368174514999964,51.620652379000035],[-0.362621257999933,51.623504817000025],[-0.339889641999946,51.63072374400008],[-0.317549392999979,51.640216311000074],[-0.31667224499995,51.640535568000075],[-0.30444997099994,51.63634872000006],[-0.304460793999965,51.63203366500005],[-0.292643324999972,51.62174294700003],[-0.28103019699995,51.61227239500005],[-0.278348902999937,51.60978536400006],[-0.267113114999972,51.60037196900004],[-0.287051821999967,51.594562833000055],[-0.290405901999975,51.593543802000056],[-0.284197440999947,51.590495539000074]]]]}},{"type":"Feature","properties":{"FID":279,"LAD23CD":"E09000016","LAD23NM":"Havering","LAD23NMW":" ","BNG_E":555032,"BNG_N":187514,"LONG":0.235368,"LAT":51.565189,"GlobalID":"{EAF93273-3254-4A6D-9488-56780EBBDBF4}","SHAPE_Length":0.6831915069561284,"SHAPE_Area":0.014592880604156078,"reference":"E09000016","name":"Havering"},"geometry":{"type":"MultiPolygon","coordinates":[[[[0.224087730000065,51.63173776200006],[0.263257699000064,51.60919199500006],[0.253916399000047,51.60192012300007],[0.260870024000042,51.600390470000036],[0.269866485000023,51.599554451000074],[0.271232678000047,51.58899215800005],[0.287123868000037,51.57270998900003],[0.290201524000054,51.56449719900007],[0.31303508000002,51.56581813300005],[0.315294830000028,51.557835295000075],[0.327816068000061,51.55099456900007],[0.333902598000066,51.54249370300005],[0.331429401000037,51.540045461000034],[0.322441491000063,51.54051785300004],[0.265347272000042,51.53215026600003],[0.266638180000029,51.52295589100004],[0.262307889000056,51.51793049100007],[0.253834318000031,51.51788587300007],[0.250852047000024,51.52881862700008],[0.245837498000071,51.52351618200004],[0.242856,51.52439246300003],[0.240724595000074,51.52120738700006],[0.244905836000044,51.51875947600007],[0.237176010000042,51.51933443400003],[0.241919319000033,51.507960128000036],[0.226597286000072,51.50656324400006],[0.229965350000043,51.49936592000006],[0.214156929000069,51.49603961100007],[0.211870089000058,51.489958956000066],[0.210553951000065,51.490243107000026],[0.187684067000021,51.48785887400004],[0.182035196000072,51.498627328000055],[0.178574967000031,51.50520386300008],[0.159207810000055,51.512015887000075],[0.159049531000051,51.512071535000075],[0.162282351000044,51.52137109000006],[0.165962966000052,51.52879337500008],[0.168696355000066,51.53119084000008],[0.17388283400004,51.53738842800004],[0.186013642000034,51.547535922000066],[0.19016902900006,51.55272086200006],[0.182665769000039,51.561242708000066],[0.185180463000052,51.56551308300004],[0.161893736000025,51.56161687400004],[0.154363766000074,51.56611315400005],[0.146703648000027,51.56879663400008],[0.148988110000062,51.57314913100004],[0.14856379400004,51.58077501200006],[0.149879934000069,51.59701167700007],[0.148205902000029,51.59896846500004],[0.147540562000074,51.61222335300005],[0.13818423500004,51.62354539700004],[0.151073418000067,51.62324704400004],[0.168901298000037,51.62142017000008],[0.181238047000022,51.625826595000035],[0.200311573000022,51.62493575800005],[0.208496661000027,51.62668769600003],[0.224087730000065,51.63173776200006]]]]}},{"type":"Feature","properties":{"FID":280,"LAD23CD":"E09000017","LAD23NM":"Hillingdon","LAD23NMW":" ","BNG_E":508168,"BNG_N":183121,"LONG":-0.44179001,"LAT":51.53664,"GlobalID":"{12DBEC9B-ABDE-47B2-A1B9-3B0670309E8E}","SHAPE_Length":0.6498400596684449,"SHAPE_Area":0.015019095541763445,"reference":"E09000017","name":"Hillingdon"},"geometry":{"type":"MultiPolygon","coordinates":[[[[-0.459742897999945,51.61315934800007],[-0.45713075499998,51.612293890000046],[-0.440575300999967,51.62007323900008],[-0.411985221999942,51.61418268700004],[-0.403996050999979,51.61318398100008],[-0.397696181999947,51.596880816000066],[-0.395573576999936,51.59059356100005],[-0.385883077999949,51.570897494000064],[-0.381892289999939,51.56307668800008],[-0.380088715999932,51.559585801000026],[-0.37784337599993,51.55497706400007],[-0.39498604299996,51.54803871000007],[-0.398706173999926,51.54789736100008],[-0.395285531999946,51.54255163400006],[-0.418586413999947,51.540221967000036],[-0.411845421999942,51.53407281400007],[-0.380996722999953,51.52941169500008],[-0.376371680999966,51.52888490300006],[-0.383430005999969,51.51748857900003],[-0.390422059999935,51.513204563000045],[-0.393513488999929,51.507011730000045],[-0.403826556999945,51.50292661900005],[-0.406918399999938,51.499666398000045],[-0.41184635999997,51.49243654000003],[-0.416920349999941,51.48246289300005],[-0.411131663999925,51.46988751500004],[-0.433596847999979,51.46171769600005],[-0.434997243999931,51.45688366500008],[-0.441424058999928,51.45677754800005],[-0.443949638999925,51.45329059200003],[-0.458723753999948,51.456341741000074],[-0.49386610199997,51.462763464000034],[-0.509807321999972,51.46920726500008],[-0.499169215999927,51.48858121400008],[-0.490116782999962,51.49457891600008],[-0.490024730999949,51.49474763500007],[-0.483266374999971,51.50664080100006],[-0.485535851999941,51.510027808000075],[-0.489786522999964,51.51152682900005],[-0.491631095999935,51.51889720600008],[-0.488973661999978,51.52908874500008],[-0.49548974399994,51.538429206000046],[-0.491074732999948,51.544531275000054],[-0.477329882999925,51.55527208400008],[-0.476986931999932,51.559625277000066],[-0.482793740999966,51.562821668000026],[-0.484026265999944,51.575127327000075],[-0.494825295999931,51.58477725900008],[-0.499634635999939,51.59670323900008],[-0.500595886999974,51.599689900000044],[-0.496257603999936,51.602444036000065],[-0.499214908999932,51.60888110800005],[-0.495321906999948,51.61893754600004],[-0.500148673999945,51.62207187900003],[-0.499965025999927,51.62917330500005],[-0.497127638999928,51.63167911200003],[-0.459742897999945,51.61315934800007]]]]}},{"type":"Feature","properties":{"FID":281,"LAD23CD":"E09000018","LAD23NM":"Hounslow","LAD23NMW":" ","BNG_E":512737,"BNG_N":174959,"LONG":-0.37854999,"LAT":51.462379,"GlobalID":"{B857EACC-6B2B-436A-A69F-D621ACC4E715}","SHAPE_Length":0.626083246893756,"SHAPE_Area":0.0072710541176282525,"reference":"E09000018","name":"Hounslow"},"geometry":{"type":"MultiPolygon","coordinates":[[[[-0.278095528999927,51.482202157000074],[-0.278038583999944,51.48213041300005],[-0.278226514999972,51.48226382400003],[-0.278095528999927,51.482202157000074]]],[[[-0.274176318999935,51.49729279300004],[-0.269061038999951,51.49402632200008],[-0.25542212299996,51.49497834500005],[-0.253040909999925,51.50142233500003],[-0.249203164999926,51.49694990000006],[-0.245929224999941,51.498141332000046],[-0.243609073999949,51.48886093800007],[-0.244539276999944,51.488702956000054],[-0.249710506999975,51.48569211900008],[-0.255070802999967,51.472912406000034],[-0.255740940999942,51.472613816000035],[-0.269154104999927,51.47359465400007],[-0.273371228999963,51.47886164000005],[-0.274932135999961,51.48081081400005],[-0.27708464899996,51.48349845100006],[-0.283771280999929,51.486199559000056],[-0.283822025999939,51.48623557500008],[-0.283874285999957,51.486241163000045],[-0.286871819999931,51.48745180600008],[-0.287447547999932,51.487684314000035],[-0.289886241999966,51.48717187600005],[-0.29079246699996,51.486980634000076],[-0.292507598999975,51.48716389500004],[-0.295351450999931,51.48601841200008],[-0.298199980999925,51.48541708800008],[-0.298964454999975,51.485255693000056],[-0.299091593999947,51.48511256300003],[-0.304398983999931,51.47913657000004],[-0.304430251999975,51.47910135800004],[-0.308368842999926,51.47570314600006],[-0.319129670999928,51.47147670900006],[-0.320219875999953,51.468880425000066],[-0.321712316999935,51.465406597000026],[-0.321383122999976,51.46516647800007],[-0.325343872999952,51.46372043800005],[-0.326934014999949,51.45701090000006],[-0.336982323999962,51.45464818900007],[-0.341706615999954,51.45901728900003],[-0.34273540199996,51.45807178000007],[-0.369567304999975,51.45696791900008],[-0.387786647999974,51.44937131800003],[-0.378205142999946,51.44248429400005],[-0.367098817999931,51.44170068100004],[-0.376092562999929,51.43550626900003],[-0.376157260999946,51.435467147000054],[-0.388387259999945,51.42799727100004],[-0.384951483999942,51.42125886700006],[-0.391317070999946,51.422315413000035],[-0.407775632999972,51.423578391000035],[-0.418583730999956,51.43210996600004],[-0.42783137999993,51.42925237000003],[-0.439983255999948,51.43062645100008],[-0.43975229299997,51.43461959800004],[-0.447716870999955,51.43500298300006],[-0.446288584999934,51.43999642000006],[-0.456475090999959,51.43822454600007],[-0.461319944999957,51.45239126400003],[-0.458723753999948,51.456341741000074],[-0.443949638999925,51.45329059200003],[-0.441424058999928,51.45677754800005],[-0.434997243999931,51.45688366500008],[-0.433596847999979,51.46171769600005],[-0.411131663999925,51.46988751500004],[-0.416920349999941,51.48246289300005],[-0.41184635999997,51.49243654000003],[-0.406918399999938,51.499666398000045],[-0.384546938999961,51.49468305600004],[-0.377876676999961,51.49660664600003],[-0.375012564999963,51.49399602600005],[-0.37185104699995,51.49047615600006],[-0.366986978999932,51.492803379000065],[-0.350619147999964,51.49910665800007],[-0.335375050999971,51.496165768000026],[-0.33526455599997,51.49615791400004],[-0.335117279999963,51.49614744400003],[-0.33123124399998,51.49550955900003],[-0.327341219999937,51.49600241400003],[-0.315794342999936,51.49590734700007],[-0.311911168999927,51.49197145900007],[-0.305431203999945,51.49453736300006],[-0.297537161999969,51.49488471500007],[-0.300669386999971,51.49932922600004],[-0.280772401999968,51.502847528000075],[-0.274176318999935,51.49729279300004]]]]}},{"type":"Feature","properties":{"FID":282,"LAD23CD":"E09000019","LAD23NM":"Islington","LAD23NMW":" ","BNG_E":531160,"BNG_N":184645,"LONG":-0.10989,"LAT":51.54546,"GlobalID":"{08E14C5D-CB4A-4FD9-A9C9-D328306B9FB4}","SHAPE_Length":0.21471323904996445,"SHAPE_Area":0.0019422798021474588,"reference":"E09000019","name":"Islington"},"geometry":{"type":"MultiPolygon","coordinates":[[[[-0.077677390999952,51.549483010000074],[-0.076685252999937,51.546086596000066],[-0.08378952399994,51.546585236000055],[-0.086561524999979,51.53736716600008],[-0.086563397999953,51.53730227300008],[-0.089688990999946,51.53604322800004],[-0.093147286999965,51.53439880700006],[-0.097032336999973,51.53300334000005],[-0.091481256999941,51.52820851600006],[-0.085009791999937,51.526237636000076],[-0.085232644999962,51.52034839700008],[-0.086199730999965,51.518812110000056],[-0.092360246999931,51.52103561200005],[-0.097385010999972,51.52159209300004],[-0.097572526999954,51.52117475700004],[-0.100252194999939,51.52012904700007],[-0.101749477999931,51.51968290800005],[-0.105290341999932,51.51855485900006],[-0.11422900599996,51.52548255900007],[-0.119838910999931,51.53094718400007],[-0.125064221999935,51.54114297800004],[-0.126357378999955,51.545058597000036],[-0.129102816999932,51.54883660300004],[-0.130720645999929,51.550672485000064],[-0.138419158999966,51.55686816300005],[-0.139426986999979,51.55824222500007],[-0.142395610999927,51.56910600300006],[-0.138308605999953,51.57059401500004],[-0.133385080999972,51.57287518500004],[-0.118876824999973,51.57473082300004],[-0.115701333999937,51.57201648900008],[-0.110690523999949,51.56861286900005],[-0.104373934999956,51.56476665900004],[-0.099565512999959,51.56156279900006],[-0.098585794999963,51.560813934000066],[-0.091716867999935,51.56020148700003],[-0.090396921999968,51.55757417500007],[-0.090356141999962,51.55415142700008],[-0.079399000999956,51.55167269200007],[-0.077677390999952,51.549483010000074]]]]}},{"type":"Feature","properties":{"FID":283,"LAD23CD":"E09000020","LAD23NM":"Kensington and Chelsea","LAD23NMW":" ","BNG_E":525756,"BNG_N":179054,"LONG":-0.18978,"LAT":51.496449,"GlobalID":"{82293371-D0B3-464C-8070-F52717E482D6}","SHAPE_Length":0.2274232766485135,"SHAPE_Area":0.0015755567764159707,"reference":"E09000020","name":"Kensington and Chelsea"},"geometry":{"type":"MultiPolygon","coordinates":[[[[-0.179441289999943,51.47751355500003],[-0.182839872999978,51.477459604000046],[-0.179399746999934,51.47759505500005],[-0.179441289999943,51.47751355500003]]],[[[-0.199907497999959,51.51684019500004],[-0.199171143999934,51.51454097800007],[-0.195052991999944,51.51504010800005],[-0.19212302699998,51.509877740000036],[-0.189079661999926,51.510123846000056],[-0.184204940999962,51.50178885300005],[-0.180311744999926,51.501462235000076],[-0.179523789999962,51.497781201000066],[-0.165419105999945,51.49868548900008],[-0.158457847999955,51.50222619800007],[-0.155778957999928,51.49471991300004],[-0.15033000699998,51.48543859900008],[-0.150582215999975,51.485405111000034],[-0.163805319999938,51.48364855600005],[-0.164344728999936,51.48348105400004],[-0.170730723999952,51.481497740000066],[-0.172549520999951,51.48116682300008],[-0.173154804999967,51.48074475000004],[-0.181663969999931,51.47810095900007],[-0.183775596999965,51.47744473400007],[-0.183876302999977,51.477443133000065],[-0.18652101899994,51.479868846000045],[-0.188262412999961,51.480966677000026],[-0.19077081699993,51.48316568700005],[-0.195906064999974,51.48737071100004],[-0.196405191999929,51.487186903000065],[-0.202364640999974,51.49166154000005],[-0.201833010999962,51.491845296000065],[-0.203085507999958,51.49337146800008],[-0.207951410999954,51.496031568000035],[-0.21502890599993,51.50218530200004],[-0.216976652999961,51.50446615100003],[-0.217001984999968,51.504504172000054],[-0.215541652999946,51.50839204500005],[-0.220235963999926,51.51173279900007],[-0.222464367999976,51.51540701300007],[-0.226543292999963,51.519577079000044],[-0.228440757999977,51.530319157000065],[-0.216020723999975,51.52792036100004],[-0.215496668999947,51.52671858800005],[-0.207297353999934,51.526234517000034],[-0.201625846999946,51.522742150000056],[-0.203742320999936,51.520624326000075],[-0.199907497999959,51.51684019500004]]]]}},{"type":"Feature","properties":{"FID":284,"LAD23CD":"E09000021","LAD23NM":"Kingston upon Thames","LAD23NMW":" ","BNG_E":519508,"BNG_N":167389,"LONG":-0.28367001,"LAT":51.39296,"GlobalID":"{142DA147-6B5C-490C-B037-22E4CDBFCC2E}","SHAPE_Length":0.3719901750196273,"SHAPE_Area":0.004797138748721156,"reference":"E09000021","name":"Kingston upon Thames"},"geometry":{"type":"MultiPolygon","coordinates":[[[[-0.254238566999959,51.429302009000025],[-0.249520611999969,51.41477585100006],[-0.247157795999954,51.40960674100006],[-0.244703373999926,51.40385532200003],[-0.246893118999935,51.397107866000056],[-0.239691090999941,51.38927393300003],[-0.244940587999963,51.380646281000054],[-0.245030254999961,51.38003396600004],[-0.260991332999936,51.379595675000076],[-0.26906460999993,51.37356180900008],[-0.272545417999936,51.37226388700003],[-0.274022551999963,51.370655283000076],[-0.284071128999926,51.36515002400006],[-0.288395626999943,51.36215995400005],[-0.287018686999943,51.35939784200008],[-0.304065646999959,51.34317165200008],[-0.305062771999928,51.33781463500003],[-0.30618917299995,51.33507556600006],[-0.323946901999932,51.326716066000074],[-0.330655551999939,51.32900963900005],[-0.327923136999971,51.352184513000054],[-0.318481506999944,51.365762190000055],[-0.317897382999945,51.36979779600006],[-0.312651477999964,51.37475113700003],[-0.308434001999956,51.37585942700008],[-0.30736544399997,51.378383546000066],[-0.31313595499995,51.38879940400005],[-0.315958341999931,51.38763225300005],[-0.317697878999979,51.39366708000006],[-0.312108371999955,51.39813866700007],[-0.310289452999939,51.399609844000054],[-0.308469296999931,51.41352497200006],[-0.308361931999968,51.42500942700008],[-0.31443042899997,51.42824891400005],[-0.31065091399995,51.432209528000044],[-0.301593959999934,51.43143468200003],[-0.294792455999925,51.426443893000055],[-0.290616409999927,51.42899016500007],[-0.287790170999926,51.422734019000075],[-0.28655999199998,51.420185494000066],[-0.278579609999952,51.42335137400005],[-0.256318925999949,51.436345215000074],[-0.25406636699995,51.43728786500003],[-0.251085088999957,51.43255779200007],[-0.254238566999959,51.429302009000025]]]]}},{"type":"Feature","properties":{"FID":285,"LAD23CD":"E09000022","LAD23NM":"Lambeth","LAD23NMW":" ","BNG_E":531118,"BNG_N":175629,"LONG":-0.11385,"LAT":51.464451,"GlobalID":"{69961E58-92D0-401E-AA88-C1BD9F7997B6}","SHAPE_Length":0.3441476355355604,"SHAPE_Area":0.0034340350032899267,"reference":"E09000022","name":"Lambeth"},"geometry":{"type":"MultiPolygon","coordinates":[[[[-0.099364729999934,51.472643161000065],[-0.095975146999933,51.46986743100007],[-0.093015132999938,51.47202856900003],[-0.09115077499996,51.46759603900006],[-0.09224405599997,51.461058413000046],[-0.10076252999994,51.450336116000074],[-0.092895539999972,51.44108158300003],[-0.089345231999971,51.432017167000026],[-0.078287681999939,51.420604714000035],[-0.078557366999974,51.41987421200008],[-0.096883072999958,51.42267008200008],[-0.105962230999978,51.422594332000074],[-0.112632832999964,51.423242376000076],[-0.126832475999947,51.41269892500003],[-0.127724901999954,51.412316332000046],[-0.148064535999936,51.412870113000054],[-0.143189848999953,51.41728107200004],[-0.140358847999948,51.41926370500005],[-0.13779169999998,51.42110838100007],[-0.138368337999964,51.43048490500007],[-0.13525599899998,51.43032259300003],[-0.139765384999976,51.43574379100005],[-0.137475774999928,51.44015790800006],[-0.135931717999938,51.442007440000054],[-0.143610576999947,51.441838963000066],[-0.145576035999966,51.44601793700008],[-0.142285534999928,51.45098232500004],[-0.147704336999936,51.45234006100003],[-0.148140102999946,51.45640218900007],[-0.149694858999965,51.46129172800005],[-0.150658802999942,51.46629120500006],[-0.139785263999954,51.47133252000003],[-0.13387647899998,51.47569439400007],[-0.130683537999971,51.480179329000066],[-0.12630848799995,51.48447100700008],[-0.128088236999929,51.48527005700004],[-0.125525091999975,51.48691966000007],[-0.12507060799993,51.48772562700003],[-0.121983303999968,51.493199695000044],[-0.121352820999959,51.49431739100004],[-0.118823060999944,51.50384006500008],[-0.118324867999945,51.50572693300006],[-0.108805057999973,51.50844630000006],[-0.108710943999938,51.50845037400006],[-0.106474238999965,51.50157078800004],[-0.111466570999937,51.49645886900004],[-0.103272414999935,51.49125277300004],[-0.108460593999951,51.48584883700005],[-0.104033587999936,51.48090140700003],[-0.108209178999971,51.48028616900007],[-0.103573325999946,51.478357766000045],[-0.099364729999934,51.472643161000065]]]]}},{"type":"Feature","properties":{"FID":286,"LAD23CD":"E09000023","LAD23NM":"Lewisham","LAD23NMW":" ","BNG_E":537888,"BNG_N":173343,"LONG":-0.017340001,"LAT":51.442299,"GlobalID":"{1A9B7024-DA03-4AAB-B96F-5F14CA516C7C}","SHAPE_Length":0.4210345697697608,"SHAPE_Area":0.004619989920673133,"reference":"E09000023","name":"Lewisham"},"geometry":{"type":"MultiPolygon","coordinates":[[[[-0.018761443999949,51.47891492700006],[-0.022741555999971,51.47535417200004],[-0.018980269999929,51.47846866300006],[-0.01916229099993,51.478097450000064],[-0.022791955999935,51.47446630300004],[-0.017161299999941,51.46932766500004],[-0.013105950999943,51.46893943400005],[-0.014045390999968,51.47267092000004],[0.012113525000075,51.473169158000076],[0.017962966000027,51.47383003400006],[0.016543599000045,51.46912899600005],[0.012610183000049,51.46980851300003],[0.013265505000049,51.46683907100004],[0.009094760000039,51.465872999000055],[0.010438734000047,51.458482152000045],[0.011510525000062,51.45668520500004],[0.017548729000055,51.455031932000054],[0.019885305000059,51.45072971700006],[0.015100185000051,51.45000678700006],[0.022418261000041,51.44812378700004],[0.021505759000036,51.44272826300005],[0.029378816000076,51.44170542000006],[0.025435831000038,51.43566672700007],[0.028687013000024,51.43640969300003],[0.03115916400003,51.43209420000005],[0.037708777000034,51.43334104000007],[0.039055579000035,51.42468794100006],[0.034604486000035,51.423404625000046],[0.025458977000028,51.42897324300003],[0.020404841000072,51.426874834000046],[0.008106023000039,51.423039534000054],[0.003533784000069,51.417427401000054],[-0.000728858999935,51.41590710500003],[-0.007663774999969,51.41447680200008],[-0.020999334999942,51.41602424700005],[-0.020997798999929,51.420975845000044],[-0.033349108999971,51.42463471000008],[-0.039893334999931,51.42425874300005],[-0.051747764999959,51.42251658500004],[-0.071841922999965,51.42629489800004],[-0.07390726999995,51.426212924000026],[-0.072865351999951,51.43209683400005],[-0.06340055499993,51.437571809000076],[-0.063702095999929,51.44422412200004],[-0.057577692999928,51.450325769000074],[-0.046080099999926,51.44986802500006],[-0.04164758099995,51.45499681500007],[-0.046134012999971,51.45694608500003],[-0.047470893999957,51.46512420700003],[-0.052269467999963,51.46922593200003],[-0.052687370999934,51.478014329000075],[-0.054234570999938,51.47859571200007],[-0.053969473999928,51.48794104700005],[-0.050486983999974,51.487920399000075],[-0.04601573399998,51.490291366000065],[-0.040491810999924,51.49279703900004],[-0.032420676999948,51.49335804200007],[-0.032386325999937,51.493056280000076],[-0.024820912999928,51.48554668700007],[-0.024302792999947,51.485202453000056],[-0.026365297999973,51.48150682600004],[-0.017798601999971,51.48087473500004],[-0.018761443999949,51.47891492700006]]]]}},{"type":"Feature","properties":{"FID":287,"LAD23CD":"E09000024","LAD23NM":"Merton","LAD23NMW":" ","BNG_E":526068,"BNG_N":169508,"LONG":-0.18867999,"LAT":51.41058,"GlobalID":"{508AA767-5202-461E-98A7-B1A36DEAB639}","SHAPE_Length":0.3570588994826308,"SHAPE_Area":0.004851656313673757,"reference":"E09000024","name":"Merton"},"geometry":{"type":"MultiPolygon","coordinates":[[[[-0.189804366999965,51.440176938000036],[-0.18977453499997,51.431351265000046],[-0.185726011999975,51.43316640300003],[-0.184230919999948,51.431267596000055],[-0.184045538999953,51.42635239400005],[-0.178769641999963,51.42431915000003],[-0.161648653999976,51.419856855000035],[-0.159860356999957,51.422603061000075],[-0.144454358999951,51.41775170600005],[-0.140358847999948,51.41926370500005],[-0.143189848999953,51.41728107200004],[-0.148064535999936,51.412870113000054],[-0.127724901999954,51.412316332000046],[-0.131456539999931,51.40493478700006],[-0.125398397999959,51.398826333000045],[-0.134257563999938,51.39091916500007],[-0.134321993999947,51.39084706700004],[-0.15264725399993,51.38977414200008],[-0.165299266999966,51.38799910500006],[-0.169945924999979,51.39172527300008],[-0.174812977999977,51.39341294700006],[-0.182674064999958,51.38806810600005],[-0.189635576999933,51.386021818000074],[-0.193843953999931,51.38791357200006],[-0.200282487999971,51.38494154600005],[-0.209783879999975,51.38829975600004],[-0.21808012799994,51.38018237600005],[-0.223186338999938,51.382055895000065],[-0.234641228999976,51.39055778900007],[-0.239691090999941,51.38927393300003],[-0.246893118999935,51.397107866000056],[-0.244703373999926,51.40385532200003],[-0.247157795999954,51.40960674100006],[-0.249520611999969,51.41477585100006],[-0.254238566999959,51.429302009000025],[-0.251085088999957,51.43255779200007],[-0.224476438999943,51.43860691700007],[-0.209104648999926,51.438304481000046],[-0.204528109999956,51.43895325300008],[-0.190026527999976,51.44146458500006],[-0.189846023999962,51.44027840200005],[-0.189804366999965,51.440176938000036]]]]}},{"type":"Feature","properties":{"FID":288,"LAD23CD":"E09000025","LAD23NM":"Newham","LAD23NMW":" ","BNG_E":540713,"BNG_N":183346,"LONG":0.027261,"LAT":51.53149,"GlobalID":"{3EF75DF0-43F2-4142-870C-9F59EADC6B62}","SHAPE_Length":0.3320652564049818,"SHAPE_Area":0.004745486715999319,"reference":"E09000025","name":"Newham"},"geometry":{"type":"MultiPolygon","coordinates":[[[[0.050344992000021,51.56402177100006],[0.060150742000076,51.55640709800008],[0.063642630000061,51.55727626100003],[0.064945014000045,51.55639529700005],[0.068361695000021,51.544390390000046],[0.068303699000069,51.54425342300004],[0.068771363000053,51.536206993000064],[0.071756238000035,51.53289744700004],[0.072576978000029,51.53075123900004],[0.080461466000031,51.527648439000075],[0.08049193100004,51.52763020200007],[0.092634506000024,51.525674855000034],[0.096927350000044,51.51632947000007],[0.096069988000067,51.51675073100006],[0.096790118000058,51.51515120000005],[0.084580463000066,51.51221053000006],[0.079027419000056,51.50681754200008],[0.07733754700007,51.505176031000076],[0.077063944000031,51.504910247000055],[0.070905743000026,51.50064228700006],[0.068661348000035,51.49908657200007],[0.039116548000038,51.49856769500008],[0.024441540000055,51.49830719400006],[0.019038004000038,51.50154706600006],[0.015744987000062,51.503521188000036],[0.013480997000045,51.504878276000056],[0.009426226000073,51.50789804200008],[0.009835718000033,51.508429070000034],[0.005984615000045,51.51015754000008],[0.007060563000039,51.51430105800006],[0.002235580000047,51.51100551400003],[0.004123263000054,51.51465371900008],[-0.002216322999971,51.51799912300004],[-0.005663839999954,51.51676414700006],[-0.008090339999967,51.523835312000074],[-0.007819415999961,51.52532265600007],[-0.007762741999954,51.52539408600006],[-0.013682263999954,51.52984654800008],[-0.01801121799997,51.53222235800007],[-0.021267833999957,51.53700740200003],[-0.016549675999954,51.54332986800006],[-0.017174334999936,51.551577285000064],[-0.010842381999964,51.552623691000065],[-0.008686251999961,51.54992289100005],[-0.004161039999929,51.55103390600004],[-0.000155843999949,51.55173147100004],[0.009568767000076,51.551246984000045],[0.014641293000068,51.554964374000065],[0.016280797000036,51.553192711000065],[0.020474204000038,51.55612812600003],[0.035430363000046,51.55525847300004],[0.046272611000063,51.55482994100004],[0.044339609000076,51.55759114600005],[0.04202927800003,51.56149208100004],[0.050344992000021,51.56402177100006]]]]}},{"type":"Feature","properties":{"FID":289,"LAD23CD":"E09000026","LAD23NM":"Redbridge","LAD23NMW":" ","BNG_E":543512,"BNG_N":189477,"LONG":0.070084997,"LAT":51.58588,"GlobalID":"{2FAD0573-8368-43F9-9F91-284DADBDB9B2}","SHAPE_Length":0.47304684355679666,"SHAPE_Area":0.0072820184330815284,"reference":"E09000026","name":"Redbridge"},"geometry":{"type":"MultiPolygon","coordinates":[[[[0.021819035000021,51.62883278700008],[0.040787843000032,51.61572882000007],[0.053672774000063,51.61827909900006],[0.047956184000043,51.61330263600007],[0.062565555000049,51.60708046700006],[0.072811863000027,51.60468190000006],[0.079369068000062,51.607038474000035],[0.088836610000044,51.60485969900003],[0.09469262600004,51.61074715800004],[0.092284868000036,51.61357426500007],[0.098068391000027,51.61542158100008],[0.103837893000048,51.61255136600005],[0.116710193000074,51.61692165000005],[0.119307302000038,51.61536850400006],[0.129187436000052,51.621401038000045],[0.13818423500004,51.62354539700004],[0.147540562000074,51.61222335300005],[0.148205902000029,51.59896846500004],[0.141935433000071,51.59655917500004],[0.126386612000033,51.58672522100005],[0.127759039000068,51.581636384000035],[0.133567348000042,51.57995365100004],[0.129191022000043,51.576312339000026],[0.130026134000047,51.57073015100008],[0.129659210000057,51.56811120200007],[0.129324285000052,51.56652544500008],[0.125028557000064,51.564340979000065],[0.119051088000049,51.563051822000034],[0.120491600000037,51.55857346800008],[0.113272873000028,51.55726675500006],[0.108318691000022,51.552156850000074],[0.107456042000024,51.55200231400005],[0.106131547000075,51.55094491300008],[0.093519764000064,51.54585789400005],[0.092608264000035,51.54964970000003],[0.088500175000036,51.547741650000034],[0.08006389600007,51.54477235600007],[0.068361695000021,51.544390390000046],[0.064945014000045,51.55639529700005],[0.063642630000061,51.55727626100003],[0.060150742000076,51.55640709800008],[0.050344992000021,51.56402177100006],[0.04202927800003,51.56149208100004],[0.044339609000076,51.55759114600005],[0.046272611000063,51.55482994100004],[0.035430363000046,51.55525847300004],[0.020474204000038,51.55612812600003],[0.014308955000047,51.56350787900004],[0.019131076000065,51.56985489600004],[0.016486729000064,51.57288723500005],[0.014935485000024,51.58335774600005],[0.012967146000051,51.58696203400007],[0.01254631300003,51.59536032600005],[0.016418983000051,51.60393056400005],[0.019579013000055,51.607610943000054],[0.021250445000021,51.61230745900008],[0.00869444500006,51.619069902000035],[0.014538092000066,51.61889309000003],[0.020087735000061,51.62642877600007],[0.021819035000021,51.62883278700008]]]]}},{"type":"Feature","properties":{"FID":290,"LAD23CD":"E09000027","LAD23NM":"Richmond upon Thames","LAD23NMW":" ","BNG_E":519005,"BNG_N":172650,"LONG":-0.28913999,"LAT":51.44035,"GlobalID":"{128A9066-4951-43E7-A08B-0C212F485BB4}","SHAPE_Length":0.7225298483053213,"SHAPE_Area":0.007348703579500809,"reference":"E09000027","name":"Richmond upon Thames"},"geometry":{"type":"MultiPolygon","coordinates":[[[[-0.255070802999967,51.472912406000034],[-0.255211695999947,51.472576393000054],[-0.255740940999942,51.472613816000035],[-0.255070802999967,51.472912406000034]]],[[[-0.30695880899998,51.47625361200005],[-0.308368842999926,51.47570314600006],[-0.304430251999975,51.47910135800004],[-0.30695880899998,51.47625361200005]]],[[[-0.283822025999939,51.48623557500008],[-0.283771280999929,51.486199559000056],[-0.283874285999957,51.486241163000045],[-0.283822025999939,51.48623557500008]]],[[[-0.29079246699996,51.486980634000076],[-0.295351450999931,51.48601841200008],[-0.292507598999975,51.48716389500004],[-0.29079246699996,51.486980634000076]]],[[[-0.232958388999975,51.47168143500005],[-0.233568164999951,51.465348938000034],[-0.239534477999939,51.46485542500005],[-0.252950676999944,51.46522404400008],[-0.25911119899996,51.45495349000004],[-0.241598658999976,51.44311798600006],[-0.25406636699995,51.43728786500003],[-0.256318925999949,51.436345215000074],[-0.278579609999952,51.42335137400005],[-0.28655999199998,51.420185494000066],[-0.287790170999926,51.422734019000075],[-0.290616409999927,51.42899016500007],[-0.294792455999925,51.426443893000055],[-0.301593959999934,51.43143468200003],[-0.31065091399995,51.432209528000044],[-0.31443042899997,51.42824891400005],[-0.308361931999968,51.42500942700008],[-0.308469296999931,51.41352497200006],[-0.310289452999939,51.399609844000054],[-0.312108371999955,51.39813866700007],[-0.317697878999979,51.39366708000006],[-0.325860279999972,51.39143960400003],[-0.33833561299997,51.400843775000055],[-0.359139331999927,51.411903161000055],[-0.373860204999971,51.40849330700007],[-0.383350026999949,51.408538296000074],[-0.389649814999927,51.41069333100006],[-0.386641674999964,51.42008082000007],[-0.391317070999946,51.422315413000035],[-0.384951483999942,51.42125886700006],[-0.388387259999945,51.42799727100004],[-0.376157260999946,51.435467147000054],[-0.376092562999929,51.43550626900003],[-0.367098817999931,51.44170068100004],[-0.378205142999946,51.44248429400005],[-0.387786647999974,51.44937131800003],[-0.369567304999975,51.45696791900008],[-0.34273540199996,51.45807178000007],[-0.341706615999954,51.45901728900003],[-0.336982323999962,51.45464818900007],[-0.326934014999949,51.45701090000006],[-0.325343872999952,51.46372043800005],[-0.321383122999976,51.46516647800007],[-0.313872210999932,51.45970901600003],[-0.313795039999945,51.459674739000036],[-0.305892399999948,51.45616410800005],[-0.305515424999953,51.45510060400005],[-0.304279005999945,51.45161213500006],[-0.305721933999962,51.450992117000055],[-0.315798395999934,51.44666151400003],[-0.325075276999939,51.446533688000045],[-0.33057981099995,51.44218885400005],[-0.330964782999956,51.44188494600007],[-0.331364062999967,51.441569736000076],[-0.328485799999953,51.43395872700006],[-0.320191772999976,51.42953340400004],[-0.319940908999968,51.42940083800005],[-0.319013779999977,51.429498075000026],[-0.318440402999954,51.42955820700007],[-0.325947416999952,51.43293640300004],[-0.326926731999947,51.43344320800003],[-0.329932173999964,51.44170180200007],[-0.305853232999937,51.44851091100003],[-0.302547816999947,51.45234428600003],[-0.304881918999968,51.45622947800007],[-0.305022032999943,51.45646268200005],[-0.313668178999933,51.46065496300008],[-0.31385490699995,51.460745486000064],[-0.319245649999971,51.46836133200003],[-0.310120936999965,51.473527723000075],[-0.309832399999948,51.47374773900003],[-0.295386562999965,51.48475948300006],[-0.287272128999973,51.48652167800003],[-0.278226514999972,51.48226382400003],[-0.278038583999944,51.48213041300005],[-0.27346515399995,51.47636765200008],[-0.270540040999947,51.472681084000044],[-0.260215048999953,51.470314434000045],[-0.251589099999933,51.47359477500004],[-0.251480719999961,51.473635983000065],[-0.251405179999949,51.47389377700006],[-0.248520909999968,51.48373467600004],[-0.235505416999956,51.48895053500007],[-0.22801132799998,51.48511011800008],[-0.225845612999933,51.47872716300003],[-0.225356566999949,51.47643439400008],[-0.224887474999946,51.47590275200008],[-0.223639065999976,51.472222087000034],[-0.232958388999975,51.47168143500005]]]]}},{"type":"Feature","properties":{"FID":291,"LAD23CD":"E09000028","LAD23NM":"Southwark","LAD23NMW":" ","BNG_E":533945,"BNG_N":175869,"LONG":-0.073080003,"LAT":51.465939,"GlobalID":"{869219CC-8B74-401D-969A-A30C9384A91E}","SHAPE_Length":0.34099545388116437,"SHAPE_Area":0.0036857698436331588,"reference":"E09000028","name":"Southwark"},"geometry":{"type":"MultiPolygon","coordinates":[[[[-0.070832534999965,51.50251725800007],[-0.073513886999933,51.500464571000066],[-0.057756031999929,51.50085101600007],[-0.057257627999945,51.50086320500003],[-0.052070692999962,51.50275048200007],[-0.047900539999944,51.504200945000036],[-0.047830232999956,51.50424416800007],[-0.042993060999947,51.507217654000044],[-0.033869578999941,51.50608301900007],[-0.033454609999978,51.50243923700003],[-0.032420676999948,51.49335804200007],[-0.040491810999924,51.49279703900004],[-0.04601573399998,51.490291366000065],[-0.050486983999974,51.487920399000075],[-0.053969473999928,51.48794104700005],[-0.054234570999938,51.47859571200007],[-0.052687370999934,51.478014329000075],[-0.052269467999963,51.46922593200003],[-0.047470893999957,51.46512420700003],[-0.046134012999971,51.45694608500003],[-0.04164758099995,51.45499681500007],[-0.046080099999926,51.44986802500006],[-0.057577692999928,51.450325769000074],[-0.063702095999929,51.44422412200004],[-0.06340055499993,51.437571809000076],[-0.072865351999951,51.43209683400005],[-0.07390726999995,51.426212924000026],[-0.078287681999939,51.420604714000035],[-0.089345231999971,51.432017167000026],[-0.092895539999972,51.44108158300003],[-0.10076252999994,51.450336116000074],[-0.09224405599997,51.461058413000046],[-0.09115077499996,51.46759603900006],[-0.093015132999938,51.47202856900003],[-0.095975146999933,51.46986743100007],[-0.099364729999934,51.472643161000065],[-0.103573325999946,51.478357766000045],[-0.108209178999971,51.48028616900007],[-0.104033587999936,51.48090140700003],[-0.108460593999951,51.48584883700005],[-0.103272414999935,51.49125277300004],[-0.111466570999937,51.49645886900004],[-0.106474238999965,51.50157078800004],[-0.108710943999938,51.50845037400006],[-0.104676525999935,51.50862492200008],[-0.088596419999931,51.50688453400005],[-0.088099843999942,51.50683075100005],[-0.076123458999973,51.50440331800007],[-0.072430667999924,51.50308698600003],[-0.070832534999965,51.50251725800007]]]]}},{"type":"Feature","properties":{"FID":292,"LAD23CD":"E09000029","LAD23NM":"Sutton","LAD23NMW":" ","BNG_E":527357,"BNG_N":163639,"LONG":-0.17226,"LAT":51.357552,"GlobalID":"{BE96296A-5089-4449-A461-6746569EABD6}","SHAPE_Length":0.4078150573515582,"SHAPE_Area":0.005700734824713746,"reference":"E09000029","name":"Sutton"},"geometry":{"type":"MultiPolygon","coordinates":[[[[-0.169945924999979,51.39172527300008],[-0.165299266999966,51.38799910500006],[-0.15264725399993,51.38977414200008],[-0.134321993999947,51.39084706700004],[-0.132612887999926,51.390124935000074],[-0.126732898999933,51.377068146000056],[-0.121402652999961,51.36234376400006],[-0.124554967999927,51.35836330600006],[-0.117284835999953,51.34566661500003],[-0.126854879999939,51.34486442600007],[-0.128347392999956,51.347450570000035],[-0.14428038899996,51.34021894500006],[-0.147483922999925,51.338798017000045],[-0.14407141199996,51.33069077000005],[-0.149188030999937,51.32884591100003],[-0.144411358999946,51.32646476800005],[-0.14557670399995,51.32349295500006],[-0.156523624999977,51.32148528700003],[-0.164187028999947,51.32604051900006],[-0.163076716999967,51.33026422000006],[-0.172854634999965,51.330013449000035],[-0.187459115999957,51.34081228200006],[-0.197319339999979,51.34359516100005],[-0.202050654999937,51.34014140700003],[-0.213053982999952,51.33555356900007],[-0.214229602999978,51.330252717000064],[-0.220841624999935,51.32980197200004],[-0.229822681999963,51.33652280500007],[-0.217264425999929,51.34338709200006],[-0.226944751999952,51.36262564300006],[-0.233949400999961,51.36538478400007],[-0.245404840999925,51.366845441000066],[-0.24467937299994,51.369061155000054],[-0.245041239999978,51.379960270000026],[-0.245030254999961,51.38003396600004],[-0.244940587999963,51.380646281000054],[-0.239691090999941,51.38927393300003],[-0.234641228999976,51.39055778900007],[-0.223186338999938,51.382055895000065],[-0.21808012799994,51.38018237600005],[-0.209783879999975,51.38829975600004],[-0.200282487999971,51.38494154600005],[-0.193843953999931,51.38791357200006],[-0.189635576999933,51.386021818000074],[-0.182674064999958,51.38806810600005],[-0.174812977999977,51.39341294700006],[-0.169945924999979,51.39172527300008]]]]}},{"type":"Feature","properties":{"FID":293,"LAD23CD":"E09000030","LAD23NM":"Tower Hamlets","LAD23NMW":" ","BNG_E":536340,"BNG_N":181452,"LONG":-0.03647,"LAT":51.515541,"GlobalID":"{37001369-EED8-4C30-98C7-37B4C4F7AFD0}","SHAPE_Length":0.284920658294245,"SHAPE_Area":0.0025582758253050197,"reference":"E09000030","name":"Tower Hamlets"},"geometry":{"type":"MultiPolygon","coordinates":[[[[-0.033191114999966,51.54468571700005],[-0.028991068999972,51.54227297700004],[-0.016549675999954,51.54332986800006],[-0.021267833999957,51.53700740200003],[-0.01801121799997,51.53222235800007],[-0.013682263999954,51.52984654800008],[-0.007762741999954,51.52539408600006],[-0.007819415999961,51.52532265600007],[-0.008090339999967,51.523835312000074],[-0.005663839999954,51.51676414700006],[-0.002216322999971,51.51799912300004],[0.004123263000054,51.51465371900008],[0.002235580000047,51.51100551400003],[0.007060563000039,51.51430105800006],[0.005984615000045,51.51015754000008],[0.009835718000033,51.508429070000034],[0.009426226000073,51.50789804200008],[0.008375888000046,51.50868019100005],[0.008783860000051,51.507317615000034],[0.007557314000053,51.50732050200003],[-0.002045855999938,51.50734267000007],[-0.007915284999967,51.50200810900003],[-0.008641067999974,51.501348352000036],[-0.003236743999935,51.49127115200008],[-0.003024498999935,51.49087529600007],[-0.00650001899993,51.48712419200007],[-0.016381663999937,51.48614881800006],[-0.024403344999939,51.489374231000056],[-0.026192490999961,51.493916056000046],[-0.026211761999946,51.493964970000036],[-0.028866731999926,51.50236202100007],[-0.030368784999951,51.50719042800006],[-0.04188187699998,51.50971984700004],[-0.042098342999964,51.50976652600008],[-0.059765679999941,51.50287415200006],[-0.05980903699998,51.50287885600005],[-0.078706347999969,51.50767945200005],[-0.074544628999945,51.50995419900005],[-0.073052076999943,51.51180832600005],[-0.074003284999947,51.51447846600007],[-0.076872041999934,51.51662507700007],[-0.078529105999962,51.521511919000034],[-0.076119965999965,51.52236897900008],[-0.075715309999964,51.52835819500007],[-0.06625344899993,51.53122007300004],[-0.062434445999941,51.535532498000066],[-0.057301907999943,51.53441444100008],[-0.052856450999968,51.534938717000045],[-0.040737913999976,51.53811865700004],[-0.037421318999975,51.54128148600006],[-0.033191114999966,51.54468571700005]]]]}},{"type":"Feature","properties":{"FID":294,"LAD23CD":"E09000031","LAD23NM":"Waltham Forest","LAD23NMW":" ","BNG_E":537328,"BNG_N":190278,"LONG":-0.0188,"LAT":51.594608,"GlobalID":"{65681F66-DC3B-4D79-A9EC-1BA2F8A4C979}","SHAPE_Length":0.33062915237005347,"SHAPE_Area":0.005027773335294398,"reference":"E09000031","name":"Waltham Forest"},"geometry":{"type":"MultiPolygon","coordinates":[[[[0.020087735000061,51.62642877600007],[0.014538092000066,51.61889309000003],[0.00869444500006,51.619069902000035],[0.021250445000021,51.61230745900008],[0.019579013000055,51.607610943000054],[0.016418983000051,51.60393056400005],[0.01254631300003,51.59536032600005],[0.012967146000051,51.58696203400007],[0.014935485000024,51.58335774600005],[0.016486729000064,51.57288723500005],[0.019131076000065,51.56985489600004],[0.014308955000047,51.56350787900004],[0.020474204000038,51.55612812600003],[0.016280797000036,51.553192711000065],[0.014641293000068,51.554964374000065],[0.009568767000076,51.551246984000045],[-0.000155843999949,51.55173147100004],[-0.004161039999929,51.55103390600004],[-0.008686251999961,51.54992289100005],[-0.010842381999964,51.552623691000065],[-0.017174334999936,51.551577285000064],[-0.017174050999927,51.55167589500007],[-0.030039588999955,51.56135891200006],[-0.04512970899998,51.56178994600003],[-0.051146012999936,51.56772980100004],[-0.061158571999954,51.57778603700007],[-0.053200591999939,51.58693272600004],[-0.052288931999954,51.59354103800007],[-0.041390716999956,51.60564678500003],[-0.033946651999941,51.609503861000064],[-0.035322449999967,51.61298425100006],[-0.025937770999974,51.621742823000034],[-0.024024616999952,51.624643965000075],[-0.023392602999934,51.625278439000056],[-0.016809081999952,51.633528898000066],[-0.01478007399993,51.63673878700007],[-0.012259686999926,51.646228697000026],[0.00106727800005,51.641762397000036],[0.022719542000061,51.641115494000076],[0.025159214000041,51.637289390000035],[0.025224407000053,51.635249602000044],[0.021819035000021,51.62883278700008],[0.020087735000061,51.62642877600007]]]]}},{"type":"Feature","properties":{"FID":295,"LAD23CD":"E09000032","LAD23NM":"Wandsworth","LAD23NMW":" ","BNG_E":525152,"BNG_N":174138,"LONG":-0.20021001,"LAT":51.4524,"GlobalID":"{93BCAEA5-5919-4ED0-B476-50941E9FFCBE}","SHAPE_Length":0.45419190983697677,"SHAPE_Area":0.0044825351886510585,"reference":"E09000032","name":"Wandsworth"},"geometry":{"type":"MultiPolygon","coordinates":[[[[-0.184468950999928,51.46764777800007],[-0.185908697999935,51.46737583000004],[-0.182345087999977,51.47181599000004],[-0.184468950999928,51.46764777800007]]],[[[-0.172383252999964,51.48098442500003],[-0.173154804999967,51.48074475000004],[-0.172549520999951,51.48116682300008],[-0.170730723999952,51.481497740000066],[-0.172383252999964,51.48098442500003]]],[[[-0.136531228999957,51.485388829000044],[-0.138151071999971,51.484816797000065],[-0.141727200999981,51.48501900500003],[-0.136531228999957,51.485388829000044]]],[[[-0.149694858999965,51.46129172800005],[-0.148140102999946,51.45640218900007],[-0.147704336999936,51.45234006100003],[-0.142285534999928,51.45098232500004],[-0.145576035999966,51.44601793700008],[-0.143610576999947,51.441838963000066],[-0.135931717999938,51.442007440000054],[-0.137475774999928,51.44015790800006],[-0.139765384999976,51.43574379100005],[-0.13525599899998,51.43032259300003],[-0.138368337999964,51.43048490500007],[-0.13779169999998,51.42110838100007],[-0.140358847999948,51.41926370500005],[-0.144454358999951,51.41775170600005],[-0.159860356999957,51.422603061000075],[-0.161648653999976,51.419856855000035],[-0.178769641999963,51.42431915000003],[-0.184045538999953,51.42635239400005],[-0.184230919999948,51.431267596000055],[-0.185726011999975,51.43316640300003],[-0.18977453499997,51.431351265000046],[-0.189804366999965,51.440176938000036],[-0.189846023999962,51.44027840200005],[-0.190026527999976,51.44146458500006],[-0.204528109999956,51.43895325300008],[-0.209104648999926,51.438304481000046],[-0.224476438999943,51.43860691700007],[-0.251085088999957,51.43255779200007],[-0.25406636699995,51.43728786500003],[-0.241598658999976,51.44311798600006],[-0.25911119899996,51.45495349000004],[-0.252950676999944,51.46522404400008],[-0.239534477999939,51.46485542500005],[-0.233568164999951,51.465348938000034],[-0.232958388999975,51.47168143500005],[-0.223639065999976,51.472222087000034],[-0.22340152299995,51.47152167400003],[-0.215386352999928,51.46843128100005],[-0.21265391299994,51.46675264500004],[-0.20985699199997,51.46629880100005],[-0.20969174399994,51.466235063000056],[-0.195098791999953,51.46061609000003],[-0.194993118999946,51.46063274000005],[-0.194901610999977,51.460664791000056],[-0.187114607999945,51.46417915300003],[-0.177949730999956,51.470611371000075],[-0.174155761999941,51.47890918200005],[-0.171290040999963,51.47978511300005],[-0.166275582999958,51.481317570000044],[-0.147407210999972,51.483181416000036],[-0.139801887999965,51.483931779000045],[-0.13810876499997,51.48409830800006],[-0.13614430399997,51.48429149400005],[-0.128430560999959,51.485049728000035],[-0.128088236999929,51.48527005700004],[-0.12630848799995,51.48447100700008],[-0.130683537999971,51.480179329000066],[-0.13387647899998,51.47569439400007],[-0.139785263999954,51.47133252000003],[-0.150658802999942,51.46629120500006],[-0.149694858999965,51.46129172800005]]]]}},{"type":"Feature","properties":{"FID":296,"LAD23CD":"E09000033","LAD23NM":"Westminster","LAD23NMW":" ","BNG_E":528268,"BNG_N":180871,"LONG":-0.15295,"LAT":51.512211,"GlobalID":"{7FF94D86-BE3E-4A04-9FB6-86B11F52ADC1}","SHAPE_Length":0.28456882340725104,"SHAPE_Area":0.0027800421238980653,"reference":"E09000033","name":"Westminster"},"geometry":{"type":"MultiPolygon","coordinates":[[[[-0.173476990999973,51.53764639100007],[-0.164898866999977,51.53578464000003],[-0.152701824999951,51.53750954100008],[-0.145205616999931,51.52398897100005],[-0.143544818999942,51.52396596600005],[-0.130326509999975,51.516419592000034],[-0.128949098999954,51.51341477600005],[-0.111567823999962,51.515335030000074],[-0.111475372999962,51.510757771000044],[-0.121349369999962,51.507410253000046],[-0.122264781999945,51.503895216000046],[-0.124654734999979,51.494715374000066],[-0.124856944999976,51.49436651500008],[-0.12846013199993,51.48823850900004],[-0.136531228999957,51.485388829000044],[-0.141727200999981,51.48501900500003],[-0.147480980999944,51.48534411500003],[-0.14997915899994,51.48548518200005],[-0.15033000699998,51.48543859900008],[-0.155778957999928,51.49471991300004],[-0.158457847999955,51.50222619800007],[-0.165419105999945,51.49868548900008],[-0.179523789999962,51.497781201000066],[-0.180311744999926,51.501462235000076],[-0.184204940999962,51.50178885300005],[-0.189079661999926,51.510123846000056],[-0.19212302699998,51.509877740000036],[-0.195052991999944,51.51504010800005],[-0.199171143999934,51.51454097800007],[-0.199907497999959,51.51684019500004],[-0.203742320999936,51.520624326000075],[-0.201625846999946,51.522742150000056],[-0.207297353999934,51.526234517000034],[-0.215496668999947,51.52671858800005],[-0.216020723999975,51.52792036100004],[-0.215266647999954,51.53136056100004],[-0.203061889999958,51.532895051000025],[-0.20301302699994,51.53289555500004],[-0.197339740999951,51.52789262200008],[-0.191467608999972,51.53629235900007],[-0.188722648999942,51.534530509000035],[-0.178343044999963,51.53980807000005],[-0.175765523999928,51.53961672400004],[-0.173476990999973,51.53764639100007]]]]}},{"type":"Feature","properties":{"FID":340,"LAD23CD":"W06000001","LAD23NM":"Isle of Anglesey","LAD23NMW":"Ynys Môn","BNG_E":245217,"BNG_N":378331,"LONG":-4.3229799,"LAT":53.279308,"GlobalID":"{DD2BA2EC-78E0-4113-BFEC-5BBF7828FB0B}","SHAPE_Length":2.799996672992276,"SHAPE_Area":0.09618041166278883,"reference":"W06000001","name":"Isle of Anglesey"},"geometry":{"type":"MultiPolygon","coordinates":[[[[-4.021454800999948,53.32145312800003],[-4.031863923999936,53.315511092000065],[-4.030823679999969,53.31748711000006],[-4.029793960999939,53.31919433000007],[-4.023973094999974,53.32087538900004],[-4.021454800999948,53.32145312800003]]],[[[-4.583673547999979,53.29018467900005],[-4.583727129999943,53.290189362000035],[-4.595856374999926,53.28868970800005],[-4.601826937999931,53.28793245900005],[-4.597194673999979,53.28359901700003],[-4.608688015999974,53.28339375000007],[-4.605429953999931,53.28214604300007],[-4.609971542999972,53.27929712300005],[-4.597947967999971,53.28266188100008],[-4.592097380999974,53.28024114100003],[-4.597122112999955,53.27500845000003],[-4.593686628999933,53.27269698100008],[-4.592447495999977,53.27532069100005],[-4.577324768999972,53.272984576000056],[-4.578000109999948,53.26683694700006],[-4.586339488999954,53.26347512600006],[-4.568128722999973,53.26643419100003],[-4.562098670999944,53.264141487000074],[-4.56185977399997,53.264050644000065],[-4.56221699799994,53.26397029000003],[-4.572585692999951,53.26163733900006],[-4.561702341999933,53.25573115800006],[-4.558687182999961,53.254094433000034],[-4.558916072999978,53.25230566700003],[-4.559083812999972,53.25099471600004],[-4.564706224999952,53.25260727600005],[-4.561085626999954,53.24821655300008],[-4.554876117999925,53.24733775000004],[-4.553423749999979,53.24713215000003],[-4.554580534999957,53.24697421900004],[-4.578226812999958,53.243743178000045],[-4.58243013699996,53.24053110500006],[-4.584700621999957,53.24170429800006],[-4.587855310999942,53.244925340000066],[-4.588916884999946,53.24388260600006],[-4.589175861999934,53.24401639300004],[-4.589919005999946,53.24289821500008],[-4.592719724999938,53.24014675500007],[-4.603201702999968,53.242820487000074],[-4.614359748999959,53.24826555900006],[-4.614498818999948,53.24846082700003],[-4.609455414999957,53.25088293700003],[-4.612198755999941,53.25244865600007],[-4.611475509999934,53.253702461000046],[-4.608801708999977,53.25639914800007],[-4.625617487999932,53.26932440400003],[-4.619397427999957,53.27275397500006],[-4.620811523999976,53.274279860000036],[-4.618677312999978,53.27631489200007],[-4.616532111999959,53.27672372500007],[-4.61740885699993,53.27918968800003],[-4.620192500999963,53.27940375600008],[-4.620360330999972,53.279592352000066],[-4.623067851999963,53.279624805000026],[-4.636535883999954,53.280659236000076],[-4.637997912999936,53.28415257200004],[-4.640026328999966,53.28407330400006],[-4.64046437199994,53.28504060200004],[-4.650395828999933,53.28374882800006],[-4.650708880999957,53.28430461700003],[-4.651480717999959,53.287464500000056],[-4.651586702999964,53.28789835600003],[-4.652662150999959,53.28743820400007],[-4.666319485999963,53.28159295300003],[-4.666911594999931,53.28138036000007],[-4.675649779999958,53.28563673500008],[-4.678499320999947,53.283992366000064],[-4.682930577999969,53.28202810200003],[-4.686610309999935,53.28403420400008],[-4.68378153499998,53.286465459000055],[-4.684424769999964,53.28672727500003],[-4.68829464099997,53.28830228800007],[-4.678853352999965,53.293167149000055],[-4.678742992999958,53.29366666400006],[-4.678521672999977,53.29378779100006],[-4.678565447999972,53.294470243000035],[-4.677714264999963,53.298322375000055],[-4.679058847999954,53.29853300900004],[-4.679097852999973,53.298877522000055],[-4.684918550999953,53.29945075200004],[-4.690798801999961,53.30037138000006],[-4.691452073999926,53.30125596800008],[-4.694992368999976,53.306616043000076],[-4.69540938199998,53.306613638000044],[-4.695435343999975,53.30664878200008],[-4.696106721999968,53.30666607100005],[-4.696718707999935,53.307396707000066],[-4.692291410999928,53.30974515200006],[-4.684053582999979,53.312941282000054],[-4.683289766999962,53.31323126900003],[-4.683256686999925,53.313250409000034],[-4.682984509999926,53.314680605000035],[-4.680729911999947,53.31587594100006],[-4.681220982999946,53.32342790400003],[-4.667133686999932,53.319275126000036],[-4.666896883999925,53.31933831300006],[-4.653694862999942,53.32286003000007],[-4.650402992999943,53.321541714000034],[-4.649006247999978,53.320725054000036],[-4.643614065999941,53.324921706000055],[-4.642261602999952,53.32537766100006],[-4.628388193999967,53.325771590000045],[-4.623421535999967,53.32861320100005],[-4.62589296699997,53.327055984000026],[-4.628310098999975,53.32562128400008],[-4.643189648999964,53.32493206000004],[-4.643281259999981,53.32483975900004],[-4.643435661999945,53.32483039600004],[-4.643753365999942,53.32436409200005],[-4.647259057999975,53.32083158300003],[-4.646868559999973,53.32031413200008],[-4.648137204999955,53.31867188800004],[-4.645465982999951,53.31845544500004],[-4.644811818999926,53.31758848700008],[-4.644007409999972,53.318268139000054],[-4.630177467999943,53.315273982000065],[-4.628799037999954,53.31445407900003],[-4.628417064999951,53.31489271200007],[-4.627544172999933,53.314703648000034],[-4.625550319999945,53.31818438000005],[-4.624515592999956,53.319372341000076],[-4.624224204999962,53.31924684100005],[-4.620093950999944,53.31464938500005],[-4.620103939999979,53.31417453500006],[-4.620221870999956,53.31415768100004],[-4.62669623599993,53.314149857000075],[-4.627045383999928,53.31366253700003],[-4.628927956999974,53.31359704000005],[-4.629242932999944,53.31281181000003],[-4.631267109999953,53.307764889000055],[-4.620827642999927,53.312683925000044],[-4.611173368999971,53.302787702000046],[-4.597536059999925,53.30568866900006],[-4.597107207999954,53.30569991600004],[-4.590997931999937,53.30153587800004],[-4.586465793999935,53.30216754300005],[-4.58898045899997,53.29319801400004],[-4.583673547999979,53.29018467900005]]],[[[-4.583673547999979,53.29018467900005],[-4.583150533999969,53.29029520700004],[-4.578875054999969,53.28905810600003],[-4.574829571999942,53.28788684600005],[-4.572589257999937,53.28919416700006],[-4.56084298299993,53.29604662400004],[-4.559713039999963,53.30076435900003],[-4.556411024999932,53.29810191000007],[-4.547044457999959,53.299688874000026],[-4.542677361999949,53.306842077000056],[-4.539257497999927,53.30691227700004],[-4.529730634999964,53.309486658000026],[-4.530145543999936,53.309594177000065],[-4.530278502999977,53.30962863000008],[-4.537812819999942,53.31158067400003],[-4.538611961999948,53.308521711000026],[-4.538904711999976,53.30760716200007],[-4.544641386999956,53.30769865700006],[-4.545310856999947,53.30765885100004],[-4.550558418999969,53.30304390800006],[-4.557846948999952,53.30248847900003],[-4.558204215999979,53.30447237900006],[-4.563678449999941,53.29966310400005],[-4.566603528999963,53.30101267300006],[-4.562116403999937,53.31650945200005],[-4.570320787999947,53.31846554300006],[-4.572491617999958,53.324398802000076],[-4.582942068999955,53.32568960800006],[-4.582650960999956,53.32757518400007],[-4.582012661999954,53.328591749000054],[-4.582456559999969,53.32883428700006],[-4.581867944999942,53.33264623800005],[-4.579254326999944,53.333836200000064],[-4.574592096999936,53.333167623000065],[-4.569690223999942,53.337051504000044],[-4.571808920999956,53.340132038000036],[-4.567011458999957,53.344170889000054],[-4.570165466999981,53.34669957800003],[-4.565807831999962,53.35152104600007],[-4.569409177999944,53.35360855700003],[-4.561206936999952,53.35906737700003],[-4.555131303999929,53.37391986200004],[-4.559156146999953,53.37580287700007],[-4.565574569999967,53.38152045800007],[-4.567353978999961,53.384597807000034],[-4.566914831999952,53.38600910000008],[-4.564390920999926,53.38912480600004],[-4.572142654999936,53.391645408000045],[-4.570016553999949,53.39804436800006],[-4.575332274999937,53.40211981900006],[-4.575288574999945,53.40231554700006],[-4.568917229999954,53.40543150700006],[-4.564693055999953,53.406916885000044],[-4.554487363999954,53.40386698100008],[-4.547636716999932,53.406500410000035],[-4.529891479999947,53.40607152700005],[-4.528311898999959,53.41130003300003],[-4.510292604999961,53.416881741000054],[-4.515337114999966,53.411799055000074],[-4.507554428999981,53.40901385500007],[-4.499895798999944,53.41358375600004],[-4.49204998099998,53.41122316600007],[-4.487774571999978,53.413678557000026],[-4.48751911599993,53.41382525300003],[-4.485858787999973,53.419131297000035],[-4.480367051999963,53.41846159700003],[-4.477927955999974,53.422274085000026],[-4.472876206999956,53.42181794500004],[-4.47162597099998,53.42164209600003],[-4.475554264999971,53.41851749800003],[-4.467636609999943,53.414727251000045],[-4.455666357999974,53.41636418500008],[-4.450179863999949,53.41294444200008],[-4.447420395999927,53.41564890500007],[-4.451595325999961,53.41744691500003],[-4.451886470999966,53.41830583700005],[-4.445525214999975,53.421198282000034],[-4.45017885599998,53.42264425600007],[-4.450875584999949,53.42291602800003],[-4.450159345999964,53.423165803000074],[-4.433490220999943,53.427927519000036],[-4.427896031999978,53.42748323700005],[-4.425759481999933,53.43011691600003],[-4.41982556399995,53.426097119000076],[-4.419109549999973,53.42612751100006],[-4.419061246999945,53.42609833000006],[-4.409560489999933,53.42696185600005],[-4.405377862999956,53.42734176300007],[-4.406831955999962,53.42284624900003],[-4.402513617999944,53.42092474300006],[-4.395628789999932,53.42602690600006],[-4.368405310999947,53.42409418900007],[-4.365737872999944,53.41777444100006],[-4.356427646999975,53.41425532800008],[-4.338565854999956,53.419562373000076],[-4.334819492999941,53.41807458300008],[-4.331675859999962,53.41676332900005],[-4.331998855999927,53.41635430800005],[-4.333511056999953,53.414901205000035],[-4.332972853999934,53.41512084500005],[-4.334435872999961,53.413267947000065],[-4.326530519999949,53.41774960100008],[-4.325110428999949,53.41832897000006],[-4.303581100999963,53.41309423400003],[-4.301536824999971,53.41344863100005],[-4.294074757999965,53.41187964900007],[-4.293005148999953,53.41110417500005],[-4.292794964999928,53.41161050000005],[-4.292717474999961,53.41159420300005],[-4.292147807999925,53.41448064800005],[-4.291362273999937,53.417573866000055],[-4.287855915999955,53.41716868700007],[-4.286503886999981,53.413425594000046],[-4.284670022999933,53.40705279600007],[-4.274083927999925,53.40237485400007],[-4.269370683999966,53.39053759800004],[-4.277504756999974,53.37812742600005],[-4.280663274999938,53.37593794400004],[-4.281896484999947,53.375083001000064],[-4.293291779999947,53.36718082700003],[-4.294442136999976,53.36638288100005],[-4.295542406999971,53.36448175000004],[-4.29070425599997,53.36752103800006],[-4.287414253999941,53.365109036000035],[-4.276427146999936,53.37097973300007],[-4.280068330999939,53.37605665500007],[-4.266711180999948,53.36984578800008],[-4.26466032299993,53.36080235700007],[-4.230158092999943,53.357739182000046],[-4.231258580999963,53.35589151000005],[-4.235419269999966,53.35119077500008],[-4.23449009899997,53.350464970000075],[-4.235813303999976,53.34824255600006],[-4.228696699999944,53.34397313100004],[-4.228769176999947,53.343599597000036],[-4.233935633999977,53.34069770600007],[-4.230150035999941,53.33672722400007],[-4.224750472999972,53.33820541500006],[-4.219040767999957,53.319087006000075],[-4.20447461599997,53.31401133000003],[-4.214482288999932,53.29870716500005],[-4.205764717999955,53.29654640900003],[-4.201307296999971,53.29544125000007],[-4.204059327999971,53.29229223300007],[-4.199235558999931,53.296667272000036],[-4.199058638999929,53.29682771600005],[-4.173695905999978,53.302128105000065],[-4.173243443999979,53.30222260200003],[-4.143719500999964,53.305233126000076],[-4.135124946999952,53.31470238400004],[-4.118970567999952,53.31923585200008],[-4.103073221999978,53.316889606000075],[-4.080945640999971,53.313619877000065],[-4.080327740999962,53.31345595000005],[-4.079974810999943,53.31347631400007],[-4.07145253799996,53.31221569000007],[-4.05763972699998,53.31476292800005],[-4.05659196299996,53.314823180000076],[-4.040183766999974,53.31062663700004],[-4.042476525999973,53.30830894500008],[-4.046363405999955,53.30503959500004],[-4.056157651999968,53.30307910000005],[-4.057493885999975,53.29919726800006],[-4.058791200999963,53.29542782200008],[-4.071458647999975,53.29067457200006],[-4.075901561999956,53.281085414000074],[-4.085955841999976,53.27500136200007],[-4.087209995999956,53.26330886200003],[-4.097528215999944,53.261352989000045],[-4.100074407999955,53.25579701100003],[-4.100542084999972,53.25477634600003],[-4.124225195999941,53.24737090700006],[-4.143246224999928,53.237075866000055],[-4.155585422999934,53.23257465900008],[-4.155877863999933,53.232686569000066],[-4.159556253999938,53.23409409800007],[-4.160101304999955,53.22667854800005],[-4.157920520999937,53.22687479800004],[-4.161533608999946,53.22278255400005],[-4.163127884999938,53.22139993300004],[-4.169593993999968,53.22194671300008],[-4.171291036999946,53.222325452000064],[-4.170528888999968,53.22517627800005],[-4.178111417999958,53.22380070300005],[-4.186182024999937,53.21731529600004],[-4.202546784999925,53.21417553900005],[-4.214431409999975,53.20513632800004],[-4.218553742999973,53.18562788600008],[-4.245025970999961,53.179210589000036],[-4.275764979999963,53.16324943400008],[-4.275809353999932,53.163200345000064],[-4.282118172999958,53.15621998600005],[-4.284668065999938,53.15512061700008],[-4.318130376999932,53.14409449600004],[-4.324930853999945,53.14555145300005],[-4.318559568999945,53.14995099400005],[-4.327836675999947,53.14704920200006],[-4.33920171099993,53.14841584100003],[-4.336102394999955,53.14650153500003],[-4.33756472999994,53.142781057000036],[-4.346713647999934,53.13511375500008],[-4.345352051999953,53.13522815700003],[-4.336934523999957,53.13004497400004],[-4.329357881999954,53.12964781900007],[-4.328859724999973,53.12812625400005],[-4.32896698899998,53.12678579000004],[-4.358369178999965,53.131453659000044],[-4.380409903999976,53.14149952500003],[-4.393685579999953,53.144034254000076],[-4.398739808999949,53.144998791000035],[-4.407489548999934,53.14331618300008],[-4.406076000999974,53.14004590400003],[-4.406768798999963,53.13943723400007],[-4.413798938999946,53.134455754000044],[-4.414640314999929,53.13464503100005],[-4.410145588999967,53.14141340900005],[-4.40757819199996,53.144285428000046],[-4.41969908599998,53.16397307700004],[-4.406115370999942,53.16903681500003],[-4.395092298999941,53.16930449600005],[-4.387171446999957,53.169496234000064],[-4.380209201999946,53.182440746000054],[-4.386344494999946,53.19098801400003],[-4.396139982999955,53.18809685800005],[-4.396804144999976,53.187900787000046],[-4.402424373999963,53.18106131900004],[-4.411391954999942,53.17846601600007],[-4.412679003999926,53.17246899400004],[-4.428985589999968,53.160086894000074],[-4.43116435099995,53.15932795500004],[-4.435929512999962,53.15921497100004],[-4.443425332999936,53.15526085000005],[-4.443148081999936,53.15578179400006],[-4.440905544999964,53.157928895000055],[-4.441676660999974,53.15854632300005],[-4.44107775699996,53.15967144800004],[-4.445057150999958,53.161252784000055],[-4.445411332999925,53.161536322000075],[-4.449960974999954,53.163201136000055],[-4.452490112999953,53.16420584300005],[-4.453007100999969,53.16562565300006],[-4.451614419999942,53.16709960000003],[-4.454576803999942,53.169935913000074],[-4.457975590999979,53.17926545600005],[-4.465894100999947,53.18368142300005],[-4.466673279999952,53.18222541600005],[-4.480903802999933,53.18079232100007],[-4.484062172999927,53.17877231400007],[-4.486486001999936,53.17761734000004],[-4.487714743999959,53.184195670000065],[-4.487506689999975,53.185126783000044],[-4.48786794199998,53.185015691000046],[-4.488146409999956,53.18650616600007],[-4.492760215999965,53.184634291000066],[-4.492524637999963,53.18571968400005],[-4.491469518999963,53.187616295000055],[-4.49536007699993,53.18652887600007],[-4.502593454999953,53.187118302000044],[-4.50504026599998,53.18789040300004],[-4.50539263099995,53.190407211000036],[-4.506080743999973,53.196718961000045],[-4.497277054999927,53.20678795600003],[-4.504793956999947,53.20661567500008],[-4.501293367999949,53.211358387000075],[-4.505787474999977,53.21659479400006],[-4.506265820999943,53.217152061000036],[-4.510808710999925,53.21994913600008],[-4.516158969999935,53.223242611000046],[-4.522233334999953,53.22177619800004],[-4.523847313999966,53.22636890000007],[-4.523514511999963,53.231612150000046],[-4.523441077999962,53.23276897300008],[-4.550738204999959,53.24608648600008],[-4.555520845999979,53.24967032200004],[-4.548352579999971,53.254419323000036],[-4.560221955999964,53.25922868400005],[-4.554465530999948,53.26554096000007],[-4.550691925999956,53.26450146500008],[-4.554786060999959,53.26797252600005],[-4.560452720999933,53.26459513100008],[-4.561369596999953,53.26521217700008],[-4.566450250999935,53.26853022800003],[-4.565938475999928,53.27360519800004],[-4.580282488999956,53.27472424900003],[-4.582349834999945,53.28064972700008],[-4.587078277999979,53.27851147500007],[-4.588465853999935,53.28138920600003],[-4.582670643999961,53.28119217500006],[-4.576167548999933,53.28608395900005],[-4.582596750999926,53.28897743600004],[-4.583794096999952,53.28951622200003],[-4.583440740999947,53.289983249000045],[-4.583673547999979,53.29018467900005]]]]}},{"type":"Feature","properties":{"FID":341,"LAD23CD":"W06000002","LAD23NM":"Gwynedd","LAD23NMW":"Gwynedd","BNG_E":280555,"BNG_N":334966,"LONG":-3.7771499,"LAT":52.89883,"GlobalID":"{9436112F-3572-409B-8D93-CF21AACA60D5}","SHAPE_Length":5.6390601308942605,"SHAPE_Area":0.34063134793171035,"reference":"W06000002","name":"Gwynedd"},"geometry":{"type":"MultiPolygon","coordinates":[[[[-3.931159295999976,52.554006438000044],[-3.932931447999977,52.55297831100006],[-3.934241002999954,52.55369347800007],[-3.931159295999976,52.554006438000044]]],[[[-3.94167213399993,52.55795403600007],[-3.941506564999941,52.55766058300003],[-3.941984241999933,52.55792136100007],[-3.94167213399993,52.55795403600007]]],[[[-4.780223229999933,52.75899013900005],[-4.785852544999955,52.75315591200007],[-4.796735058999957,52.75368104300003],[-4.795605838999961,52.74940212700005],[-4.800689632999934,52.74576929800003],[-4.801637961999973,52.74512167300003],[-4.798621337999975,52.75371308500007],[-4.795818514999951,52.755915712000046],[-4.795987541999978,52.76121152400003],[-4.793706852999946,52.76770265300007],[-4.791459649999979,52.76814653900004],[-4.780468053999925,52.76619585000003],[-4.779901246999941,52.76601627800005],[-4.780223229999933,52.75899013900005]]],[[[-4.462213172999952,52.80645212700006],[-4.461060369999927,52.80416046500005],[-4.465124303999971,52.805463528000075],[-4.462942790999932,52.807259368000075],[-4.462213172999952,52.80645212700006]]],[[[-3.931159295999976,52.554006438000044],[-3.931822126999975,52.554526760000044],[-3.939773401999958,52.56066003600006],[-3.960312091999981,52.56067060600003],[-3.969391111999926,52.55619961300005],[-3.98680681999997,52.55356346800005],[-3.987794534999978,52.55272258000008],[-4.060427288999961,52.54120801300007],[-4.065847838999957,52.542332171000055],[-4.070157986999959,52.54322582600008],[-4.081385080999951,52.55899047100007],[-4.081937422999943,52.559678278000035],[-4.097642038999936,52.57922413600005],[-4.098482469999965,52.58026957200008],[-4.110248775999935,52.59489995100006],[-4.111474810999937,52.595856824000066],[-4.111499752999975,52.595889630000045],[-4.112880040999926,52.59692432600008],[-4.126439912999956,52.60737076600003],[-4.103598492999936,52.59918403000006],[-4.090608289999977,52.60054790800007],[-4.090822768999942,52.60294214900006],[-4.088556843999925,52.60277573600007],[-4.088353670999936,52.60276081300003],[-4.087240632999965,52.60267905100005],[-4.097729072999925,52.607410952000066],[-4.097914387999936,52.607384298000056],[-4.11487795599993,52.604943079000066],[-4.116379007999967,52.60472693200006],[-4.119942532999971,52.60664122800006],[-4.128371923999964,52.61116830000003],[-4.11705300899996,52.64012460200007],[-4.105923063999967,52.655684663000045],[-4.094786615999965,52.66857777100006],[-4.08817580799996,52.67188910900006],[-4.083559057999935,52.67317790800007],[-4.07509721699995,52.678437590000044],[-4.072331240999972,52.67982208900003],[-4.05729938099995,52.68734358000006],[-4.058622137999976,52.70832040100004],[-4.049677798999937,52.71545159400006],[-4.057374640999967,52.706284003000064],[-4.051222554999981,52.70378584300005],[-4.032014582999977,52.70866160300005],[-4.037873661999924,52.713997093000046],[-4.024509914999953,52.71478349900008],[-4.016190835999964,52.72063012900003],[-4.01135232699994,52.71317596000006],[-4.008898432999956,52.72005621000005],[-3.99957156399995,52.72352530300003],[-3.989490241999931,52.73595783600007],[-3.976844316999973,52.73838257600005],[-3.976411122999934,52.73846560800007],[-3.970744124999953,52.73955165600006],[-3.959029670999939,52.74698979300007],[-3.958214938999959,52.74732917500006],[-3.949420748999955,52.75099177100003],[-3.95548034799998,52.75059356200006],[-3.966342740999949,52.749878944000045],[-3.976615669999944,52.743368575000034],[-3.989304955999955,52.74044478500008],[-3.989570412999967,52.740383602000065],[-3.995363174999966,52.738837844000045],[-3.996418527999936,52.74115318400004],[-4.005796575999966,52.73590513800008],[-4.023120844999937,52.73602082600007],[-4.035022130999948,52.72169302400005],[-4.054210067999975,52.71889230700003],[-4.052232314999969,52.71650434500003],[-4.058911381999962,52.71782713500005],[-4.054769424999961,52.71957763700004],[-4.060160917999951,52.72049467100004],[-4.075134141999968,52.73892665900007],[-4.084627206999926,52.75060332000004],[-4.08503329399997,52.75110265600006],[-4.09453055299997,52.75910477600007],[-4.144201228999975,52.800894378000066],[-4.152326494999954,52.81326298600004],[-4.147077744999933,52.81895049600007],[-4.13090918499995,52.82627920600004],[-4.139627644999962,52.818109520000064],[-4.133165679999934,52.81934703100006],[-4.133291748999966,52.82252579200008],[-4.119742110999937,52.82557378200005],[-4.118667228999925,52.83029617600005],[-4.107818688999942,52.826407474000064],[-4.116724892999969,52.83168755100007],[-4.128944686999944,52.82717281300006],[-4.127441591999968,52.83105329300008],[-4.119103136999968,52.848067541000034],[-4.14816972899996,52.886984633000054],[-4.147858657999961,52.896233874000075],[-4.133153065999977,52.90086401100007],[-4.136386032999951,52.89724639000008],[-4.122807744999932,52.895465150000064],[-4.087061156999937,52.90193302000006],[-4.082907063999926,52.89846986300006],[-4.082756919999952,52.898594169000035],[-4.073763389999954,52.90603843700006],[-4.080118489999961,52.901960461000044],[-4.082947508999951,52.90256287600005],[-4.086590503999957,52.903338500000075],[-4.083098439999958,52.90570715600006],[-4.074785923999968,52.91134412000008],[-4.076613036999959,52.91350416000006],[-4.07053345199995,52.91582390800005],[-4.068617286999938,52.91391344600004],[-4.05574940799994,52.923500045000026],[-4.04420298499997,52.926640374000044],[-4.040717049999955,52.932142964000036],[-4.039966635999974,52.93332731100003],[-4.039001919999976,52.93474140200004],[-4.038919882999949,52.93476250800006],[-4.038709123999979,52.93481673500003],[-4.030957077999972,52.93681089900008],[-4.030894814999954,52.93682691300006],[-4.029204592999974,52.937261619000026],[-4.03437588099996,52.93739709600004],[-4.036719550999976,52.93745842100003],[-4.037068033999958,52.937461803000076],[-4.045617668999967,52.928309838000075],[-4.053363641999965,52.927437084000076],[-4.056941951999931,52.92471886200008],[-4.06060956999994,52.92193231500005],[-4.069185424999944,52.92253673400006],[-4.073020885999938,52.92280684700006],[-4.070131164999964,52.92413217300003],[-4.083740929999976,52.92014400100004],[-4.083790212999929,52.92011529900003],[-4.096061074999966,52.91296721700007],[-4.098469209999962,52.91156400300008],[-4.102866294999956,52.90900149200007],[-4.11225475699996,52.912205517000075],[-4.10907276599994,52.91907721900003],[-4.120708167999965,52.922619559000054],[-4.129692073999934,52.92176499200008],[-4.134860203999949,52.91395737400006],[-4.151137319999975,52.90998284600005],[-4.151848952999956,52.90636818400003],[-4.169752459999927,52.90583385600007],[-4.195093229999941,52.914546305000044],[-4.200184729999933,52.91377642600003],[-4.200398346999975,52.91374411900006],[-4.223642692999931,52.91930652800005],[-4.229572316999963,52.91890411900005],[-4.232283525999947,52.91496092500006],[-4.23283988299994,52.91488295100004],[-4.254772823999929,52.91265614000008],[-4.256260242999929,52.91159794100008],[-4.261360098999944,52.91088194100007],[-4.271207075999939,52.91050959200004],[-4.271824892999973,52.91048620200007],[-4.281622701999936,52.91005661200006],[-4.283316703999958,52.91022271700007],[-4.28446757599994,52.90993172300006],[-4.294761351999966,52.90947926200005],[-4.295266750999929,52.90993575300007],[-4.299551796999936,52.90926839000008],[-4.316544811999961,52.908518815000036],[-4.317839036999942,52.90792977400008],[-4.317925627999955,52.907890363000035],[-4.325038649999954,52.90465246800005],[-4.326742771999932,52.891945011000075],[-4.37510274899995,52.89639769400003],[-4.379970987999968,52.895663314000046],[-4.397856512999965,52.89296333400006],[-4.398507456999937,52.89231205100003],[-4.402972949999935,52.88784360000005],[-4.400592995999943,52.88471301000004],[-4.400412779999954,52.88447593400008],[-4.401014687999975,52.88453429800006],[-4.404570513999943,52.88487902300005],[-4.40544612399998,52.884963894000066],[-4.405646064999928,52.885858976000065],[-4.406976314999952,52.891813142000046],[-4.416881258999979,52.887360871000055],[-4.415127257999927,52.88520165300008],[-4.409084102999941,52.887199157000055],[-4.412236318999931,52.88370757100006],[-4.40434767499994,52.88284351400006],[-4.395614713999976,52.886139066000055],[-4.397558996999976,52.88225360900003],[-4.427864535999959,52.87889675500003],[-4.451704277999966,52.872472178000066],[-4.452159251999944,52.87234950100003],[-4.456837023999981,52.871194925000054],[-4.457061607999947,52.87113948700005],[-4.478757006999956,52.85485752500006],[-4.470447074999925,52.84783276400003],[-4.47103272399994,52.84758183300005],[-4.481977060999952,52.84418704900003],[-4.482332755999948,52.844021302000044],[-4.495024067999964,52.83810597000007],[-4.505480424999973,52.82701467800007],[-4.505461464999939,52.824571121000076],[-4.498067238999965,52.825495716000034],[-4.499936053999932,52.81928987300006],[-4.498994615999948,52.81745891400004],[-4.499862674999974,52.81323614400003],[-4.500007966999931,52.812529278000056],[-4.49295640899993,52.80940024000006],[-4.487965117999977,52.811333200000036],[-4.485318853999956,52.80803335000007],[-4.48650456699994,52.794925128000045],[-4.486563183999976,52.79475782500003],[-4.491596261999973,52.79091307200008],[-4.497351364999929,52.79497765000008],[-4.514804869999978,52.79296697600006],[-4.515146871999946,52.79203288100007],[-4.515438416999928,52.791993209000054],[-4.517432962999976,52.78578795200008],[-4.518905599999925,52.78176423900004],[-4.529082990999939,52.77831555900008],[-4.54187116199995,52.78602454300005],[-4.542574746999946,52.78654003200006],[-4.536196334999943,52.800258900000074],[-4.57195083199997,52.817822457000034],[-4.593256313999973,52.823849573000075],[-4.593792396999959,52.82400115400003],[-4.611275889999945,52.824470880000035],[-4.624579921999953,52.809558166000045],[-4.644352913999967,52.79977448600005],[-4.649592272999939,52.79917653200005],[-4.65145907699997,52.80432679100005],[-4.661153982999963,52.80619767400003],[-4.665004753999938,52.80503814900004],[-4.665610220999952,52.80508690400006],[-4.666627720999941,52.80454939400005],[-4.671644060999938,52.803038521000076],[-4.679093576999946,52.80079422000006],[-4.681269266999948,52.79903821800008],[-4.685550372999955,52.79684542100006],[-4.686886795999953,52.79450347200003],[-4.688062241999944,52.79355444300006],[-4.688264107999942,52.79368594700003],[-4.692513142999928,52.79968824800005],[-4.698527399999932,52.80037041400004],[-4.699284483999975,52.80086338000007],[-4.709920885999964,52.80166180900005],[-4.720716108999966,52.802884307000056],[-4.73212050099994,52.782112561000076],[-4.736124660999963,52.78416071200007],[-4.738403688999938,52.78546030200005],[-4.742532724999933,52.78412562900007],[-4.744518571999947,52.783578643000055],[-4.753834798999947,52.790420108000035],[-4.757183118999933,52.78834349300007],[-4.75818333999996,52.78890388600007],[-4.767540765999968,52.79720826700003],[-4.767608378999967,52.797579754000026],[-4.75172237299995,52.80509955700006],[-4.751592384999981,52.81572597400003],[-4.740465004999976,52.82107132400006],[-4.739800559999935,52.82271755800008],[-4.738936371999955,52.823222498000064],[-4.737621161999925,52.82811638100003],[-4.736605527999927,52.830631864000054],[-4.722402163999959,52.83645731300004],[-4.726173234999976,52.85354036600006],[-4.71944315199994,52.85525083200008],[-4.716232490999971,52.853914786000075],[-4.702659840999956,52.859123201000045],[-4.702619019999929,52.85913323500006],[-4.693864838999957,52.86128466000008],[-4.687035888999958,52.87608026700008],[-4.67917439699994,52.87476533100005],[-4.676125715999945,52.875965327000074],[-4.668198242999949,52.87908499800005],[-4.667806755999948,52.88189527900005],[-4.665634230999956,52.88576877400004],[-4.667134094999938,52.88672325600004],[-4.666775486999938,52.88929676300006],[-4.653065106999975,52.89921994200006],[-4.650055990999931,52.90602564000005],[-4.632404494999946,52.905862581000065],[-4.622360416999925,52.91721417300005],[-4.617282677999981,52.92226683100006],[-4.61123331999994,52.92352697000007],[-4.610925613999939,52.92358666300004],[-4.594148962999952,52.92683978400004],[-4.589487571999939,52.92916550700005],[-4.581056998999941,52.93337070700005],[-4.579799956999977,52.93783003600004],[-4.570535942999925,52.93889589300005],[-4.567477574999941,52.94844604800005],[-4.567081594999934,52.94831785200006],[-4.563832987999945,52.94577465700007],[-4.567043488999957,52.940741899000045],[-4.56241743399994,52.93817215800004],[-4.545055487999946,52.93782887400005],[-4.536560573999964,52.94136994000007],[-4.536523115999955,52.94122560200003],[-4.535663845999977,52.93791426000007],[-4.528865763999931,52.93741949000008],[-4.511100152999973,52.944920481000054],[-4.510735594999971,52.94512544500003],[-4.500837997999952,52.95068900100006],[-4.497250228999974,52.952452563000065],[-4.496505987999967,52.95312337100006],[-4.491218610999965,52.95609403200007],[-4.482002534999936,52.96610393700007],[-4.471795118999978,52.966649465000046],[-4.461383611999963,52.981714159000035],[-4.443558119999977,52.99028591800004],[-4.437218358999928,52.99848087600003],[-4.434448822999968,52.99903273000007],[-4.425214020999931,53.00003024200004],[-4.418944532999944,52.99917713800005],[-4.413240221999956,52.997160844000064],[-4.402080761999969,53.004566545000046],[-4.401659787999961,53.004817425000056],[-4.40158790199996,53.00486026400006],[-4.386472215999959,53.01386558200005],[-4.353495333999945,53.03349241500007],[-4.349368660999971,53.04468992200003],[-4.34256212899993,53.04682748700003],[-4.338941380999927,53.05385794800003],[-4.337906990999954,53.06678412000008],[-4.337904307999963,53.06681764000007],[-4.337881461999928,53.06710306200006],[-4.336479662999977,53.08424349000006],[-4.346548040999949,53.10455953600007],[-4.346564366999928,53.11403843700003],[-4.346564876999935,53.11433334000003],[-4.337013081999942,53.122357529000055],[-4.332701476999944,53.123210663000066],[-4.329476722999971,53.12344152400004],[-4.32908043499998,53.12327888900006],[-4.328601556999956,53.12038919100007],[-4.319572801999925,53.121496129000036],[-4.333197154999937,53.11430080400004],[-4.333767266999928,53.11399963100007],[-4.324881393999931,53.107592132000036],[-4.319340070999942,53.092772455000045],[-4.320049114999961,53.09812178700008],[-4.317838569999935,53.09965175000008],[-4.305815937999967,53.10797035000007],[-4.313732896999966,53.10654350600004],[-4.313758020999956,53.10728458500006],[-4.313815792999947,53.10898855800008],[-4.313890433999973,53.11118986300005],[-4.31400866499996,53.114676047000046],[-4.314314125999942,53.123679106000054],[-4.294022009999935,53.13598959900003],[-4.293664691999936,53.13620627700004],[-4.280213647999972,53.13937767400006],[-4.272842713999978,53.13624142300006],[-4.273691051999947,53.13274301400003],[-4.270931957999949,53.136297685000045],[-4.278370960999951,53.14072114000004],[-4.277598181999963,53.14145655500005],[-4.274176437999927,53.14471249500008],[-4.260222489999933,53.15798425400004],[-4.260102720999953,53.15809812600003],[-4.243675997999958,53.17043759900008],[-4.234225389999949,53.17406007500006],[-4.220837176999964,53.17842599700003],[-4.21837045999996,53.18013434300008],[-4.214103937999937,53.18176826700005],[-4.212797303999935,53.183993403000045],[-4.208119886999953,53.18723149200008],[-4.209896504999961,53.18893248300003],[-4.209705157999963,53.18931933300007],[-4.209704635999969,53.18935076900004],[-4.209501408999927,53.201587],[-4.209242117999963,53.20190333600004],[-4.199419722999949,53.20996726000004],[-4.184297643999969,53.21532021200005],[-4.165237117999936,53.21878028700007],[-4.163174303999938,53.21883774500003],[-4.156247096999948,53.22266925800005],[-4.155358441999965,53.22305152900003],[-4.155249795999964,53.22309826400004],[-4.135293216999969,53.23167876700006],[-4.134249977999957,53.232127121000076],[-4.12254050699994,53.23719666000005],[-4.119022057999928,53.23411815400004],[-4.118951762999927,53.23409555100005],[-4.111531266999975,53.23170911900007],[-4.11100023399996,53.231538311000065],[-4.111044154999945,53.231684648000055],[-4.111104445999956,53.23181428100003],[-4.113209904999962,53.236943515000064],[-4.106424802999925,53.232343610000044],[-4.099028461999978,53.23442633900004],[-4.091068565999933,53.23666702300005],[-4.082882865999977,53.22850677200006],[-4.08557835199997,53.22567162900003],[-4.065889699999957,53.23370603200004],[-4.031028739999954,53.237424436000026],[-4.026639971999941,53.24255687800007],[-4.01032960799995,53.24428870400004],[-4.007343444999947,53.24687272700004],[-4.007300782999948,53.24682201500008],[-4.004192976999946,53.245043862000045],[-3.998200684999972,53.24838729100003],[-3.979354692999948,53.23189076700004],[-3.940425558999948,53.21885408000003],[-3.935292642999968,53.21487484100004],[-3.936438536999958,53.20494892200003],[-3.940325798999936,53.19885226400004],[-3.951135489999956,53.19555601800005],[-3.964974778999931,53.183390134000035],[-3.963319240999965,53.173819223000066],[-3.970328733999963,53.160186304000035],[-3.991504254999938,53.154477443000076],[-4.00785596999998,53.14376841300003],[-4.02011915199995,53.12482190800006],[-3.998339008999949,53.12683837800006],[-3.995564599999966,53.12496185500004],[-4.006276677999949,53.12201457200007],[-4.02101386399994,53.12458651500003],[-4.018626415999961,53.122439615000076],[-4.031126909999955,53.10637378400003],[-4.029118055999959,53.10153068900007],[-4.01410270699995,53.10355594400005],[-4.013597534999974,53.08970548600007],[-3.996332764999977,53.082939708000026],[-3.986674893999975,53.08420175200007],[-3.991322802999946,53.07649377300004],[-3.977062074999935,53.06893312400007],[-3.978579268999965,53.06126318400004],[-3.992894217999947,53.05017064000003],[-3.997213605999946,53.03765142700007],[-3.989836883999942,53.02687847100003],[-3.993229022999969,53.01671617400007],[-3.986024074999932,53.011983618000045],[-3.963268207999931,53.01082435200004],[-3.94050782599993,53.018404994000036],[-3.931387332999975,53.01729126100008],[-3.915010139999936,53.022580091000066],[-3.898936188999926,53.020566933000055],[-3.89569913899993,53.01297850700007],[-3.887813026999936,53.01160886200006],[-3.892979561999937,53.00284904600005],[-3.89617999099994,52.995857372000046],[-3.849374544999932,52.977324614000054],[-3.841041245999975,52.96230319500006],[-3.833744589999981,52.96207608200007],[-3.83262753799994,52.957736589000035],[-3.813223798999957,52.94937183800005],[-3.769722570999932,52.959304030000055],[-3.743920854999942,52.977057570000056],[-3.704123099999947,52.98678968000007],[-3.682997572999966,52.98689015200006],[-3.672949982999967,52.99705164400007],[-3.659560098999975,52.99690578900004],[-3.635093420999965,53.00769950000006],[-3.606778712999926,53.01211313300007],[-3.59955301399998,53.00991720400003],[-3.610788342999967,52.996014149000075],[-3.602335753999967,52.99353564000006],[-3.596251845999973,52.97781190900008],[-3.582989694999981,52.96753723100005],[-3.570320912999932,52.96985127500005],[-3.544091013999946,52.968270199000074],[-3.533808488999966,52.97368598800006],[-3.51539138399994,52.96864862500007],[-3.508112210999968,52.969536891000075],[-3.504541843999959,52.96535044700005],[-3.490045885999962,52.971699440000066],[-3.483032135999963,52.96953516700006],[-3.457981827999959,52.98488828500007],[-3.436785493999935,52.98084828400005],[-3.448745259999953,52.973827448000065],[-3.446713303999957,52.96323758600005],[-3.481043664999959,52.944865908000054],[-3.482266491999951,52.93980181500007],[-3.491428438999947,52.93368625000005],[-3.483117878999963,52.92688226800004],[-3.466512375999969,52.92305094200003],[-3.465115441999956,52.92026954100004],[-3.465958650999937,52.91238198500008],[-3.480256323999924,52.90876412700004],[-3.482294959999933,52.899744001000045],[-3.489967698999976,52.89578942600008],[-3.473562163999929,52.87126747700006],[-3.48301242399998,52.86545363600004],[-3.505448101999946,52.84189444500004],[-3.517897986999969,52.837378209000065],[-3.533796127999949,52.83807369400006],[-3.566672899999958,52.83007967400005],[-3.564393679999966,52.826380553000035],[-3.568170223999971,52.82289551100007],[-3.586062134999963,52.82776061200008],[-3.586476164999965,52.82771733000004],[-3.586662869999941,52.82746407600007],[-3.597058286999925,52.814053985000044],[-3.596930004999933,52.805006939000066],[-3.606972553999981,52.79750111700008],[-3.606462190999935,52.786990262000074],[-3.596955725999976,52.78348197500003],[-3.599310513999967,52.77879412800007],[-3.59024882999995,52.765903337000054],[-3.594763328999932,52.75713369400006],[-3.588210595999954,52.74708036900006],[-3.591387466999947,52.74176304200006],[-3.58351412899998,52.738622898000074],[-3.599294312999973,52.72588193900003],[-3.604721896999934,52.70887042100003],[-3.601982422999924,52.705087406000075],[-3.614402689999963,52.70196994400004],[-3.619602179999958,52.69745588700005],[-3.64844172599993,52.696222179000074],[-3.654506578999928,52.69169542100008],[-3.663396775999956,52.69142720000008],[-3.682485816999929,52.69415076100006],[-3.69359286699995,52.68680537900008],[-3.696940225999981,52.688271556000075],[-3.709367611999937,52.671082461000026],[-3.714346291999959,52.671846705000064],[-3.711518208999962,52.67445442800005],[-3.716759709999963,52.67877869200004],[-3.735867811999981,52.677892546000066],[-3.743907409999963,52.681308768000065],[-3.759351561999949,52.669446367000035],[-3.765395154999965,52.67309306800007],[-3.768518168999947,52.67039873900006],[-3.788219737999952,52.670975998000074],[-3.802469588999941,52.67822161500004],[-3.808095590999926,52.677945357000056],[-3.840714057999946,52.650902865000035],[-3.84401589099997,52.64122306300004],[-3.83431244999997,52.63630641100008],[-3.834613997999952,52.63305872600006],[-3.846241885999973,52.628835706000075],[-3.843566862999978,52.62267086500003],[-3.850449912999977,52.62063587200004],[-3.845012584999949,52.61127205000008],[-3.848749013999964,52.60730182900005],[-3.842980395999973,52.60463058100004],[-3.842134549999969,52.599680687000046],[-3.856724887999974,52.60042323700003],[-3.86607685499996,52.59182279300006],[-3.87520411099996,52.59304395500004],[-3.872564229999966,52.58860499200006],[-3.877581508999981,52.582415311000034],[-3.882856497999967,52.58320794300005],[-3.88392229599998,52.57711925400008],[-3.915354647999948,52.578589478000026],[-3.915410119999933,52.57359849300008],[-3.928853345999926,52.57146065200004],[-3.926450218999946,52.56076989600007],[-3.926518098999964,52.55669899800006],[-3.931159295999976,52.554006438000044]]]]}},{"type":"Feature","properties":{"FID":342,"LAD23CD":"W06000003","LAD23NM":"Conwy","LAD23NMW":"Conwy","BNG_E":283293,"BNG_N":362563,"LONG":-3.74646,"LAT":53.147388,"GlobalID":"{D9AE4B38-3437-4E10-8556-03E3B529C5C5}","SHAPE_Length":2.7415787082922534,"SHAPE_Area":0.1520159245024499,"reference":"W06000003","name":"Conwy"},"geometry":{"type":"MultiPolygon","coordinates":[[[[-3.863561788999959,53.34171766000003],[-3.840750122999964,53.33698479000003],[-3.833004659999972,53.33799221400005],[-3.828337340999951,53.32535203800006],[-3.823741286999962,53.32387522300007],[-3.823319430999959,53.32373965700003],[-3.813516224999944,53.32258348400006],[-3.803127525999969,53.32438508100006],[-3.78176488899993,53.32808459300003],[-3.776320282999961,53.328276318000064],[-3.775116624999953,53.32830304500004],[-3.766107136999949,53.31943876000008],[-3.756539539999949,53.31696403500007],[-3.754741829999944,53.31667630000004],[-3.73912426399994,53.31417528900005],[-3.737497929999961,53.30428956700007],[-3.737428256999976,53.30386595300007],[-3.737160910999933,53.30371456100005],[-3.730578011999967,53.299986284000056],[-3.726411533999965,53.29762604000007],[-3.722140231999958,53.298542731000055],[-3.722043500999973,53.29856348900006],[-3.72326931899994,53.29673114000008],[-3.707569560999957,53.29384119400004],[-3.707167604999938,53.293820734000064],[-3.697639781999953,53.29333538100008],[-3.696667865999927,53.29328582900007],[-3.671979163999936,53.292902784000034],[-3.671930458999952,53.29290202400006],[-3.654551819999938,53.29217076100008],[-3.653602101999979,53.29228354300005],[-3.634423896999976,53.294559340000035],[-3.622037588999945,53.29055463700007],[-3.609579532999931,53.290472875000034],[-3.608848876999957,53.290611082000055],[-3.589363125999967,53.29429487800007],[-3.589149334999945,53.29434539400006],[-3.564014400999952,53.30028111200005],[-3.563760323999929,53.30036479700004],[-3.553670833999945,53.30368488400006],[-3.542383297999947,53.30697347900008],[-3.508498067999938,53.316836325000054],[-3.511122917999955,53.31282063300006],[-3.505112130999976,53.307449434000034],[-3.502139626999963,53.30479259600003],[-3.497647779999966,53.30077700100003],[-3.497315386999958,53.30071908000008],[-3.498197544999925,53.299074663000056],[-3.506652016999965,53.29865253500003],[-3.505179830999964,53.29122675500008],[-3.512529748999953,53.290331810000055],[-3.510913,53.28584217700006],[-3.517497477999939,53.285473540000055],[-3.526550981999947,53.27235156100005],[-3.526369607999925,53.26675773100004],[-3.518492777999938,53.26311414200006],[-3.518338043999961,53.25637374900003],[-3.52495599599996,53.25694995600003],[-3.52986311799998,53.25490572000007],[-3.527717256999949,53.253033723000044],[-3.529176718999963,53.25314719800008],[-3.533236439999939,53.24980470600008],[-3.528801808999958,53.24511151100006],[-3.523813240999971,53.239640234000035],[-3.513605438999946,53.23888233200006],[-3.509328696999944,53.24172648500007],[-3.466024519999962,53.22078116100005],[-3.470532663999961,53.20302108700008],[-3.468099657999971,53.19749891400005],[-3.472994470999936,53.18600064600008],[-3.469479400999944,53.18229534300008],[-3.474458638999977,53.17637239900006],[-3.461780315999931,53.164613391000046],[-3.473067760999925,53.16259098900008],[-3.476147275999949,53.15896315300006],[-3.486754676999965,53.15961253900008],[-3.490885630999969,53.15541839400004],[-3.503108348999945,53.15334910300004],[-3.505738497999971,53.149961731000076],[-3.534071854999979,53.13994778600005],[-3.546517907999942,53.13274506100004],[-3.552097752999941,53.12312056500008],[-3.563343044999954,53.11948449700003],[-3.560068787999967,53.114650382000036],[-3.566439278999951,53.11163416200003],[-3.555954031999931,53.10666979300004],[-3.599301658999934,53.09158726800007],[-3.60161792699995,53.08521012600005],[-3.592904166999972,53.07855936700008],[-3.565695655999946,53.09141466900007],[-3.564930699999934,53.09465569300005],[-3.55467510699998,53.09324921000007],[-3.551880877999963,53.08934634900004],[-3.515710232999936,53.089799035000055],[-3.509866575999979,53.07635346400008],[-3.500532590999967,53.08199395200006],[-3.486929000999965,53.08404989600007],[-3.483268545999977,53.07403956600007],[-3.486887967999962,53.06592335600004],[-3.481377443999975,53.06265325500004],[-3.465160045999937,53.053067861000045],[-3.462609158999953,53.04621124500005],[-3.485076945999936,53.04343533200006],[-3.489658156999951,53.03785910000005],[-3.482867150999937,53.03203052100008],[-3.485048257999949,53.02767104800006],[-3.47627476599996,53.02642010100004],[-3.48118431599994,53.01852261000005],[-3.475164381999946,53.01804547000006],[-3.463305168999966,53.010118144000046],[-3.460872723999955,53.00469294700008],[-3.464168438999934,53.00299186400008],[-3.454971876999934,52.99749688400004],[-3.457981827999959,52.98488828500007],[-3.483032135999963,52.96953516700006],[-3.490045885999962,52.971699440000066],[-3.504541843999959,52.96535044700005],[-3.508112210999968,52.969536891000075],[-3.51539138399994,52.96864862500007],[-3.533808488999966,52.97368598800006],[-3.544091013999946,52.968270199000074],[-3.570320912999932,52.96985127500005],[-3.582989694999981,52.96753723100005],[-3.596251845999973,52.97781190900008],[-3.602335753999967,52.99353564000006],[-3.610788342999967,52.996014149000075],[-3.59955301399998,53.00991720400003],[-3.606778712999926,53.01211313300007],[-3.635093420999965,53.00769950000006],[-3.659560098999975,52.99690578900004],[-3.672949982999967,52.99705164400007],[-3.682997572999966,52.98689015200006],[-3.704123099999947,52.98678968000007],[-3.743920854999942,52.977057570000056],[-3.769722570999932,52.959304030000055],[-3.813223798999957,52.94937183800005],[-3.83262753799994,52.957736589000035],[-3.833744589999981,52.96207608200007],[-3.841041245999975,52.96230319500006],[-3.849374544999932,52.977324614000054],[-3.89617999099994,52.995857372000046],[-3.892979561999937,53.00284904600005],[-3.887813026999936,53.01160886200006],[-3.89569913899993,53.01297850700007],[-3.898936188999926,53.020566933000055],[-3.915010139999936,53.022580091000066],[-3.931387332999975,53.01729126100008],[-3.94050782599993,53.018404994000036],[-3.963268207999931,53.01082435200004],[-3.986024074999932,53.011983618000045],[-3.993229022999969,53.01671617400007],[-3.989836883999942,53.02687847100003],[-3.997213605999946,53.03765142700007],[-3.992894217999947,53.05017064000003],[-3.978579268999965,53.06126318400004],[-3.977062074999935,53.06893312400007],[-3.991322802999946,53.07649377300004],[-3.986674893999975,53.08420175200007],[-3.996332764999977,53.082939708000026],[-4.013597534999974,53.08970548600007],[-4.01410270699995,53.10355594400005],[-4.029118055999959,53.10153068900007],[-4.031126909999955,53.10637378400003],[-4.018626415999961,53.122439615000076],[-4.02101386399994,53.12458651500003],[-4.006276677999949,53.12201457200007],[-3.995564599999966,53.12496185500004],[-3.998339008999949,53.12683837800006],[-4.02011915199995,53.12482190800006],[-4.00785596999998,53.14376841300003],[-3.991504254999938,53.154477443000076],[-3.970328733999963,53.160186304000035],[-3.963319240999965,53.173819223000066],[-3.964974778999931,53.183390134000035],[-3.951135489999956,53.19555601800005],[-3.940325798999936,53.19885226400004],[-3.936438536999958,53.20494892200003],[-3.935292642999968,53.21487484100004],[-3.940425558999948,53.21885408000003],[-3.979354692999948,53.23189076700004],[-3.998200684999972,53.24838729100003],[-4.004192976999946,53.245043862000045],[-4.007300782999948,53.24682201500008],[-4.007343444999947,53.24687272700004],[-3.99977294599995,53.24912514400006],[-4.000572489999968,53.250359744000036],[-4.00167937599997,53.249762917000055],[-4.001592272999972,53.25280765100007],[-3.959366573999944,53.265230658000064],[-3.932564317999947,53.26899288800007],[-3.911463287999936,53.27599233900003],[-3.878271167999969,53.289044567000076],[-3.876762926999959,53.28892871900007],[-3.87666696499997,53.28892134700004],[-3.864313464999952,53.28797171100007],[-3.851011521999965,53.29611265500006],[-3.845004787999926,53.29649434000004],[-3.837313910999967,53.29200563300003],[-3.838202447999947,53.29198385600006],[-3.839416473999961,53.29195829400004],[-3.842178559999979,53.29200243900004],[-3.841694472999961,53.291739660000076],[-3.836698953999928,53.289027625000074],[-3.83833057399994,53.287447341000075],[-3.832762697999954,53.286890259000074],[-3.828340994999962,53.28448888100007],[-3.824689439999929,53.280693202000066],[-3.828998681999963,53.27878967300006],[-3.819919580999965,53.27749514700008],[-3.817673313999933,53.277174751000075],[-3.809741541999927,53.26626650600008],[-3.822837746999937,53.26033672400007],[-3.827832211999976,53.25127738000003],[-3.80981563499995,53.24256806900007],[-3.806306261999964,53.24088388500007],[-3.821331244999953,53.25148926300005],[-3.817905262999943,53.25648923400007],[-3.81745916999995,53.25714018000008],[-3.814128427999947,53.25881068900003],[-3.800652365999952,53.26556724000005],[-3.798418502999937,53.26668688900003],[-3.797532789999934,53.27334565600006],[-3.800986330999933,53.27351585500003],[-3.802881461999959,53.27360920700005],[-3.806577110999967,53.27781264500004],[-3.807208069999945,53.27800883300006],[-3.814594629999931,53.28030519400005],[-3.814812135999944,53.28045449600006],[-3.815724141999965,53.281080503000055],[-3.82060316999997,53.28079733200008],[-3.823132190999956,53.28065047300004],[-3.82183274199997,53.281299483000055],[-3.817880929999944,53.28327300600006],[-3.822687837999979,53.289494406000074],[-3.823513276999961,53.28982673500008],[-3.823719546999939,53.28990977800004],[-3.825829039999974,53.29079239300006],[-3.825826606999954,53.29082478600003],[-3.826947310999969,53.29120918600006],[-3.827389052999933,53.291387007000026],[-3.828067423999926,53.29244502800003],[-3.828107996999961,53.29167640500003],[-3.838168339999925,53.29572516200005],[-3.839667069999962,53.302756887000044],[-3.839938773999961,53.304012940000064],[-3.842475272999934,53.30800658100003],[-3.846064398999943,53.30752764500005],[-3.844945123999935,53.31831076900005],[-3.863579826999967,53.326627030000054],[-3.864890814999967,53.328288145000045],[-3.877307538999958,53.332871897000075],[-3.878315965999946,53.339554829000065],[-3.875429245999953,53.34052303700008],[-3.872606354999959,53.34144677200004],[-3.863561788999959,53.34171766000003]]]]}},{"type":"Feature","properties":{"FID":343,"LAD23CD":"W06000004","LAD23NM":"Denbighshire","LAD23NMW":"Sir Ddinbych","BNG_E":309843,"BNG_N":355416,"LONG":-3.34761,"LAT":53.088329,"GlobalID":"{22313345-A2D2-4A54-9EDC-1F492CD7320E}","SHAPE_Length":2.452958212340171,"SHAPE_Area":0.11237969936216657,"reference":"W06000004","name":"Denbighshire"},"geometry":{"type":"MultiPolygon","coordinates":[[[[-3.376249091999966,53.32772399600003],[-3.388347071999931,53.32323286600007],[-3.391813705999937,53.32714969600005],[-3.395965581999974,53.323336373000075],[-3.400599013999965,53.31385742300006],[-3.397620163999932,53.30970317200007],[-3.381307700999969,53.31582717100008],[-3.389566678999927,53.30607026400003],[-3.394046785999933,53.30575458100003],[-3.394341194999924,53.301707615000055],[-3.382178006999936,53.301049066000076],[-3.375130838999951,53.29165371900007],[-3.362300441999935,53.294491565000044],[-3.362016272999938,53.29814991000006],[-3.355755186999943,53.297079617000065],[-3.357033788999956,53.28392769800007],[-3.329798277999942,53.27321077000005],[-3.361755276999929,53.253100654000036],[-3.34928885599993,53.25149301300007],[-3.333660044999931,53.236699517000034],[-3.304440089999957,53.23292393400004],[-3.322378913999955,53.22040930900005],[-3.317085236999958,53.20999508800003],[-3.30911062499996,53.206670572000064],[-3.304215372999977,53.20803138400004],[-3.311029685999927,53.200722565000035],[-3.300412019999953,53.19403483700006],[-3.290353282999945,53.19185283200005],[-3.278247402999966,53.18201052400008],[-3.275134814999944,53.17903687100005],[-3.280977740999958,53.16859018100007],[-3.27266227399997,53.16356618200007],[-3.271205836999968,53.157466072000034],[-3.244151975999955,53.15229811000006],[-3.213875027999961,53.155277771000044],[-3.208226039999943,53.15984352000004],[-3.182345776999966,53.15403715300005],[-3.181338349999976,53.14621099100003],[-3.185900019999963,53.14197385500006],[-3.175764408999953,53.12185426000008],[-3.175738415999945,53.121448126000075],[-3.175793727999974,53.12057206800006],[-3.17250990399998,53.11093168300005],[-3.163350694999963,53.10584803100005],[-3.145908214999963,53.10394975200006],[-3.151835665999954,53.09322912700003],[-3.140711883999927,53.080583786000034],[-3.139555338999969,53.075178692000065],[-3.129616441999929,53.07236812100007],[-3.129229628999951,53.06146553700006],[-3.14779038699993,53.04380730200006],[-3.140815535999934,53.04098249000003],[-3.132611179999969,53.03088016600003],[-3.132261575999962,53.02106847200008],[-3.146985014999927,53.00859173600003],[-3.148765409999953,52.99857711700008],[-3.127218547999973,52.98729988000008],[-3.123127401999966,52.98688007100003],[-3.119741171999976,52.984393983000075],[-3.12228842199994,52.97676018300007],[-3.105179119999946,52.97337233300004],[-3.111280826999973,52.96938864200007],[-3.097254886999963,52.97295313400008],[-3.090295195999943,52.97161937700008],[-3.092148569999949,52.96427562800005],[-3.110700134999945,52.961724967000066],[-3.096726104999959,52.95924778600005],[-3.110190429999932,52.955777623000074],[-3.12348203199997,52.954556867000065],[-3.197974850999969,52.944206285000064],[-3.23744045799998,52.951012664000075],[-3.250782558999958,52.94578637300003],[-3.29740172299995,52.94296698900007],[-3.314307744999951,52.946801476000076],[-3.324340375999952,52.93184399800003],[-3.353315391999956,52.92197172200008],[-3.348875387999954,52.916332442000055],[-3.359410744999934,52.905395498000075],[-3.373084937999977,52.90109096400005],[-3.375014834999945,52.892453454000076],[-3.388823550999973,52.876070122000044],[-3.449383914999942,52.86452497000005],[-3.469268083999964,52.861939445000075],[-3.48301242399998,52.86545363600004],[-3.473562163999929,52.87126747700006],[-3.489967698999976,52.89578942600008],[-3.482294959999933,52.899744001000045],[-3.480256323999924,52.90876412700004],[-3.465958650999937,52.91238198500008],[-3.465115441999956,52.92026954100004],[-3.466512375999969,52.92305094200003],[-3.483117878999963,52.92688226800004],[-3.491428438999947,52.93368625000005],[-3.482266491999951,52.93980181500007],[-3.481043664999959,52.944865908000054],[-3.446713303999957,52.96323758600005],[-3.448745259999953,52.973827448000065],[-3.436785493999935,52.98084828400005],[-3.457981827999959,52.98488828500007],[-3.454971876999934,52.99749688400004],[-3.464168438999934,53.00299186400008],[-3.460872723999955,53.00469294700008],[-3.463305168999966,53.010118144000046],[-3.475164381999946,53.01804547000006],[-3.48118431599994,53.01852261000005],[-3.47627476599996,53.02642010100004],[-3.485048257999949,53.02767104800006],[-3.482867150999937,53.03203052100008],[-3.489658156999951,53.03785910000005],[-3.485076945999936,53.04343533200006],[-3.462609158999953,53.04621124500005],[-3.465160045999937,53.053067861000045],[-3.481377443999975,53.06265325500004],[-3.486887967999962,53.06592335600004],[-3.483268545999977,53.07403956600007],[-3.486929000999965,53.08404989600007],[-3.500532590999967,53.08199395200006],[-3.509866575999979,53.07635346400008],[-3.515710232999936,53.089799035000055],[-3.551880877999963,53.08934634900004],[-3.55467510699998,53.09324921000007],[-3.564930699999934,53.09465569300005],[-3.565695655999946,53.09141466900007],[-3.592904166999972,53.07855936700008],[-3.60161792699995,53.08521012600005],[-3.599301658999934,53.09158726800007],[-3.555954031999931,53.10666979300004],[-3.566439278999951,53.11163416200003],[-3.560068787999967,53.114650382000036],[-3.563343044999954,53.11948449700003],[-3.552097752999941,53.12312056500008],[-3.546517907999942,53.13274506100004],[-3.534071854999979,53.13994778600005],[-3.505738497999971,53.149961731000076],[-3.503108348999945,53.15334910300004],[-3.490885630999969,53.15541839400004],[-3.486754676999965,53.15961253900008],[-3.476147275999949,53.15896315300006],[-3.473067760999925,53.16259098900008],[-3.461780315999931,53.164613391000046],[-3.474458638999977,53.17637239900006],[-3.469479400999944,53.18229534300008],[-3.472994470999936,53.18600064600008],[-3.468099657999971,53.19749891400005],[-3.470532663999961,53.20302108700008],[-3.466024519999962,53.22078116100005],[-3.509328696999944,53.24172648500007],[-3.513605438999946,53.23888233200006],[-3.523813240999971,53.239640234000035],[-3.528801808999958,53.24511151100006],[-3.533236439999939,53.24980470600008],[-3.529176718999963,53.25314719800008],[-3.527717256999949,53.253033723000044],[-3.52986311799998,53.25490572000007],[-3.52495599599996,53.25694995600003],[-3.518338043999961,53.25637374900003],[-3.518492777999938,53.26311414200006],[-3.526369607999925,53.26675773100004],[-3.526550981999947,53.27235156100005],[-3.517497477999939,53.285473540000055],[-3.510913,53.28584217700006],[-3.512529748999953,53.290331810000055],[-3.505179830999964,53.29122675500008],[-3.506652016999965,53.29865253500003],[-3.498197544999925,53.299074663000056],[-3.497315386999958,53.30071908000008],[-3.490527252999925,53.29953597800005],[-3.487254879999966,53.29896547900006],[-3.485796046999951,53.29871111400007],[-3.494797616999961,53.303211247000036],[-3.494635056999925,53.303938370000026],[-3.493818248999958,53.30759152200005],[-3.493576112999961,53.308674351000036],[-3.494967653999936,53.30757710900008],[-3.497619094999948,53.305486217000066],[-3.501062481999952,53.307500495000056],[-3.502259237999965,53.30820049600004],[-3.504919220999966,53.309756235000066],[-3.505108079999957,53.309908060000055],[-3.509273961999952,53.313256669000054],[-3.502581674999931,53.31738699400006],[-3.490236967999977,53.32500257400005],[-3.447260789999973,53.33311929000007],[-3.447180181999954,53.33313449100007],[-3.44703665399993,53.33316155600005],[-3.412818468999944,53.34263890700004],[-3.412167152999928,53.34276325400003],[-3.363453402999937,53.352051534000054],[-3.360668363999935,53.34657559600004],[-3.36901985999998,53.345612532000075],[-3.368179966999946,53.33523768300006],[-3.376886054999943,53.33225361900003],[-3.376249091999966,53.32772399600003]]]]}},{"type":"Feature","properties":{"FID":344,"LAD23CD":"W06000005","LAD23NM":"Flintshire","LAD23NMW":"Sir y Fflint","BNG_E":321134,"BNG_N":369280,"LONG":-3.1824801,"LAT":53.21471,"GlobalID":"{693217EC-5C94-4EC1-9D81-EED3F99F1777}","SHAPE_Length":1.818775433401382,"SHAPE_Area":0.059027601188459754,"reference":"W06000005","name":"Flintshire"},"geometry":{"type":"MultiPolygon","coordinates":[[[[-3.082424344999936,53.25550517500005],[-3.088063065999961,53.25773357200006],[-3.091754248999962,53.25971549800005],[-3.082424344999936,53.25550517500005]]],[[[-3.09580623599993,53.26237833700003],[-3.092165772999977,53.259974242000055],[-3.093139169999972,53.26050527700005],[-3.093323644999941,53.26062850000005],[-3.096982497999932,53.25989735400003],[-3.095100703999947,53.26188545000008],[-3.100297618999946,53.26170724500008],[-3.100426546999927,53.26170282100003],[-3.101354349999951,53.266917903000035],[-3.099528505999956,53.265350537000074],[-3.097443747999932,53.263643202000026],[-3.097355397999934,53.26357502800005],[-3.096205242999929,53.26268856000007],[-3.09580623599993,53.26237833700003]]],[[[-3.082424344999936,53.25550517500005],[-3.074424558999965,53.25370752200007],[-3.061116357999936,53.25271958700006],[-3.050627382999949,53.25229604800006],[-3.048670701999924,53.25220948500004],[-3.036063218999971,53.25180644100004],[-3.025905235999971,53.24845623300007],[-3.016423079999925,53.244121704000065],[-3.01218681499995,53.24216039200007],[-3.012237342999924,53.24208178100008],[-2.949510091999969,53.211279716000035],[-2.946048135999945,53.206791991000046],[-2.943675740999936,53.20402592500005],[-2.943732162999936,53.20400391000004],[-2.937288787999933,53.19763100500006],[-2.935840452999969,53.19663381300006],[-2.92229929299998,53.18929267200008],[-2.920360567999978,53.18283095400005],[-2.920395399999961,53.18257357500005],[-2.920319212999971,53.17942971600007],[-2.927950832999954,53.17155791700003],[-2.927840569999944,53.17141069000007],[-2.94030431799996,53.16674166100006],[-2.94480125399997,53.165859527000066],[-2.962686726999948,53.16197658400006],[-2.962991208999938,53.161903030000076],[-2.970925957999953,53.16078240100006],[-2.981491907999953,53.15629190700008],[-2.989956768999946,53.157542367000076],[-2.992929007999976,53.153288072000066],[-2.984564887999966,53.14777969000005],[-2.979498026999977,53.15062164600005],[-2.963813124999945,53.132757525000045],[-2.972529381999948,53.13431649900008],[-2.997383421999928,53.12940062900003],[-3.005326528999944,53.12406433000007],[-3.003436842999974,53.120310164000045],[-3.00980580099997,53.11293899700007],[-3.026507957999968,53.103568659000075],[-3.026662082999962,53.103576316000044],[-3.029147599999931,53.10351530400004],[-3.028521570999942,53.101758766000046],[-3.027559473999929,53.09297277400003],[-3.028198197999927,53.09309511400005],[-3.031751026999927,53.09738060500007],[-3.038421653999933,53.095126708000066],[-3.038685421999958,53.09158167600003],[-3.062824134999971,53.08504338500006],[-3.071340394999936,53.08961092100003],[-3.089209281999956,53.082383708000066],[-3.111841373999937,53.07307590800008],[-3.129616441999929,53.07236812100007],[-3.139555338999969,53.075178692000065],[-3.140711883999927,53.080583786000034],[-3.151835665999954,53.09322912700003],[-3.145908214999963,53.10394975200006],[-3.163350694999963,53.10584803100005],[-3.17250990399998,53.11093168300005],[-3.175793727999974,53.12057206800006],[-3.175738415999945,53.121448126000075],[-3.175764408999953,53.12185426000008],[-3.185900019999963,53.14197385500006],[-3.181338349999976,53.14621099100003],[-3.182345776999966,53.15403715300005],[-3.208226039999943,53.15984352000004],[-3.213875027999961,53.155277771000044],[-3.244151975999955,53.15229811000006],[-3.271205836999968,53.157466072000034],[-3.27266227399997,53.16356618200007],[-3.280977740999958,53.16859018100007],[-3.275134814999944,53.17903687100005],[-3.278247402999966,53.18201052400008],[-3.290353282999945,53.19185283200005],[-3.300412019999953,53.19403483700006],[-3.311029685999927,53.200722565000035],[-3.304215372999977,53.20803138400004],[-3.30911062499996,53.206670572000064],[-3.317085236999958,53.20999508800003],[-3.322378913999955,53.22040930900005],[-3.304440089999957,53.23292393400004],[-3.333660044999931,53.236699517000034],[-3.34928885599993,53.25149301300007],[-3.361755276999929,53.253100654000036],[-3.329798277999942,53.27321077000005],[-3.357033788999956,53.28392769800007],[-3.355755186999943,53.297079617000065],[-3.362016272999938,53.29814991000006],[-3.362300441999935,53.294491565000044],[-3.375130838999951,53.29165371900007],[-3.382178006999936,53.301049066000076],[-3.394341194999924,53.301707615000055],[-3.394046785999933,53.30575458100003],[-3.389566678999927,53.30607026400003],[-3.381307700999969,53.31582717100008],[-3.397620163999932,53.30970317200007],[-3.400599013999965,53.31385742300006],[-3.395965581999974,53.323336373000075],[-3.391813705999937,53.32714969600005],[-3.388347071999931,53.32323286600007],[-3.376249091999966,53.32772399600003],[-3.376886054999943,53.33225361900003],[-3.368179966999946,53.33523768300006],[-3.36901985999998,53.345612532000075],[-3.360668363999935,53.34657559600004],[-3.363453402999937,53.352051534000054],[-3.327344890999939,53.35669727900006],[-3.30970223099996,53.35578748000006],[-3.311172712999962,53.34593158300004],[-3.316289080999979,53.35343711100006],[-3.315375019999976,53.34756454800004],[-3.309601457999975,53.34384084100003],[-3.309286253999971,53.343637519000026],[-3.312305057999936,53.34234524200008],[-3.306397156999935,53.34141015000006],[-3.303550961999974,53.33487265200006],[-3.288939289999973,53.327335600000026],[-3.288887820999946,53.32730904200008],[-3.288538333999952,53.32712871200005],[-3.273111130999951,53.320543470000075],[-3.261672308999948,53.32602658300004],[-3.261475644999962,53.32597796700003],[-3.26291574499993,53.31901037200004],[-3.258630805999928,53.31475705300005],[-3.245460462999972,53.310443434000035],[-3.235219578999931,53.30708767100003],[-3.236691651999934,53.30442955600006],[-3.222061653999958,53.30109310800003],[-3.220297995999942,53.30069073300007],[-3.201646610999944,53.292587946000026],[-3.193684657999938,53.289127327000074],[-3.193346408999957,53.28898028500004],[-3.190415130999952,53.28634069200007],[-3.189830905999941,53.28603074800003],[-3.176694692999945,53.27905973600008],[-3.178569814999946,53.27678135300005],[-3.16594656999996,53.27249433500003],[-3.168734081999958,53.270230549000075],[-3.164960608999934,53.27037820900006],[-3.16316169199996,53.270448559000044],[-3.14262589599997,53.25946705400003],[-3.142589636999958,53.25944765600008],[-3.131501210999943,53.25792904900004],[-3.13166272999996,53.257750558000055],[-3.131828622999933,53.25756723300003],[-3.135318635999965,53.253710055000056],[-3.131526320999967,53.25660825600005],[-3.121995400999936,53.248654704000046],[-3.12177494499997,53.248470688000054],[-3.121337369999935,53.24834426900003],[-3.107496003999927,53.24434416100007],[-3.111913831999971,53.24439741800006],[-3.107036631999961,53.24344227700004],[-3.108487312999955,53.24013873500007],[-3.105600453999955,53.24377023200003],[-3.086040456999967,53.237346923000075],[-3.064220406999937,53.22428329500008],[-3.063619283999969,53.22392284000006],[-3.062294165999958,53.22312822200007],[-3.048870503999979,53.22078428700007],[-3.044673538999973,53.22004786000008],[-3.046097990999954,53.21654490900005],[-3.043819760999952,53.219769204000045],[-3.043778596999971,53.219755004000035],[-3.034145525999975,53.21643110800005],[-3.038552667999966,53.21908021200005],[-3.040892929999927,53.220466359000056],[-3.048286843999961,53.222197935000054],[-3.060656102999928,53.22545303800007],[-3.061045348999926,53.22568525600008],[-3.06284336899995,53.226757871000075],[-3.083372758999928,53.23899785500004],[-3.093786285999954,53.24444910500006],[-3.07906924699995,53.24164509500008],[-3.074265474999947,53.244614295000076],[-3.086165011999981,53.247431231000064],[-3.085650423999937,53.25031062000005],[-3.088026617999958,53.24797069600004],[-3.092873567999959,53.25102941100005],[-3.09776855399997,53.24926575200004],[-3.099035210999944,53.252429971000026],[-3.094447890999959,53.25586650000008],[-3.086001196999973,53.256288905000076],[-3.076677187999962,53.25078670500005],[-3.082424344999936,53.25550517500005]]]]}},{"type":"Feature","properties":{"FID":345,"LAD23CD":"W06000006","LAD23NM":"Wrexham","LAD23NMW":"Wrecsam","BNG_E":333523,"BNG_N":345387,"LONG":-2.9920299,"LAT":53.001671,"GlobalID":"{FE8447E7-A021-44BC-A42D-89078536613B}","SHAPE_Length":2.10326436113368,"SHAPE_Area":0.06741682970589899,"reference":"W06000006","name":"Wrexham"},"geometry":{"type":"MultiPolygon","coordinates":[[[[-2.920836286999929,53.11842377700003],[-2.910232335999979,53.11263896400004],[-2.897001508999949,53.113994277000074],[-2.886499761999971,53.121383801000036],[-2.880942317999938,53.12137473400003],[-2.883878827999979,53.11134352600004],[-2.891715934999979,53.10939466100007],[-2.893379506999963,53.10417661500003],[-2.887303776999943,53.10442246000008],[-2.893486745999951,53.09624190000005],[-2.897819824999942,53.096415179000076],[-2.89483798699996,53.098814410000045],[-2.899399987999971,53.09792513100007],[-2.900943747999975,53.09083353400007],[-2.893576172999929,53.09155246600005],[-2.891051162999929,53.087510973000064],[-2.875722253999925,53.08152202900004],[-2.881750733999979,53.07459447900004],[-2.87536270399994,53.073301369000035],[-2.877652774999945,53.06892022100004],[-2.869357787999945,53.069744255000046],[-2.865508631999944,53.066021094000064],[-2.870433783999943,53.06419187400007],[-2.861513141999978,53.06077434600007],[-2.872562736999953,53.05870804600005],[-2.860959636999951,53.05764557800006],[-2.867093311999952,53.056740741000056],[-2.85923562399995,53.054164796000066],[-2.866090844999974,53.05273608200008],[-2.868340481999951,53.05006247700004],[-2.863420013999928,53.05212444000006],[-2.863118707999945,53.04862257800005],[-2.870117910999966,53.045360593000055],[-2.861601237999935,53.04382515700007],[-2.866704250999931,53.04056261200003],[-2.861872981999966,53.03860387900005],[-2.855715066999949,53.03725590400006],[-2.860395496999956,53.02852211100003],[-2.860434660999942,53.028395921000026],[-2.858616961999928,53.01983761200006],[-2.844062013999974,53.017668367000056],[-2.833872989999975,52.996723702000054],[-2.833613149999962,52.99684415100006],[-2.803420058999961,52.98961501700006],[-2.803309640999942,52.98959899700003],[-2.803218612999956,52.98959480900004],[-2.802068840999937,52.99057702400006],[-2.80211432599998,52.990459798000074],[-2.801705267999978,52.99049131500004],[-2.80181259699998,52.99073512400008],[-2.800777985999957,52.990781636000065],[-2.801000415999965,52.99056175800007],[-2.800594613999976,52.99053033900003],[-2.800631579999958,52.99075566100004],[-2.800047632999963,52.99035688400005],[-2.800172104999945,52.99016004200007],[-2.798043142999973,52.989590099000054],[-2.798098138999933,52.98966162600004],[-2.797583834999955,52.98996712700006],[-2.797680381999953,52.99011386500007],[-2.797167612999942,52.990583006000065],[-2.797616344999938,52.990597972000046],[-2.797249745999977,52.99107413300004],[-2.797270270999945,52.99122147000003],[-2.794722392999972,52.99128435000006],[-2.794727544999944,52.99107662800003],[-2.79179266899996,52.99131646600006],[-2.791920585999947,52.991392903000076],[-2.791843068999981,52.99146621400007],[-2.792118003999974,52.99175654900006],[-2.791995960999941,52.991927306000036],[-2.792290677999972,52.99215729600007],[-2.792284854999934,52.992080857000076],[-2.794255943999929,52.992813899000055],[-2.792164696999976,52.99398473100007],[-2.792166474999931,52.994081867000034],[-2.792209173999936,52.994132808000074],[-2.791493503999959,52.99434795700006],[-2.79180299099994,52.99449148600007],[-2.784855955999944,52.993933421000065],[-2.785001333999958,52.994146441000055],[-2.785002099999929,52.99418867400004],[-2.784428541999944,52.99435062500004],[-2.78453561699996,52.994422805000056],[-2.784087509999949,52.99468817400003],[-2.78441575599993,52.995041177000076],[-2.783912596999926,52.99523141900005],[-2.783963944999925,52.99535339300007],[-2.783954481999956,52.99540737700005],[-2.783976666999934,52.99564187900006],[-2.783621140999969,52.99575655600006],[-2.783862209999938,52.99557604000006],[-2.783722656999942,52.995440356000074],[-2.783725132999962,52.995414279000045],[-2.780920757999979,52.996131165000065],[-2.780925661999959,52.995994532000054],[-2.780701642999929,52.99579999400004],[-2.780700296999953,52.99572541200007],[-2.78123760099993,52.995608564000065],[-2.780842789999951,52.99552757300006],[-2.781101358999933,52.99541084500004],[-2.781102542999975,52.99547644100005],[-2.781638495999971,52.99528500900004],[-2.781215280999959,52.99495068400006],[-2.781309637999925,52.99489704200005],[-2.781141759999969,52.99467517700003],[-2.781586490999928,52.994221923000055],[-2.780473322999967,52.99404579700007],[-2.76676378999997,52.994646372000034],[-2.758531905999973,52.986130177000064],[-2.743741386999943,52.987147521000054],[-2.726840606999929,52.983272946000056],[-2.735293564999949,52.96994619000003],[-2.727481245999968,52.96635516900005],[-2.724177510999937,52.95712165600003],[-2.728163192999943,52.946992280000075],[-2.728541419999942,52.925178119000066],[-2.755326457999956,52.92462803700005],[-2.772109672999932,52.91426592900007],[-2.800476947999925,52.895515129000046],[-2.812976006999975,52.90956257700003],[-2.813026298999944,52.91494063500005],[-2.838496051999925,52.93218385700004],[-2.841014960999928,52.94262371500008],[-2.871563931999958,52.94525782100004],[-2.883662095999966,52.946668861000035],[-2.88743132899998,52.95252989100004],[-2.898291957999959,52.95027546000006],[-2.908187701999964,52.94208520500007],[-2.920278017999976,52.943395363000036],[-2.928888657999948,52.93867883000007],[-2.959813319999967,52.95116955600008],[-2.961824115999946,52.955658896000045],[-2.972828280999977,52.96046239300006],[-2.968486771999949,52.96417559000008],[-2.974770085999978,52.968951608000054],[-2.977403393999964,52.967265102000056],[-2.982022345999951,52.95919825500005],[-3.008613652999941,52.95659131000008],[-3.013249793999933,52.94872625800008],[-3.017039103999934,52.94870793700005],[-3.020061925999926,52.94597114100003],[-3.023868131999961,52.936441409000054],[-3.028320349999944,52.93678382000007],[-3.035005849999948,52.929508284000065],[-3.057570824999971,52.928246157000046],[-3.076513167999963,52.92547934400005],[-3.095953221999935,52.930281860000036],[-3.109577148999961,52.918443624000076],[-3.116894289999948,52.89969342000006],[-3.114162176999969,52.89397821700004],[-3.137517878999972,52.894916687000034],[-3.147503939999979,52.89016934600005],[-3.154838967999979,52.89809298800003],[-3.174381828999969,52.90157554500007],[-3.197027995999974,52.89083672400005],[-3.205364950999979,52.89312926700006],[-3.215704775999939,52.88686040200008],[-3.216471418999959,52.87682245600007],[-3.228095476999954,52.87555023400006],[-3.233003126999961,52.86701102600006],[-3.239533434999942,52.86887405200008],[-3.261803060999966,52.86660861800004],[-3.291346157999953,52.87084247700005],[-3.296803784999952,52.88072237000006],[-3.314038133999929,52.883739555000034],[-3.322091761999957,52.882082267000044],[-3.345651005999969,52.892540859000064],[-3.375014834999945,52.892453454000076],[-3.373084937999977,52.90109096400005],[-3.359410744999934,52.905395498000075],[-3.348875387999954,52.916332442000055],[-3.353315391999956,52.92197172200008],[-3.324340375999952,52.93184399800003],[-3.314307744999951,52.946801476000076],[-3.29740172299995,52.94296698900007],[-3.250782558999958,52.94578637300003],[-3.23744045799998,52.951012664000075],[-3.197974850999969,52.944206285000064],[-3.12348203199997,52.954556867000065],[-3.110190429999932,52.955777623000074],[-3.096726104999959,52.95924778600005],[-3.110700134999945,52.961724967000066],[-3.092148569999949,52.96427562800005],[-3.090295195999943,52.97161937700008],[-3.097254886999963,52.97295313400008],[-3.111280826999973,52.96938864200007],[-3.105179119999946,52.97337233300004],[-3.12228842199994,52.97676018300007],[-3.119741171999976,52.984393983000075],[-3.123127401999966,52.98688007100003],[-3.127218547999973,52.98729988000008],[-3.148765409999953,52.99857711700008],[-3.146985014999927,53.00859173600003],[-3.132261575999962,53.02106847200008],[-3.132611179999969,53.03088016600003],[-3.140815535999934,53.04098249000003],[-3.14779038699993,53.04380730200006],[-3.129229628999951,53.06146553700006],[-3.129616441999929,53.07236812100007],[-3.111841373999937,53.07307590800008],[-3.089209281999956,53.082383708000066],[-3.071340394999936,53.08961092100003],[-3.062824134999971,53.08504338500006],[-3.038685421999958,53.09158167600003],[-3.038421653999933,53.095126708000066],[-3.031751026999927,53.09738060500007],[-3.028198197999927,53.09309511400005],[-3.027559473999929,53.09297277400003],[-3.028521570999942,53.101758766000046],[-3.029147599999931,53.10351530400004],[-3.026662082999962,53.103576316000044],[-3.026507957999968,53.103568659000075],[-3.00980580099997,53.11293899700007],[-3.003436842999974,53.120310164000045],[-3.005326528999944,53.12406433000007],[-2.997383421999928,53.12940062900003],[-2.972529381999948,53.13431649900008],[-2.963813124999945,53.132757525000045],[-2.94690567899994,53.12727041200003],[-2.943670334999979,53.12162573300003],[-2.920836286999929,53.11842377700003]]]]}},{"type":"Feature","properties":{"FID":346,"LAD23CD":"W06000008","LAD23NM":"Ceredigion","LAD23NMW":"Ceredigion","BNG_E":267127,"BNG_N":268437,"LONG":-3.94993,"LAT":52.297951,"GlobalID":"{5216BA60-9D08-43D3-9677-8207ECF78149}","SHAPE_Length":3.3864639815696598,"SHAPE_Area":0.23571290064896,"reference":"W06000008","name":"Ceredigion"},"geometry":{"type":"MultiPolygon","coordinates":[[[[-4.688178520999941,52.10277408800005],[-4.688912473999949,52.10243557900003],[-4.689282143999947,52.10263129500004],[-4.689330774999974,52.103046326000026],[-4.688520616999938,52.10285491500008],[-4.688178520999941,52.10277408800005]]],[[[-4.688490546999958,52.13188339900006],[-4.695048731999975,52.13150342300003],[-4.688843005999956,52.13408911000005],[-4.688707877999946,52.13399396700004],[-4.688490546999958,52.13188339900006]]],[[[-3.971087595999961,52.55536399700003],[-3.987794534999978,52.55272258000008],[-3.98680681999997,52.55356346800005],[-3.969391111999926,52.55619961300005],[-3.971087595999961,52.55536399700003]]],[[[-3.859466231999932,52.56084360400007],[-3.840861956999959,52.55135479000006],[-3.836139359999947,52.52588814000006],[-3.844409147999954,52.517262069000026],[-3.843995891999953,52.51203926100004],[-3.839963472999955,52.510195030000034],[-3.837707026999965,52.497964456000034],[-3.82649349199994,52.48848703900006],[-3.825379213999952,52.48366706200005],[-3.813947510999981,52.48263887100006],[-3.809771448999925,52.47904264500005],[-3.798100382999962,52.48454425400007],[-3.798015645999953,52.487736545000075],[-3.772226595999939,52.48866868500005],[-3.767938805999961,52.498506064000026],[-3.747189682999931,52.50689181000007],[-3.733260521999966,52.506589560000066],[-3.730293230999962,52.498643677000075],[-3.740686824999955,52.494057772000076],[-3.738837554999975,52.48665209900008],[-3.744798142999969,52.47463327400004],[-3.766407440999956,52.46930361600005],[-3.764147793999939,52.45867115100003],[-3.771616792999964,52.442152441000076],[-3.73679732599993,52.42886662400008],[-3.736633311999981,52.42843659200008],[-3.731304501999944,52.42487508000005],[-3.731456288999937,52.42458333500008],[-3.732581490999962,52.420010182000055],[-3.712050104999946,52.413356416000056],[-3.713169624999978,52.401800922000064],[-3.707220774999939,52.400396224000076],[-3.710538659999941,52.39345023100003],[-3.703749658999925,52.38901134900004],[-3.697200669999972,52.36692954200004],[-3.685478776999958,52.368221266000035],[-3.666777223999929,52.35815652400004],[-3.658167410999965,52.34764913300006],[-3.688041278999947,52.33973094000004],[-3.70512953399998,52.34145459500007],[-3.734322061999933,52.32532716600008],[-3.744991379999931,52.31744649700005],[-3.740296230999945,52.31153561800005],[-3.729346457999952,52.30878688300004],[-3.726098956999977,52.29940245100005],[-3.73313770599998,52.290367262000075],[-3.724242060999927,52.28799698600005],[-3.707170167999948,52.274057569000036],[-3.719882440999925,52.27325715300003],[-3.722852405999959,52.270320437000066],[-3.731637593999949,52.27145071100006],[-3.73715836599996,52.26600624400004],[-3.744380500999966,52.26485224400005],[-3.746292245999939,52.25748878100006],[-3.753433422999933,52.251760587000035],[-3.744208017999938,52.246304552000026],[-3.749945062999927,52.233627127000034],[-3.742753506999975,52.228924017000054],[-3.750526254999954,52.217280979000066],[-3.746042747999979,52.21072065800007],[-3.75227178199998,52.19761402800003],[-3.745751611999935,52.19208643600007],[-3.751559234999945,52.18145776700004],[-3.750964284999952,52.16482318700008],[-3.742003241999953,52.13960399700005],[-3.745535234999977,52.13590387600004],[-3.757768988999942,52.12822579200008],[-3.764632065999933,52.12426501400006],[-3.765702586999964,52.11816067800004],[-3.774061044999939,52.11659661200008],[-3.776327045999949,52.10709872900003],[-3.783288554999956,52.107620378000036],[-3.786099879999938,52.10455746500003],[-3.787948100999927,52.10819811300007],[-3.797018199999968,52.11088902900008],[-3.794418434999955,52.11713833300007],[-3.800203388999932,52.11618063600008],[-3.80630780599995,52.12168552500003],[-3.81206082999995,52.120544245000076],[-3.822810027999935,52.12432412900006],[-3.830904787999941,52.13173376000003],[-3.860104476999936,52.142196314000046],[-3.871826698999939,52.14114758300008],[-3.897810424999932,52.122226115000046],[-3.904322045999947,52.12282606400004],[-3.906722391999949,52.11978763800005],[-3.917471992999936,52.12713860700006],[-3.930996044999972,52.127373747000036],[-3.940488812999945,52.13844787800008],[-3.969641574999969,52.12298203300003],[-3.978566264999927,52.114284818000044],[-3.995840335999958,52.111894834000054],[-4.00032910799996,52.10433915400006],[-4.018739465999943,52.09702229000004],[-4.055375972999968,52.11259294600006],[-4.05972341599994,52.11362754100003],[-4.070008125999948,52.10699648500008],[-4.078814708999971,52.10864436600008],[-4.07702246499997,52.10533724000004],[-4.082854483999938,52.10507873000006],[-4.082112522999978,52.10274545400006],[-4.087765420999972,52.105183956000076],[-4.100055054999928,52.09606108600008],[-4.118696521999937,52.096590803000026],[-4.119170469999972,52.09220489000006],[-4.12826456199997,52.09126684100005],[-4.13712783099993,52.09573743300007],[-4.154580029999977,52.086368882000045],[-4.158674322999957,52.086941366000076],[-4.147398001999932,52.08061369700005],[-4.15841646399997,52.08129627200003],[-4.16126541999995,52.07576591600008],[-4.166428153999959,52.07452462100008],[-4.161680627999942,52.07152389400005],[-4.164155798999957,52.06815307000005],[-4.171488106999959,52.06773934800003],[-4.180965718999971,52.06224091000007],[-4.192940028999942,52.05932532200006],[-4.196388008999975,52.06475356200008],[-4.202786723999964,52.06350020800005],[-4.206947260999925,52.05754579900008],[-4.213163786999928,52.05803167800008],[-4.214234955999927,52.051227648000065],[-4.228269320999971,52.049297661000026],[-4.233594868999944,52.03840232300007],[-4.240870275999953,52.040979847000074],[-4.24634453699997,52.03801512100006],[-4.272098780999954,52.04032157900008],[-4.274215864999974,52.03798945700004],[-4.290754954999954,52.043875738000054],[-4.287101715999938,52.052071495000064],[-4.298284897999963,52.052241458000026],[-4.305942468999945,52.04538151700007],[-4.304460071999927,52.03935853000007],[-4.316664537999941,52.03720106000003],[-4.330240438999965,52.037634679000064],[-4.334829249999927,52.04127395900008],[-4.338162261999969,52.03215225400004],[-4.346431068999948,52.030995036000036],[-4.35104673799998,52.02676818500004],[-4.365794988999937,52.028613121000035],[-4.365324629999975,52.034644049000065],[-4.381414917999962,52.03668583600006],[-4.384896585999968,52.040021746000036],[-4.398842069999944,52.034635206000075],[-4.40230833399994,52.03880377300004],[-4.410475785999949,52.038506460000065],[-4.411101203999976,52.04183719100007],[-4.419713848999947,52.03835299600007],[-4.434761055999957,52.04350426500008],[-4.443713174999971,52.04180809700006],[-4.448732127999961,52.044145428000036],[-4.463654491999932,52.03653747300007],[-4.46687602399993,52.03813557900003],[-4.459513457999947,52.039992734000066],[-4.47494988099993,52.039029104000065],[-4.481025252999927,52.047013710000044],[-4.487533669999948,52.04907337900005],[-4.50187522899995,52.04257596200006],[-4.515434677999963,52.047050916000046],[-4.535622398999976,52.044360865000044],[-4.541076970999939,52.05212650200008],[-4.544927697999981,52.044243796000046],[-4.55975485099998,52.04372652500007],[-4.568634175999932,52.05833562000004],[-4.606916647999981,52.06207838500006],[-4.611314442999969,52.05693222000008],[-4.631186572999979,52.055961300000035],[-4.642432504999931,52.06557404000006],[-4.636380236999969,52.068897648000075],[-4.647061873999974,52.07834369400007],[-4.65654799899994,52.06247143300004],[-4.664919682999937,52.057808314000056],[-4.681356205999975,52.064880790000075],[-4.682551841999953,52.07039236300005],[-4.66939145799995,52.075378485000044],[-4.670275615999969,52.081110884000054],[-4.672876844999962,52.08204218600008],[-4.673248953999973,52.08217672200004],[-4.67402775499994,52.08246316000003],[-4.680960659999926,52.085139482000045],[-4.674968835999948,52.09439005300004],[-4.674858794999977,52.09455990400005],[-4.675490219999972,52.10129336300008],[-4.675549374999946,52.10192386400007],[-4.680214963999958,52.102773143000036],[-4.685514550999926,52.10373756400003],[-4.688418748999936,52.10426595000007],[-4.684980069999938,52.11037240300004],[-4.691917186999945,52.11949581500005],[-4.685740093999925,52.12995403600007],[-4.679338080999969,52.12857286900004],[-4.678761159999965,52.128413726000076],[-4.678693257999953,52.12843373000004],[-4.678646020999963,52.12842353700006],[-4.676353232999929,52.12910160200005],[-4.67381153599996,52.12883171900006],[-4.659410075999972,52.134110332000034],[-4.646078862999957,52.13360488100005],[-4.645852020999939,52.13360211500003],[-4.645739224999943,52.13371759900008],[-4.640416095999967,52.135484028000064],[-4.642796337999926,52.136730372000045],[-4.641299785999934,52.138262283000074],[-4.619056528999977,52.13801227300007],[-4.61803509799995,52.138238055000045],[-4.605501059999938,52.140687177000075],[-4.593351432999953,52.13767627400006],[-4.593087684999944,52.13768304300004],[-4.582804900999975,52.13794649100004],[-4.575837071999956,52.14306927900003],[-4.564485367999964,52.14413341000005],[-4.560976593999953,52.14358675600005],[-4.545576059999973,52.13352972700005],[-4.543512949999979,52.13524536600005],[-4.529018521999944,52.134869984000034],[-4.528364169999975,52.13481900800008],[-4.528139747999944,52.13480152400007],[-4.518618211999978,52.134996337000075],[-4.503018191999956,52.14101738200003],[-4.500811401999954,52.142909718000055],[-4.497067944999969,52.14400078500006],[-4.497026656999935,52.14403157800007],[-4.487891603999969,52.15386033900006],[-4.476401738999925,52.15821708200008],[-4.471063345999937,52.16024063200007],[-4.469827074999955,52.163488837000045],[-4.469441540999981,52.16455508300004],[-4.467886307999947,52.165662249000036],[-4.468651349999959,52.166740306000065],[-4.46759067399995,52.16967306000004],[-4.466041922999977,52.17387833500004],[-4.465224829999954,52.16920703900007],[-4.465175446999979,52.16919223300005],[-4.465063788999942,52.16856924600006],[-4.462325270999941,52.16833765100006],[-4.460047709999969,52.16765468400007],[-4.458085129999972,52.16797893200004],[-4.454268815999967,52.16765593400004],[-4.451314819999936,52.16909720700005],[-4.445081368999979,52.17012641500003],[-4.427960300999928,52.18048622500004],[-4.423151888999939,52.18282980500004],[-4.401495505999947,52.19648565300008],[-4.397953248999954,52.19862583500003],[-4.397520478999979,52.19899085600008],[-4.384318943999972,52.20730798800008],[-4.378890625999929,52.214221518000045],[-4.37800866799995,52.21534456000006],[-4.377647902999968,52.21574438600004],[-4.376769732999946,52.21599901600007],[-4.367567820999966,52.21786707200005],[-4.365670233999936,52.21825218400005],[-4.360856020999961,52.217200381000055],[-4.355397435999976,52.21417474800006],[-4.354794053999967,52.210702180000055],[-4.349509386999955,52.21091029100006],[-4.349172700999929,52.21072359900006],[-4.348682191999956,52.210942842000065],[-4.343207390999964,52.211158141000055],[-4.342334673999972,52.21119243700008],[-4.336424387999955,52.214321710000036],[-4.324907810999946,52.21365084800004],[-4.321041669999943,52.215373498000076],[-4.306469225999933,52.22186426900004],[-4.271029821999946,52.23934256300004],[-4.27068116199996,52.23966410100007],[-4.266059071999962,52.24392610400008],[-4.259366796999927,52.24143139000006],[-4.264673444999971,52.244532708000065],[-4.253551094999978,52.24852921100006],[-4.238828033999937,52.24970891000004],[-4.207495082999969,52.263672117000056],[-4.200792410999952,52.26976868700007],[-4.189271435999956,52.280243091000045],[-4.183110107999937,52.29117101300005],[-4.16817531199996,52.29700954100008],[-4.167786564999972,52.297636838000074],[-4.162573121999969,52.30604763100007],[-4.140341817999968,52.322615667000036],[-4.120782500999951,52.35229153800003],[-4.120735713999977,52.35236247300003],[-4.120678444999953,52.35244930300007],[-4.110885933999953,52.37433891200004],[-4.092743261999942,52.39626726300003],[-4.091570339999976,52.39950109400007],[-4.089983166999957,52.40387628600007],[-4.090857383999946,52.405207251000036],[-4.091290196999978,52.406388098000036],[-4.087959569999953,52.40398747900008],[-4.08716727999996,52.41187099100006],[-4.090409214999966,52.40713616100004],[-4.091848476999928,52.41400188700004],[-4.087476328999969,52.41551264800006],[-4.087251723999941,52.415590251000026],[-4.08522944799995,52.41736132500006],[-4.085190879999971,52.417566151000074],[-4.083153393999964,52.428383946000054],[-4.082816400999945,52.42873398100005],[-4.079571653999949,52.43210397300004],[-4.08041832899994,52.435285547000035],[-4.07989005099995,52.44512052200008],[-4.07313245499995,52.458415125000045],[-4.072930041999939,52.458813218000046],[-4.062704004999944,52.47524458100003],[-4.061808371999973,52.47668309200003],[-4.051873807999925,52.48172739700004],[-4.057556476999935,52.53071470000003],[-4.051550091999957,52.53454412100007],[-4.046375719999958,52.526892099000065],[-4.041452835999962,52.52656352000008],[-4.041345747999969,52.52640147900007],[-4.040227327999958,52.52470905800004],[-4.03841539299998,52.52467524900004],[-4.03911343599998,52.52678997900006],[-4.014301886999931,52.52645779900007],[-4.001534684999967,52.532766019000064],[-3.998870744999977,52.53098996300008],[-4.005396545999929,52.52908705800007],[-3.999922808999941,52.53003383300006],[-3.999495919999958,52.52966227200005],[-3.997853346999932,52.53111627800007],[-3.997044100999972,52.53485505500004],[-3.994155471999932,52.53322685400008],[-3.995986754999933,52.53534041000006],[-3.983836562999954,52.53655344500004],[-3.964144086999966,52.544073112000035],[-3.967974161999962,52.543019568000034],[-3.965923893999957,52.54885032900006],[-3.963289243999952,52.54686019600007],[-3.959878591999939,52.551907742000026],[-3.95965165299998,52.55204457100007],[-3.95507515099996,52.55288719100008],[-3.955978839999943,52.55539519900003],[-3.952256033999959,52.55524174000004],[-3.955127197999957,52.551503480000065],[-3.949310003999926,52.55660507600004],[-3.949319712999966,52.55715312400008],[-3.941984241999933,52.55792136100007],[-3.941506564999941,52.55766058300003],[-3.937025051999967,52.54971601200003],[-3.93666593599994,52.553449657000044],[-3.934241002999954,52.55369347800007],[-3.932931447999977,52.55297831100006],[-3.931159295999976,52.554006438000044],[-3.926518098999964,52.55669899800006],[-3.926450218999946,52.56076989600007],[-3.859466231999932,52.56084360400007]]]]}},{"type":"Feature","properties":{"FID":347,"LAD23CD":"W06000009","LAD23NM":"Pembrokeshire","LAD23NMW":"Sir Benfro","BNG_E":199821,"BNG_N":221392,"LONG":-4.9081802,"LAT":51.855129,"GlobalID":"{E19680CC-2716-47A5-AED1-434039F2F7AE}","SHAPE_Length":5.820696525426601,"SHAPE_Area":0.21075693343838287,"reference":"W06000009","name":"Pembrokeshire"},"geometry":{"type":"MultiPolygon","coordinates":[[[[-4.702205121999953,51.64227710800003],[-4.693799906999971,51.63969941100004],[-4.684083250999947,51.64137945700003],[-4.675045050999927,51.63794074900005],[-4.674670724999942,51.63772662400004],[-4.684056644999941,51.629915449000066],[-4.694400948999942,51.63450167800005],[-4.703471484999966,51.63202489100007],[-4.701340067999979,51.638374930000055],[-4.709514888999934,51.64217697200007],[-4.702205121999953,51.64227710800003]]],[[[-5.27255857199998,51.69561311100006],[-5.288192434999928,51.693493302000036],[-5.289331396999955,51.696329981000076],[-5.279290800999945,51.70102191800004],[-5.273988975999941,51.70330357200004],[-5.271894379999935,51.70312467700006],[-5.264650174999929,51.701835681000034],[-5.270531303999974,51.699363048000066],[-5.270266515999936,51.69730604700004],[-5.27255857199998,51.69561311100006]]],[[[-5.668123427999944,51.72066657500005],[-5.668171816999973,51.71974561800005],[-5.669328623999945,51.72045342800004],[-5.668123427999944,51.72066657500005]]],[[[-5.477357393999966,51.73248571400006],[-5.480067124999948,51.72836618500003],[-5.481541345999972,51.73050670600003],[-5.477357393999966,51.73248571400006]]],[[[-5.281393480999952,51.73955138000008],[-5.281294196999966,51.73722030400006],[-5.280622244999961,51.73739317400003],[-5.280616436999935,51.73732382800006],[-5.280447540999944,51.73743811800006],[-5.277470419999929,51.73820395800004],[-5.272326647999932,51.73643694100008],[-5.270889659999966,51.73561262700008],[-5.270137035999937,51.73511573700006],[-5.278674591999959,51.73456357400005],[-5.278716204999967,51.734561040000074],[-5.278863502999968,51.734554969000044],[-5.279249772999947,51.733781511000075],[-5.28027717599997,51.73176120800008],[-5.281419196999934,51.73674639600006],[-5.29303622499998,51.72831887000007],[-5.298469142999977,51.729389266000055],[-5.296605500999931,51.73049295700008],[-5.29390667499996,51.73140562900005],[-5.308766299999945,51.73256020000008],[-5.311443418999943,51.73462559700005],[-5.312866602999975,51.73881538300003],[-5.309560934999979,51.741170613000065],[-5.29965397899997,51.74491499700008],[-5.293008024999949,51.74353927900006],[-5.281393480999952,51.73955138000008]]],[[[-5.335314738999955,51.869352949000074],[-5.332269098999973,51.85814427000008],[-5.33270926299997,51.85463936900004],[-5.333111016999965,51.85378375000005],[-5.338693832999979,51.85595301800004],[-5.341574310999931,51.85404710100005],[-5.342154375999939,51.85380935500007],[-5.34212365999997,51.85842624400004],[-5.342417736999948,51.85840137900004],[-5.342422195999973,51.85861288000007],[-5.348449503999973,51.857891222000035],[-5.349947712999949,51.85776445600004],[-5.353119679999963,51.86487587400006],[-5.353032582999958,51.865260394000074],[-5.342756462999944,51.86779947200006],[-5.343630841999925,51.869115013000055],[-5.34266796299994,51.869387697000036],[-5.348254717999964,51.87608477400005],[-5.347309640999981,51.876374173000045],[-5.338256156999933,51.87908768800003],[-5.329810580999947,51.87770309000007],[-5.335314738999955,51.869352949000074]]],[[[-4.670275615999969,52.081110884000054],[-4.66939145799995,52.075378485000044],[-4.682551841999953,52.07039236300005],[-4.681356205999975,52.064880790000075],[-4.664919682999937,52.057808314000056],[-4.65654799899994,52.06247143300004],[-4.647061873999974,52.07834369400007],[-4.636380236999969,52.068897648000075],[-4.642432504999931,52.06557404000006],[-4.631186572999979,52.055961300000035],[-4.611314442999969,52.05693222000008],[-4.606916647999981,52.06207838500006],[-4.568634175999932,52.05833562000004],[-4.55975485099998,52.04372652500007],[-4.551238675999969,52.03805595000006],[-4.546398220999947,52.01905785100007],[-4.535470171999975,52.01778288200006],[-4.523012272999949,52.01125171600006],[-4.512274549999972,51.99491352800004],[-4.493932823999955,51.99254170900008],[-4.487111286999948,51.988683320000064],[-4.48561363999994,51.975738928000055],[-4.493310539999925,51.96130979000003],[-4.532764813999961,51.954423433000045],[-4.541426188999935,51.95658298500007],[-4.559972035999976,51.94693637600005],[-4.569479286999979,51.935051789000056],[-4.58781055299994,51.93179033500007],[-4.599953964999941,51.94093025800004],[-4.612785593999945,51.93185525100006],[-4.626744603999953,51.928873526000075],[-4.629131849999965,51.92205729300008],[-4.635610827999926,51.91859569400003],[-4.660332087999961,51.92688501100008],[-4.667889457999934,51.93407840900005],[-4.673313250999968,51.928425428000025],[-4.695513725999945,51.92345477900005],[-4.713427901999978,51.91578555700005],[-4.713509219999935,51.91568649200008],[-4.717858255999943,51.91242497500008],[-4.71262909099994,51.907963609000035],[-4.713538118999963,51.899237948000064],[-4.72310340599995,51.89569831000006],[-4.715139245999978,51.89170410300005],[-4.717662420999943,51.88830476000004],[-4.706713504999925,51.888878282000064],[-4.694951407999952,51.85701506600003],[-4.701744167999948,51.854711558000076],[-4.700179265999964,51.85111062500005],[-4.704407877999927,51.85159083700006],[-4.708575613999926,51.84530201900003],[-4.704262807999953,51.839120294000054],[-4.684219423999934,51.83958858300008],[-4.682306593999954,51.83754933800003],[-4.644068311999945,51.830525683000076],[-4.643337277999933,51.82478463900003],[-4.617125069999929,51.811895639000056],[-4.619415243999981,51.806903687000045],[-4.644402050999929,51.797616092000055],[-4.634119098999975,51.785013596000056],[-4.645404678999967,51.778441186000066],[-4.635140018999948,51.77052917800006],[-4.626243153999951,51.771564675000036],[-4.62258210899995,51.76812550100004],[-4.63058663399994,51.756817322000074],[-4.62723747299998,51.75072545100005],[-4.635450096999932,51.74002275700008],[-4.633571229999973,51.73509174900005],[-4.661120119999964,51.731652189000044],[-4.684814070999948,51.72304113800004],[-4.686426291999965,51.722454921000065],[-4.697477997999954,51.71155088800003],[-4.69791777699993,51.71111686000006],[-4.695422888999929,51.70687248400003],[-4.69513574299998,51.70657169400005],[-4.687810695999929,51.698896982000065],[-4.680200325999976,51.697420597000075],[-4.697009282999943,51.685965502000045],[-4.700819364999973,51.67347138300005],[-4.693784600999948,51.67210809900007],[-4.693476614999952,51.67192521800007],[-4.700146276999931,51.66770690100003],[-4.714445763999947,51.65865899800008],[-4.716044378999925,51.65431946600006],[-4.711035099999947,51.652123836000044],[-4.720824318999973,51.65154596000008],[-4.742018529999939,51.65415089000004],[-4.747139838999942,51.653362042000026],[-4.751329630999976,51.65365944200005],[-4.752956952999966,51.65298607300008],[-4.754570740999952,51.65306090900003],[-4.755791975999955,51.652028735000044],[-4.759663997999951,51.651431812000055],[-4.760113875999934,51.65136244800004],[-4.761287003999939,51.64680653900007],[-4.755934654999976,51.64403276000007],[-4.77704545499995,51.64241541000007],[-4.775709809999967,51.64068345600003],[-4.780571238999926,51.63536350800007],[-4.781076424999981,51.63494147400007],[-4.791841394999949,51.63913602100007],[-4.806195217999971,51.63898252600006],[-4.804032354999947,51.64319033900006],[-4.812881839999932,51.645170387000064],[-4.820847262999962,51.64324381700004],[-4.824378309999929,51.642695193000066],[-4.831567419999942,51.64796430400003],[-4.833266807999962,51.64698078500004],[-4.842824569999948,51.64534352600003],[-4.844900921999965,51.64541159400005],[-4.845149735999939,51.64541974800005],[-4.860802306999972,51.64712592600006],[-4.867537178999953,51.640994532000036],[-4.863124372999948,51.63804648000007],[-4.877113265999981,51.637134169000035],[-4.879681216999927,51.63206239400006],[-4.89020997199998,51.63136107400004],[-4.891226091999954,51.63085815000005],[-4.898694344999967,51.62716117000008],[-4.898509740999941,51.62570277700007],[-4.901996280999981,51.61882335800004],[-4.904143338999972,51.61720408100007],[-4.896554199999969,51.61021313300006],[-4.900802976999955,51.61117337300004],[-4.904215018999935,51.612070404000065],[-4.904444936999937,51.61203396600007],[-4.908387085999948,51.612965329000076],[-4.911618063999981,51.61089690300008],[-4.913692757999968,51.61056793600005],[-4.917284167999981,51.608344387000045],[-4.923147925999956,51.61140686200008],[-4.926304036999966,51.59611377300007],[-4.927132227999948,51.59628167300008],[-4.934360721999951,51.59874457700005],[-4.937428066999928,51.59836835800007],[-4.942075401999944,51.599309884000036],[-4.941849434999938,51.597825913000065],[-4.948349887999939,51.597030249000056],[-4.956109332999972,51.603850812000076],[-4.973492663999934,51.60606575300005],[-4.975398245999941,51.61039851100003],[-4.983033185999943,51.60925845400004],[-4.983535143999973,51.60954046200004],[-4.987326829999972,51.61216378100005],[-4.987960225999927,51.61204395400006],[-4.988186069999927,51.61216378200004],[-4.989472389999946,51.612875710000026],[-4.989761389999956,51.61185241800007],[-4.991674925999973,51.611474171000054],[-4.993179775999977,51.61253114800007],[-5.007666994999965,51.60864930400004],[-5.032835939999927,51.61815149500006],[-5.059329652999963,51.62059825100005],[-5.06195439499993,51.629346775000045],[-5.06145807799993,51.629714240000055],[-5.050924312999939,51.63299276300006],[-5.049956127999963,51.63777411900003],[-5.059914445999937,51.65726465500006],[-5.061460343999954,51.658840971000075],[-5.067036795999968,51.66452603300007],[-5.075322620999941,51.66469797600007],[-5.092358203999936,51.667833331000054],[-5.094742632999953,51.66860094200007],[-5.098174497999935,51.667838018000054],[-5.101128081999946,51.66744690100006],[-5.113487349999957,51.67423131600003],[-5.119927167999947,51.67229054400008],[-5.122055286999966,51.67185021900008],[-5.120644476999928,51.67286685100004],[-5.117453938999972,51.67473407700004],[-5.124659136999981,51.68181473800007],[-5.120815525999944,51.68315297000004],[-5.10675975099997,51.686197624000044],[-5.11324332099997,51.69146316800004],[-5.11159637999998,51.69186569800007],[-5.079850162999946,51.68976517400006],[-5.075628435999931,51.68715495400005],[-5.086691991999942,51.68442527800005],[-5.078339177999965,51.67922996200008],[-5.051204945999928,51.676005075000035],[-5.045423977999974,51.67669486900007],[-5.042294872999946,51.68114003300008],[-5.044619324999928,51.68481789100008],[-5.056627061999961,51.687858162000055],[-5.051183268999978,51.69390205900004],[-5.040262731999974,51.69443208900003],[-5.018764881999971,51.69269749600005],[-5.009391121999954,51.69023759100003],[-5.00741295399996,51.68733539800007],[-5.004580355999963,51.68974913100004],[-4.981668182999954,51.68919606800006],[-4.980654023999932,51.687855280000065],[-4.97997487799995,51.68655749100003],[-4.985969398999941,51.684101887000054],[-4.986288724999952,51.68399697800004],[-4.978589390999957,51.677686591000054],[-4.981760408999946,51.67409383100005],[-4.975524291999932,51.67429619200004],[-4.974539043999926,51.67180010800007],[-4.964412100999937,51.67652287100003],[-4.940985478999949,51.677498195000055],[-4.938018683999928,51.67292409100003],[-4.936682051999981,51.67191626700003],[-4.93645562599994,51.67174650100003],[-4.936064895999948,51.679529967000065],[-4.923897407999959,51.67892189400004],[-4.921913569999958,51.678822628000034],[-4.923387772999945,51.67940849100006],[-4.925188273999936,51.680123983000044],[-4.926316460999942,51.68057228300006],[-4.930292232999932,51.682149483000046],[-4.939521230999958,51.67990931400004],[-4.944557326999927,51.68220430900004],[-4.944730823999976,51.68178545200004],[-4.945394207999925,51.68018384800007],[-4.953555815999948,51.68118756100006],[-4.97555732099994,51.686859208000044],[-4.976091193999935,51.68724817800006],[-4.970151546999944,51.68889973900008],[-4.96835227899993,51.689399955000056],[-4.96023112499995,51.69309147700005],[-4.958160235999969,51.69921747400008],[-4.948245227999962,51.696342851000054],[-4.947633043999929,51.696165317000066],[-4.943213531999959,51.69541633000006],[-4.942604993999964,51.699444140000026],[-4.942029418999937,51.69970645300003],[-4.931327574999955,51.704582627000036],[-4.930618196999944,51.70433227700005],[-4.920501115999969,51.70076101800004],[-4.919498785999963,51.69220479100005],[-4.917181311999968,51.69410888500005],[-4.914185787999941,51.692060655000034],[-4.912809526999979,51.69257941400008],[-4.907424573999947,51.69460891600005],[-4.895235529999979,51.69378416400008],[-4.889654296999936,51.69340608700003],[-4.895275811999966,51.69441467100006],[-4.918647174999933,51.69860448600008],[-4.904637933999936,51.70779642800005],[-4.896059044999959,51.70668609300003],[-4.89239325799997,51.706211429000064],[-4.891173799999933,51.706041034000066],[-4.884127556999942,51.71666800500003],[-4.864118900999927,51.714650963000054],[-4.857736419999981,51.70794047900006],[-4.860904558999948,51.70611674700007],[-4.857020595999927,51.70767728100003],[-4.848766825999974,51.70248233800004],[-4.851218144999962,51.69805751000007],[-4.852769037999963,51.69525756300004],[-4.845716562999939,51.700629813000035],[-4.846087619999935,51.69743431100005],[-4.83897153199996,51.69422481600003],[-4.843330370999979,51.69969379400004],[-4.826513788999932,51.69940300900004],[-4.845499888999939,51.70132846900003],[-4.849349917999973,51.70549551800008],[-4.84095825199995,51.70815048700007],[-4.847650868999949,51.70817552500006],[-4.861109824999971,51.719735667000066],[-4.858056112999975,51.717625388000044],[-4.855909590999943,51.72023453600008],[-4.853568183999926,51.716510423000045],[-4.854797034999933,51.72022740600005],[-4.852010248999932,51.71782268800007],[-4.853968298999973,51.720380627000054],[-4.849577109999927,51.719579493000026],[-4.851253025999938,51.71724836800007],[-4.846234084999935,51.718533001000026],[-4.850089049999951,51.72025959900003],[-4.848047721999933,51.72223138500004],[-4.840106592999973,51.723023356000056],[-4.831466297999953,51.723878428000035],[-4.831305555999961,51.723900581000066],[-4.824966900999925,51.72453774500008],[-4.824270748999936,51.728656700000045],[-4.825299230999974,51.72600535200007],[-4.825457322999966,51.725597778000065],[-4.825534630999925,51.72539846900003],[-4.83475587199996,51.72371659700008],[-4.840370969999981,51.725735900000075],[-4.855386815999964,51.725060721000034],[-4.856132526999943,51.722508144000074],[-4.869609150999963,51.72395961800004],[-4.874794102999942,51.71926482900005],[-4.884126185999946,51.719284326000036],[-4.883116942999948,51.73211905000005],[-4.868790262999937,51.733257639000044],[-4.896755015999929,51.74035552400005],[-4.894116052999948,51.75423238700006],[-4.890194636999979,51.76035746800005],[-4.880443539999931,51.76022098300007],[-4.889664861999961,51.76352099800005],[-4.888097624999943,51.767170571000065],[-4.873188207999931,51.77220117300004],[-4.871189437999931,51.76928389100004],[-4.864122383999927,51.78376578700005],[-4.859400820999952,51.781955708000055],[-4.861055341999929,51.78466029200007],[-4.852869134999935,51.787503462000075],[-4.827110418999951,51.78976817800003],[-4.809238240999946,51.79710840400003],[-4.828889440999944,51.79013276500007],[-4.855210652999972,51.79105214500004],[-4.865643036999927,51.78479044000005],[-4.87459748699996,51.775191249000045],[-4.883524908999959,51.77543302400005],[-4.896077906999949,51.76819640200006],[-4.900170877999926,51.77091844100005],[-4.907915684999978,51.77606776700003],[-4.908498320999968,51.77329312000006],[-4.922545602999946,51.77489085500008],[-4.939501550999978,51.76699846900004],[-4.943159597999966,51.77580907200007],[-4.936303119999934,51.782435476000046],[-4.935225852999963,51.783476387000064],[-4.934489533999965,51.78418782300008],[-4.94117646899997,51.78628981600008],[-4.940322910999953,51.78893016400008],[-4.950756714999955,51.79002673600007],[-4.955899952999971,51.79412815500007],[-4.955449503999944,51.793371680000064],[-4.952552973999957,51.788506633000054],[-4.936026732999949,51.78313942900007],[-4.944658188999938,51.77663426200007],[-4.945590290999974,51.77593163000006],[-4.949122474999967,51.76935666800006],[-4.940273930999979,51.76534497800003],[-4.914662748999945,51.77171844900005],[-4.901667019999934,51.76552229400005],[-4.903119088999972,51.76127098100005],[-4.911285822999957,51.76412142800007],[-4.917055617999949,51.76182070800007],[-4.908666645999972,51.76177864600004],[-4.900752470999976,51.75440329000003],[-4.900294697999925,51.746537800000056],[-4.913770257999943,51.74661627000006],[-4.904089279999937,51.74378191800008],[-4.905142487999967,51.741251988000045],[-4.904603277999968,51.74095507200008],[-4.898018805999925,51.73732878800007],[-4.887307995999947,51.731427902000064],[-4.888400205999972,51.72718761600004],[-4.890131597999925,51.72212366500003],[-4.896100314999956,51.71963366500006],[-4.892683327999976,51.71857290300005],[-4.895030529999929,51.71122206900003],[-4.896347994999928,51.711210546000075],[-4.898056941999926,51.71119557700007],[-4.906402983999953,51.71184498400004],[-4.920489644999975,51.70503591700003],[-4.922695916999942,51.70584145400005],[-4.928670938999971,51.708923725000034],[-4.941703204999953,51.708520631000056],[-4.941982550999967,51.70999900400005],[-4.943195342999957,51.716416139000046],[-4.943401739999956,51.71750803100008],[-4.94338685799994,51.71662230800007],[-4.943195802999981,51.70524453400003],[-4.954032966999932,51.706659107000064],[-4.95411577699997,51.706652871000074],[-4.968368546999955,51.70557861300006],[-4.98493171299998,51.69936619200007],[-4.996958006999932,51.700895382000056],[-5.020907393999948,51.70754818900008],[-5.01391951599993,51.717173709000065],[-5.020203893999962,51.71369866300006],[-5.020358656999974,51.71361307600006],[-5.02051254099996,51.713527975000034],[-5.021819559999926,51.70809313900003],[-5.036308381999959,51.710186778000036],[-5.03867172899993,51.70979619800005],[-5.053800543999955,51.707298241000046],[-5.06253793299993,51.709471972000074],[-5.061930631999928,51.70719282300007],[-5.063157132999947,51.70721682900006],[-5.06342379199998,51.70754350100003],[-5.077992989999927,51.70743100100003],[-5.088048474999937,51.70755436200005],[-5.086385240999959,51.71176617400005],[-5.091487866999955,51.71457649800004],[-5.094502463999959,51.71700476800004],[-5.094689014999972,51.721142738000026],[-5.105105735999928,51.72357676300004],[-5.105631204999952,51.71793295400005],[-5.105799870999931,51.716934937000076],[-5.111713399999928,51.71663357400007],[-5.115973071999974,51.71033238200005],[-5.124602244999949,51.717412824000064],[-5.134725786999979,51.71532604300006],[-5.134372901999939,51.71277833900007],[-5.145047079999927,51.71464070400003],[-5.151655088999973,51.713606610000056],[-5.158688552999934,51.71409527900005],[-5.167324643999962,51.71945910000005],[-5.166514966999955,51.72166970900008],[-5.173460760999944,51.715042561000075],[-5.167641424999943,51.71088061300003],[-5.16851212499995,51.706808667000075],[-5.149750972999925,51.70230864200005],[-5.158174413999973,51.70168154000004],[-5.153162122999959,51.696458903000064],[-5.15286567499993,51.69608137500006],[-5.160829131999947,51.69246348900003],[-5.157405408999978,51.68803458000008],[-5.159319847999939,51.68792528100005],[-5.169493659999944,51.68801145900005],[-5.169632276999948,51.68688008600003],[-5.172409490999939,51.684661564000066],[-5.170168343999933,51.68250436500006],[-5.170253743999979,51.68180720400005],[-5.175556400999938,51.68048362500008],[-5.176125585999955,51.68084591600007],[-5.176911000999951,51.683811081000044],[-5.183119068999929,51.68571824300005],[-5.182481932999963,51.68807988900005],[-5.181966536999937,51.689169786000036],[-5.184378580999976,51.689415231000055],[-5.185040283999967,51.68948255400005],[-5.188203548999979,51.69015600700004],[-5.186183154999981,51.69381890600005],[-5.191335515999981,51.69939046500008],[-5.190861609999956,51.70049064600005],[-5.187570651999977,51.703032921000045],[-5.188483926999936,51.70600967900003],[-5.187257640999974,51.70885559200008],[-5.202501071999961,51.71153078800006],[-5.202761309999971,51.714055088000066],[-5.201378268999974,51.71740831500006],[-5.214805652999928,51.72368656200007],[-5.223629045999928,51.72383773100006],[-5.228220782999927,51.720648951000044],[-5.231172908999952,51.71934901000003],[-5.227800464999973,51.72313218600004],[-5.232975126999975,51.72422218500003],[-5.240303577999953,51.72677902800007],[-5.244973122999966,51.73276578400004],[-5.252824162999957,51.73307718600006],[-5.253406176999931,51.73312644300006],[-5.253437619999943,51.733278806000044],[-5.254061023999952,51.738142079000056],[-5.215954883999927,51.73512266400007],[-5.212082682999949,51.73420210000006],[-5.211377872999947,51.73475911700007],[-5.208842963999928,51.73455769200007],[-5.206615486999965,51.738522413000055],[-5.205104239999969,51.73971645200004],[-5.204930307999973,51.741521420000026],[-5.202580917999967,51.745701808000035],[-5.203263438999954,51.75552764500003],[-5.19897208499998,51.75417401100003],[-5.196765486999936,51.75533574600007],[-5.189599468999972,51.754947478000076],[-5.188972888999956,51.75471256000003],[-5.186099775999935,51.75363529400005],[-5.175429662999932,51.76507908100007],[-5.166288692999956,51.76702577300006],[-5.166025095999942,51.76724879000005],[-5.160254082999927,51.77213069600003],[-5.140431269999965,51.77015116200005],[-5.137688490999949,51.77241437100008],[-5.136462947999973,51.77325383300007],[-5.130499551999947,51.76948538000005],[-5.12853040899995,51.769340613000054],[-5.128307097999937,51.76922638900004],[-5.126826095999945,51.769215289000044],[-5.116958862999979,51.768489213000066],[-5.10349376299996,51.77920885600008],[-5.105453633999957,51.78809295800005],[-5.105370256999947,51.79986882000003],[-5.103420427999936,51.80478759200008],[-5.103344804999949,51.80497834200003],[-5.104096444999925,51.81300102500006],[-5.109461667999938,51.81912203100006],[-5.110377820999929,51.82190572600007],[-5.10754142899998,51.82419672000003],[-5.111741354999936,51.82338950400003],[-5.115288064999959,51.82601733600006],[-5.11675440199997,51.82735097500006],[-5.116693358999953,51.827764572000035],[-5.113890014999981,51.83698470400003],[-5.114131132999944,51.83734107200007],[-5.128425900999957,51.85845720000003],[-5.128597479999939,51.85854581900003],[-5.139493011999946,51.86417204400004],[-5.142721731999927,51.863594083000066],[-5.156376605999981,51.86257591300006],[-5.157655883999951,51.86324578400007],[-5.159134865999931,51.85935111300006],[-5.166225329999975,51.86497964300003],[-5.181559264999976,51.861128045000044],[-5.181479800999966,51.86132379600008],[-5.178843833999963,51.864754951000066],[-5.179788888999951,51.86548873800007],[-5.179122402999951,51.86713017300008],[-5.18192055399993,51.86714374700006],[-5.182297310999957,51.86743624200005],[-5.191217008999956,51.867188370000065],[-5.194597682999927,51.86720441500006],[-5.19556231699994,51.87045267500008],[-5.197097843999927,51.86959405300007],[-5.201450342999976,51.86715997700003],[-5.20260510199995,51.867125861000034],[-5.203563041999928,51.86879441200006],[-5.212332701999969,51.86748840200005],[-5.21066092999996,51.86953439400003],[-5.217629817999978,51.87344796100007],[-5.218349050999961,51.87336347400003],[-5.240590338999937,51.87074848100008],[-5.245787790999941,51.873452659000066],[-5.251946363999934,51.868607104000034],[-5.253863642999931,51.872883941000055],[-5.261317411999926,51.86892971900005],[-5.265943695999965,51.87181038800003],[-5.278587979999941,51.86745759900003],[-5.282468193999932,51.870170373000065],[-5.282544906999931,51.870219070000076],[-5.28240459899996,51.86987996800008],[-5.281689859999972,51.86548670900004],[-5.282479483999964,51.86536457400007],[-5.29027188699996,51.86492650100007],[-5.296247000999927,51.860833909000064],[-5.297192848999941,51.863553265000064],[-5.297950120999928,51.86611889900007],[-5.309998075999943,51.861544207000065],[-5.313267721999978,51.86055986500003],[-5.316395391999947,51.86103816000008],[-5.31828534999994,51.86363747400003],[-5.314668591999975,51.86741038800005],[-5.310327736999966,51.86964103000008],[-5.307370701999957,51.87502116700006],[-5.307916004999925,51.87560541700003],[-5.307240180999941,51.87724664000007],[-5.316248163999944,51.884530417000065],[-5.315935866999951,51.88467291200004],[-5.306737124999927,51.88686537500007],[-5.304504615999974,51.88607166600008],[-5.295695428999977,51.89507425600004],[-5.298542057999953,51.900372203000074],[-5.302380825999933,51.900542020000046],[-5.304170725999938,51.90264950200003],[-5.303693488999954,51.90365983200007],[-5.313686338999958,51.90245966100008],[-5.314213363999954,51.90243961400006],[-5.313987052999948,51.90266238900006],[-5.289196138999955,51.91419856700003],[-5.286041464999926,51.91185606000005],[-5.286229237999976,51.91099594500008],[-5.259229133999952,51.91479670000007],[-5.253370326999971,51.91688285400005],[-5.253699444999938,51.91760398500003],[-5.240812866999931,51.92372926300004],[-5.239167118999944,51.924251853000044],[-5.236207813999954,51.92952206900003],[-5.224180003999948,51.929478380000035],[-5.207573732999947,51.93417143400006],[-5.207564746999935,51.93420129900005],[-5.206704830999968,51.93705902600004],[-5.213025485999935,51.93862938800004],[-5.202164659999937,51.940855731000056],[-5.200832206999962,51.941128785000046],[-5.200965375999942,51.94129198200005],[-5.198350882999932,51.94186366800005],[-5.202407252999933,51.94425810600006],[-5.204070815999955,51.94523998200003],[-5.202508770999941,51.94568235600008],[-5.193324932999928,51.948282633000076],[-5.193790092999961,51.94863372400005],[-5.193506335999928,51.948726994000026],[-5.19623695699994,51.95057808800004],[-5.182240022999963,51.948182022000026],[-5.182371326999942,51.94880340600008],[-5.181665124999938,51.950011576000065],[-5.176127273999953,51.94974723200005],[-5.174261681999951,51.94923626500008],[-5.174114362999944,51.94892779300005],[-5.162390806999952,51.94855223300004],[-5.157715717999963,51.948222401000066],[-5.156802705999951,51.94837278400007],[-5.154042953999976,51.94828406200003],[-5.156114960999957,51.95277320100007],[-5.147352169999976,51.95503837600006],[-5.14317693299995,51.95601189400003],[-5.143179291999957,51.956064017000074],[-5.142808077999973,51.95621267200005],[-5.141824471999939,51.95929878100003],[-5.143360041999927,51.959997858000065],[-5.146567842999957,51.961448027000074],[-5.139122477999933,51.96282483300007],[-5.139199671999961,51.96316479500007],[-5.137254270999961,51.96358862500006],[-5.127139778999947,51.95976193800004],[-5.125433133999934,51.96152707200008],[-5.122397517999957,51.96077975500003],[-5.121984517999977,51.96063997200008],[-5.121863240999971,51.96064821400006],[-5.121711026999947,51.960659950000036],[-5.110820219999937,51.96145493600005],[-5.107059921999962,51.961178913000026],[-5.102646833999927,51.96475719300008],[-5.104289761999951,51.96921592100006],[-5.104153071999974,51.969263804000036],[-5.085428113999967,51.968551482000066],[-5.082276447999959,51.97422362200007],[-5.087710170999969,51.980174301000034],[-5.087423490999925,51.98044170500003],[-5.079947650999941,51.98534645400008],[-5.081813795999949,51.98567345200007],[-5.081581497999935,51.98589006800006],[-5.085397374999957,51.98630128900004],[-5.091112123999949,51.987302224000075],[-5.090895591999981,51.98767229100008],[-5.088568573999964,51.990212919000044],[-5.089223161999939,51.99053035400004],[-5.088653882999949,51.99150312200004],[-5.095598154999948,51.99371950700004],[-5.072238831999925,52.004555793000065],[-5.077077520999978,52.00534699900004],[-5.079305984999962,52.00574360400003],[-5.077712321999968,52.011455882000064],[-5.089581603999932,52.01531438500007],[-5.087066225999934,52.01793566900005],[-5.082004002999952,52.023209963000056],[-5.071387151999943,52.026052649000064],[-5.074302458999966,52.02994498700008],[-5.074851046999925,52.03076267200004],[-5.073678168999948,52.030862150000075],[-5.061917089999952,52.031784651000066],[-5.053830476999963,52.025417567000034],[-5.048797265999951,52.02813191400003],[-5.023383443999933,52.02504824700003],[-5.021483547999935,52.02167750800004],[-5.020796391999966,52.02033387900008],[-5.016954852999959,52.02411893800007],[-5.010522390999938,52.02246593000007],[-5.003161292999948,52.023982267000065],[-5.004323855999928,52.02599333000006],[-4.993959314999927,52.02254733500007],[-4.993776158999935,52.02248642600006],[-4.992390779999937,52.025010733000045],[-4.991774001999943,52.02598242400006],[-4.986609844999975,52.022907674000066],[-4.986974500999963,52.020517727000026],[-4.987578776999953,52.016556871000034],[-4.987104387999977,52.01643332200007],[-4.984485372999927,52.01588215100003],[-4.971064393999939,52.012953623000044],[-4.983453091999934,52.014242797000065],[-4.983612170999947,52.01407777900005],[-4.993083064999951,52.00450398100003],[-4.990364635999981,52.00213122900004],[-4.984132650999925,52.003577965000034],[-4.980897557999981,52.00510921400007],[-4.983742873999972,52.00352794600008],[-4.990425572999925,52.00184365700005],[-4.988143828999966,51.99961125900006],[-4.98798934499996,51.99946010600007],[-4.976133353999955,52.00054023100006],[-4.974611674999949,51.999313321000045],[-4.972253082999941,51.99669860100005],[-4.972119344999953,51.99730359600005],[-4.969220707999966,51.99496594400006],[-4.971170278999978,52.001505560000055],[-4.961765077999928,51.99977023200006],[-4.955350847999966,52.00253681400005],[-4.944540331999974,52.004378958000075],[-4.941039674999956,52.00788496800004],[-4.936187925999945,52.00670018000005],[-4.933857155999931,52.00961107400008],[-4.92896692599993,52.00873003400005],[-4.928062096999952,52.01077860400005],[-4.927254875999949,52.01196446100005],[-4.919651341999952,52.01009370700007],[-4.920690003999937,52.01463041000005],[-4.916088654999953,52.01733866300003],[-4.909455615999946,52.02124182800003],[-4.911418776999938,52.02241001800007],[-4.916619422999929,52.025504229000035],[-4.917991825999934,52.026320644000066],[-4.916759893999938,52.02766451400004],[-4.910251940999956,52.03476229600005],[-4.906205549999925,52.03390862200007],[-4.89405469899998,52.03056659100008],[-4.894012182999973,52.02821209600006],[-4.894137066999974,52.02424988200005],[-4.894278238999959,52.02328685600003],[-4.892757214999961,52.022869686000035],[-4.886976222999976,52.021283881000045],[-4.885593897999968,52.020793823000076],[-4.884523318999925,52.02061089700004],[-4.87925305899995,52.01916469500003],[-4.878678856999954,52.019383574000074],[-4.877447601999961,52.01985289800007],[-4.871003558999973,52.02110177700007],[-4.868781629999944,52.01924223800006],[-4.859180248999962,52.02306682300008],[-4.850492224999925,52.02221714700005],[-4.850431183999945,52.02220644400006],[-4.850236818999974,52.022165063000045],[-4.849119590999976,52.02208284400007],[-4.820521959999951,52.019280912000056],[-4.819461549999971,52.01917687400004],[-4.814429797999935,52.01868306800003],[-4.82559125399996,52.021206102000065],[-4.829354912999975,52.02205656900003],[-4.837695598999971,52.02394074800003],[-4.83877158599995,52.024183761000074],[-4.838994727999932,52.024234156000034],[-4.841265241999963,52.024746908000054],[-4.837855990999969,52.03274605400003],[-4.842454855999961,52.035014800000056],[-4.846985706999931,52.039152165000075],[-4.845867579999947,52.04128756800003],[-4.836609425999939,52.04752177700004],[-4.835775815999966,52.04800857200007],[-4.837993797999957,52.05031121600007],[-4.824254020999945,52.05443932400004],[-4.790831156999957,52.05867159400003],[-4.783400666999967,52.06617780600004],[-4.783100607999927,52.06629402900006],[-4.777305682999952,52.066813583000055],[-4.776805733999936,52.06873193500007],[-4.771065725999961,52.07095443000003],[-4.770949520999977,52.07112986000004],[-4.770460589999971,52.071174592000034],[-4.76887463199995,52.07426196700004],[-4.766737143999933,52.07748808400004],[-4.75903421299995,52.07685933400006],[-4.759429835999981,52.07778232800007],[-4.753237000999945,52.09141597800004],[-4.752147633999925,52.09295630400004],[-4.74142775599995,52.09869110600005],[-4.747014553999975,52.10233593600003],[-4.749120109999978,52.10413497600007],[-4.736728016999962,52.10841035800007],[-4.731507984999951,52.11789413400004],[-4.710493115999952,52.108043672000065],[-4.689330774999974,52.103046326000026],[-4.689282143999947,52.10263129500004],[-4.688912473999949,52.10243557900003],[-4.691493463999961,52.101245120000044],[-4.68131357599998,52.09460379600006],[-4.681923290999976,52.084664341000064],[-4.672876844999962,52.08204218600008],[-4.670275615999969,52.081110884000054]]]]}},{"type":"Feature","properties":{"FID":348,"LAD23CD":"W06000010","LAD23NM":"Carmarthenshire","LAD23NMW":"Sir Gaerfyrddin","BNG_E":247955,"BNG_N":224133,"LONG":-4.2110901,"LAT":51.894951,"GlobalID":"{CC2E5003-C088-4206-8161-E160BA28AD8A}","SHAPE_Length":4.444364379090541,"SHAPE_Area":0.3097194440850852,"reference":"W06000010","name":"Carmarthenshire"},"geometry":{"type":"MultiPolygon","coordinates":[[[[-4.338534067999944,51.72504541700005],[-4.336443193999969,51.722745211000074],[-4.342600199999936,51.724848346000044],[-4.33436514999994,51.72701324700006],[-4.338534067999944,51.72504541700005]]],[[[-4.334605318999934,51.72852646600006],[-4.341433646999974,51.727018231000045],[-4.338640612999939,51.72983021500005],[-4.334605318999934,51.72852646600006]]],[[[-3.822810027999935,52.12432412900006],[-3.81206082999995,52.120544245000076],[-3.80630780599995,52.12168552500003],[-3.800203388999932,52.11618063600008],[-3.794418434999955,52.11713833300007],[-3.797018199999968,52.11088902900008],[-3.787948100999927,52.10819811300007],[-3.786099879999938,52.10455746500003],[-3.783288554999956,52.107620378000036],[-3.776327045999949,52.10709872900003],[-3.774061044999939,52.11659661200008],[-3.765702586999964,52.11816067800004],[-3.764632065999933,52.12426501400006],[-3.757768988999942,52.12822579200008],[-3.749463037999931,52.127626417000045],[-3.722928627999977,52.11517694200006],[-3.720319017999941,52.117501590000074],[-3.71407639399996,52.10497092800006],[-3.728798366999968,52.09397741500004],[-3.723458559999926,52.09331580200006],[-3.723095340999976,52.08521426600004],[-3.702342696999949,52.082813712000075],[-3.681658714999969,52.07391039500004],[-3.667131044999962,52.07429927000004],[-3.67904982999994,52.060612019000075],[-3.676208936999956,52.05653788600006],[-3.661886101999926,52.052352823000035],[-3.65938534999998,52.04642299900007],[-3.647136502999956,52.03878919600004],[-3.668272223999963,52.02543233600005],[-3.673533026999962,52.01751603900004],[-3.665649326999926,52.014702715000055],[-3.670016626999939,52.00421319700007],[-3.684085614999958,51.99632227800004],[-3.697801279999965,51.982800388000044],[-3.696446403999971,51.980273956000076],[-3.694012498999939,51.97725219700004],[-3.711182166999947,51.96185272200006],[-3.702471570999933,51.95419206000008],[-3.705050849999964,51.948463255000036],[-3.699854465999977,51.94598435200004],[-3.71018047299998,51.947008244000074],[-3.720339715999955,51.94176183700006],[-3.718045364999966,51.929223024000066],[-3.727689966999947,51.91222473300007],[-3.723765159999971,51.908144149000066],[-3.713381088999938,51.90557203100008],[-3.718026293999969,51.901206167000055],[-3.713835146999941,51.887140970000075],[-3.738658832999931,51.86370791300004],[-3.747589944999959,51.86201256700008],[-3.753109988999938,51.85679180100004],[-3.764758668999946,51.851836164000076],[-3.776429188999941,51.83939386000003],[-3.783469564999962,51.83006420900006],[-3.781951124999978,51.821600542000056],[-3.788077126999951,51.81239409500006],[-3.795882542999948,51.809593747000065],[-3.805615282999952,51.79885827800007],[-3.806690474999925,51.78795228600006],[-3.817091349999941,51.796865945000036],[-3.816841883999928,51.80151873700004],[-3.82871344299997,51.80459698200008],[-3.842126160999953,51.809465415000034],[-3.86510424599993,51.810361112000066],[-3.888819510999951,51.80419783800005],[-3.900018178999971,51.80297340800007],[-3.892338157999973,51.79989877500003],[-3.882096298999954,51.78790483800003],[-3.88720583099996,51.76879793200004],[-3.900411775999942,51.77126216800008],[-3.906869578999931,51.76872869700003],[-3.91842457599995,51.77530112300008],[-3.936504615999979,51.77135541200005],[-3.936603402999935,51.771327934000055],[-3.948590142999933,51.76886440900006],[-3.953277198999956,51.764719212000045],[-3.979608832999929,51.76467714700004],[-3.984954731999949,51.76978649400007],[-3.999804171999926,51.774151473000074],[-4.005170850999946,51.76895710400004],[-4.001683197999967,51.76256936500005],[-4.009258521999925,51.760103850000064],[-4.021431491999977,51.74823464600007],[-4.025584720999973,51.748810598000034],[-4.029693060999932,51.73852020100003],[-4.034603277999963,51.73561638800004],[-4.044070302999955,51.73617516300004],[-4.049059592999924,51.72979245400006],[-4.045125065999969,51.72012361900005],[-4.046044923999943,51.71256051000006],[-4.049955473999944,51.71190440200007],[-4.043067097999938,51.70749990300004],[-4.053643235999971,51.709315487000026],[-4.051302975999931,51.70606411400007],[-4.052740696999933,51.70086141100006],[-4.059926274999953,51.69996093600008],[-4.060698847999959,51.697807684000054],[-4.064567292999925,51.69661071200005],[-4.066247982999926,51.69609061600005],[-4.065206589999946,51.69289437600003],[-4.071699083999931,51.694318674000044],[-4.06771705899996,51.690294462000054],[-4.073655335999945,51.68856119800006],[-4.078162645999953,51.69084387700008],[-4.082157787999961,51.68483251400005],[-4.082108221999931,51.68405096100008],[-4.08187028499998,51.680297249000034],[-4.080879351999954,51.66465230800003],[-4.085348715999942,51.661736061000056],[-4.089230688999976,51.66349326800008],[-4.10604318299994,51.66067143600003],[-4.106535267999959,51.660615895000035],[-4.124665694999976,51.658567995000055],[-4.126420444999951,51.660966088000066],[-4.130162543999973,51.65800531600007],[-4.135439147999932,51.66020172700007],[-4.133259113999941,51.66538153600004],[-4.135319137999943,51.661080414000025],[-4.136344246999954,51.658939771000064],[-4.138948567999932,51.660695419000035],[-4.145616772999972,51.65480854800006],[-4.15446411299996,51.655187915000056],[-4.154252677999978,51.65755871200008],[-4.163777552999932,51.65988629100008],[-4.163434864999942,51.66455982800005],[-4.16754677299997,51.663998409000044],[-4.164734072999977,51.666331729000035],[-4.17043900799996,51.67130491900008],[-4.170157010999958,51.66542232300003],[-4.177539112999966,51.66686302100004],[-4.172632117999967,51.667765934000045],[-4.180858150999939,51.67655767000008],[-4.179146278999951,51.67768741800006],[-4.17963900899997,51.67785825000004],[-4.181459939999968,51.67848954900006],[-4.196638743999927,51.683750091000036],[-4.223409844999935,51.68382792800003],[-4.224005601999977,51.68382959000007],[-4.225562331999924,51.68072368400004],[-4.240285878999941,51.67854728100008],[-4.244609155999967,51.678170468000076],[-4.250379634999945,51.67814544000004],[-4.249098625999977,51.682214988000055],[-4.253662521999956,51.68276148100006],[-4.251051361999941,51.677176959000064],[-4.250844934999975,51.67673540900006],[-4.25290593099993,51.67714136500007],[-4.262461551999934,51.679022977000045],[-4.262298594999947,51.67696059100007],[-4.26221451899994,51.67589643000008],[-4.263444640999978,51.67618612200005],[-4.266397479999966,51.676881441000035],[-4.27387039599995,51.67864071500003],[-4.289086816999941,51.67695026700005],[-4.288824546999933,51.676446611000074],[-4.288093849999939,51.675043335000055],[-4.278282140999977,51.67665150000005],[-4.271963751999976,51.677686608000045],[-4.275671975999956,51.676702033000026],[-4.276490407999972,51.67648470800003],[-4.265565448999951,51.67576793200004],[-4.264995985999974,51.67279145100008],[-4.283092403999945,51.667601819000026],[-4.309033494999937,51.671959806000075],[-4.315445194999938,51.67538807200003],[-4.316412112999956,51.67590499600004],[-4.335627189999968,51.686173421000035],[-4.370905560999972,51.71466964700005],[-4.379671406999933,51.727348850000055],[-4.378807896999945,51.73260835500008],[-4.365092423999954,51.726894153000046],[-4.366562255999952,51.72938888600004],[-4.360545626999965,51.73029052600003],[-4.362985166999977,51.724668518000044],[-4.357515439999929,51.72969668700006],[-4.360361526999952,51.72328330000005],[-4.359369965999974,51.723194171000046],[-4.355649652999944,51.728516469000056],[-4.349262470999975,51.72903375900006],[-4.356000791999975,51.72680435700005],[-4.355558138999925,51.72413964500004],[-4.355712498999935,51.72677416500005],[-4.353082258999962,51.72492577600008],[-4.354851971999949,51.72699016400003],[-4.348580451999965,51.72652037700004],[-4.350676863999979,51.72813135400003],[-4.348170685999946,51.72884892500008],[-4.349016624999933,51.72878863700004],[-4.345964855999966,51.73082093200003],[-4.344599134999953,51.72987140400005],[-4.342298772999925,51.73052987900007],[-4.342733443999975,51.72788385700005],[-4.342030204999958,51.72791284600004],[-4.343578217999948,51.72544755800004],[-4.357934207999961,51.72306509800006],[-4.353342689999977,51.72265220700007],[-4.346196046999978,51.72471547100008],[-4.350546053999949,51.72139553200003],[-4.345608678999952,51.72296460900003],[-4.348798130999967,51.72144668400006],[-4.343255877999979,51.720279462000065],[-4.34304674699996,51.72505619900005],[-4.342263073999959,51.721746275000044],[-4.341850177999959,51.72406566800004],[-4.338060841999948,51.72291809800004],[-4.340975059999948,51.72055339000008],[-4.341974285999925,51.719939916000044],[-4.336563009999963,51.72102520300007],[-4.336464372999956,51.717510935000064],[-4.335065492999945,51.72231040300005],[-4.334171558999969,51.71757809500008],[-4.329812136999976,51.71788675400006],[-4.333345600999962,51.71919524200007],[-4.330956928999967,51.72277599100005],[-4.329192120999949,51.721063478000076],[-4.327424485999927,51.72271260900004],[-4.33067656399993,51.72281482400007],[-4.330579710999928,51.72521067300005],[-4.326749878999976,51.723341952000055],[-4.325570524999932,51.724442123000074],[-4.322175240999968,51.72357401200003],[-4.323937280999928,51.72152038300004],[-4.322766294999951,51.72106498800008],[-4.319943664999926,51.72229706200005],[-4.321824206999963,51.724634930000036],[-4.317799822999973,51.72150057300007],[-4.312257341999953,51.72146297200004],[-4.317890472999977,51.72326108000004],[-4.312617626999952,51.72372747600008],[-4.317921221999939,51.72386275300005],[-4.319042112999966,51.723891310000056],[-4.317955330999951,51.72453016000003],[-4.315011713999979,51.72626037500004],[-4.308976116999929,51.72455629700005],[-4.309086418999925,51.72413596600006],[-4.305665909999959,51.72262128800003],[-4.306394808999926,51.72480765800003],[-4.30662293599994,51.72549189000006],[-4.305869082999948,51.72497710000005],[-4.303325618999963,51.723240100000055],[-4.301945564999926,51.72624324700007],[-4.311130908999928,51.726435554000034],[-4.314786079999976,51.72650645500005],[-4.318059583999968,51.72656985500004],[-4.32236351499995,51.72665306400006],[-4.319643714999927,51.72732641300007],[-4.325045844999977,51.72968098200005],[-4.320165654999926,51.72838445100007],[-4.325023486999953,51.731897262000075],[-4.318611227999952,51.73638323900008],[-4.31856208499994,51.736387336000064],[-4.305519696999966,51.737473934000036],[-4.295456395999963,51.74188402500005],[-4.304452939999976,51.74030779200007],[-4.305586386999948,51.73756171900004],[-4.318662840999934,51.738354136000055],[-4.320563590999939,51.738469199000065],[-4.32159569199996,51.73452978800003],[-4.325974667999958,51.73568082400004],[-4.364300887999946,51.737225902000034],[-4.375399498999968,51.747066963000066],[-4.376019882999969,51.75560034200004],[-4.372169908999979,51.76798583900006],[-4.363207527999975,51.77616014200004],[-4.366145049999943,51.78733231800004],[-4.359584129999973,51.78928708400008],[-4.358639586999971,51.78733296400003],[-4.355580657999951,51.78927010800004],[-4.343485173999966,51.796927494000045],[-4.33682861099993,51.79618138500007],[-4.333891900999959,51.79757933700006],[-4.326878084999976,51.80091747800003],[-4.33416826399997,51.79875492600007],[-4.341236440999978,51.800216902000045],[-4.356207334999965,51.79516778100003],[-4.363464730999965,51.796416942000064],[-4.373942988999943,51.78519754700005],[-4.376682330999927,51.77571578800007],[-4.388094167999952,51.76522716800008],[-4.403858200999935,51.75725099200008],[-4.426661756999977,51.763716790000046],[-4.435271241999942,51.76343165600008],[-4.448937580999939,51.77016498100005],[-4.437483929999928,51.77318732100008],[-4.435305354999969,51.77927672100003],[-4.440789920999975,51.77379496700007],[-4.438417878999928,51.77939528400003],[-4.442217976999927,51.78408214800004],[-4.454670807999946,51.78855223700003],[-4.450736899999981,51.794683071000065],[-4.454106568999975,51.79339287000005],[-4.456009723999955,51.79266410400004],[-4.45630622699997,51.79255056100004],[-4.456078776999959,51.792887216000054],[-4.454439500999968,51.79531340600005],[-4.453493893999962,51.796712814000045],[-4.457108584999958,51.797185196000044],[-4.457337908999932,51.79725664800003],[-4.456902162999938,51.79280554600007],[-4.455224184999963,51.789987385000074],[-4.455228255999941,51.78983444900007],[-4.465609538999956,51.78948505300008],[-4.471604609999929,51.789282858000036],[-4.458414412999957,51.78822129100007],[-4.44807974899993,51.781127397000034],[-4.459641330999943,51.76804117000006],[-4.462785425999925,51.76905719700005],[-4.455615027999954,51.76270703300003],[-4.458999029999973,51.76049145200005],[-4.448074575999954,51.76102262200004],[-4.449339746999954,51.758158051000066],[-4.445020347999957,51.75937393100003],[-4.446319575999951,51.75702938200004],[-4.442881259999979,51.755586504000064],[-4.444362104999925,51.75899283100006],[-4.439102099999957,51.75316763100005],[-4.424805075999927,51.74873320200004],[-4.430283828999961,51.74788344500007],[-4.417734949999954,51.745237614000075],[-4.420056221999971,51.742508110000074],[-4.445683105999933,51.73347799800007],[-4.462821622999968,51.73169541300007],[-4.559186629999942,51.74196974700004],[-4.578690248999976,51.73426582700006],[-4.608337241999948,51.73785231100004],[-4.610853740999971,51.73815637400003],[-4.62877726499994,51.73384987800006],[-4.632852219999961,51.73518142700004],[-4.633571229999973,51.73509174900005],[-4.635450096999932,51.74002275700008],[-4.62723747299998,51.75072545100005],[-4.63058663399994,51.756817322000074],[-4.62258210899995,51.76812550100004],[-4.626243153999951,51.771564675000036],[-4.635140018999948,51.77052917800006],[-4.645404678999967,51.778441186000066],[-4.634119098999975,51.785013596000056],[-4.644402050999929,51.797616092000055],[-4.619415243999981,51.806903687000045],[-4.617125069999929,51.811895639000056],[-4.643337277999933,51.82478463900003],[-4.644068311999945,51.830525683000076],[-4.682306593999954,51.83754933800003],[-4.684219423999934,51.83958858300008],[-4.704262807999953,51.839120294000054],[-4.708575613999926,51.84530201900003],[-4.704407877999927,51.85159083700006],[-4.700179265999964,51.85111062500005],[-4.701744167999948,51.854711558000076],[-4.694951407999952,51.85701506600003],[-4.706713504999925,51.888878282000064],[-4.717662420999943,51.88830476000004],[-4.715139245999978,51.89170410300005],[-4.72310340599995,51.89569831000006],[-4.713538118999963,51.899237948000064],[-4.71262909099994,51.907963609000035],[-4.717858255999943,51.91242497500008],[-4.713509219999935,51.91568649200008],[-4.713427901999978,51.91578555700005],[-4.695513725999945,51.92345477900005],[-4.673313250999968,51.928425428000025],[-4.667889457999934,51.93407840900005],[-4.660332087999961,51.92688501100008],[-4.635610827999926,51.91859569400003],[-4.629131849999965,51.92205729300008],[-4.626744603999953,51.928873526000075],[-4.612785593999945,51.93185525100006],[-4.599953964999941,51.94093025800004],[-4.58781055299994,51.93179033500007],[-4.569479286999979,51.935051789000056],[-4.559972035999976,51.94693637600005],[-4.541426188999935,51.95658298500007],[-4.532764813999961,51.954423433000045],[-4.493310539999925,51.96130979000003],[-4.48561363999994,51.975738928000055],[-4.487111286999948,51.988683320000064],[-4.493932823999955,51.99254170900008],[-4.512274549999972,51.99491352800004],[-4.523012272999949,52.01125171600006],[-4.535470171999975,52.01778288200006],[-4.546398220999947,52.01905785100007],[-4.551238675999969,52.03805595000006],[-4.55975485099998,52.04372652500007],[-4.544927697999981,52.044243796000046],[-4.541076970999939,52.05212650200008],[-4.535622398999976,52.044360865000044],[-4.515434677999963,52.047050916000046],[-4.50187522899995,52.04257596200006],[-4.487533669999948,52.04907337900005],[-4.481025252999927,52.047013710000044],[-4.47494988099993,52.039029104000065],[-4.459513457999947,52.039992734000066],[-4.46687602399993,52.03813557900003],[-4.463654491999932,52.03653747300007],[-4.448732127999961,52.044145428000036],[-4.443713174999971,52.04180809700006],[-4.434761055999957,52.04350426500008],[-4.419713848999947,52.03835299600007],[-4.411101203999976,52.04183719100007],[-4.410475785999949,52.038506460000065],[-4.40230833399994,52.03880377300004],[-4.398842069999944,52.034635206000075],[-4.384896585999968,52.040021746000036],[-4.381414917999962,52.03668583600006],[-4.365324629999975,52.034644049000065],[-4.365794988999937,52.028613121000035],[-4.35104673799998,52.02676818500004],[-4.346431068999948,52.030995036000036],[-4.338162261999969,52.03215225400004],[-4.334829249999927,52.04127395900008],[-4.330240438999965,52.037634679000064],[-4.316664537999941,52.03720106000003],[-4.304460071999927,52.03935853000007],[-4.305942468999945,52.04538151700007],[-4.298284897999963,52.052241458000026],[-4.287101715999938,52.052071495000064],[-4.290754954999954,52.043875738000054],[-4.274215864999974,52.03798945700004],[-4.272098780999954,52.04032157900008],[-4.24634453699997,52.03801512100006],[-4.240870275999953,52.040979847000074],[-4.233594868999944,52.03840232300007],[-4.228269320999971,52.049297661000026],[-4.214234955999927,52.051227648000065],[-4.213163786999928,52.05803167800008],[-4.206947260999925,52.05754579900008],[-4.202786723999964,52.06350020800005],[-4.196388008999975,52.06475356200008],[-4.192940028999942,52.05932532200006],[-4.180965718999971,52.06224091000007],[-4.171488106999959,52.06773934800003],[-4.164155798999957,52.06815307000005],[-4.161680627999942,52.07152389400005],[-4.166428153999959,52.07452462100008],[-4.16126541999995,52.07576591600008],[-4.15841646399997,52.08129627200003],[-4.147398001999932,52.08061369700005],[-4.158674322999957,52.086941366000076],[-4.154580029999977,52.086368882000045],[-4.13712783099993,52.09573743300007],[-4.12826456199997,52.09126684100005],[-4.119170469999972,52.09220489000006],[-4.118696521999937,52.096590803000026],[-4.100055054999928,52.09606108600008],[-4.087765420999972,52.105183956000076],[-4.082112522999978,52.10274545400006],[-4.082854483999938,52.10507873000006],[-4.07702246499997,52.10533724000004],[-4.078814708999971,52.10864436600008],[-4.070008125999948,52.10699648500008],[-4.05972341599994,52.11362754100003],[-4.055375972999968,52.11259294600006],[-4.018739465999943,52.09702229000004],[-4.00032910799996,52.10433915400006],[-3.995840335999958,52.111894834000054],[-3.978566264999927,52.114284818000044],[-3.969641574999969,52.12298203300003],[-3.940488812999945,52.13844787800008],[-3.930996044999972,52.127373747000036],[-3.917471992999936,52.12713860700006],[-3.906722391999949,52.11978763800005],[-3.904322045999947,52.12282606400004],[-3.897810424999932,52.122226115000046],[-3.871826698999939,52.14114758300008],[-3.860104476999936,52.142196314000046],[-3.830904787999941,52.13173376000003],[-3.822810027999935,52.12432412900006]]]]}},{"type":"Feature","properties":{"FID":349,"LAD23CD":"W06000011","LAD23NM":"Swansea","LAD23NMW":"Abertawe","BNG_E":264022,"BNG_N":197308,"LONG":-3.9672301,"LAT":51.658058,"GlobalID":"{5922E252-7160-406B-8519-D6661003D077}","SHAPE_Length":1.8729223688385166,"SHAPE_Area":0.04918056600741046,"reference":"W06000011","name":"Swansea"},"geometry":{"type":"MultiPolygon","coordinates":[[[[-4.32460748699998,51.565759564000075],[-4.314656574999958,51.56266117900003],[-4.322980837999978,51.56360846500007],[-4.324764475999928,51.56426933600005],[-4.328311515999928,51.56421475500008],[-4.33185315399993,51.56461742400006],[-4.330004599999938,51.56512772700006],[-4.32460748699998,51.565759564000075]]],[[[-4.31207835999993,51.61030334700007],[-4.310365400999956,51.608412042000054],[-4.312043635999942,51.60858229300004],[-4.316133587999957,51.60899709800003],[-4.312130156999956,51.61028666400006],[-4.31207835999993,51.61030334700007]]],[[[-3.979608832999929,51.76467714700004],[-3.953277198999956,51.764719212000045],[-3.948590142999933,51.76886440900006],[-3.936603402999935,51.771327934000055],[-3.936504615999979,51.77135541200005],[-3.92018115299993,51.76262813100004],[-3.922480618999941,51.76009691000007],[-3.915875209999967,51.758478308000065],[-3.917592826999964,51.75541528200006],[-3.888506101999951,51.73908619700006],[-3.88628468099995,51.72282584200008],[-3.878704993999975,51.71556639900007],[-3.88036531399996,51.711898818000066],[-3.872665473999973,51.70625235400007],[-3.876022712999941,51.70396050800008],[-3.872373010999979,51.702043196000034],[-3.864439829999981,51.705048874000056],[-3.855689779999977,51.70036045900008],[-3.856331702999967,51.69716252100005],[-3.848640210999974,51.70028279200005],[-3.843088290999958,51.69809856400008],[-3.84725627399996,51.68716310800005],[-3.851075177999974,51.67538218700008],[-3.858080978999965,51.671908305000045],[-3.864603425999974,51.669160291000026],[-3.871070026999973,51.65833485500008],[-3.875242146999938,51.65754624600004],[-3.87433624199997,51.65191431900007],[-3.886846314999957,51.63162267700005],[-3.890720270999964,51.62154344700008],[-3.886354412999935,51.619970640000076],[-3.886275422999972,51.617544174000045],[-3.893476990999943,51.61884527800004],[-3.902767210999968,51.61322693500006],[-3.923750401999939,51.60935108600006],[-3.922876860999963,51.61031319300008],[-3.930082580999965,51.616339423000056],[-3.92958630399994,51.61340950600004],[-3.930216477999977,51.61337451400004],[-3.961318516999938,51.61163081400008],[-3.97091011599997,51.609201029000076],[-3.972032918999957,51.608916528000066],[-3.993967331999954,51.59838190000005],[-3.994494025999927,51.59812883400008],[-3.997389111999951,51.591447525000035],[-3.997632802999931,51.590010849000066],[-3.999541449999981,51.57875551300003],[-3.999438557999952,51.57862560700005],[-3.999397128999931,51.57857330100006],[-3.996077775999936,51.57438199500007],[-3.976332419999949,51.567771167000046],[-3.993470840999976,51.56312974200006],[-4.005999416999941,51.56709856700007],[-4.007335202999968,51.56727234600004],[-4.012238390999926,51.56791008500005],[-4.013206321999974,51.56573046500006],[-4.021924527999943,51.56332321300005],[-4.02437352499993,51.56312592000006],[-4.031226558999947,51.56978096600005],[-4.031526671999927,51.57007235300006],[-4.057805921999943,51.56371258400003],[-4.05878695499996,51.56347501700003],[-4.064226771999927,51.55723822300007],[-4.074148678999961,51.562167541000065],[-4.09693939999994,51.56469778200005],[-4.104604829999971,51.56656905600005],[-4.111113733999957,51.569821475000026],[-4.111411687999976,51.569970339000065],[-4.11133659099994,51.57307827300008],[-4.11131643799996,51.573912352000036],[-4.111305842999968,51.574350811000045],[-4.112180793999926,51.57387746400008],[-4.122500005999939,51.568293553000046],[-4.143523112999958,51.56896339700006],[-4.144009923999931,51.56869897800004],[-4.15656622399996,51.56187711700005],[-4.161030595999932,51.55531111100004],[-4.146989495999946,51.545659786000044],[-4.147342246999926,51.54433269900005],[-4.152617941999949,51.54103034000008],[-4.182683914999927,51.54849006200004],[-4.194790659999967,51.54825785300005],[-4.208379607999973,51.54426616400008],[-4.204948019999961,51.53876684200003],[-4.204964881999956,51.53785404800004],[-4.213246956999967,51.53748180600007],[-4.216170235999925,51.54143212000008],[-4.240049233999969,51.543185160000064],[-4.258756136999978,51.55270442900007],[-4.258933413999955,51.553426986000034],[-4.268850634999978,51.55591038100005],[-4.279373761999977,51.55910488000006],[-4.278832088999934,51.56149562400003],[-4.291339198999935,51.56308297600003],[-4.296978720999959,51.55960567500006],[-4.308251881999979,51.56300863900003],[-4.290611800999955,51.56985286400004],[-4.289074829999947,51.576342612000076],[-4.296312361999981,51.59636822700003],[-4.309206228999926,51.609618382000065],[-4.297613967999951,51.61508702000003],[-4.286202731999936,51.61377745200008],[-4.279650566999976,51.61591128100008],[-4.272392063999973,51.62488498700003],[-4.255045311999936,51.63086088600005],[-4.245847222999942,51.647436834000075],[-4.23059954799993,51.64773656800003],[-4.242465971999934,51.64635215900006],[-4.232529967999938,51.64224568600008],[-4.236179151999977,51.64135513100007],[-4.235339904999933,51.637603977000026],[-4.239917104999961,51.639452885000026],[-4.239822887999935,51.636631788000045],[-4.235951549999925,51.63670020500007],[-4.247443584999928,51.62780703300007],[-4.242712838999978,51.62862504200007],[-4.24631455399998,51.62536726400003],[-4.242771983999944,51.62675503100007],[-4.239916439999945,51.62167650400005],[-4.245560139999952,51.617989444000045],[-4.239728708999962,51.62152000800006],[-4.239740455999936,51.62184802300004],[-4.24209540499993,51.62697586300004],[-4.236707642999932,51.62366223400005],[-4.242485981999948,51.62970942100003],[-4.238840904999961,51.62769717100008],[-4.242013145999977,51.629936987000065],[-4.238278105999939,51.63050203000006],[-4.236409497999944,51.62570929900005],[-4.237826214999927,51.63097914600007],[-4.233552,51.63092570400005],[-4.233966393999935,51.628212708000035],[-4.232263997999951,51.63150414800003],[-4.233888130999958,51.622856185000046],[-4.23143523799996,51.62660167100006],[-4.229201072999956,51.62308655100003],[-4.22871226999996,51.630360333000056],[-4.223722818999931,51.62096828300008],[-4.22537441999998,51.626229325000054],[-4.220222357999944,51.62597168900004],[-4.218441731999974,51.621222010000054],[-4.213228992999973,51.62402470200004],[-4.218348902999935,51.624354218000065],[-4.216784252999958,51.62604453600005],[-4.224612684999954,51.62764127000003],[-4.221499445999939,51.62874792100007],[-4.22548296399998,51.62986401500007],[-4.219354396999961,51.62962037900007],[-4.219591890999936,51.63155654700006],[-4.214017478999949,51.62810382200007],[-4.20889594199997,51.62493089700007],[-4.223658019999959,51.640708105000044],[-4.210894724999946,51.64107695600006],[-4.19683908199994,51.63537587800005],[-4.188192369999967,51.627475255000036],[-4.19787415899998,51.626266470000076],[-4.186218255999961,51.62616193100007],[-4.179506731999936,51.62849389400003],[-4.178592285999969,51.62560435700004],[-4.169453172999965,51.624292522000076],[-4.167289106999931,51.628662545000054],[-4.164744850999966,51.625210311000046],[-4.166051507999953,51.62212780100003],[-4.171406992999948,51.62282107100003],[-4.170758095999929,51.62215589600004],[-4.165324926999972,51.62200282100008],[-4.161522921999961,51.63204756400006],[-4.161354074999963,51.63212104300004],[-4.152830883999968,51.63582957400007],[-4.149650723999969,51.631168442000046],[-4.148233033999929,51.634956912000064],[-4.137873450999962,51.635460729000044],[-4.133781200999977,51.632268106000026],[-4.139910938999947,51.638495516000035],[-4.133791567999936,51.640552025000034],[-4.137446813999929,51.642121348000046],[-4.125085172999945,51.640586702000064],[-4.105055289999939,51.643784348000054],[-4.116851070999928,51.64582620200008],[-4.113464136999937,51.649707309000064],[-4.091471657999932,51.656063706000054],[-4.077407839999978,51.65717889500007],[-4.075889796999945,51.65729916400005],[-4.071816572999978,51.65299988500004],[-4.071323848999953,51.652479751000044],[-4.071375991999957,51.65315004800004],[-4.071380046999934,51.653202177000026],[-4.071634930999949,51.65646878600006],[-4.071682001999932,51.657002040000066],[-4.072072596999931,51.65697101500007],[-4.07390036299995,51.65670033400005],[-4.08129792699998,51.662015448000034],[-4.071258026999942,51.666936709000026],[-4.07078157199993,51.668411923000065],[-4.069765871999948,51.67155647200008],[-4.069379113999958,51.67275373800004],[-4.064045918999966,51.67267917500004],[-4.062432399999977,51.67265657000007],[-4.064257049999981,51.67279555300007],[-4.066993412999977,51.67300392700008],[-4.069471133999969,51.67319254900008],[-4.069828508999933,51.67321975100003],[-4.075795551999931,51.68040454700008],[-4.077162137999949,51.682049653000036],[-4.072961375999967,51.68487114100003],[-4.067862124999976,51.68104116400008],[-4.064303562999953,51.691366179000056],[-4.058288923999953,51.69369566100005],[-4.061989670999935,51.69314155300003],[-4.060167667999963,51.69797202600006],[-4.060698847999959,51.697807684000054],[-4.059926274999953,51.69996093600008],[-4.052740696999933,51.70086141100006],[-4.051302975999931,51.70606411400007],[-4.053643235999971,51.709315487000026],[-4.043067097999938,51.70749990300004],[-4.049955473999944,51.71190440200007],[-4.046044923999943,51.71256051000006],[-4.045125065999969,51.72012361900005],[-4.049059592999924,51.72979245400006],[-4.044070302999955,51.73617516300004],[-4.034603277999963,51.73561638800004],[-4.029693060999932,51.73852020100003],[-4.025584720999973,51.748810598000034],[-4.021431491999977,51.74823464600007],[-4.009258521999925,51.760103850000064],[-4.001683197999967,51.76256936500005],[-4.005170850999946,51.76895710400004],[-3.999804171999926,51.774151473000074],[-3.984954731999949,51.76978649400007],[-3.979608832999929,51.76467714700004]]]]}},{"type":"Feature","properties":{"FID":350,"LAD23CD":"W06000012","LAD23NM":"Neath Port Talbot","LAD23NMW":"Castell-nedd Port Talbot","BNG_E":279261,"BNG_N":195412,"LONG":-3.7463801,"LAT":51.644501,"GlobalID":"{113D8C31-D634-460C-90FB-718C9C9EC70A}","SHAPE_Length":1.595786023231448,"SHAPE_Area":0.05771646736795448,"reference":"W06000012","name":"Neath Port Talbot"},"geometry":{"type":"MultiPolygon","coordinates":[[[[-3.806690474999925,51.78795228600006],[-3.801393807999943,51.78151334200004],[-3.796370826999976,51.78218010300003],[-3.782446961999938,51.77349345300007],[-3.78001130499996,51.76831937400004],[-3.780388458999937,51.75967133600005],[-3.770320441999957,51.75452162500005],[-3.753807046999952,51.75338713100007],[-3.746090704999972,51.753392226000074],[-3.73751901199995,51.75810340900006],[-3.731251782999948,51.767074586000035],[-3.736681101999977,51.769801863000055],[-3.728659346999962,51.77584853600007],[-3.712031961999969,51.77838832800006],[-3.692411159999949,51.781604712000046],[-3.685769937999964,51.78020470700005],[-3.670365935999939,51.787198215000046],[-3.652974211999947,51.78544603600005],[-3.62874594699997,51.77477798900003],[-3.612208712999973,51.771767957000066],[-3.603658515999939,51.77392963700004],[-3.601365649999934,51.771763253000074],[-3.591293026999949,51.75461196200007],[-3.593717483999967,51.75318717600004],[-3.583842256999958,51.73833976800006],[-3.578645816999938,51.71788077300005],[-3.582212084999981,51.71404444700005],[-3.585173345999976,51.70313940800003],[-3.581272299999966,51.69539317700003],[-3.589584976999959,51.67927243200006],[-3.564028361999931,51.65497059000006],[-3.563310231999935,51.64548475300006],[-3.565472214999943,51.64232855300003],[-3.580250257999978,51.64457519100006],[-3.599877110999955,51.63821431300005],[-3.645721088999949,51.643369421000045],[-3.661813066999969,51.645453161000034],[-3.677330480999956,51.627692136000064],[-3.680789007999977,51.61356515300008],[-3.682690410999953,51.60912628500006],[-3.677814154999965,51.60723217100008],[-3.676738651999926,51.60132433800004],[-3.690934757999969,51.60359001100005],[-3.693426938999949,51.59698610500004],[-3.686283351999975,51.58524273300003],[-3.677071307999938,51.57573256900008],[-3.655188404999933,51.56452498700003],[-3.658316516999946,51.56095853100004],[-3.650848462999932,51.55528435600007],[-3.651951968999981,51.54743823200005],[-3.656688219999978,51.53913713500003],[-3.687803129999963,51.53743466800006],[-3.70464100099997,51.52739021500008],[-3.734810737999965,51.531679627000074],[-3.744351326999947,51.53670800900005],[-3.754025736999949,51.53297142500003],[-3.761572991999969,51.53655766000003],[-3.762804180999979,51.53801729800006],[-3.780897569999979,51.55921997400003],[-3.779981047999968,51.55971257200008],[-3.780949197999973,51.559280468000054],[-3.789922300999933,51.56979443600005],[-3.795818934999943,51.569074174000036],[-3.804029563999961,51.56960129200007],[-3.817239682999968,51.57432145900003],[-3.797259678999978,51.56921178200008],[-3.802648153999939,51.58180440800004],[-3.816921559999969,51.57966348800005],[-3.798866345999954,51.58333625100005],[-3.79768129699994,51.58738983200004],[-3.798819479999963,51.586242053000035],[-3.79889899799997,51.58616186300003],[-3.800726805999943,51.58431849800007],[-3.80911075399996,51.586539232000064],[-3.811639250999974,51.58359728900007],[-3.809409068999969,51.58772522000004],[-3.817715878999934,51.59328766100003],[-3.818497076999961,51.59373694700008],[-3.836884338999937,51.604307961000075],[-3.837465831999964,51.60473221500007],[-3.850816056999975,51.61446990400003],[-3.837792401999934,51.621575704000065],[-3.824684350999974,51.62826556300007],[-3.831892607999976,51.62592583600008],[-3.830994121999936,51.63475781300008],[-3.830905890999929,51.635433282000065],[-3.830770264999956,51.63695828300007],[-3.834780925999951,51.63940554900006],[-3.835186815999975,51.63972483100008],[-3.835127295999939,51.639760144000036],[-3.831131730999971,51.642130448000046],[-3.835414066999931,51.64030015600008],[-3.836762111999974,51.64237975100008],[-3.836691437999946,51.64136134600005],[-3.83650393399995,51.63865905400007],[-3.845148073999951,51.636317707000046],[-3.836578569999972,51.638287441000045],[-3.832502862999945,51.63616597600003],[-3.836558299999979,51.62389425400005],[-3.846010083999943,51.62026578100006],[-3.84819602999994,51.62082095400007],[-3.851104233999934,51.61842928900006],[-3.886275422999972,51.617544174000045],[-3.886354412999935,51.619970640000076],[-3.890720270999964,51.62154344700008],[-3.886846314999957,51.63162267700005],[-3.87433624199997,51.65191431900007],[-3.875242146999938,51.65754624600004],[-3.871070026999973,51.65833485500008],[-3.864603425999974,51.669160291000026],[-3.858080978999965,51.671908305000045],[-3.851075177999974,51.67538218700008],[-3.84725627399996,51.68716310800005],[-3.843088290999958,51.69809856400008],[-3.848640210999974,51.70028279200005],[-3.856331702999967,51.69716252100005],[-3.855689779999977,51.70036045900008],[-3.864439829999981,51.705048874000056],[-3.872373010999979,51.702043196000034],[-3.876022712999941,51.70396050800008],[-3.872665473999973,51.70625235400007],[-3.88036531399996,51.711898818000066],[-3.878704993999975,51.71556639900007],[-3.88628468099995,51.72282584200008],[-3.888506101999951,51.73908619700006],[-3.917592826999964,51.75541528200006],[-3.915875209999967,51.758478308000065],[-3.922480618999941,51.76009691000007],[-3.92018115299993,51.76262813100004],[-3.936504615999979,51.77135541200005],[-3.91842457599995,51.77530112300008],[-3.906869578999931,51.76872869700003],[-3.900411775999942,51.77126216800008],[-3.88720583099996,51.76879793200004],[-3.882096298999954,51.78790483800003],[-3.892338157999973,51.79989877500003],[-3.900018178999971,51.80297340800007],[-3.888819510999951,51.80419783800005],[-3.86510424599993,51.810361112000066],[-3.842126160999953,51.809465415000034],[-3.82871344299997,51.80459698200008],[-3.816841883999928,51.80151873700004],[-3.817091349999941,51.796865945000036],[-3.806690474999925,51.78795228600006]]]]}},{"type":"Feature","properties":{"FID":351,"LAD23CD":"W06000013","LAD23NM":"Bridgend","LAD23NMW":"Pen-y-bont ar Ogwr","BNG_E":288231,"BNG_N":185870,"LONG":-3.61375,"LAT":51.5606,"GlobalID":"{DF1DA024-6511-4B39-A923-168F6682FCFD}","SHAPE_Length":0.9869355438056864,"SHAPE_Area":0.032501409386708036,"reference":"W06000013","name":"Bridgend"},"geometry":{"type":"MultiPolygon","coordinates":[[[[-3.645721088999949,51.643369421000045],[-3.599877110999955,51.63821431300005],[-3.580250257999978,51.64457519100006],[-3.565472214999943,51.64232855300003],[-3.563310231999935,51.64548475300006],[-3.538130542999966,51.64428417700003],[-3.533568425999931,51.63903792100007],[-3.523122652999973,51.63407117700007],[-3.520632714999977,51.62991302700004],[-3.504585725999959,51.61660703500007],[-3.503896277999957,51.61642487900008],[-3.500256256999933,51.614308047000065],[-3.496430152999949,51.61052412400005],[-3.486246880999943,51.61008753200008],[-3.476828160999958,51.60439792300008],[-3.471675592999929,51.598588412000026],[-3.478085402999966,51.588007385000026],[-3.47640045299994,51.581802509000056],[-3.488732079999977,51.57424282300008],[-3.483649411999977,51.57282064100008],[-3.485464777999937,51.56963412500005],[-3.47679700499998,51.56643055400008],[-3.480137456999955,51.55821870800003],[-3.47046864999993,51.55408854500007],[-3.463024878999931,51.54341200200008],[-3.477251790999958,51.538531582000076],[-3.485260616999938,51.519314791000056],[-3.497512205999953,51.51264202800007],[-3.508267233999959,51.50805363900008],[-3.515710670999965,51.50276891300007],[-3.529609640999979,51.50136364700006],[-3.525157332999925,51.49716741200007],[-3.527611094999941,51.49368420600007],[-3.539449746999935,51.49103129200006],[-3.533484354999928,51.488532271000054],[-3.532734608999931,51.48167729100004],[-3.532850239999959,51.48160566000007],[-3.533543497999972,51.48187896400003],[-3.554760921999957,51.49277340700007],[-3.584383719999948,51.483272965000026],[-3.593101526999931,51.48224395600005],[-3.596535673999938,51.48457127300003],[-3.626711112999942,51.47382390100006],[-3.619653435999965,51.47661167100006],[-3.63863192599996,51.47019458300008],[-3.650398981999956,51.477672211000026],[-3.666660387999968,51.48066143300008],[-3.675740855999948,51.47883887900008],[-3.677927223999973,51.47553730000004],[-3.679471059999969,51.47320568600003],[-3.687406599999974,51.47704738600004],[-3.689925523999932,51.47532337900003],[-3.698542595999925,51.47819432400007],[-3.699591002999966,51.47362506300004],[-3.701378240999929,51.47370952500006],[-3.707894320999969,51.476179097000056],[-3.71640042599995,51.47940192900006],[-3.716899574999957,51.47943667200008],[-3.719028370999979,51.47958482200005],[-3.721730057999935,51.48200925900005],[-3.724172249999981,51.488471032000064],[-3.729971296999963,51.49376478100004],[-3.736046948999956,51.499309451000045],[-3.749407073999976,51.50401779900005],[-3.747168812999973,51.505905435000045],[-3.745799992999935,51.50705972900005],[-3.762691134999955,51.536548038000035],[-3.761216623999928,51.536139494000054],[-3.761572991999969,51.53655766000003],[-3.754025736999949,51.53297142500003],[-3.744351326999947,51.53670800900005],[-3.734810737999965,51.531679627000074],[-3.70464100099997,51.52739021500008],[-3.687803129999963,51.53743466800006],[-3.656688219999978,51.53913713500003],[-3.651951968999981,51.54743823200005],[-3.650848462999932,51.55528435600007],[-3.658316516999946,51.56095853100004],[-3.655188404999933,51.56452498700003],[-3.677071307999938,51.57573256900008],[-3.686283351999975,51.58524273300003],[-3.693426938999949,51.59698610500004],[-3.690934757999969,51.60359001100005],[-3.676738651999926,51.60132433800004],[-3.677814154999965,51.60723217100008],[-3.682690410999953,51.60912628500006],[-3.680789007999977,51.61356515300008],[-3.677330480999956,51.627692136000064],[-3.661813066999969,51.645453161000034],[-3.645721088999949,51.643369421000045]]]]}},{"type":"Feature","properties":{"FID":352,"LAD23CD":"W06000014","LAD23NM":"Vale of Glamorgan","LAD23NMW":"Bro Morgannwg","BNG_E":302947,"BNG_N":173080,"LONG":-3.39801,"LAT":51.44836,"GlobalID":"{41822DA3-E866-4F1C-A764-48E32BFC2256}","SHAPE_Length":1.1690098482350098,"SHAPE_Area":0.04289539765846619,"reference":"W06000014","name":"Vale of Glamorgan"},"geometry":{"type":"MultiPolygon","coordinates":[[[[-3.408804040999939,51.50246295900007],[-3.401913282999942,51.49896307900008],[-3.395795082999939,51.50802468900008],[-3.378640685999926,51.51271305000006],[-3.371535409999979,51.509193147000076],[-3.363947350999979,51.511697636000065],[-3.357315410999945,51.512195287000054],[-3.33573834699996,51.508427347000065],[-3.318835152999952,51.506279635000055],[-3.311573020999958,51.50713968500003],[-3.297932433999961,51.499611283000036],[-3.280961557999944,51.47720983700003],[-3.280907260999925,51.47707289200008],[-3.271441852999942,51.46526238400003],[-3.269844832999979,51.46529498500007],[-3.25798875199996,51.46543007200006],[-3.248053112999969,51.46455526600005],[-3.240880415999925,51.47063906600005],[-3.218237598999963,51.47467222500006],[-3.20686799899994,51.46603403200004],[-3.203024927999934,51.45853345000006],[-3.197008121999943,51.45547159700004],[-3.193634326999927,51.457844762000036],[-3.187693712999931,51.44851834900004],[-3.165673215999959,51.44548633100004],[-3.167328403999932,51.43519012300004],[-3.167340929999966,51.435137428000075],[-3.171255542999972,51.418663983000044],[-3.171325486999933,51.41836954100006],[-3.169611897999971,51.40622833300006],[-3.187109225999961,51.402333362000036],[-3.187608010999952,51.40005416100007],[-3.224111035999954,51.40367454300008],[-3.238663942999949,51.39738165700004],[-3.238953882999965,51.397256250000055],[-3.249956887999929,51.39758885900005],[-3.255440588999932,51.393074038000066],[-3.256523706999928,51.39229973000005],[-3.255511040999977,51.39333653300008],[-3.259634633999951,51.39395278900008],[-3.261988611999925,51.39430451100003],[-3.258799213999964,51.39126009300003],[-3.259526390999952,51.39115798500006],[-3.265362044999961,51.39206505300007],[-3.266298452999933,51.387463628000035],[-3.27826289099994,51.38977502200004],[-3.278936398999974,51.38538583300004],[-3.285928150999951,51.389632651000056],[-3.279424902999949,51.392576001000066],[-3.283993795999947,51.39368506500006],[-3.289508274999946,51.38596232400005],[-3.30726434099995,51.39260219000005],[-3.316641910999977,51.38884393300003],[-3.317392797999958,51.38854294300006],[-3.340899088999947,51.381191235000074],[-3.357919537999976,51.38392670300004],[-3.381081685999959,51.38318385200006],[-3.381072016999951,51.38520365800008],[-3.393640930999936,51.38245511800005],[-3.395620810999958,51.38661471200004],[-3.396051286999977,51.38751900500006],[-3.39665494299993,51.382330238000065],[-3.405175180999947,51.38134439300006],[-3.414956785999948,51.38777309100004],[-3.435554189999948,51.38862410200005],[-3.435820365999973,51.38860684200006],[-3.438543151999966,51.38843024700003],[-3.447694119999937,51.38783625900004],[-3.514849356999946,51.39918511900004],[-3.519991269999935,51.40005226200003],[-3.539787142999955,51.39760785300007],[-3.55896125199996,51.401326306000044],[-3.581085264999956,51.425653702000034],[-3.581235657999969,51.42581897000008],[-3.597047289999978,51.44122735600007],[-3.604178901999944,51.44171267000007],[-3.606701744999953,51.44332042000008],[-3.606327991999933,51.446384512000066],[-3.617720102999954,51.45069905200006],[-3.618655355999977,51.451329420000036],[-3.619915764999973,51.45173863900004],[-3.621630211999957,51.45283051600006],[-3.628205965999939,51.45466865900005],[-3.630454429999929,51.455519640000034],[-3.641869418999931,51.46336000700006],[-3.641532382999969,51.46796705600008],[-3.626711112999942,51.47382390100006],[-3.596535673999938,51.48457127300003],[-3.593101526999931,51.48224395600005],[-3.584383719999948,51.483272965000026],[-3.554760921999957,51.49277340700007],[-3.533543497999972,51.48187896400003],[-3.532850239999959,51.48160566000007],[-3.532734608999931,51.48167729100004],[-3.533484354999928,51.488532271000054],[-3.539449746999935,51.49103129200006],[-3.527611094999941,51.49368420600007],[-3.525157332999925,51.49716741200007],[-3.529609640999979,51.50136364700006],[-3.515710670999965,51.50276891300007],[-3.508267233999959,51.50805363900008],[-3.497512205999953,51.51264202800007],[-3.467873719999943,51.515019177000056],[-3.454997942999967,51.512037605000046],[-3.437642321999931,51.506592803000046],[-3.409674149999944,51.50623913800007],[-3.408804040999939,51.50246295900007]]]]}},{"type":"Feature","properties":{"FID":353,"LAD23CD":"W06000015","LAD23NM":"Cardiff","LAD23NMW":"Caerdydd","BNG_E":315272,"BNG_N":178887,"LONG":-3.22209,"LAT":51.502541,"GlobalID":"{482A6EE4-CC36-44BB-A713-D9E6F62D48CA}","SHAPE_Length":0.7303343766570687,"SHAPE_Area":0.018451447803414005,"reference":"W06000015","name":"Cardiff"},"geometry":{"type":"MultiPolygon","coordinates":[[[[-3.12146183599998,51.379845775000035],[-3.117800672999977,51.37509964700007],[-3.12514028399994,51.37696773400006],[-3.122139930999936,51.37974026900008],[-3.12146183599998,51.379845775000035]]],[[[-3.163734624999961,51.56050501500005],[-3.152575574999958,51.55164120400008],[-3.144482964999952,51.55533778200004],[-3.118891154999972,51.54563798400005],[-3.110820536999938,51.54645582000006],[-3.094141710999963,51.53570413300008],[-3.08086631499998,51.53160565100006],[-3.07731819199995,51.523665824000034],[-3.068910007999932,51.52026637300003],[-3.082149996999931,51.51485322800005],[-3.07806188099994,51.51322466400006],[-3.090391203999957,51.509874624000076],[-3.083367123999949,51.501522701000056],[-3.106246957999929,51.491979806000074],[-3.113738385999966,51.492750630000046],[-3.113946727999974,51.49277206000005],[-3.121310990999973,51.49050877500008],[-3.121970438999938,51.48949545100004],[-3.132004971999947,51.47407020900005],[-3.140270589999943,51.47298371200003],[-3.136070060999941,51.46689920500006],[-3.152762433999953,51.45449929000006],[-3.156649010999956,51.45161084100005],[-3.164118376999966,51.451840840000045],[-3.164119447999951,51.451235584000074],[-3.164129110999966,51.44575754500005],[-3.164398285999937,51.44581690100006],[-3.165574039999967,51.44610466200004],[-3.165673215999959,51.44548633100004],[-3.187693712999931,51.44851834900004],[-3.193634326999927,51.457844762000036],[-3.197008121999943,51.45547159700004],[-3.203024927999934,51.45853345000006],[-3.20686799899994,51.46603403200004],[-3.218237598999963,51.47467222500006],[-3.240880415999925,51.47063906600005],[-3.248053112999969,51.46455526600005],[-3.25798875199996,51.46543007200006],[-3.269844832999979,51.46529498500007],[-3.271441852999942,51.46526238400003],[-3.280907260999925,51.47707289200008],[-3.280961557999944,51.47720983700003],[-3.297932433999961,51.499611283000036],[-3.311573020999958,51.50713968500003],[-3.318835152999952,51.506279635000055],[-3.33573834699996,51.508427347000065],[-3.339099577999946,51.514061267000045],[-3.335243832999936,51.51887107300007],[-3.343777124999974,51.529905891000055],[-3.341587516999937,51.535108695000076],[-3.335511673999974,51.53719029800004],[-3.324359128999959,51.53577533200007],[-3.321359606999977,51.54282568800005],[-3.310106970999925,51.54443456000007],[-3.310363338999935,51.548932268000044],[-3.292182447999949,51.54935668200005],[-3.277667060999931,51.55185815300007],[-3.273166843999945,51.54845152900003],[-3.274057927999934,51.54581344300004],[-3.261571985999979,51.53778657500004],[-3.250810928999954,51.54182603500004],[-3.237695690999942,51.55260268600006],[-3.22777758999996,51.54974684300004],[-3.21518933699997,51.55320145200005],[-3.21587414499993,51.55134832400006],[-3.20264515599996,51.55516596000007],[-3.163734624999961,51.56050501500005]]]]}},{"type":"Feature","properties":{"FID":354,"LAD23CD":"W06000016","LAD23NM":"Rhondda Cynon Taf","LAD23NMW":"Rhondda Cynon Taf","BNG_E":302237,"BNG_N":192395,"LONG":-3.41359,"LAT":51.621849,"GlobalID":"{3506011C-0E14-4B3A-A74D-6A80C70BDA84}","SHAPE_Length":1.340649344274258,"SHAPE_Area":0.054939377511213576,"reference":"W06000016","name":"Rhondda Cynon Taf"},"geometry":{"type":"MultiPolygon","coordinates":[[[[-3.428442092999944,51.780167395000035],[-3.420102136999958,51.775216906000026],[-3.416576863999978,51.76807955400005],[-3.427471515999969,51.758498297000074],[-3.43859660399994,51.76251142600006],[-3.45314998799995,51.761661607000065],[-3.442560337999964,51.755667720000076],[-3.423685533999958,51.74228608800007],[-3.414890075999949,51.73627347900003],[-3.405434878999927,51.72260314200008],[-3.399914964999937,51.717883732000075],[-3.388912380999955,51.71658555800008],[-3.38060386899997,51.71137296200004],[-3.367504525999948,51.698594290000074],[-3.356579572999976,51.68106477200007],[-3.343533234999938,51.66900650000008],[-3.339797091999969,51.667158209000036],[-3.32931087399993,51.65513062500003],[-3.321902876999957,51.65212862200008],[-3.320343074999926,51.65547869200003],[-3.313868149999962,51.655705098000055],[-3.313896743999976,51.644682646000035],[-3.304495755999938,51.63670242400008],[-3.302703572999974,51.61499476300003],[-3.300294753999935,51.61065092300004],[-3.300264489999961,51.61059854000007],[-3.291381896999951,51.59210675200006],[-3.282928505999962,51.58590648200004],[-3.269847518999939,51.583831014000054],[-3.268535091999979,51.576363108000066],[-3.26428898599994,51.56917868600004],[-3.262776858999928,51.56621513500005],[-3.248563256999944,51.56892117400008],[-3.23679544099997,51.558175412000026],[-3.237695690999942,51.55260268600006],[-3.250810928999954,51.54182603500004],[-3.261571985999979,51.53778657500004],[-3.274057927999934,51.54581344300004],[-3.273166843999945,51.54845152900003],[-3.277667060999931,51.55185815300007],[-3.292182447999949,51.54935668200005],[-3.310363338999935,51.548932268000044],[-3.310106970999925,51.54443456000007],[-3.321359606999977,51.54282568800005],[-3.324359128999959,51.53577533200007],[-3.335511673999974,51.53719029800004],[-3.341587516999937,51.535108695000076],[-3.343777124999974,51.529905891000055],[-3.335243832999936,51.51887107300007],[-3.339099577999946,51.514061267000045],[-3.33573834699996,51.508427347000065],[-3.357315410999945,51.512195287000054],[-3.363947350999979,51.511697636000065],[-3.371535409999979,51.509193147000076],[-3.378640685999926,51.51271305000006],[-3.395795082999939,51.50802468900008],[-3.401913282999942,51.49896307900008],[-3.408804040999939,51.50246295900007],[-3.409674149999944,51.50623913800007],[-3.437642321999931,51.506592803000046],[-3.454997942999967,51.512037605000046],[-3.467873719999943,51.515019177000056],[-3.497512205999953,51.51264202800007],[-3.485260616999938,51.519314791000056],[-3.477251790999958,51.538531582000076],[-3.463024878999931,51.54341200200008],[-3.47046864999993,51.55408854500007],[-3.480137456999955,51.55821870800003],[-3.47679700499998,51.56643055400008],[-3.485464777999937,51.56963412500005],[-3.483649411999977,51.57282064100008],[-3.488732079999977,51.57424282300008],[-3.47640045299994,51.581802509000056],[-3.478085402999966,51.588007385000026],[-3.471675592999929,51.598588412000026],[-3.476828160999958,51.60439792300008],[-3.486246880999943,51.61008753200008],[-3.496430152999949,51.61052412400005],[-3.500256256999933,51.614308047000065],[-3.503896277999957,51.61642487900008],[-3.504585725999959,51.61660703500007],[-3.520632714999977,51.62991302700004],[-3.523122652999973,51.63407117700007],[-3.533568425999931,51.63903792100007],[-3.538130542999966,51.64428417700003],[-3.563310231999935,51.64548475300006],[-3.564028361999931,51.65497059000006],[-3.589584976999959,51.67927243200006],[-3.581272299999966,51.69539317700003],[-3.585173345999976,51.70313940800003],[-3.582212084999981,51.71404444700005],[-3.578645816999938,51.71788077300005],[-3.583842256999958,51.73833976800006],[-3.593717483999967,51.75318717600004],[-3.591293026999949,51.75461196200007],[-3.565643466999973,51.76488454200006],[-3.559867996999969,51.777515883000035],[-3.537063516999979,51.77619771900004],[-3.535353923999935,51.77985452900003],[-3.541212925999957,51.78456333100007],[-3.531336189999934,51.78591170000004],[-3.502342203999945,51.80101263500006],[-3.47632991699993,51.80947073100003],[-3.46854510299994,51.82345597800003],[-3.470073485999933,51.828504628000076],[-3.460131556999954,51.83012925100007],[-3.447793348999937,51.82308031600007],[-3.444189894999965,51.816483402000074],[-3.44542994699998,51.80640721200007],[-3.440688184999942,51.79580386900005],[-3.433183633999931,51.792742184000076],[-3.428442092999944,51.780167395000035]]]]}},{"type":"Feature","properties":{"FID":355,"LAD23CD":"W06000018","LAD23NM":"Caerphilly","LAD23NMW":"Caerffili","BNG_E":317245,"BNG_N":195259,"LONG":-3.19753,"LAT":51.650009,"GlobalID":"{4D830C5B-3721-4FFA-BD0A-9221CD1B3583}","SHAPE_Length":1.1719727310644008,"SHAPE_Area":0.036145034912916825,"reference":"W06000018","name":"Caerphilly"},"geometry":{"type":"MultiPolygon","coordinates":[[[[-3.297721228999933,51.79480711900004],[-3.287008804999971,51.781530986000064],[-3.282589303999941,51.78282555800007],[-3.274647208999966,51.77853126500003],[-3.268300028999931,51.77248830900004],[-3.269317765999972,51.76725320600008],[-3.266972864999957,51.759292489000075],[-3.257496855999932,51.75825417300007],[-3.25342477099997,51.74644640400004],[-3.249207057999968,51.747250250000036],[-3.246488960999955,51.743438645000026],[-3.243882382999971,51.74240344800006],[-3.243769541999939,51.74235609900006],[-3.225995069999954,51.73183894500005],[-3.22281370099995,51.723105995000026],[-3.224048444999937,51.729149961000076],[-3.219711927999981,51.72743704800007],[-3.211099994999927,51.73069845300006],[-3.210882835999939,51.73070338700006],[-3.219597920999945,51.74524566500003],[-3.210131117999936,51.750094801000046],[-3.194069663999926,51.73926203600007],[-3.181543787999942,51.72180686200005],[-3.167248761999929,51.709901571000046],[-3.156790114999978,51.71398123000006],[-3.150827836999952,51.71022086800008],[-3.146388501999979,51.709521589000076],[-3.146154584999977,51.70239252300007],[-3.128142090999972,51.694760710000025],[-3.138926873999935,51.68478644500004],[-3.137667522999948,51.68192569100006],[-3.12563412999998,51.682098335000035],[-3.116114994999975,51.69080243600007],[-3.115578591999963,51.68512024900008],[-3.101973727999962,51.682091695000054],[-3.084422976999974,51.68835869500003],[-3.072162523999964,51.67466288400004],[-3.071660608999935,51.67417110200006],[-3.07320700799994,51.67075369100007],[-3.072802586999956,51.664950763000036],[-3.076738960999933,51.65904958600004],[-3.074838930999931,51.65223988900004],[-3.102436041999965,51.63364214200004],[-3.099319204999972,51.63034547400008],[-3.086809860999949,51.62707481400008],[-3.081828581999957,51.61943284200004],[-3.081219416999943,51.61301659500003],[-3.06370069899998,51.60547440100004],[-3.071745764999946,51.60234064100007],[-3.072958081999957,51.60001764500004],[-3.082042,51.596575501000075],[-3.092566089999934,51.596633335000035],[-3.093737966999925,51.591398008000056],[-3.105157786999939,51.59721469400006],[-3.124192043999926,51.58855142300007],[-3.121767367999951,51.57970955600007],[-3.115125137999939,51.58051296700006],[-3.105014191999942,51.574801052000055],[-3.10015754899996,51.576088592000076],[-3.090227739999932,51.568541167000035],[-3.094293212999958,51.56304780500005],[-3.103756664999935,51.56427798300007],[-3.100043409999955,51.56009670200007],[-3.107591524999975,51.558335045000035],[-3.110531755999943,51.55070626400004],[-3.118891154999972,51.54563798400005],[-3.144482964999952,51.55533778200004],[-3.152575574999958,51.55164120400008],[-3.163734624999961,51.56050501500005],[-3.20264515599996,51.55516596000007],[-3.21587414499993,51.55134832400006],[-3.21518933699997,51.55320145200005],[-3.22777758999996,51.54974684300004],[-3.237695690999942,51.55260268600006],[-3.23679544099997,51.558175412000026],[-3.248563256999944,51.56892117400008],[-3.262776858999928,51.56621513500005],[-3.26428898599994,51.56917868600004],[-3.268535091999979,51.576363108000066],[-3.269847518999939,51.583831014000054],[-3.282928505999962,51.58590648200004],[-3.291381896999951,51.59210675200006],[-3.300264489999961,51.61059854000007],[-3.300294753999935,51.61065092300004],[-3.302703572999974,51.61499476300003],[-3.304495755999938,51.63670242400008],[-3.313896743999976,51.644682646000035],[-3.300568688999931,51.65221500400003],[-3.296109870999942,51.66409395000005],[-3.288803758999961,51.65819466700003],[-3.283417387999975,51.66092688200007],[-3.284679832999927,51.677129824000076],[-3.273930420999932,51.68233685700005],[-3.301731812999947,51.73150789700003],[-3.300637319999964,51.736314391000064],[-3.315511525999966,51.731808631000035],[-3.310112593999975,51.739455115000055],[-3.317943322999952,51.74287968900006],[-3.327199719999953,51.75601659300003],[-3.329046009999956,51.75865280700003],[-3.329058628999974,51.758722833000036],[-3.329896752999957,51.763793659000044],[-3.330329302999928,51.76652859200004],[-3.330867866999938,51.769864692000056],[-3.331942779999963,51.77601012800005],[-3.332789367999965,51.78167606800008],[-3.334470279999948,51.79040231400006],[-3.310094872999969,51.79430198800003],[-3.301908022999953,51.798951782000074],[-3.298353578999979,51.79481092100008],[-3.297721228999933,51.79480711900004]]]]}},{"type":"Feature","properties":{"FID":356,"LAD23CD":"W06000019","LAD23NM":"Blaenau Gwent","LAD23NMW":"Blaenau Gwent","BNG_E":318236,"BNG_N":206771,"LONG":-3.18592,"LAT":51.753639,"GlobalID":"{E3261861-70FA-4010-A71D-9014071DF5E6}","SHAPE_Length":0.7101010943187641,"SHAPE_Area":0.014182935966506003,"reference":"W06000019","name":"Blaenau Gwent"},"geometry":{"type":"MultiPolygon","coordinates":[[[[-3.248243328999934,51.81515506100004],[-3.238778717999935,51.81235528600007],[-3.192078317999972,51.81324878200007],[-3.157351677999941,51.81605108000008],[-3.150491865999925,51.81272130900004],[-3.151185275999978,51.80748579700003],[-3.145827604999965,51.80469680700003],[-3.152995461999978,51.80367805700007],[-3.149657549999972,51.79875180200003],[-3.156860599999959,51.79608887400008],[-3.134188672999926,51.79281034200005],[-3.14392394999993,51.78610078600008],[-3.12380557399996,51.77111073000003],[-3.106113688999926,51.761252196000044],[-3.114956320999966,51.75858338000006],[-3.111038882999935,51.747434930000054],[-3.106389558999979,51.741760139000064],[-3.111938193999947,51.73479404700004],[-3.106015545999981,51.72051539700004],[-3.110093520999953,51.71827825500003],[-3.109993716999952,51.71767244900008],[-3.108824162999952,51.70768574700003],[-3.116114994999975,51.69080243600007],[-3.12563412999998,51.682098335000035],[-3.137667522999948,51.68192569100006],[-3.138926873999935,51.68478644500004],[-3.128142090999972,51.694760710000025],[-3.146154584999977,51.70239252300007],[-3.146388501999979,51.709521589000076],[-3.150827836999952,51.71022086800008],[-3.156790114999978,51.71398123000006],[-3.167248761999929,51.709901571000046],[-3.181543787999942,51.72180686200005],[-3.194069663999926,51.73926203600007],[-3.210131117999936,51.750094801000046],[-3.219597920999945,51.74524566500003],[-3.210882835999939,51.73070338700006],[-3.211099994999927,51.73069845300006],[-3.219711927999981,51.72743704800007],[-3.224048444999937,51.729149961000076],[-3.22281370099995,51.723105995000026],[-3.225995069999954,51.73183894500005],[-3.243769541999939,51.74235609900006],[-3.243882382999971,51.74240344800006],[-3.246488960999955,51.743438645000026],[-3.249207057999968,51.747250250000036],[-3.25342477099997,51.74644640400004],[-3.257496855999932,51.75825417300007],[-3.266972864999957,51.759292489000075],[-3.269317765999972,51.76725320600008],[-3.268300028999931,51.77248830900004],[-3.274647208999966,51.77853126500003],[-3.282589303999941,51.78282555800007],[-3.287008804999971,51.781530986000064],[-3.297721228999933,51.79480711900004],[-3.298353578999979,51.79481092100008],[-3.301908022999953,51.798951782000074],[-3.310094872999969,51.79430198800003],[-3.308585437999966,51.80613296100006],[-3.283434516999932,51.82548865800004],[-3.248243328999934,51.81515506100004]]]]}},{"type":"Feature","properties":{"FID":357,"LAD23CD":"W06000020","LAD23NM":"Torfaen","LAD23NMW":"Torfaen","BNG_E":327459,"BNG_N":200480,"LONG":-3.0510099,"LAT":51.69836,"GlobalID":"{0FECB8FD-F90F-427E-89C3-AC5117003FA0}","SHAPE_Length":0.8480542084916386,"SHAPE_Area":0.016448483260937903,"reference":"W06000020","name":"Torfaen"},"geometry":{"type":"MultiPolygon","coordinates":[[[[-3.033892321999929,51.72551316700003],[-3.025416094999969,51.718128841000066],[-3.004838592999931,51.721467103000066],[-2.997584809999978,51.71768323800006],[-2.989869147999968,51.71829253000004],[-2.982399490999967,51.71392320900003],[-3.002004892999935,51.69082924800006],[-2.970948657999941,51.693887360000076],[-2.968598894999957,51.69143947300006],[-2.975926622999964,51.68391047500006],[-2.979455081999959,51.673685473000035],[-2.989763149999931,51.67572383100003],[-2.990003550999973,51.68011689200006],[-3.001627398999972,51.67778761200003],[-3.000994062999951,51.66795547600003],[-2.991378469999972,51.66399527000004],[-2.989299296999945,51.65782303300006],[-2.977480317999948,51.65262589400004],[-2.978763469999933,51.64200345000006],[-2.97310929799994,51.634020003000046],[-2.959602913999959,51.632217583000056],[-2.958910504999949,51.62878032700007],[-2.96357317899998,51.62518508100004],[-2.975748311999951,51.626984675000074],[-2.989325347999966,51.628762925000046],[-3.000723940999933,51.621395706000044],[-3.000281146999953,51.61946087700005],[-3.011072390999971,51.62100220900004],[-3.019541258999936,51.616534244000036],[-3.03681206899995,51.622197509000046],[-3.04717226899993,51.62250744800008],[-3.050903627999958,51.61632111900008],[-3.045047713999963,51.61397707100008],[-3.045043024999927,51.606674944000076],[-3.059949775999939,51.61019919600005],[-3.069550427999957,51.61802937900006],[-3.081828581999957,51.61943284200004],[-3.086809860999949,51.62707481400008],[-3.099319204999972,51.63034547400008],[-3.102436041999965,51.63364214200004],[-3.074838930999931,51.65223988900004],[-3.076738960999933,51.65904958600004],[-3.072802586999956,51.664950763000036],[-3.07320700799994,51.67075369100007],[-3.071660608999935,51.67417110200006],[-3.072162523999964,51.67466288400004],[-3.084422976999974,51.68835869500003],[-3.101973727999962,51.682091695000054],[-3.115578591999963,51.68512024900008],[-3.116114994999975,51.69080243600007],[-3.108824162999952,51.70768574700003],[-3.109993716999952,51.71767244900008],[-3.110093520999953,51.71827825500003],[-3.106015545999981,51.72051539700004],[-3.111938193999947,51.73479404700004],[-3.106389558999979,51.741760139000064],[-3.111038882999935,51.747434930000054],[-3.114956320999966,51.75858338000006],[-3.106113688999926,51.761252196000044],[-3.12380557399996,51.77111073000003],[-3.14392394999993,51.78610078600008],[-3.134188672999926,51.79281034200005],[-3.105967526999962,51.79547940600003],[-3.058877262999943,51.78363978700003],[-3.043448463999937,51.77040287300008],[-3.047713877999968,51.76978676900006],[-3.049500120999937,51.76175937900007],[-3.04454256799994,51.756020988000046],[-3.03452041099996,51.753710633000026],[-3.027779851999981,51.74537256800005],[-3.031533642999932,51.73135681000008],[-3.033892321999929,51.72551316700003]]]]}},{"type":"Feature","properties":{"FID":358,"LAD23CD":"W06000021","LAD23NM":"Monmouthshire","LAD23NMW":"Sir Fynwy","BNG_E":337812,"BNG_N":209231,"LONG":-2.9028001,"LAT":51.778271,"GlobalID":"{19D86B1C-7ED4-4D24-BB9C-0E67982DC091}","SHAPE_Length":2.3421476367793543,"SHAPE_Area":0.11068420204854217,"reference":"W06000021","name":"Monmouthshire"},"geometry":{"type":"MultiPolygon","coordinates":[[[[-3.052059228999951,51.97286890700008],[-3.051899770999967,51.97258711300003],[-3.051765199999977,51.97243546700008],[-3.051393124999947,51.97208813800006],[-3.051260344999946,51.97201289900005],[-3.050104551999937,51.97148044700003],[-3.049384060999955,51.971148518000064],[-3.048267132999968,51.97069543100008],[-3.048036486999933,51.97057212700008],[-3.046778310999969,51.96989948400005],[-3.046001510999929,51.969672622000076],[-3.044506319999925,51.96891266700004],[-3.043342735999943,51.968589724000026],[-3.042974509999965,51.96845422000007],[-3.042113641999947,51.96805275000003],[-3.038327002999949,51.965132640000036],[-3.038076605999947,51.96468978900003],[-3.037985818999971,51.963903867000056],[-3.037855024999942,51.96360381900007],[-3.037538016999974,51.96311210200008],[-3.037381797999956,51.96296512600003],[-3.036952743999962,51.96266320900003],[-3.036771517999966,51.96174771200003],[-3.036589539999966,51.96143013000005],[-3.036223911999969,51.96103774100004],[-3.035987880999926,51.96090045600005],[-3.035758199999975,51.96020643700007],[-3.035729759999981,51.96012050100006],[-3.035557452999967,51.95990623000006],[-3.035387115999924,51.959777357000064],[-3.035196091999978,51.95969811800006],[-3.03409223999995,51.95947855000003],[-3.031470404999936,51.95906549400007],[-3.030885912999963,51.95896272300007],[-3.030059589999951,51.958785642000066],[-3.029100365999966,51.95852430200006],[-3.028022900999929,51.95818306800004],[-3.026348371999973,51.95750537100008],[-3.025928259999944,51.95727077000004],[-3.025428530999932,51.95673565900006],[-3.025244466999936,51.95637321300006],[-3.024686460999931,51.95570032300003],[-3.024182798999959,51.955035948000045],[-3.023832226999957,51.95455635500008],[-3.023772490999932,51.954463727000075],[-3.014332813999943,51.94548500800005],[-3.014019106999967,51.94538062700008],[-3.013496578999934,51.94517752300004],[-3.013334340999961,51.945080017000066],[-3.013089871999966,51.94488431600007],[-3.012434439999936,51.94388294300006],[-3.012359483999944,51.943784684000036],[-3.008233735999966,51.92725814000005],[-2.998894699999937,51.92348860300007],[-2.99674928099995,51.92386552900007],[-2.992520796999941,51.92460795300008],[-2.990070204999938,51.925124948000075],[-2.988830530999962,51.925425794000034],[-2.988687281999944,51.925460256000065],[-2.988191072999939,51.92551296200003],[-2.987798204999933,51.92563590000003],[-2.987129238999955,51.925766456000076],[-2.98702843999996,51.92568100900007],[-2.987035925999976,51.92562332800003],[-2.986561627999947,51.92554910200005],[-2.986099829999944,51.92564564600008],[-2.983549178999965,51.92578744200006],[-2.98335297899996,51.925988723000046],[-2.983211910999955,51.92605731900005],[-2.982504607999942,51.92623401600008],[-2.98185493699998,51.926381553000056],[-2.981606091999936,51.92644025900006],[-2.980793555999981,51.927262591000044],[-2.980744283999968,51.92760376700005],[-2.980259168999964,51.92756727100004],[-2.979773633999969,51.92730794500005],[-2.979565958999956,51.92718733700008],[-2.979291165999939,51.926990972000056],[-2.978579564999961,51.927103861000035],[-2.977528179999979,51.92751089700005],[-2.971172374999981,51.913420150000036],[-2.975371202999952,51.90960099200004],[-2.972758485999975,51.90588941400006],[-2.958648412999935,51.906795576000036],[-2.958001316999969,51.90685208100007],[-2.957899634999933,51.90685560600008],[-2.957422724999958,51.906782183000075],[-2.956946873999925,51.90662326800003],[-2.95601563699995,51.90651218600004],[-2.955719904999967,51.90641391400004],[-2.942239326999925,51.909492482000076],[-2.933924523999963,51.91505071800003],[-2.928048579999938,51.91389157500004],[-2.916243460999965,51.91769213600003],[-2.90413542899995,51.92518220100004],[-2.892273719999935,51.92542831700007],[-2.887048648999951,51.92816346700005],[-2.888657162999948,51.93346246200008],[-2.882699206999973,51.934342162000064],[-2.875422571999934,51.93308872700004],[-2.869900400999938,51.926787527000045],[-2.85943881299994,51.92774897800007],[-2.845156824999947,51.922265863000064],[-2.84644674499998,51.919898713000066],[-2.863333365999949,51.91717627700007],[-2.861871614999927,51.91397907100003],[-2.854117985999949,51.91329944800003],[-2.853710325999941,51.915735373000075],[-2.845163861999936,51.915203518000055],[-2.842014077999977,51.917750159000036],[-2.836144695999963,51.90607484700007],[-2.823760511999978,51.90529894700006],[-2.808670451999944,51.89622787700006],[-2.796994568999935,51.888413220000075],[-2.76845708299993,51.880538271000034],[-2.772722061999957,51.87679471700005],[-2.776231549999977,51.87372369600007],[-2.776415994999979,51.87364068000005],[-2.778798875999939,51.86585906700003],[-2.769165193999925,51.861494305000065],[-2.769115695999972,51.86140024700006],[-2.756992802999946,51.84599050600008],[-2.741268434999938,51.842559821000066],[-2.738848585999961,51.836616510000056],[-2.731542907999938,51.841391687000055],[-2.727580428999943,51.840142247000074],[-2.719665310999972,51.84886969000007],[-2.716101346999949,51.84073525300005],[-2.71022269599996,51.83906895400003],[-2.70511266099993,51.84569577000008],[-2.69733677499994,51.844798135000076],[-2.693365669999935,51.83387295800003],[-2.687002482999958,51.83305617800005],[-2.686433525999973,51.83581985100005],[-2.686199046999945,51.83605045200005],[-2.686771461999967,51.83637895000004],[-2.682850813999949,51.838456284000074],[-2.665383933999976,51.83537100400008],[-2.664813242999969,51.835150329000044],[-2.658137035999971,51.832654209000054],[-2.656857225999943,51.82688091500006],[-2.650400705999971,51.82612468900004],[-2.650162251999973,51.82550924700007],[-2.64995025099995,51.825152564000064],[-2.649872831999971,51.825033414000075],[-2.650015325999959,51.82434391000004],[-2.650166301999946,51.82411439500004],[-2.653886518999968,51.82364708800003],[-2.660871441999973,51.82275386400005],[-2.658888454999953,51.81980052800003],[-2.66110684299997,51.81811660100004],[-2.661031110999943,51.81790300600005],[-2.660698474999947,51.81734116800004],[-2.660482300999945,51.817024048000064],[-2.658832139999959,51.81355186800005],[-2.658848734999935,51.81289361700004],[-2.658826913999974,51.812496347000035],[-2.662280384999974,51.81009327900006],[-2.664627871999926,51.81022662200007],[-2.66648405799998,51.80979983100008],[-2.673472733999972,51.80737719500007],[-2.673469464999926,51.80715779900004],[-2.674295837999978,51.807135076000066],[-2.675391042999934,51.806752060000065],[-2.675680936999925,51.80635299800008],[-2.675648218999925,51.80590806500004],[-2.676535583999964,51.805119853000065],[-2.676474668999958,51.80511660800005],[-2.676999744999932,51.80454081800008],[-2.677055644999939,51.80430490100008],[-2.678537829999925,51.802845199000046],[-2.678603964999979,51.80261461500004],[-2.678525676999925,51.80233003500007],[-2.677872762999925,51.801640623000026],[-2.677733392999926,51.80143007400005],[-2.677521519999971,51.80074437700006],[-2.677588657999934,51.80047693400007],[-2.677526571999977,51.80030740500007],[-2.677586704999953,51.80015505700004],[-2.677565867999931,51.79992947000005],[-2.67744731099998,51.79973602500007],[-2.677177907999976,51.799344172000076],[-2.677116387999945,51.79923159400005],[-2.676917432999971,51.798863306000044],[-2.675781856999947,51.79796707700007],[-2.674555515999941,51.79699681500006],[-2.672439910999969,51.79570786000005],[-2.67223294799993,51.79553548400003],[-2.669916613999931,51.79437893900007],[-2.67271459899996,51.79307716800008],[-2.672621758999981,51.79259041800003],[-2.672980551999956,51.79194907900006],[-2.673088711999981,51.79142513200003],[-2.672804452999969,51.79073623800008],[-2.672911964999969,51.79045777700003],[-2.672890705999976,51.789808728000025],[-2.675844216999963,51.78806907100005],[-2.67457802499996,51.78600019900006],[-2.673361485999976,51.784728587000075],[-2.67424484199995,51.78280748100008],[-2.676197761999958,51.77991363000007],[-2.675433071999976,51.77865112300003],[-2.675077121999948,51.777773807000074],[-2.675016958999947,51.77757992200003],[-2.678644521999956,51.77227563300005],[-2.679458319999981,51.76720966400006],[-2.678557705999935,51.766297733000044],[-2.67436992699993,51.76086856300003],[-2.670977178999976,51.75867070100003],[-2.669936742999937,51.75846620800007],[-2.666189208999981,51.757036353000046],[-2.664498419999973,51.75605319600004],[-2.663679226999932,51.75547071400007],[-2.663204219999955,51.75508851500007],[-2.663135522999937,51.75501789000003],[-2.66293180699995,51.75473492900005],[-2.662692066999966,51.753894744000036],[-2.667086260999952,51.74643930600007],[-2.66893375099994,51.74422679300005],[-2.669384824999952,51.74309665800007],[-2.669507875999955,51.74275878700007],[-2.669790263999971,51.742305841000075],[-2.670758949999936,51.74140834700006],[-2.671356361999926,51.74077013900006],[-2.671398199999942,51.740660235000064],[-2.67177745999993,51.73752094300005],[-2.67222511999995,51.73636295000006],[-2.673288497999977,51.73561419600003],[-2.67958286399994,51.73352964900005],[-2.687534483999968,51.730205228000045],[-2.687453332999951,51.72990982600004],[-2.68739095199993,51.72971684400005],[-2.687089813999933,51.72914674000003],[-2.686377600999947,51.728297601000065],[-2.685737256999971,51.72788866700006],[-2.68208653399995,51.725830288000054],[-2.681375970999966,51.72537490800005],[-2.680514397999957,51.724687594000045],[-2.681681396999977,51.721607584000026],[-2.681664009999963,51.721419731000026],[-2.681226753999965,51.72016259000003],[-2.680273581999927,51.71761100600003],[-2.679888331999962,51.715860887000076],[-2.668970118999937,51.707052814000065],[-2.668977068999936,51.70232684300004],[-2.67523062999993,51.70023115400005],[-2.682360418999963,51.703330599000026],[-2.683941494999942,51.70097909300006],[-2.674069610999936,51.69755923000008],[-2.668896341999925,51.691334365000046],[-2.672835912999972,51.68166395900005],[-2.656986404999941,51.67358587900003],[-2.668418706999944,51.66929260500007],[-2.683828301999938,51.66857875800008],[-2.684970995999947,51.661238497000056],[-2.678091524999957,51.65977692000007],[-2.665976839999928,51.664467150000064],[-2.680059683999957,51.64858181800008],[-2.677385002999927,51.644553759000075],[-2.675303843999927,51.64474734300006],[-2.674243262999937,51.64554205500008],[-2.671388038999964,51.646469298000056],[-2.669439060999935,51.64612888000005],[-2.668256615999951,51.64535241500005],[-2.667904509999971,51.64492910200005],[-2.666403457999934,51.64323552900004],[-2.666165201999945,51.64263895400006],[-2.665994989999945,51.641684088000034],[-2.667814592999946,51.63704129300004],[-2.668867527999964,51.645003658000064],[-2.669632684999954,51.63452857800007],[-2.669536111999946,51.63439421700008],[-2.668240384999933,51.63259141300006],[-2.665569900999969,51.628875383000036],[-2.665471994999962,51.62873913100003],[-2.65794608899995,51.622125108000034],[-2.671439084999975,51.60827549800007],[-2.671507069999961,51.60824998700008],[-2.691943101999925,51.60057841200006],[-2.692666846999941,51.60120796400008],[-2.694276946999935,51.602608435000036],[-2.710392,51.58366946400008],[-2.72500433099998,51.581717258000026],[-2.74705567999996,51.58023665700006],[-2.747850208999978,51.580183258000034],[-2.74844875399998,51.58014308300005],[-2.757382444999962,51.578231292000055],[-2.758476413999972,51.57799712700006],[-2.790680696999971,51.566840280000065],[-2.791388368999947,51.56728067800003],[-2.811351194999929,51.558564139000055],[-2.821358161999967,51.55419207400007],[-2.822372916999939,51.55568515200008],[-2.832396909999943,51.563395126000046],[-2.834252788999947,51.57039274600004],[-2.842676997999945,51.56791833900007],[-2.846316416999969,51.57264486300005],[-2.852638501999934,51.57126198700007],[-2.85921673699994,51.57942099300004],[-2.851638194999964,51.581297505000066],[-2.845985739999946,51.58996126000005],[-2.85125463199995,51.59413761500008],[-2.847403715999974,51.600922602000026],[-2.834848997999927,51.60419556100004],[-2.827963249999925,51.61034979800007],[-2.830289653999955,51.61494815600008],[-2.80319729699994,51.61586457900006],[-2.805679233999967,51.623718851000035],[-2.82850338999998,51.64282097200004],[-2.836824342999932,51.64947066500008],[-2.867886684999974,51.64234503000006],[-2.874273702999972,51.63901475400007],[-2.883602859999939,51.64153719300003],[-2.895241347999956,51.63658910300006],[-2.89237663199998,51.63339102300006],[-2.897875771999963,51.634262668000076],[-2.900061347999952,51.632263228000056],[-2.895784231999926,51.630482389000065],[-2.902540930999976,51.626926608000076],[-2.907995247999963,51.62923680000006],[-2.909651168999972,51.623330887000066],[-2.920795410999972,51.62689685000004],[-2.931008857999927,51.61940111200005],[-2.941371278999952,51.61710303700005],[-2.947696208999957,51.628637455000046],[-2.958910504999949,51.62878032700007],[-2.959602913999959,51.632217583000056],[-2.97310929799994,51.634020003000046],[-2.978763469999933,51.64200345000006],[-2.977480317999948,51.65262589400004],[-2.989299296999945,51.65782303300006],[-2.991378469999972,51.66399527000004],[-3.000994062999951,51.66795547600003],[-3.001627398999972,51.67778761200003],[-2.990003550999973,51.68011689200006],[-2.989763149999931,51.67572383100003],[-2.979455081999959,51.673685473000035],[-2.975926622999964,51.68391047500006],[-2.968598894999957,51.69143947300006],[-2.970948657999941,51.693887360000076],[-3.002004892999935,51.69082924800006],[-2.982399490999967,51.71392320900003],[-2.989869147999968,51.71829253000004],[-2.997584809999978,51.71768323800006],[-3.004838592999931,51.721467103000066],[-3.025416094999969,51.718128841000066],[-3.033892321999929,51.72551316700003],[-3.031533642999932,51.73135681000008],[-3.027779851999981,51.74537256800005],[-3.03452041099996,51.753710633000026],[-3.04454256799994,51.756020988000046],[-3.049500120999937,51.76175937900007],[-3.047713877999968,51.76978676900006],[-3.043448463999937,51.77040287300008],[-3.058877262999943,51.78363978700003],[-3.105967526999962,51.79547940600003],[-3.134188672999926,51.79281034200005],[-3.156860599999959,51.79608887400008],[-3.149657549999972,51.79875180200003],[-3.152995461999978,51.80367805700007],[-3.145827604999965,51.80469680700003],[-3.151185275999978,51.80748579700003],[-3.150491865999925,51.81272130900004],[-3.157351677999941,51.81605108000008],[-3.143207571999937,51.81985980700006],[-3.140194056999974,51.82319351600006],[-3.143238689999976,51.82573370600005],[-3.136225282999931,51.82680962900008],[-3.13195191799997,51.833005540000045],[-3.118041569999946,51.83893628000004],[-3.101576824999938,51.83183381900005],[-3.103155089999973,51.839878060000046],[-3.094732300999965,51.839295924000055],[-3.09717296499997,51.84642757000006],[-3.083813456999962,51.85013997600004],[-3.076709667999978,51.85792608400004],[-3.065531117999967,51.86264229600005],[-3.072245790999943,51.875196172000074],[-3.05712068899993,51.880143522000026],[-3.043646000999956,51.880714252000075],[-3.038642426999957,51.89369168500008],[-3.049547311999959,51.905652357000065],[-3.049506578999967,51.91144579100006],[-3.059848047999935,51.913689987000055],[-3.062188386999935,51.919089728000074],[-3.078650871999969,51.92453078900007],[-3.083398030999945,51.93071179300006],[-3.080197897999938,51.93608562900005],[-3.090053981999972,51.95035462000004],[-3.081593148999957,51.95539401700006],[-3.093086199999959,51.96519062500005],[-3.083194509999942,51.97311244900004],[-3.078178288999936,51.97258943800006],[-3.067376740999975,51.983136297000044],[-3.065460210999959,51.98178442100004],[-3.064794778999953,51.981354374000034],[-3.064371476999952,51.981112507000034],[-3.063385162999964,51.980548929000065],[-3.06285195199996,51.98016712800006],[-3.059590626999977,51.97863208100006],[-3.059506535999958,51.978462007000076],[-3.059514517999958,51.978183211000044],[-3.058554428999969,51.977292738000074],[-3.057918448999942,51.976871379000045],[-3.057624616999931,51.976652528000045],[-3.05742941699998,51.976507138000045],[-3.057374978999974,51.97635927300007],[-3.057364102999941,51.97620652200004],[-3.057316346999926,51.97602127300007],[-3.057028827999943,51.97526097100007],[-3.056701715999964,51.975162315000034],[-3.056464311999946,51.97509071300004],[-3.056004952999956,51.974748678000026],[-3.05503826599994,51.974190908000026],[-3.05350511499995,51.97337745900006],[-3.053240277999976,51.97325844900007],[-3.052244323999957,51.97300211900006],[-3.052059228999951,51.97286890700008]]]]}},{"type":"Feature","properties":{"FID":359,"LAD23CD":"W06000022","LAD23NM":"Newport","LAD23NMW":"Casnewydd","BNG_E":337897,"BNG_N":187432,"LONG":-2.8976901,"LAT":51.58231,"GlobalID":"{7AA10EB5-FAAE-44D9-960F-356A99BEBE79}","SHAPE_Length":1.374927702430905,"SHAPE_Area":0.02479667932122956,"reference":"W06000022","name":"Newport"},"geometry":{"type":"MultiPolygon","coordinates":[[[[-2.82850338999998,51.64282097200004],[-2.805679233999967,51.623718851000035],[-2.80319729699994,51.61586457900006],[-2.830289653999955,51.61494815600008],[-2.827963249999925,51.61034979800007],[-2.834848997999927,51.60419556100004],[-2.847403715999974,51.600922602000026],[-2.85125463199995,51.59413761500008],[-2.845985739999946,51.58996126000005],[-2.851638194999964,51.581297505000066],[-2.85921673699994,51.57942099300004],[-2.852638501999934,51.57126198700007],[-2.846316416999969,51.57264486300005],[-2.842676997999945,51.56791833900007],[-2.834252788999947,51.57039274600004],[-2.832396909999943,51.563395126000046],[-2.822372916999939,51.55568515200008],[-2.821358161999967,51.55419207400007],[-2.821635855999943,51.55407017400006],[-2.844877107999935,51.54568947700005],[-2.866587199999969,51.54283938000003],[-2.86975010499998,51.542423789000054],[-2.905040526999926,51.53241718500004],[-2.922526661999939,51.535759152000026],[-2.914072272999931,51.54254040500007],[-2.922500604999925,51.53675296900008],[-2.922457343999952,51.53867756100004],[-2.927448210999955,51.535929847000034],[-2.948064994999925,51.53507303100008],[-2.960344527999951,51.53639544100008],[-2.981535157999929,51.54496660400008],[-2.967248869999935,51.55330199200006],[-2.961193409999964,51.551984041000026],[-2.965578778999941,51.55344609600007],[-2.968202479999945,51.561531555000045],[-2.981516011999929,51.56744073600004],[-2.98361882699993,51.56837378000006],[-2.983149536999974,51.56868717800006],[-2.980608736999955,51.57038385000004],[-2.973531239999943,51.57510905000004],[-2.975091457999952,51.57957401700003],[-2.968759511999963,51.57811765000008],[-2.980728497999962,51.581655272000035],[-2.981076550999944,51.58190693700004],[-2.993094333999977,51.590645893000044],[-2.988485931999946,51.59748049700005],[-2.991369499999962,51.60843164100004],[-2.984913269999936,51.60864874500004],[-2.980029615999968,51.60477548100005],[-2.978734018999944,51.60564334400004],[-2.978430272999958,51.60584680300008],[-2.984338061999949,51.60976135000004],[-2.992747236999946,51.60948413500006],[-2.99338772699997,51.60946299600005],[-2.991607582999961,51.60436969500006],[-2.990920417999973,51.60173918700008],[-2.994894502999955,51.59130970600006],[-2.993913540999927,51.59048887800003],[-2.993620244999931,51.59028228900007],[-2.985399775999952,51.58382428900006],[-2.985340049999934,51.58377735900007],[-2.975548382999932,51.57658132500006],[-2.984858327999973,51.57426372200007],[-2.986694185999966,51.56827154000007],[-2.969530360999954,51.55647527600007],[-2.988489030999972,51.54949497300004],[-2.99578089299996,51.55553813800003],[-2.995844576999957,51.555590908000056],[-2.997164212999962,51.556684337000036],[-2.995595983999976,51.54973523700005],[-2.990026322999938,51.548359866000055],[-2.99535948099998,51.53638692800007],[-3.027553138999963,51.520604476000074],[-3.042385081999953,51.52044573400008],[-3.046746679999956,51.514248148000036],[-3.047273166999958,51.513499918000036],[-3.072075214999927,51.503271416000075],[-3.075584184999968,51.50531739400003],[-3.082658032999973,51.50181832100003],[-3.083367123999949,51.501522701000056],[-3.090391203999957,51.509874624000076],[-3.07806188099994,51.51322466400006],[-3.082149996999931,51.51485322800005],[-3.068910007999932,51.52026637300003],[-3.07731819199995,51.523665824000034],[-3.08086631499998,51.53160565100006],[-3.094141710999963,51.53570413300008],[-3.110820536999938,51.54645582000006],[-3.118891154999972,51.54563798400005],[-3.110531755999943,51.55070626400004],[-3.107591524999975,51.558335045000035],[-3.100043409999955,51.56009670200007],[-3.103756664999935,51.56427798300007],[-3.094293212999958,51.56304780500005],[-3.090227739999932,51.568541167000035],[-3.10015754899996,51.576088592000076],[-3.105014191999942,51.574801052000055],[-3.115125137999939,51.58051296700006],[-3.121767367999951,51.57970955600007],[-3.124192043999926,51.58855142300007],[-3.105157786999939,51.59721469400006],[-3.093737966999925,51.591398008000056],[-3.092566089999934,51.596633335000035],[-3.082042,51.596575501000075],[-3.072958081999957,51.60001764500004],[-3.071745764999946,51.60234064100007],[-3.06370069899998,51.60547440100004],[-3.081219416999943,51.61301659500003],[-3.081828581999957,51.61943284200004],[-3.069550427999957,51.61802937900006],[-3.059949775999939,51.61019919600005],[-3.045043024999927,51.606674944000076],[-3.045047713999963,51.61397707100008],[-3.050903627999958,51.61632111900008],[-3.04717226899993,51.62250744800008],[-3.03681206899995,51.622197509000046],[-3.019541258999936,51.616534244000036],[-3.011072390999971,51.62100220900004],[-3.000281146999953,51.61946087700005],[-3.000723940999933,51.621395706000044],[-2.989325347999966,51.628762925000046],[-2.975748311999951,51.626984675000074],[-2.96357317899998,51.62518508100004],[-2.958910504999949,51.62878032700007],[-2.947696208999957,51.628637455000046],[-2.941371278999952,51.61710303700005],[-2.931008857999927,51.61940111200005],[-2.920795410999972,51.62689685000004],[-2.909651168999972,51.623330887000066],[-2.907995247999963,51.62923680000006],[-2.902540930999976,51.626926608000076],[-2.895784231999926,51.630482389000065],[-2.900061347999952,51.632263228000056],[-2.897875771999963,51.634262668000076],[-2.89237663199998,51.63339102300006],[-2.895241347999956,51.63658910300006],[-2.883602859999939,51.64153719300003],[-2.874273702999972,51.63901475400007],[-2.867886684999974,51.64234503000006],[-2.836824342999932,51.64947066500008],[-2.82850338999998,51.64282097200004]]]]}},{"type":"Feature","properties":{"FID":360,"LAD23CD":"W06000023","LAD23NM":"Powys","LAD23NMW":"Powys","BNG_E":302329,"BNG_N":273254,"LONG":-3.4353099,"LAT":52.348629,"GlobalID":"{91550CDE-24EC-4989-9943-B72CB282D3DD}","SHAPE_Length":6.445221163398909,"SHAPE_Area":0.6852919187971561,"reference":"W06000023","name":"Powys"},"geometry":{"type":"MultiPolygon","coordinates":[[[[-3.154838967999979,52.89809298800003],[-3.147503939999979,52.89016934600005],[-3.135524131999944,52.88501366700007],[-3.147041410999975,52.884697251000034],[-3.152416724999966,52.87874788700003],[-3.127712874999929,52.867103033000035],[-3.162640401999965,52.84798721100003],[-3.151744826999959,52.841862623000054],[-3.156478594999953,52.837014054000065],[-3.155112120999945,52.83072360500006],[-3.167887529999973,52.819266680000055],[-3.168205156999932,52.807328443000074],[-3.161412225999925,52.80357636600007],[-3.154301231999966,52.807487896000055],[-3.154120623999972,52.80252087800005],[-3.161914537999962,52.79925337700007],[-3.158425289999968,52.79348810400006],[-3.147998087999952,52.792090812000026],[-3.14455238499994,52.78850919400003],[-3.142454284999928,52.790326538000045],[-3.118909708999979,52.78722372100003],[-3.119066337999925,52.78477794300005],[-3.109748279999963,52.78668677600007],[-3.106101080999963,52.792955377000055],[-3.097730936999938,52.79137360400006],[-3.086632183999939,52.79559315700004],[-3.085738068999945,52.790303573000074],[-3.091693617999965,52.786751851000076],[-3.088819648999959,52.77753936500005],[-3.080648593999967,52.77744054800007],[-3.079516070999944,52.771513913000035],[-3.074245707999978,52.76961726300004],[-3.069556216999956,52.77422206800003],[-3.062610340999925,52.76907481100005],[-3.05792568499993,52.773685398000055],[-3.047791415999939,52.77263557400005],[-3.052540386999965,52.76858834900003],[-3.046627334999926,52.76703256300004],[-3.038985451999963,52.77039472700005],[-3.032633946999965,52.76725006700008],[-3.035532340999964,52.76404911700007],[-3.026785619999941,52.76704580000006],[-3.022786467999936,52.764117200000044],[-3.017191513999933,52.767640716000074],[-3.010620031999963,52.76164464000004],[-3.014359473999946,52.75299362000004],[-3.021891151999966,52.75237884200004],[-3.016642496999964,52.748531273000026],[-3.009768761999965,52.75034666800008],[-2.991992782999944,52.74375603900006],[-2.992537219999974,52.73857963800003],[-2.997382949999974,52.73835464600006],[-2.99103015999998,52.73371787800005],[-2.973652634999951,52.73573535100007],[-2.965065693999975,52.73226806500003],[-2.966697848999956,52.72564629800007],[-2.961722245999965,52.72556455100005],[-2.961099913999931,52.716387249000036],[-2.96559952299998,52.71440796500008],[-2.978103024999939,52.71535732600006],[-2.977591953999934,52.726591676000055],[-3.000554655999963,52.72027531100008],[-3.018379943999946,52.721266177000075],[-3.019040381999957,52.72533375900008],[-3.02147728999995,52.724244817000056],[-3.025338130999955,52.71651164000008],[-3.022485950999965,52.70666794200008],[-3.032122763999951,52.69988961100006],[-3.034224128999938,52.69344071100005],[-3.047047823999947,52.691265841000074],[-3.042081954999958,52.68149703300003],[-3.045656589999965,52.67546371100008],[-3.038580276999937,52.67537316700003],[-3.044711138999958,52.665612889000045],[-3.049109579999936,52.662343888000066],[-3.044932140999947,52.65596936800006],[-3.050869009999928,52.65341248100003],[-3.051124333999951,52.64737032000005],[-3.069591145999937,52.64584416800005],[-3.083566277999978,52.641292520000036],[-3.069575526999927,52.63749635500005],[-3.059808869999927,52.63075466300006],[-3.073186896999971,52.62896266200005],[-3.072057533999953,52.62609517300007],[-3.082541591999927,52.61958154900003],[-3.082600919999948,52.61563277800008],[-3.093622573999937,52.60933908800007],[-3.089558162999936,52.59950629800005],[-3.100421131999951,52.59763384200005],[-3.117414148999956,52.58576314800007],[-3.122142520999944,52.58763603800003],[-3.139500765999969,52.58571980800008],[-3.134978432999958,52.58367486700007],[-3.13858558499993,52.58293182300008],[-3.137707890999934,52.57383400800006],[-3.127360205999935,52.56605025300007],[-3.111495423999941,52.54136376500003],[-3.13716063399994,52.53339370300006],[-3.133081429999947,52.52747411400003],[-3.108682775999966,52.52916693200007],[-3.08541228699994,52.534502703000044],[-3.08075092699994,52.53914383500006],[-3.093943245999981,52.54490228800006],[-3.092311153999958,52.547830186000056],[-3.065003857999955,52.556829281000034],[-3.059816448999925,52.55556058900004],[-3.034774760999937,52.57216499300006],[-3.014439986999946,52.57549744500005],[-3.006483940999942,52.57384043400003],[-2.997603585999968,52.563843672000075],[-2.999720060999948,52.55466933800005],[-2.994307167999978,52.55304808100004],[-3.005074905999948,52.52946120900003],[-3.000905364999937,52.52411051800004],[-3.003873647999967,52.51983303700007],[-3.032378938999955,52.523731343000065],[-3.030796036999959,52.51952156100003],[-3.036710933999927,52.513277360000075],[-3.029202199999929,52.50126802600005],[-3.108124267999926,52.499300894000044],[-3.144925444999956,52.488793642000076],[-3.145329214999947,52.48854813600008],[-3.180591814999957,52.47383634500005],[-3.197240172999955,52.475989405000064],[-3.230873996999946,52.45322823600003],[-3.23555343299995,52.44251118400007],[-3.22834594099993,52.43952191600005],[-3.230667683999968,52.43050727900004],[-3.222279435999951,52.426774624000075],[-3.219542313999966,52.421246566000036],[-3.178851892999944,52.40944530200005],[-3.160581500999967,52.39992926200006],[-3.161529769999959,52.39215555700008],[-3.154446629999939,52.38771517200007],[-3.129541383999936,52.38450253700006],[-3.12021271499998,52.37748066900008],[-3.110606507999933,52.37719285900005],[-3.100759274999973,52.36779976200006],[-3.070544157999961,52.35597686400007],[-3.063296580999975,52.349211128000036],[-3.040174405999949,52.34432645000004],[-3.000004626999953,52.35172024500008],[-2.985924992999969,52.35087842900003],[-2.97450325799997,52.35470077200006],[-2.97053014599993,52.35135657700005],[-2.954651355999943,52.34915476300006],[-2.963451651999947,52.33467213100005],[-2.963962162999962,52.33439373700003],[-2.966801163999946,52.32944907500007],[-2.973049103999927,52.32882951600004],[-2.97397639299993,52.32829138900007],[-2.986989694999977,52.32355936700003],[-2.987269251999976,52.32359666700006],[-2.996979191999969,52.32455796600004],[-3.000727085999927,52.32184787700004],[-3.000945857999966,52.32165727100005],[-3.00148078899997,52.32078870300006],[-3.001557346999959,52.320343050000076],[-3.001320351999937,52.29994415200008],[-3.005603279999946,52.29064808900006],[-3.011927292999928,52.287770918000035],[-3.011717560999955,52.28757398600004],[-3.009781239999938,52.28539241200008],[-3.009838930999933,52.285351382000044],[-3.009557865999966,52.28343336300003],[-3.009459152999966,52.283280509000065],[-3.012611281999966,52.279413774000034],[-2.992705762999947,52.272813298000074],[-2.965094552999972,52.274329065000074],[-2.949621364999928,52.26952586600004],[-2.955908713999975,52.27091186400003],[-2.965038379999953,52.268125001000044],[-2.964659083999948,52.26347093700008],[-2.964640840999948,52.26344224400003],[-2.965961939999943,52.26189314700008],[-2.977502942999934,52.25977336900007],[-2.977435113999945,52.260821329000066],[-2.977216753999926,52.26088434800005],[-2.995022811999945,52.26106997800008],[-3.005502256999932,52.26427172400008],[-3.020248442999957,52.26022963300005],[-3.020782863999955,52.26015031700007],[-3.02680167799997,52.258055401000036],[-3.029222854999944,52.25794929500006],[-3.02946772599995,52.25787499300003],[-3.038267777999977,52.25421010300005],[-3.038842473999978,52.253617768000026],[-3.043449822999946,52.25355502900004],[-3.045053866999979,52.25334583400007],[-3.045155553999962,52.25335294300004],[-3.048312985999928,52.25022487400008],[-3.048155134999945,52.24997802000007],[-3.047952025999962,52.249612193000075],[-3.04795596799994,52.249471852000056],[-3.047701187999962,52.24913336800006],[-3.047298276999925,52.24867476800006],[-3.04553989599998,52.24751263100006],[-3.045766774999947,52.24669734400004],[-3.047074614999929,52.24620172300007],[-3.047761067999943,52.24592057700005],[-3.049866871999939,52.24492620600006],[-3.049764139999979,52.24484615200004],[-3.049714832999939,52.24484392100004],[-3.04367892099998,52.245542158000035],[-3.04386491799994,52.245352566000065],[-3.043390497999951,52.24504567900004],[-3.043312550999929,52.244980748000046],[-3.043117070999926,52.24481790700003],[-3.04311778999994,52.24465790900007],[-3.043115766999961,52.244571550000046],[-3.042845001999979,52.243957167000076],[-3.043207114999973,52.24290925300005],[-3.043070327999942,52.24275586300007],[-3.043840695999961,52.241697954000074],[-3.043822296999963,52.24153632700006],[-3.043945864999955,52.241485296000064],[-3.044172146999927,52.24132405300003],[-3.045524052999951,52.240785738000056],[-3.045406036999964,52.24068604200005],[-3.045304484999974,52.240607846000046],[-3.044146368999975,52.23930552400003],[-3.044240086999935,52.239115850000076],[-3.044089587999963,52.238567817000046],[-3.045391657999971,52.23857695400005],[-3.04540889499998,52.238700505000054],[-3.045418167999969,52.23877005800006],[-3.045957031999933,52.23860035000007],[-3.054432493999968,52.23774755800008],[-3.054433969999934,52.23793728800007],[-3.055246608999937,52.23762342800006],[-3.060045626999965,52.23611127400005],[-3.059925991999933,52.23635779300008],[-3.063279540999929,52.23629974200003],[-3.063344344999962,52.236743270000034],[-3.066053224999962,52.23581971200008],[-3.066110656999967,52.23589379400005],[-3.066787450999925,52.23590664000005],[-3.066836448999936,52.23594387300005],[-3.067439781999951,52.236238789000026],[-3.067263353999977,52.23651453100007],[-3.074002274999941,52.234200258000044],[-3.073937052999952,52.23413868500006],[-3.072954078999942,52.23269122200003],[-3.072932186999935,52.23266797700006],[-3.072726526999929,52.232456],[-3.072642283999926,52.23238759000003],[-3.072541500999932,52.23229756400008],[-3.072567153999955,52.232004259000064],[-3.071976966999955,52.231454057000064],[-3.071854655999971,52.23129778300006],[-3.071690424999929,52.231105039000056],[-3.071564300999967,52.23091563300005],[-3.071485525999947,52.23086781000006],[-3.071406305999972,52.22784662400005],[-3.071374102999926,52.227813696000055],[-3.073047085999974,52.22351162600006],[-3.072227276999968,52.223353676000045],[-3.078011927999967,52.216048011000055],[-3.072209508999947,52.214994088000026],[-3.07220573799998,52.21447890200005],[-3.072201245999963,52.214291986000035],[-3.072271913999941,52.213943406000055],[-3.072106378999933,52.213286803000074],[-3.072465791999946,52.21294720900005],[-3.072495875999948,52.21299010700005],[-3.075418146999937,52.21331326300003],[-3.075425740999947,52.21335361300004],[-3.07722199799997,52.21309536500007],[-3.090931466999962,52.205777545000046],[-3.091574935999972,52.20533826500008],[-3.091798967999978,52.20516442500008],[-3.093490104999944,52.204189435000046],[-3.093928428999959,52.20385900500003],[-3.095084149999934,52.20343023400005],[-3.09726659699993,52.20291811300007],[-3.097393169999975,52.20288907200006],[-3.097848305999946,52.202714058000026],[-3.098091626999974,52.20266864900003],[-3.098195129999965,52.20265330400008],[-3.098327113999972,52.202608842000075],[-3.098389901999951,52.20260106600006],[-3.098851639999964,52.202513175000036],[-3.100978555999973,52.20260489000003],[-3.101535900999977,52.202714739000044],[-3.101950841999951,52.20269108900004],[-3.102081870999939,52.20272042600004],[-3.094651048999935,52.183742273000064],[-3.101409915999966,52.17726613800005],[-3.112489664999941,52.17362333400007],[-3.112459344999934,52.17023130300004],[-3.121994855999958,52.16691683300007],[-3.122430470999973,52.16341960600005],[-3.098896039999943,52.15473388600003],[-3.082543180999949,52.163047161000065],[-3.071571509999956,52.158189750000076],[-3.072538265999981,52.15577323500003],[-3.093690075999973,52.14430599600007],[-3.135873304999961,52.13790839200004],[-3.134137198999952,52.13357791700008],[-3.141229470999974,52.129921997000054],[-3.136814845999936,52.12332025500007],[-3.128061509999952,52.12457050100005],[-3.104922129999977,52.11674189400003],[-3.10784629699998,52.11351740400005],[-3.107833746999972,52.113405673000045],[-3.10534931199993,52.10541782300004],[-3.121036511999932,52.10411633400008],[-3.121169792999979,52.10407460500005],[-3.118824178999944,52.08865282800008],[-3.125894572999925,52.07831057800007],[-3.118333115999974,52.070163928000056],[-3.109949897999968,52.06333353200006],[-3.109816012999943,52.06328895300004],[-3.090780876999929,52.05082529400005],[-3.092812421999952,52.04747879200005],[-3.086491892999959,52.04114283400003],[-3.099198906999959,52.02268580900005],[-3.086896960999979,52.013911387000064],[-3.084088106999957,52.00410825400007],[-3.067376740999975,51.983136297000044],[-3.078178288999936,51.97258943800006],[-3.083194509999942,51.97311244900004],[-3.093086199999959,51.96519062500005],[-3.081593148999957,51.95539401700006],[-3.090053981999972,51.95035462000004],[-3.080197897999938,51.93608562900005],[-3.083398030999945,51.93071179300006],[-3.078650871999969,51.92453078900007],[-3.062188386999935,51.919089728000074],[-3.059848047999935,51.913689987000055],[-3.049506578999967,51.91144579100006],[-3.049547311999959,51.905652357000065],[-3.038642426999957,51.89369168500008],[-3.043646000999956,51.880714252000075],[-3.05712068899993,51.880143522000026],[-3.072245790999943,51.875196172000074],[-3.065531117999967,51.86264229600005],[-3.076709667999978,51.85792608400004],[-3.083813456999962,51.85013997600004],[-3.09717296499997,51.84642757000006],[-3.094732300999965,51.839295924000055],[-3.103155089999973,51.839878060000046],[-3.101576824999938,51.83183381900005],[-3.118041569999946,51.83893628000004],[-3.13195191799997,51.833005540000045],[-3.136225282999931,51.82680962900008],[-3.143238689999976,51.82573370600005],[-3.140194056999974,51.82319351600006],[-3.143207571999937,51.81985980700006],[-3.157351677999941,51.81605108000008],[-3.192078317999972,51.81324878200007],[-3.238778717999935,51.81235528600007],[-3.248243328999934,51.81515506100004],[-3.283434516999932,51.82548865800004],[-3.308585437999966,51.80613296100006],[-3.310094872999969,51.79430198800003],[-3.334470279999948,51.79040231400006],[-3.360053775999972,51.79108817900004],[-3.355540029999929,51.79679880500004],[-3.357539352999936,51.80697684000006],[-3.365923231999943,51.80454199600007],[-3.372850496999945,51.81222182300007],[-3.37824709299997,51.81080091600006],[-3.387300289999928,51.81557240300003],[-3.402309364999951,51.81419841700006],[-3.406200920999936,51.821164628000076],[-3.402374480999924,51.82634096400005],[-3.417159481999931,51.83506099200008],[-3.433360638999943,51.82089329200005],[-3.444189894999965,51.816483402000074],[-3.447793348999937,51.82308031600007],[-3.460131556999954,51.83012925100007],[-3.470073485999933,51.828504628000076],[-3.46854510299994,51.82345597800003],[-3.47632991699993,51.80947073100003],[-3.502342203999945,51.80101263500006],[-3.531336189999934,51.78591170000004],[-3.541212925999957,51.78456333100007],[-3.535353923999935,51.77985452900003],[-3.537063516999979,51.77619771900004],[-3.559867996999969,51.777515883000035],[-3.565643466999973,51.76488454200006],[-3.591293026999949,51.75461196200007],[-3.601365649999934,51.771763253000074],[-3.603658515999939,51.77392963700004],[-3.612208712999973,51.771767957000066],[-3.62874594699997,51.77477798900003],[-3.652974211999947,51.78544603600005],[-3.670365935999939,51.787198215000046],[-3.685769937999964,51.78020470700005],[-3.692411159999949,51.781604712000046],[-3.712031961999969,51.77838832800006],[-3.728659346999962,51.77584853600007],[-3.736681101999977,51.769801863000055],[-3.731251782999948,51.767074586000035],[-3.73751901199995,51.75810340900006],[-3.746090704999972,51.753392226000074],[-3.753807046999952,51.75338713100007],[-3.770320441999957,51.75452162500005],[-3.780388458999937,51.75967133600005],[-3.78001130499996,51.76831937400004],[-3.782446961999938,51.77349345300007],[-3.796370826999976,51.78218010300003],[-3.801393807999943,51.78151334200004],[-3.806690474999925,51.78795228600006],[-3.805615282999952,51.79885827800007],[-3.795882542999948,51.809593747000065],[-3.788077126999951,51.81239409500006],[-3.781951124999978,51.821600542000056],[-3.783469564999962,51.83006420900006],[-3.776429188999941,51.83939386000003],[-3.764758668999946,51.851836164000076],[-3.753109988999938,51.85679180100004],[-3.747589944999959,51.86201256700008],[-3.738658832999931,51.86370791300004],[-3.713835146999941,51.887140970000075],[-3.718026293999969,51.901206167000055],[-3.713381088999938,51.90557203100008],[-3.723765159999971,51.908144149000066],[-3.727689966999947,51.91222473300007],[-3.718045364999966,51.929223024000066],[-3.720339715999955,51.94176183700006],[-3.71018047299998,51.947008244000074],[-3.699854465999977,51.94598435200004],[-3.705050849999964,51.948463255000036],[-3.702471570999933,51.95419206000008],[-3.711182166999947,51.96185272200006],[-3.694012498999939,51.97725219700004],[-3.696446403999971,51.980273956000076],[-3.697801279999965,51.982800388000044],[-3.684085614999958,51.99632227800004],[-3.670016626999939,52.00421319700007],[-3.665649326999926,52.014702715000055],[-3.673533026999962,52.01751603900004],[-3.668272223999963,52.02543233600005],[-3.647136502999956,52.03878919600004],[-3.65938534999998,52.04642299900007],[-3.661886101999926,52.052352823000035],[-3.676208936999956,52.05653788600006],[-3.67904982999994,52.060612019000075],[-3.667131044999962,52.07429927000004],[-3.681658714999969,52.07391039500004],[-3.702342696999949,52.082813712000075],[-3.723095340999976,52.08521426600004],[-3.723458559999926,52.09331580200006],[-3.728798366999968,52.09397741500004],[-3.71407639399996,52.10497092800006],[-3.720319017999941,52.117501590000074],[-3.722928627999977,52.11517694200006],[-3.749463037999931,52.127626417000045],[-3.757768988999942,52.12822579200008],[-3.745535234999977,52.13590387600004],[-3.742003241999953,52.13960399700005],[-3.750964284999952,52.16482318700008],[-3.751559234999945,52.18145776700004],[-3.745751611999935,52.19208643600007],[-3.75227178199998,52.19761402800003],[-3.746042747999979,52.21072065800007],[-3.750526254999954,52.217280979000066],[-3.742753506999975,52.228924017000054],[-3.749945062999927,52.233627127000034],[-3.744208017999938,52.246304552000026],[-3.753433422999933,52.251760587000035],[-3.746292245999939,52.25748878100006],[-3.744380500999966,52.26485224400005],[-3.73715836599996,52.26600624400004],[-3.731637593999949,52.27145071100006],[-3.722852405999959,52.270320437000066],[-3.719882440999925,52.27325715300003],[-3.707170167999948,52.274057569000036],[-3.724242060999927,52.28799698600005],[-3.73313770599998,52.290367262000075],[-3.726098956999977,52.29940245100005],[-3.729346457999952,52.30878688300004],[-3.740296230999945,52.31153561800005],[-3.744991379999931,52.31744649700005],[-3.734322061999933,52.32532716600008],[-3.70512953399998,52.34145459500007],[-3.688041278999947,52.33973094000004],[-3.658167410999965,52.34764913300006],[-3.666777223999929,52.35815652400004],[-3.685478776999958,52.368221266000035],[-3.697200669999972,52.36692954200004],[-3.703749658999925,52.38901134900004],[-3.710538659999941,52.39345023100003],[-3.707220774999939,52.400396224000076],[-3.713169624999978,52.401800922000064],[-3.712050104999946,52.413356416000056],[-3.732581490999962,52.420010182000055],[-3.731456288999937,52.42458333500008],[-3.731304501999944,52.42487508000005],[-3.736633311999981,52.42843659200008],[-3.73679732599993,52.42886662400008],[-3.771616792999964,52.442152441000076],[-3.764147793999939,52.45867115100003],[-3.766407440999956,52.46930361600005],[-3.744798142999969,52.47463327400004],[-3.738837554999975,52.48665209900008],[-3.740686824999955,52.494057772000076],[-3.730293230999962,52.498643677000075],[-3.733260521999966,52.506589560000066],[-3.747189682999931,52.50689181000007],[-3.767938805999961,52.498506064000026],[-3.772226595999939,52.48866868500005],[-3.798015645999953,52.487736545000075],[-3.798100382999962,52.48454425400007],[-3.809771448999925,52.47904264500005],[-3.813947510999981,52.48263887100006],[-3.825379213999952,52.48366706200005],[-3.82649349199994,52.48848703900006],[-3.837707026999965,52.497964456000034],[-3.839963472999955,52.510195030000034],[-3.843995891999953,52.51203926100004],[-3.844409147999954,52.517262069000026],[-3.836139359999947,52.52588814000006],[-3.840861956999959,52.55135479000006],[-3.859466231999932,52.56084360400007],[-3.926450218999946,52.56076989600007],[-3.928853345999926,52.57146065200004],[-3.915410119999933,52.57359849300008],[-3.915354647999948,52.578589478000026],[-3.88392229599998,52.57711925400008],[-3.882856497999967,52.58320794300005],[-3.877581508999981,52.582415311000034],[-3.872564229999966,52.58860499200006],[-3.87520411099996,52.59304395500004],[-3.86607685499996,52.59182279300006],[-3.856724887999974,52.60042323700003],[-3.842134549999969,52.599680687000046],[-3.842980395999973,52.60463058100004],[-3.848749013999964,52.60730182900005],[-3.845012584999949,52.61127205000008],[-3.850449912999977,52.62063587200004],[-3.843566862999978,52.62267086500003],[-3.846241885999973,52.628835706000075],[-3.834613997999952,52.63305872600006],[-3.83431244999997,52.63630641100008],[-3.84401589099997,52.64122306300004],[-3.840714057999946,52.650902865000035],[-3.808095590999926,52.677945357000056],[-3.802469588999941,52.67822161500004],[-3.788219737999952,52.670975998000074],[-3.768518168999947,52.67039873900006],[-3.765395154999965,52.67309306800007],[-3.759351561999949,52.669446367000035],[-3.743907409999963,52.681308768000065],[-3.735867811999981,52.677892546000066],[-3.716759709999963,52.67877869200004],[-3.711518208999962,52.67445442800005],[-3.714346291999959,52.671846705000064],[-3.709367611999937,52.671082461000026],[-3.696940225999981,52.688271556000075],[-3.69359286699995,52.68680537900008],[-3.682485816999929,52.69415076100006],[-3.663396775999956,52.69142720000008],[-3.654506578999928,52.69169542100008],[-3.64844172599993,52.696222179000074],[-3.619602179999958,52.69745588700005],[-3.614402689999963,52.70196994400004],[-3.601982422999924,52.705087406000075],[-3.604721896999934,52.70887042100003],[-3.599294312999973,52.72588193900003],[-3.58351412899998,52.738622898000074],[-3.591387466999947,52.74176304200006],[-3.588210595999954,52.74708036900006],[-3.594763328999932,52.75713369400006],[-3.59024882999995,52.765903337000054],[-3.599310513999967,52.77879412800007],[-3.596955725999976,52.78348197500003],[-3.606462190999935,52.786990262000074],[-3.606972553999981,52.79750111700008],[-3.596930004999933,52.805006939000066],[-3.597058286999925,52.814053985000044],[-3.586662869999941,52.82746407600007],[-3.586476164999965,52.82771733000004],[-3.586062134999963,52.82776061200008],[-3.568170223999971,52.82289551100007],[-3.564393679999966,52.826380553000035],[-3.566672899999958,52.83007967400005],[-3.533796127999949,52.83807369400006],[-3.517897986999969,52.837378209000065],[-3.505448101999946,52.84189444500004],[-3.48301242399998,52.86545363600004],[-3.469268083999964,52.861939445000075],[-3.449383914999942,52.86452497000005],[-3.388823550999973,52.876070122000044],[-3.375014834999945,52.892453454000076],[-3.345651005999969,52.892540859000064],[-3.322091761999957,52.882082267000044],[-3.314038133999929,52.883739555000034],[-3.296803784999952,52.88072237000006],[-3.291346157999953,52.87084247700005],[-3.261803060999966,52.86660861800004],[-3.239533434999942,52.86887405200008],[-3.233003126999961,52.86701102600006],[-3.228095476999954,52.87555023400006],[-3.216471418999959,52.87682245600007],[-3.215704775999939,52.88686040200008],[-3.205364950999979,52.89312926700006],[-3.197027995999974,52.89083672400005],[-3.174381828999969,52.90157554500007],[-3.154838967999979,52.89809298800003]]]]}},{"type":"Feature","properties":{"FID":361,"LAD23CD":"W06000024","LAD23NM":"Merthyr Tydfil","LAD23NMW":"Merthyr Tudful","BNG_E":305916,"BNG_N":206404,"LONG":-3.3642499,"LAT":51.748402,"GlobalID":"{9BEBBC8E-396B-4210-9E86-33EFE9226CA2}","SHAPE_Length":0.674640751708221,"SHAPE_Area":0.014601417499889134,"reference":"W06000024","name":"Merthyr Tydfil"},"geometry":{"type":"MultiPolygon","coordinates":[[[[-3.406200920999936,51.821164628000076],[-3.402309364999951,51.81419841700006],[-3.387300289999928,51.81557240300003],[-3.37824709299997,51.81080091600006],[-3.372850496999945,51.81222182300007],[-3.365923231999943,51.80454199600007],[-3.357539352999936,51.80697684000006],[-3.355540029999929,51.79679880500004],[-3.360053775999972,51.79108817900004],[-3.334470279999948,51.79040231400006],[-3.332789367999965,51.78167606800008],[-3.331942779999963,51.77601012800005],[-3.330867866999938,51.769864692000056],[-3.330329302999928,51.76652859200004],[-3.329896752999957,51.763793659000044],[-3.329058628999974,51.758722833000036],[-3.329046009999956,51.75865280700003],[-3.327199719999953,51.75601659300003],[-3.317943322999952,51.74287968900006],[-3.310112593999975,51.739455115000055],[-3.315511525999966,51.731808631000035],[-3.300637319999964,51.736314391000064],[-3.301731812999947,51.73150789700003],[-3.273930420999932,51.68233685700005],[-3.284679832999927,51.677129824000076],[-3.283417387999975,51.66092688200007],[-3.288803758999961,51.65819466700003],[-3.296109870999942,51.66409395000005],[-3.300568688999931,51.65221500400003],[-3.313896743999976,51.644682646000035],[-3.313868149999962,51.655705098000055],[-3.320343074999926,51.65547869200003],[-3.321902876999957,51.65212862200008],[-3.32931087399993,51.65513062500003],[-3.339797091999969,51.667158209000036],[-3.343533234999938,51.66900650000008],[-3.356579572999976,51.68106477200007],[-3.367504525999948,51.698594290000074],[-3.38060386899997,51.71137296200004],[-3.388912380999955,51.71658555800008],[-3.399914964999937,51.717883732000075],[-3.405434878999927,51.72260314200008],[-3.414890075999949,51.73627347900003],[-3.423685533999958,51.74228608800007],[-3.442560337999964,51.755667720000076],[-3.45314998799995,51.761661607000065],[-3.43859660399994,51.76251142600006],[-3.427471515999969,51.758498297000074],[-3.416576863999978,51.76807955400005],[-3.420102136999958,51.775216906000026],[-3.428442092999944,51.780167395000035],[-3.433183633999931,51.792742184000076],[-3.440688184999942,51.79580386900005],[-3.44542994699998,51.80640721200007],[-3.444189894999965,51.816483402000074],[-3.433360638999943,51.82089329200005],[-3.417159481999931,51.83506099200008],[-3.402374480999924,51.82634096400005],[-3.406200920999936,51.821164628000076]]]]}}]}