{"type":"FeatureCollection","features":[{"type":"Feature","properties":{"reference":"surrey-east","name":"East Surrey"},"geometry":{"type":"MultiLineString","coordinates":[[[-0.317897383198478,51.3697977947218],[-0.318481506558764,51.365762189346]],[[-0.318481506558764,51.365762189346],[-0.318261315113004,51.3635045091519]],[[-0.318261315113004,51.3635045091519],[-0.319768281986379,51.3599281916644]],[[-0.319768281986379,51.3599281916644],[-0.321505261906821,51.3572085286427]],[[-0.321505261906821,51.3572085286427],[-0.323728750303053,51.3544113211658]],[[-0.323728750303053,51.3544113211658],[-0.327953895283763,51.3522106417154]],[[-0.394673936787088,51.297970581461],[-0.397593636797615,51.2980735800737]],[[-0.397593636797615,51.2980735800737],[-0.399880007966166,51.2974573781704]],[[-0.399880007966166,51.2974573781704],[-0.402291308697454,51.2965451743212]],[[-0.402291308697454,51.2965451743212],[-0.403929878932674,51.2948769309388]],[[-0.403929878932674,51.2948769309388],[-0.405325653826221,51.2949056307402]],[[-0.405325653826221,51.2949056307402],[-0.405397951513902,51.2970066414964]],[[-0.405397951513902,51.2970066414964],[-0.408577410478131,51.3023303170894]],[[-0.408577410478131,51.3023303170894],[-0.409393239988242,51.3030914437105]],[[-0.409393239988242,51.3030914437105],[-0.411794022517203,51.3035664314606]],[[-0.411794022517203,51.3035664314606],[-0.415406775490333,51.3038869656414]],[[-0.415406775490333,51.3038869656414],[-0.416055899453366,51.3044919691776]],[[-0.416055899453366,51.3044919691776],[-0.422121133297958,51.3042060662139]],[[-0.422121133297958,51.3042060662139],[-0.426385386632542,51.3044819932847]],[[-0.426385386632542,51.3044819932847],[-0.428559990695725,51.3039014882583]],[[-0.428559990695725,51.3039014882583],[-0.432368608437378,51.3043688625029]],[[-0.432368608437378,51.3043688625029],[-0.436726236131922,51.3039675328121]],[[-0.436726236131922,51.3039675328121],[-0.440312035139234,51.304836382345]],[[-0.440312035139234,51.304836382345],[-0.442957125282474,51.3079425469839]],[[-0.442957125282474,51.3079425469839],[-0.443828248311099,51.3130726379494]],[[-0.443828248311099,51.3130726379494],[-0.44593173788119,51.3174924926867]],[[-0.44593173788119,51.3174924926867],[-0.445698682468252,51.324141136012]],[[-0.445698682468252,51.324141136012],[-0.445642747757275,51.3243922020142]],[[-0.445642747757275,51.3243922020142],[-0.443647490074514,51.3241040296163]],[[-0.443647490074514,51.3241040296163],[-0.442187096335232,51.324421841946]],[[-0.442187096335232,51.324421841946],[-0.440088432785826,51.32506565831]],[[-0.440088432785826,51.32506565831],[-0.439062688264813,51.3261113757731]],[[-0.439062688264813,51.3261113757731],[-0.437340944935095,51.3259642838434]],[[-0.437340944935095,51.3259642838434],[-0.436606619052883,51.3263268550051]],[[-0.436606619052883,51.3263268550051],[-0.437162905522467,51.3274465962977]],[[-0.437162905522467,51.3274465962977],[-0.445569616704935,51.326770682508]],[[-0.312651478126198,51.3747511356648],[-0.314318044952796,51.3746375670794]],[[-0.314318044952796,51.3746375670794],[-0.316670830797393,51.3731659765519]],[[-0.316670830797393,51.3731659765519],[-0.317481776739619,51.3719689813959]],[[-0.317481776739619,51.3719689813959],[-0.317897383198478,51.3697977947218]],[[-0.31323073989252,51.3887225223243],[-0.310809252619536,51.3862128496948]],[[-0.310809252619536,51.3862128496948],[-0.311740205976356,51.3857643963683]],[[-0.311740205976356,51.3857643963683],[-0.310642202088745,51.384815638347]],[[-0.310642202088745,51.384815638347],[-0.309500986998989,51.382432417044]],[[-0.309500986998989,51.382432417044],[-0.309253672384853,51.3804477020528]],[[-0.309253672384853,51.3804477020528],[-0.308494520730574,51.3805005791714]],[[-0.308494520730574,51.3805005791714],[-0.307365443633207,51.3783835450886]],[[-0.307365443633207,51.3783835450886],[-0.307869091759371,51.3783638463732]],[[-0.307869091759371,51.3783638463732],[-0.308434001890765,51.3758594258008]],[[-0.308434001890765,51.3758594258008],[-0.308671850631228,51.3754483211377]],[[-0.308671850631228,51.3754483211377],[-0.312651478126198,51.3747511356648]],[[-0.325860279723407,51.3914396034394],[-0.319832885343762,51.3925934391992]],[[-0.319832885343762,51.3925934391992],[-0.317697879461912,51.3936670793324]],[[-0.317697879461912,51.3936670793324],[-0.314111593459175,51.3902171633157]],[[-0.314111593459175,51.3902171633157],[-0.316737320533465,51.3887720668833]],[[-0.316737320533465,51.3887720668833],[-0.31599322782127,51.3875714291976]],[[-0.31599322782127,51.3875714291976],[-0.31323073989252,51.3887225223243]],[[-0.373860205320599,51.4084933058399],[-0.364739828180263,51.4115920902819]],[[-0.364739828180263,51.4115920902819],[-0.361238189559091,51.4120405067083]],[[-0.361238189559091,51.4120405067083],[-0.359139332144209,51.4119031604173]],[[-0.359139332144209,51.4119031604173],[-0.355357024954818,51.4107521649246]],[[-0.355357024954818,51.4107521649246],[-0.355109148235357,51.4098071471651]],[[-0.355109148235357,51.4098071471651],[-0.349199086203049,51.4066205973482]],[[-0.349199086203049,51.4066205973482],[-0.346873940977662,51.4058468036968]],[[-0.346873940977662,51.4058468036968],[-0.343719389503046,51.4038966608301]],[[-0.343719389503046,51.4038966608301],[-0.340531005417365,51.4030871528059]],[[-0.340531005417365,51.4030871528059],[-0.338992682695845,51.4018751449571]],[[-0.338992682695845,51.4018751449571],[-0.338237922033318,51.4007632612881]],[[-0.383350026681253,51.4085382950892],[-0.379427940842277,51.4078339473998]],[[-0.379427940842277,51.4078339473998],[-0.373860205320599,51.4084933058399]],[[-0.385696669769336,51.4091506053206],[-0.383350026681253,51.4085382950892]],[[-0.327953895283763,51.3522106417154],[-0.330510146371957,51.3484194351447]],[[-0.330510146371957,51.3484194351447],[-0.328153711774205,51.344039791473]],[[-0.328153711774205,51.344039791473],[-0.327457063136016,51.3440055684959]],[[-0.327457063136016,51.3440055684959],[-0.327883030922136,51.3437418695727]],[[-0.327883030922136,51.3437418695727],[-0.328955585873479,51.3402312948174]],[[-0.328955585873479,51.3402312948174],[-0.329695128024568,51.3327646581784]],[[-0.329695128024568,51.3327646581784],[-0.329092769011158,51.3302624662662]],[[-0.329092769011158,51.3302624662662],[-0.330655551869037,51.329009638114]],[[-0.338237922033318,51.4007632612881],[-0.33671089974836,51.399221807415]],[[-0.33671089974836,51.399221807415],[-0.332288104719694,51.3959948210939]],[[-0.332288104719694,51.3959948210939],[-0.32867176277269,51.3923088120771]],[[-0.32867176277269,51.3923088120771],[-0.327586908786079,51.3917448429442]],[[-0.327586908786079,51.3917448429442],[-0.325860279723407,51.3914396034394]],[[-0.432089354140983,51.3840415966291],[-0.428854876155507,51.3853714006973]],[[-0.428854876155507,51.3853714006973],[-0.427888577830195,51.386266695701]],[[-0.427888577830195,51.386266695701],[-0.430198624385549,51.3870098457417]],[[-0.430198624385549,51.3870098457417],[-0.43005228486597,51.3871724915519]],[[-0.43005228486597,51.3871724915519],[-0.427666538122979,51.3864147478962]],[[-0.427666538122979,51.3864147478962],[-0.426545978424388,51.3887494989858]],[[-0.426545978424388,51.3887494989858],[-0.426660476670135,51.3899380677938]],[[-0.426660476670135,51.3899380677938],[-0.426135262741022,51.3904147639248]],[[-0.426135262741022,51.3904147639248],[-0.422697581229252,51.3917012140629]],[[-0.422697581229252,51.3917012140629],[-0.421599412272351,51.392412193177]],[[-0.421599412272351,51.392412193177],[-0.421077695547657,51.3922855050596]],[[-0.421077695547657,51.3922855050596],[-0.420667995354626,51.3927054010565]],[[-0.420667995354626,51.3927054010565],[-0.421318662295872,51.3930936452379]],[[-0.421318662295872,51.3930936452379],[-0.42070761377666,51.3941015771935]],[[-0.42070761377666,51.3941015771935],[-0.420143244263582,51.3945004185925]],[[-0.420143244263582,51.3945004185925],[-0.41951971960162,51.39444885758]],[[-0.41951971960162,51.39444885758],[-0.419507795468781,51.3950871826178]],[[-0.419507795468781,51.3950871826178],[-0.418685707951272,51.3955419667144]],[[-0.418685707951272,51.3955419667144],[-0.418964736130781,51.3963730118929]],[[-0.418964736130781,51.3963730118929],[-0.419643059173518,51.3967094938831]],[[-0.419643059173518,51.3967094938831],[-0.418947532251918,51.3971641889481]],[[-0.418947532251918,51.3971641889481],[-0.417198206530237,51.3976594008727]],[[-0.417198206530237,51.3976594008727],[-0.417140359043438,51.3988340013193]],[[-0.417140359043438,51.3988340013193],[-0.415837158656168,51.3991491200014]],[[-0.415837158656168,51.3991491200014],[-0.414632237096397,51.4006939792526]],[[-0.414632237096397,51.4006939792526],[-0.412933454574961,51.4014695896166]],[[-0.412933454574961,51.4014695896166],[-0.411535892480602,51.4032546403188]],[[-0.411535892480602,51.4032546403188],[-0.410635123368153,51.4041047734434]],[[-0.410635123368153,51.4041047734434],[-0.408158264810042,51.4051701248706]],[[-0.408158264810042,51.4051701248706],[-0.406045012332757,51.4056593297823]],[[-0.406045012332757,51.4056593297823],[-0.402767953617379,51.4059168748099]],[[-0.402767953617379,51.4059168748099],[-0.400432012966316,51.4066018084658]],[[-0.400432012966316,51.4066018084658],[-0.399330017677871,51.4070723259581]],[[-0.399330017677871,51.4070723259581],[-0.399919578241894,51.4078115544557]],[[-0.399919578241894,51.4078115544557],[-0.39719328561754,51.4085961908231]],[[-0.39719328561754,51.4085961908231],[-0.39704653483062,51.4079826654781]],[[-0.39704653483062,51.4079826654781],[-0.390464591524806,51.4096434010612]],[[-0.390464591524806,51.4096434010612],[-0.385696669769336,51.4091506053206]],[[-0.474121366689124,51.3639677878156],[-0.473300874515119,51.3640622840882]],[[-0.473300874515119,51.3640622840882],[-0.472819011083924,51.3635614726919]],[[-0.472819011083924,51.3635614726919],[-0.472372114603153,51.3638685862543]],[[-0.472372114603153,51.3638685862543],[-0.473044769084294,51.3648080729601]],[[-0.473044769084294,51.3648080729601],[-0.473983567105792,51.3649605442341]],[[-0.473983567105792,51.3649605442341],[-0.473729618163904,51.3652530939858]],[[-0.473729618163904,51.3652530939858],[-0.472082054891823,51.3650328579035]],[[-0.472082054891823,51.3650328579035],[-0.471494587446837,51.3643813431933]],[[-0.471494587446837,51.3643813431933],[-0.469292369942825,51.3658076060342]],[[-0.469292369942825,51.3658076060342],[-0.467556705232494,51.3656860295877]],[[-0.467556705232494,51.3656860295877],[-0.467650415690963,51.3660190708338]],[[-0.467650415690963,51.3660190708338],[-0.470021425910423,51.3672928100049]],[[-0.470021425910423,51.3672928100049],[-0.468248306694021,51.3701453984756]],[[-0.468248306694021,51.3701453984756],[-0.466844982554151,51.3707367314556]],[[-0.466844982554151,51.3707367314556],[-0.466155503550747,51.3704759012773]],[[-0.466155503550747,51.3704759012773],[-0.465571299449354,51.370932215408]],[[-0.465571299449354,51.370932215408],[-0.466384634860357,51.3728186811976]],[[-0.466384634860357,51.3728186811976],[-0.467488107340158,51.3736388776296]],[[-0.467488107340158,51.3736388776296],[-0.467623459084868,51.3746199091709]],[[-0.467623459084868,51.3746199091709],[-0.465008844347883,51.3762393588397]],[[-0.465008844347883,51.3762393588397],[-0.461641199553578,51.3769128472004]],[[-0.461641199553578,51.3769128472004],[-0.460140469878769,51.3791133500381]],[[-0.460140469878769,51.3791133500381],[-0.459016317039479,51.379254993051]],[[-0.459016317039479,51.379254993051],[-0.458049275289417,51.3798088095362]],[[-0.458049275289417,51.3798088095362],[-0.457990747179475,51.3805669601066]],[[-0.457990747179475,51.3805669601066],[-0.459432786267796,51.3809735712102]],[[-0.459432786267796,51.3809735712102],[-0.459586215629037,51.3814997849455]],[[-0.459586215629037,51.3814997849455],[-0.457878719883284,51.381848693867]],[[-0.457878719883284,51.381848693867],[-0.455166652214469,51.383225718635]],[[-0.455166652214469,51.383225718635],[-0.453819002214185,51.3832555890392]],[[-0.453819002214185,51.3832555890392],[-0.451978269988256,51.3828230560407]],[[-0.451978269988256,51.3828230560407],[-0.450523070868226,51.383659929545]],[[-0.450523070868226,51.383659929545],[-0.450254929314405,51.3849198250131]],[[-0.450254929314405,51.3849198250131],[-0.451955451824485,51.3869107239814]],[[-0.451955451824485,51.3869107239814],[-0.451890803604447,51.3876328374968]],[[-0.451890803604447,51.3876328374968],[-0.450219154652337,51.3880216778196]],[[-0.450219154652337,51.3880216778196],[-0.447582816494127,51.3868466090686]],[[-0.447582816494127,51.3868466090686],[-0.445004035156298,51.386900534583]],[[-0.445004035156298,51.386900534583],[-0.443783178610235,51.3875569609047]],[[-0.443783178610235,51.3875569609047],[-0.443422427863937,51.3892527037456]],[[-0.443422427863937,51.3892527037456],[-0.442777279643616,51.3897980056906]],[[-0.442777279643616,51.3897980056906],[-0.441590447436608,51.3897040241476]],[[-0.441590447436608,51.3897040241476],[-0.439976610641112,51.3887221685663]],[[-0.439976610641112,51.3887221685663],[-0.438137106531556,51.3869009491545]],[[-0.438137106531556,51.3869009491545],[-0.437512796828013,51.385186790131]],[[-0.437512796828013,51.385186790131],[-0.43561553287452,51.3842676183171]],[[-0.43561553287452,51.3842676183171],[-0.43575826218759,51.3839179263383]],[[-0.43575826218759,51.3839179263383],[-0.432089354140983,51.3840415966291]],[[-0.445569616704935,51.326770682508],[-0.451275084599432,51.328645534409]],[[-0.451275084599432,51.328645534409],[-0.449920841727829,51.3303695177898]],[[-0.449920841727829,51.3303695177898],[-0.451273530103928,51.3306113359529]],[[-0.451273530103928,51.3306113359529],[-0.451452008159039,51.3309383195181]],[[-0.451452008159039,51.3309383195181],[-0.456149899398828,51.3310362442286]],[[-0.456149899398828,51.3310362442286],[-0.462343997790484,51.3299602975436]],[[-0.462343997790484,51.3299602975436],[-0.46193486794578,51.3313334410589]],[[-0.46193486794578,51.3313334410589],[-0.462837973346227,51.3327913099701]],[[-0.462837973346227,51.3327913099701],[-0.462488926590712,51.3339566797601]],[[-0.462488926590712,51.3339566797601],[-0.460981025992111,51.3350896985738]],[[-0.460981025992111,51.3350896985738],[-0.462071082383582,51.3367982861174]],[[-0.462071082383582,51.3367982861174],[-0.461169825843916,51.3370886180251]],[[-0.461169825843916,51.3370886180251],[-0.461885865602364,51.3375314293228]],[[-0.461885865602364,51.3375314293228],[-0.461932486330275,51.3380248801495]],[[-0.461932486330275,51.3380248801495],[-0.462661951020589,51.3380659136656]],[[-0.462661951020589,51.3380659136656],[-0.463571341654459,51.3386075335381]],[[-0.463571341654459,51.3386075335381],[-0.463164041586111,51.3394123855522]],[[-0.463164041586111,51.3394123855522],[-0.463725472140581,51.3396688606226]],[[-0.463725472140581,51.3396688606226],[-0.46365364983465,51.3406157484955]],[[-0.46365364983465,51.3406157484955],[-0.465498288208325,51.3413143462746]],[[-0.465498288208325,51.3413143462746],[-0.466071717337122,51.3428506233573]],[[-0.466071717337122,51.3428506233573],[-0.472821267126586,51.3421644098882]],[[-0.472821267126586,51.3421644098882],[-0.47676917282771,51.3432634779464]],[[-0.47676917282771,51.3432634779464],[-0.479206607811718,51.3452384251458]],[[-0.479206607811718,51.3452384251458],[-0.479655017676276,51.347750509764]],[[-0.479655017676276,51.347750509764],[-0.48068251641897,51.3477269661038]],[[-0.48068251641897,51.3477269661038],[-0.481185717452966,51.3493836335473]],[[-0.481185717452966,51.3493836335473],[-0.478410211345656,51.3507856127934]],[[-0.478410211345656,51.3507856127934],[-0.47481759324323,51.3520761229996]],[[-0.47481759324323,51.3520761229996],[-0.472490698826593,51.3537759630116]],[[-0.472490698826593,51.3537759630116],[-0.466971498106567,51.3565753191975]],[[-0.466971498106567,51.3565753191975],[-0.468434473379189,51.3575422640316]],[[-0.468434473379189,51.3575422640316],[-0.470107530447665,51.3571189250882]],[[-0.470107530447665,51.3571189250882],[-0.470676506858517,51.3572837631941]],[[-0.470676506858517,51.3572837631941],[-0.47067920024831,51.3576335980532]],[[-0.47067920024831,51.3576335980532],[-0.469926607177044,51.3578513149977]],[[-0.469926607177044,51.3578513149977],[-0.470081031438643,51.3580861709403]],[[-0.470081031438643,51.3580861709403],[-0.472192401699291,51.357825936418]],[[-0.472192401699291,51.357825936418],[-0.473485840674391,51.3581925857766]],[[-0.473485840674391,51.3581925857766],[-0.474206534714296,51.3580293598202]],[[-0.474206534714296,51.3580293598202],[-0.474557459206672,51.3590527618076]],[[-0.474557459206672,51.3590527618076],[-0.475551167612811,51.3591456978534]],[[-0.475551167612811,51.3591456978534],[-0.476086628888854,51.3595474968181]],[[-0.476086628888854,51.3595474968181],[-0.475132555332771,51.3602904203103]],[[-0.475132555332771,51.3602904203103],[-0.475817089304936,51.3606149587812]],[[-0.475817089304936,51.3606149587812],[-0.476136335222851,51.3618160243478]],[[-0.476136335222851,51.3618160243478],[-0.474853789662985,51.3630654783487]],[[-0.474853789662985,51.3630654783487],[-0.474173405052374,51.3629181782623]],[[-0.474173405052374,51.3629181782623],[-0.475468301027784,51.3641129741567]],[[-0.475468301027784,51.3641129741567],[-0.474121366689124,51.3639677878156]],[[-0.187459116165297,51.3408122814387],[-0.175019793495567,51.3338097560144]],[[-0.175019793495567,51.3338097560144],[-0.174666244468829,51.333168448492]],[[-0.174666244468829,51.333168448492],[-0.174139125445574,51.3332115605332]],[[-0.174139125445574,51.3332115605332],[-0.172854635136869,51.3300134475821]],[[-0.202046363154046,51.340142616863],[-0.201199296412049,51.3398841695948]],[[-0.201199296412049,51.3398841695948],[-0.199557392330879,51.3418840637973]],[[-0.199557392330879,51.3418840637973],[-0.198557576483129,51.3422994027072]],[[-0.198557576483129,51.3422994027072],[-0.197319340394251,51.3435951598667]],[[-0.197319340394251,51.3435951598667],[-0.196541212119756,51.3434464322384]],[[-0.196541212119756,51.3434464322384],[-0.196690325340346,51.3431582560367]],[[-0.196690325340346,51.3431582560367],[-0.196267143164344,51.3430393574419]],[[-0.196267143164344,51.3430393574419],[-0.196047487352986,51.3433300431202]],[[-0.196047487352986,51.3433300431202],[-0.193229272402731,51.3426256158056]],[[-0.193229272402731,51.3426256158056],[-0.187459116165297,51.3408122814387]],[[-0.156523624561657,51.321485286252],[-0.161879752207213,51.3196257041028]],[[-0.161879752207213,51.3196257041028],[-0.161177375768629,51.3175229028865]],[[-0.161177375768629,51.3175229028865],[-0.160481487671816,51.3168725879706]],[[-0.160481487671816,51.3168725879706],[-0.159581019661147,51.3171048727437]],[[-0.159581019661147,51.3171048727437],[-0.159314119284191,51.3159558543535]],[[-0.159314119284191,51.3159558543535],[-0.157169626485771,51.313389759405]],[[-0.157169626485771,51.313389759405],[-0.158330470681896,51.3109853904918]],[[-0.158330470681896,51.3109853904918],[-0.156228082869366,51.3104208251244]],[[-0.156228082869366,51.3104208251244],[-0.154315337506222,51.3103178955937]],[[-0.154315337506222,51.3103178955937],[-0.157163054818694,51.3067089208359]],[[-0.157163054818694,51.3067089208359],[-0.156415768237732,51.306452545273]],[[-0.156415768237732,51.306452545273],[-0.154509145189696,51.3064486021536]],[[-0.154509145189696,51.3064486021536],[-0.15502334068093,51.3057912509809]],[[-0.15502334068093,51.3057912509809],[-0.157735020247375,51.30442750946]],[[-0.157735020247375,51.30442750946],[-0.156684009548237,51.3035890116137]],[[-0.156684009548237,51.3035890116137],[-0.155317700345265,51.3012743937466]],[[-0.155317700345265,51.3012743937466],[-0.1533605098568,51.3016778657492]],[[-0.1533605098568,51.3016778657492],[-0.151023184109817,51.3007219312497]],[[-0.172854635136869,51.3300134475821],[-0.16989442115201,51.330245884325]],[[-0.16989442115201,51.330245884325],[-0.170065836767003,51.3294743180842]],[[-0.170065836767003,51.3294743180842],[-0.163076717058335,51.3302642191945]],[[-0.163076717058335,51.3302642191945],[-0.162290500691429,51.3288894041289]],[[-0.162290500691429,51.3288894041289],[-0.163970646115068,51.3285830130605]],[[-0.163970646115068,51.3285830130605],[-0.163982170696406,51.3281875288167]],[[-0.163982170696406,51.3281875288167],[-0.164362156000791,51.3281260549106]],[[-0.164362156000791,51.3281260549106],[-0.163567228253123,51.3262133988898]],[[-0.163567228253123,51.3262133988898],[-0.164187029319929,51.3260405183973]],[[-0.164187029319929,51.3260405183973],[-0.160600116025925,51.3232414898837]],[[-0.160600116025925,51.3232414898837],[-0.158634513022564,51.3239758709806]],[[-0.158634513022564,51.3239758709806],[-0.156523624561657,51.321485286252]],[[-0.151023184109817,51.3007219312497],[-0.149814608176425,51.3002038176284]],[[-0.149814608176425,51.3002038176284],[-0.149496204705973,51.3007005254182]],[[-0.149496204705973,51.3007005254182],[-0.148451766086654,51.3007038056482]],[[-0.148451766086654,51.3007038056482],[-0.145625132209915,51.2998282510668]],[[-0.145625132209915,51.2998282510668],[-0.144852109926054,51.3007125936525]],[[-0.144852109926054,51.3007125936525],[-0.144422911498295,51.3005411882962]],[[-0.144422911498295,51.3005411882962],[-0.143577997575923,51.301244557504]],[[-0.143577997575923,51.301244557504],[-0.142838994720194,51.3000250195634]],[[-0.142838994720194,51.3000250195634],[-0.140864570872737,51.2995755542449]],[[-0.140864570872737,51.2995755542449],[-0.137213219898507,51.3007415602643]],[[-0.137213219898507,51.3007415602643],[-0.136167490809853,51.2982789235295]],[[-0.136167490809853,51.2982789235295],[-0.134356098974276,51.2983755448969]],[[-0.134356098974276,51.2983755448969],[-0.131041131226239,51.2954758158966]],[[-0.131041131226239,51.2954758158966],[-0.131330311011781,51.2946245927381]],[[-0.131330311011781,51.2946245927381],[-0.130288175940541,51.2928888338468]],[[-0.130288175940541,51.2928888338468],[-0.126334941616266,51.2896642336475]],[[-0.126334941616266,51.2896642336475],[-0.126049064187005,51.2884031220565]],[[-0.126049064187005,51.2884031220565],[-0.124301850029936,51.2867904031611]],[[-0.140462480803131,51.1600473181942],[-0.146232496587232,51.1602783407423]],[[-0.146232496587232,51.1602783407423],[-0.153143241245867,51.1598435260687]],[[-0.153143241245867,51.1598435260687],[-0.154514096424726,51.1600395700673]],[[-0.154514096424726,51.1600395700673],[-0.156422428768693,51.159596651511]],[[-0.156422428768693,51.159596651511],[-0.160892192626889,51.1597686493567]],[[-0.160892192626889,51.1597686493567],[-0.163496320199338,51.1602701198168]],[[-0.163496320199338,51.1602701198168],[-0.166953584176529,51.161536879396]],[[-0.166953584176529,51.161536879396],[-0.17670622529243,51.1668499717321]],[[-0.220841625332819,51.3298019706872],[-0.216085272317037,51.3297994479429]],[[-0.216085272317037,51.3297994479429],[-0.214229603051396,51.330252715746]],[[-0.214229603051396,51.330252715746],[-0.211968448705917,51.3333261120878]],[[-0.211968448705917,51.3333261120878],[-0.213053983018457,51.335553568244]],[[-0.213053983018457,51.335553568244],[-0.20205494756804,51.340140194764]],[[-0.20205494756804,51.340140194764],[-0.202046363154046,51.340142616863]],[[-0.244679372720784,51.3690611536447],[-0.245382434157475,51.3668892943279]],[[-0.245041240280716,51.3799602694744],[-0.244679372720784,51.3690611536447]],[[-0.27244582790641,51.3722467417846],[-0.269040310104722,51.3735373133568]],[[-0.269040310104722,51.3735373133568],[-0.264623840046074,51.3756162582769]],[[-0.264623840046074,51.3756162582769],[-0.262267173534486,51.3774100179725]],[[-0.262267173534486,51.3774100179725],[-0.260991332915542,51.379595673917]],[[-0.260991332915542,51.379595673917],[-0.258211975143256,51.3789186046488]],[[-0.258211975143256,51.3789186046488],[-0.253882339585554,51.3787485040858]],[[-0.253882339585554,51.3787485040858],[-0.251855991990156,51.3789615474778]],[[-0.251855991990156,51.3789615474778],[-0.248473134757924,51.3800592342108]],[[-0.248473134757924,51.3800592342108],[-0.245027866580531,51.3800591554688]],[[-0.245027866580531,51.3800591554688],[-0.245041240280716,51.3799602694744]],[[-0.274022551853225,51.3706552821872],[-0.273462254930149,51.3716092506631]],[[-0.273462254930149,51.3716092506631],[-0.27244582790641,51.3722467417846]],[[-0.305062772223965,51.337814634487],[-0.305385030571139,51.3395587111363]],[[-0.305385030571139,51.3395587111363],[-0.304065646686288,51.3431716513728]],[[-0.304065646686288,51.3431716513728],[-0.301376941291102,51.3453029408354]],[[-0.301376941291102,51.3453029408354],[-0.299230749741224,51.3483693364762]],[[-0.299230749741224,51.3483693364762],[-0.292882670548092,51.3523507269466]],[[-0.292882670548092,51.3523507269466],[-0.292697986139606,51.3536571640621]],[[-0.292697986139606,51.3536571640621],[-0.291329995960083,51.3550868178169]],[[-0.291329995960083,51.3550868178169],[-0.291199885866217,51.356577222703]],[[-0.291199885866217,51.356577222703],[-0.289008414827386,51.3587448050162]],[[-0.289008414827386,51.3587448050162],[-0.287018686644174,51.3593978410581]],[[-0.226944751876078,51.3626256423043],[-0.224057875439187,51.3592742258887]],[[-0.224057875439187,51.3592742258887],[-0.222736428311044,51.3570860723604]],[[-0.222736428311044,51.3570860723604],[-0.221974866292256,51.3535305503846]],[[-0.221974866292256,51.3535305503846],[-0.222091853689523,51.3513246377407]],[[-0.222091853689523,51.3513246377407],[-0.221261964912739,51.3511708037795]],[[-0.221261964912739,51.3511708037795],[-0.220420862146078,51.3514197278752]],[[-0.220420862146078,51.3514197278752],[-0.22018551426333,51.3500798623837]],[[-0.22018551426333,51.3500798623837],[-0.21777747301199,51.3456313934939]],[[-0.21777747301199,51.3456313934939],[-0.217264425534208,51.3433870908022]],[[-0.217264425534208,51.3433870908022],[-0.221785936519717,51.3413452357562]],[[-0.221785936519717,51.3413452357562],[-0.222700381564937,51.3408294208442]],[[-0.222700381564937,51.3408294208442],[-0.222276761871338,51.3404605940402]],[[-0.222276761871338,51.3404605940402],[-0.223261121111112,51.3398811076016]],[[-0.223261121111112,51.3398811076016],[-0.224090565020614,51.3400412234932]],[[-0.224090565020614,51.3400412234932],[-0.226826853442208,51.337888470377]],[[-0.226826853442208,51.337888470377],[-0.229822682346971,51.3365228045655]],[[-0.229822682346971,51.3365228045655],[-0.220841625332819,51.3298019706872]],[[-0.233949400956512,51.3653847827061],[-0.233191345765746,51.3660100237169]],[[-0.233191345765746,51.3660100237169],[-0.226944751876078,51.3626256423043]],[[-0.287018686644174,51.3593978410581],[-0.285210052743086,51.3611915779588]],[[-0.285210052743086,51.3611915779588],[-0.288395626599499,51.3621599530413]],[[-0.288395626599499,51.3621599530413],[-0.287199548589013,51.3625394047912]],[[-0.287199548589013,51.3625394047912],[-0.284071129097295,51.3651500235484]],[[-0.284071129097295,51.3651500235484],[-0.282161781469282,51.3659997534709]],[[-0.282161781469282,51.3659997534709],[-0.279819388836289,51.3678250888166]],[[-0.279819388836289,51.3678250888166],[-0.276560062628712,51.3688077459618]],[[-0.276560062628712,51.3688077459618],[-0.275832391300465,51.3700137733847]],[[-0.275832391300465,51.3700137733847],[-0.274022551853225,51.3706552821872]],[[-0.30618917299884,51.3350755647039],[-0.305135065101119,51.3363508410086]],[[-0.305135065101119,51.3363508410086],[-0.305062772223965,51.337814634487]],[[-0.245382434157475,51.3668892943279],[-0.241150340069487,51.3662619656321]],[[-0.241150340069487,51.3662619656321],[-0.24089087845287,51.3670367764087]],[[-0.24089087845287,51.3670367764087],[-0.238917446309639,51.366834444855]],[[-0.238917446309639,51.366834444855],[-0.237824768755512,51.3670068989883]],[[-0.237824768755512,51.3670068989883],[-0.236779812334742,51.3667969112556]],[[-0.236779812334742,51.3667969112556],[-0.233949400956512,51.3653847827061]],[[-0.323946901864069,51.3267160648172],[-0.318955380094986,51.327956487283]],[[-0.318955380094986,51.327956487283],[-0.316741565315754,51.3291458801178]],[[-0.316741565315754,51.3291458801178],[-0.313692682687823,51.331414861887]],[[-0.313692682687823,51.331414861887],[-0.310929454278381,51.3323893960177]],[[-0.310929454278381,51.3323893960177],[-0.30761218961433,51.3346076990427]],[[-0.30761218961433,51.3346076990427],[-0.30618917299884,51.3350755647039]],[[-0.389274244826868,51.2559285003392],[-0.390062375101734,51.2574068845004]],[[-0.390062375101734,51.2574068845004],[-0.390673270406119,51.2624458040969]],[[-0.390673270406119,51.2624458040969],[-0.389980149852514,51.2647293491882]],[[-0.389980149852514,51.2647293491882],[-0.387124037906654,51.26487618276]],[[-0.387124037906654,51.26487618276],[-0.38726988530786,51.2653368208865]],[[-0.38726988530786,51.2653368208865],[-0.388598098862973,51.2669505096573]],[[-0.388598098862973,51.2669505096573],[-0.389138964670695,51.2691459141839]],[[-0.389138964670695,51.2691459141839],[-0.390373901305227,51.2703994051662]],[[-0.390373901305227,51.2703994051662],[-0.390228762842348,51.2714746979207]],[[-0.390228762842348,51.2714746979207],[-0.392111609201094,51.2712532545022]],[[-0.392111609201094,51.2712532545022],[-0.393431813373475,51.2725330546486]],[[-0.393431813373475,51.2725330546486],[-0.392852530393277,51.2737247471004]],[[-0.392852530393277,51.2737247471004],[-0.393555495125252,51.2745347864753]],[[-0.393555495125252,51.2745347864753],[-0.392047936109476,51.275213703138]],[[-0.392047936109476,51.275213703138],[-0.392945949496522,51.2763491707757]],[[-0.392945949496522,51.2763491707757],[-0.392615295105415,51.276457997196]],[[-0.392615295105415,51.276457997196],[-0.393474179989832,51.2769472523061]],[[-0.393474179989832,51.2769472523061],[-0.394665513553035,51.2769105522709]],[[-0.394665513553035,51.2769105522709],[-0.394810431307451,51.2764530532714]],[[-0.394810431307451,51.2764530532714],[-0.396041615165892,51.2786488662563]],[[-0.396041615165892,51.2786488662563],[-0.397214718814098,51.2788042783939]],[[-0.397214718814098,51.2788042783939],[-0.39737625212081,51.2796419422726]],[[-0.39737625212081,51.2796419422726],[-0.397085108167116,51.2857574595747]],[[-0.397085108167116,51.2857574595747],[-0.396099819376882,51.2860447722012]],[[-0.396099819376882,51.2860447722012],[-0.395446621816552,51.2868469635693]],[[-0.395446621816552,51.2868469635693],[-0.394506776151596,51.2906753152582]],[[-0.394506776151596,51.2906753152582],[-0.394560291702454,51.2918532145937]],[[-0.394560291702454,51.2918532145937],[-0.396028044195326,51.2947185879633]],[[-0.396028044195326,51.2947185879633],[-0.396103247506758,51.2957708632358]],[[-0.396103247506758,51.2957708632358],[-0.395730852034372,51.2960436357647]],[[-0.395730852034372,51.2960436357647],[-0.396119777460405,51.296407771828]],[[-0.396119777460405,51.296407771828],[-0.394673936787088,51.297970581461]],[[-0.17670622529243,51.1668499717321],[-0.177616748586013,51.1673002882772]],[[-0.177616748586013,51.1673002882772],[-0.179157231251178,51.1670842119422]],[[-0.179157231251178,51.1670842119422],[-0.185297862155254,51.1648197199226]],[[-0.185297862155254,51.1648197199226],[-0.1867703858467,51.1638524140339]],[[-0.1867703858467,51.1638524140339],[-0.186271778691638,51.1621224424055]],[[-0.186271778691638,51.1621224424055],[-0.186866075364391,51.1616658518995]],[[-0.186866075364391,51.1616658518995],[-0.188884914485802,51.1624129568709]],[[-0.188884914485802,51.1624129568709],[-0.190509355141965,51.1620199420743]],[[-0.190509355141965,51.1620199420743],[-0.194926371951781,51.1624469942153]],[[-0.194926371951781,51.1624469942153],[-0.195921749409937,51.1623023166623]],[[-0.195921749409937,51.1623023166623],[-0.204109586928842,51.1557113163397]],[[-0.204109586928842,51.1557113163397],[-0.206517626574246,51.1551637035812]],[[-0.206517626574246,51.1551637035812],[-0.212142089174476,51.1554548855593]],[[-0.212142089174476,51.1554548855593],[-0.211188408505489,51.1525274751497]],[[-0.211188408505489,51.1525274751497],[-0.211574770416991,51.1504127955167]],[[-0.211574770416991,51.1504127955167],[-0.214307191678029,51.15030341526]],[[-0.214307191678029,51.15030341526],[-0.214235175126048,51.1484633096485]],[[-0.214235175126048,51.1484633096485],[-0.215883908479708,51.1482357488434]],[[-0.215883908479708,51.1482357488434],[-0.216981637948275,51.1493603880792]],[[-0.216981637948275,51.1493603880792],[-0.219940636046401,51.1490835196628]],[[-0.219940636046401,51.1490835196628],[-0.222792660071282,51.1480749233433]],[[-0.222792660071282,51.1480749233433],[-0.226577675837458,51.148252903274]],[[-0.226577675837458,51.148252903274],[-0.229041075140487,51.1456569008447]],[[-0.229041075140487,51.1456569008447],[-0.230147665248772,51.1459551491814]],[[-0.230147665248772,51.1459551491814],[-0.236272652345043,51.1458795015919]],[[-0.236272652345043,51.1458795015919],[-0.236066658519749,51.1467100808286]],[[-0.236066658519749,51.1467100808286],[-0.238697798818943,51.1468099941374]],[[-0.238697798818943,51.1468099941374],[-0.241924870772513,51.1460185981269]],[[-0.241924870772513,51.1460185981269],[-0.242289973043384,51.1462291612811]],[[-0.242289973043384,51.1462291612811],[-0.243253265910981,51.1455592886178]],[[-0.243253265910981,51.1455592886178],[-0.243351058012027,51.144896491265]],[[-0.243351058012027,51.144896491265],[-0.24420141625215,51.1444718815487]],[[-0.24420141625215,51.1444718815487],[-0.246615033633585,51.1459622895811]],[[-0.246615033633585,51.1459622895811],[-0.248512076606572,51.1440802928705]],[[-0.248512076606572,51.1440802928705],[-0.250044920028945,51.1442798329527]],[[-0.250044920028945,51.1442798329527],[-0.251157940777964,51.1440560178697]],[[-0.251157940777964,51.1440560178697],[-0.251525664774242,51.1436316519319]],[[-0.251525664774242,51.1436316519319],[-0.253246824116668,51.144014409515]],[[-0.253246824116668,51.144014409515],[-0.252740075600899,51.1444861644223]],[[-0.252740075600899,51.1444861644223],[-0.255184519970304,51.1441908360757]],[[-0.255184519970304,51.1441908360757],[-0.255495986554317,51.1405104738155]],[[-0.255495986554317,51.1405104738155],[-0.254625028845736,51.1390994430562]],[[-0.254625028845736,51.1390994430562],[-0.260503326256928,51.1380859347374]],[[-0.260503326256928,51.1380859347374],[-0.264671092348195,51.1356622063568]],[[-0.264671092348195,51.1356622063568],[-0.265928659579655,51.1339137959631]],[[-0.265928659579655,51.1339137959631],[-0.267189773609457,51.1329091158681]],[[-0.267189773609457,51.1329091158681],[-0.275290745685159,51.1303085207745]],[[-0.275290745685159,51.1303085207745],[-0.279396507655544,51.1299742696334]],[[-0.279396507655544,51.1299742696334],[-0.282161958276864,51.1301309285195]],[[-0.282161958276864,51.1301309285195],[-0.28464157645636,51.1306367420184]],[[-0.28464157645636,51.1306367420184],[-0.286390624996893,51.1304924748636]],[[-0.286390624996893,51.1304924748636],[-0.28763643690592,51.1298932645408]],[[-0.28763643690592,51.1298932645408],[-0.289316003885288,51.1281386524899]],[[-0.289316003885288,51.1281386524899],[-0.291597942562691,51.1269103120252]],[[-0.291597942562691,51.1269103120252],[-0.300346786136933,51.1247356959145]],[[-0.300346786136933,51.1247356959145],[-0.305593430789043,51.1244476531084]],[[-0.305593430789043,51.1244476531084],[-0.308866875994985,51.1250481338777]],[[-0.308866875994985,51.1250481338777],[-0.309184898682116,51.1247154138665]],[[-0.309184898682116,51.1247154138665],[-0.309627803213722,51.1248738454237]],[[-0.309627803213722,51.1248738454237],[-0.309627099652946,51.1245411015868]],[[-0.309627099652946,51.1245411015868],[-0.312551340178168,51.1240194660623]],[[-0.312551340178168,51.1240194660623],[-0.318215468010413,51.1243492993973]],[[-0.318215468010413,51.1243492993973],[-0.319332624696079,51.1246369568763]],[[-0.319332624696079,51.1246369568763],[-0.320609981741222,51.1251148012591]],[[-0.320609981741222,51.1251148012591],[-0.326367613352662,51.1257855809894]],[[-0.326367613352662,51.1257855809894],[-0.32950183130969,51.1243246264055]],[[-0.32950183130969,51.1243246264055],[-0.330569133299245,51.123054137307]],[[-0.330569133299245,51.123054137307],[-0.331619177350573,51.1224647949441]],[[-0.331619177350573,51.1224647949441],[-0.336249799210654,51.1209740988083]],[[-0.336249799210654,51.1209740988083],[-0.342015303761532,51.119905825741]],[[-0.330655551869037,51.329009638114],[-0.330115429028617,51.3275172663499]],[[-0.330115429028617,51.3275172663499],[-0.328222223353321,51.3264681826619]],[[-0.328222223353321,51.3264681826619],[-0.327410431581052,51.3262940076894]],[[-0.327410431581052,51.3262940076894],[-0.327140919810089,51.3266951756198]],[[-0.327140919810089,51.3266951756198],[-0.323946901864069,51.3267160648172]],[[-0.342015303761532,51.119905825741],[-0.344356036574081,51.1189250550448]],[[-0.344356036574081,51.1189250550448],[-0.348117792671843,51.1187907505974]],[[-0.348117792671843,51.1187907505974],[-0.350500518895872,51.1182211310656]],[[-0.350500518895872,51.1182211310656],[-0.352787194507198,51.1182793473429]],[[-0.352787194507198,51.1182793473429],[-0.353928376439878,51.1186991905776]],[[-0.353928376439878,51.1186991905776],[-0.355329926514412,51.120048505765]],[[-0.355329926514412,51.120048505765],[-0.358033355933323,51.1210302238492]],[[-0.358033355933323,51.1210302238492],[-0.3596640798184,51.1205773385857]],[[-0.3596640798184,51.1205773385857],[-0.359239614402006,51.1197746693685]],[[-0.359239614402006,51.1197746693685],[-0.360258497976365,51.1196108600975]],[[-0.360258497976365,51.1196108600975],[-0.360451961164816,51.119190939579]],[[-0.360451961164816,51.119190939579],[-0.360018265390543,51.1190085607868]],[[-0.360018265390543,51.1190085607868],[-0.361398986473177,51.1189964449464]],[[-0.361398986473177,51.1189964449464],[-0.361459688372235,51.1193021548534]],[[-0.361459688372235,51.1193021548534],[-0.361845140692133,51.1189064986873]],[[-0.361845140692133,51.1189064986873],[-0.363629657166167,51.1187893406361]],[[-0.363629657166167,51.1187893406361],[-0.36454508796605,51.1194927744894]],[[-0.36454508796605,51.1194927744894],[-0.365465452821993,51.1185173410242]],[[-0.365465452821993,51.1185173410242],[-0.365180043974359,51.117978342201]],[[-0.365180043974359,51.117978342201],[-0.367339650969464,51.1174356472687]],[[-0.367339650969464,51.1174356472687],[-0.370140990346213,51.1174098906601]],[[-0.370140990346213,51.1174098906601],[-0.37595525550594,51.1167093187584]],[[-0.37595525550594,51.1167093187584],[-0.379351942682795,51.1171080320711]],[[-0.379351942682795,51.1171080320711],[-0.383100814763155,51.1169935867574]],[[-0.383100814763155,51.1169935867574],[-0.384575048446726,51.1147751620435]],[[-0.384575048446726,51.1147751620435],[-0.386335143448848,51.114959072062]],[[-0.386335143448848,51.114959072062],[-0.390345078845017,51.1147301346305]],[[-0.390345078845017,51.1147301346305],[-0.391524793518279,51.1165107854723]],[[-0.391524793518279,51.1165107854723],[-0.395500887334711,51.1138800937585]],[[-0.395500887334711,51.1138800937585],[-0.396504233776198,51.1121762670339]],[[-0.396504233776198,51.1121762670339],[-0.398094281410542,51.1123418950599]],[[-0.398094281410542,51.1123418950599],[-0.399651174347111,51.1116087438321]],[[-0.399651174347111,51.1116087438321],[-0.399161682459136,51.110102925405]],[[-0.399161682459136,51.110102925405],[-0.400922981737899,51.1096935960064]],[[-0.400922981737899,51.1096935960064],[-0.400218400447078,51.1084195749938]],[[-0.400218400447078,51.1084195749938],[-0.40193138050245,51.1077936245525]],[[-0.40193138050245,51.1077936245525],[-0.403850355880909,51.1076966592727]],[[-0.403850355880909,51.1076966592727],[-0.404014671111927,51.1080693890086]],[[-0.404014671111927,51.1080693890086],[-0.404381196121405,51.1076319798468]],[[-0.404381196121405,51.1076319798468],[-0.406847452475721,51.107323877257]],[[-0.406847452475721,51.107323877257],[-0.409481762232091,51.1075269443087]],[[-0.409481762232091,51.1075269443087],[-0.411178935514305,51.1067766696737]],[[-0.411178935514305,51.1067766696737],[-0.419197682354686,51.1051906183192]],[[-0.419197682354686,51.1051906183192],[-0.419797507032437,51.1067647713755]],[[-0.419797507032437,51.1067647713755],[-0.419521859906094,51.108020039172]],[[-0.419521859906094,51.108020039172],[-0.418935855740565,51.1091724992124]],[[-0.418935855740565,51.1091724992124],[-0.417419600773618,51.1089274417275]],[[-0.417419600773618,51.1089274417275],[-0.417286874324924,51.1091283376793]],[[-0.417286874324924,51.1091283376793],[-0.418207227210455,51.1093710272261]],[[-0.418207227210455,51.1093710272261],[-0.418584853947043,51.1109453812278]],[[-0.418584853947043,51.1109453812278],[-0.417880208081656,51.1216705518061]],[[-0.417880208081656,51.1216705518061],[-0.416991380033883,51.1247223964409]],[[-0.416991380033883,51.1247223964409],[-0.413304640752447,51.1254260027474]],[[-0.413304640752447,51.1254260027474],[-0.413236600134928,51.1263288679207]],[[-0.413236600134928,51.1263288679207],[-0.41372051288288,51.1281394107801]],[[-0.41372051288288,51.1281394107801],[-0.415820544810091,51.1311309598406]],[[-0.415820544810091,51.1311309598406],[-0.415931870214573,51.1314696911133]],[[-0.415931870214573,51.1314696911133],[-0.415108742720854,51.1315898872909]],[[-0.415108742720854,51.1315898872909],[-0.415309827152514,51.132187944716]],[[-0.415309827152514,51.132187944716],[-0.416324490227244,51.1324012701004]],[[-0.416324490227244,51.1324012701004],[-0.415708568263379,51.13753596213]],[[-0.415708568263379,51.13753596213],[-0.415949828584662,51.1391345427103]],[[-0.415949828584662,51.1391345427103],[-0.415331967233268,51.1401063759873]],[[-0.415331967233268,51.1401063759873],[-0.414836391571465,51.142470109507]],[[-0.414836391571465,51.142470109507],[-0.415114487356484,51.145037705921]],[[-0.415114487356484,51.145037705921],[-0.414561033572722,51.1501768276251]],[[-0.414561033572722,51.1501768276251],[-0.414839390522801,51.1523208953902]],[[-0.414839390522801,51.1523208953902],[-0.415969554288745,51.1549800410912]],[[-0.415969554288745,51.1549800410912],[-0.41549321440675,51.1563611350599]],[[-0.41549321440675,51.1563611350599],[-0.416338866627444,51.1573492804493]],[[-0.416338866627444,51.1573492804493],[-0.415637619868785,51.1574881230086]],[[-0.415637619868785,51.1574881230086],[-0.415140078305247,51.1586540631522]],[[-0.415140078305247,51.1586540631522],[-0.416623829359624,51.1670770050285]],[[-0.416623829359624,51.1670770050285],[-0.41619086587296,51.1686070269374]],[[-0.41619086587296,51.1686070269374],[-0.418441916813657,51.172219347499]],[[-0.418441916813657,51.172219347499],[-0.418568646347191,51.173293611284]],[[-0.418568646347191,51.173293611284],[-0.416927282092234,51.1735217709863]],[[-0.416927282092234,51.1735217709863],[-0.416444205849264,51.1741769197266]],[[-0.416444205849264,51.1741769197266],[-0.415400640621529,51.174058653859]],[[-0.415400640621529,51.174058653859],[-0.412391730069721,51.175295281497]],[[-0.412391730069721,51.175295281497],[-0.408446880586885,51.175687545504]],[[-0.408446880586885,51.175687545504],[-0.408129315527594,51.1777012203269]],[[-0.408129315527594,51.1777012203269],[-0.409964536532026,51.1814420191192]],[[-0.409964536532026,51.1814420191192],[-0.40936808412204,51.1847120747701]],[[-0.40936808412204,51.1847120747701],[-0.411363171687772,51.1897574724954]],[[-0.411363171687772,51.1897574724954],[-0.409878126861738,51.1926995133997]],[[-0.409878126861738,51.1926995133997],[-0.410237147609192,51.1934112996409]],[[-0.410237147609192,51.1934112996409],[-0.411633986019804,51.1944122786803]],[[-0.411633986019804,51.1944122786803],[-0.414305349742989,51.1955986359826]],[[-0.414305349742989,51.1955986359826],[-0.417688100159447,51.1993226329413]],[[-0.417688100159447,51.1993226329413],[-0.41799226061057,51.2008069697408]],[[-0.41799226061057,51.2008069697408],[-0.418938776102153,51.2018008836994]],[[-0.418938776102153,51.2018008836994],[-0.419601592065122,51.2018826786906]],[[-0.419601592065122,51.2018826786906],[-0.422335173348347,51.2035471455786]],[[-0.422335173348347,51.2035471455786],[-0.428131637404378,51.2057285141032]],[[-0.428131637404378,51.2057285141032],[-0.430679426070858,51.2079601953938]],[[-0.430679426070858,51.2079601953938],[-0.436957388438758,51.2088137882857]],[[-0.436957388438758,51.2088137882857],[-0.438436754321913,51.2096794963312]],[[-0.438436754321913,51.2096794963312],[-0.438305085217652,51.2116688153605]],[[-0.438305085217652,51.2116688153605],[-0.436776054178843,51.2128966133816]],[[-0.436776054178843,51.2128966133816],[-0.435255016868943,51.2167171135766]],[[-0.435255016868943,51.2167171135766],[-0.434340757396487,51.2177525253367]],[[-0.434340757396487,51.2177525253367],[-0.430612447367087,51.2271019122271]],[[-0.430612447367087,51.2271019122271],[-0.42654437987519,51.2294735740434]],[[-0.42654437987519,51.2294735740434],[-0.425676136085806,51.2303233400558]],[[-0.425676136085806,51.2303233400558],[-0.426070914106885,51.2317684263844]],[[-0.426070914106885,51.2317684263844],[-0.427269406828065,51.2332512820046]],[[-0.427269406828065,51.2332512820046],[-0.430162000336321,51.235128226137]],[[-0.430162000336321,51.235128226137],[-0.433998794948388,51.2386957230345]],[[-0.433998794948388,51.2386957230345],[-0.434648247892369,51.2399058415905]],[[-0.434648247892369,51.2399058415905],[-0.433812746620553,51.2407147403546]],[[-0.433812746620553,51.2407147403546],[-0.432598903857584,51.240855010877]],[[-0.432598903857584,51.240855010877],[-0.429338971389474,51.2404119787903]],[[-0.429338971389474,51.2404119787903],[-0.427128612158509,51.2410388453876]],[[-0.427128612158509,51.2410388453876],[-0.425549157944665,51.2411443721933]],[[-0.425549157944665,51.2411443721933],[-0.421105747441286,51.2395670540211]],[[-0.421105747441286,51.2395670540211],[-0.41863741040856,51.2384891972622]],[[-0.41863741040856,51.2384891972622],[-0.415912236026192,51.2366331403766]],[[-0.415912236026192,51.2366331403766],[-0.410854390707787,51.2351632664539]],[[-0.410854390707787,51.2351632664539],[-0.402015654171769,51.236001868759]],[[-0.402015654171769,51.236001868759],[-0.397353726607919,51.2376700737393]],[[-0.397353726607919,51.2376700737393],[-0.396963682669025,51.2378886761063]],[[-0.396963682669025,51.2378886761063],[-0.397342528627006,51.2410053281448]],[[-0.397342528627006,51.2410053281448],[-0.396572850261862,51.242126907044]],[[-0.396572850261862,51.242126907044],[-0.396774558467077,51.2436611259674]],[[-0.396774558467077,51.2436611259674],[-0.39573118997939,51.2437952577558]],[[-0.39573118997939,51.2437952577558],[-0.395493293839371,51.2469699798289]],[[-0.395493293839371,51.2469699798289],[-0.395939890408513,51.2505659153154]],[[-0.395939890408513,51.2505659153154],[-0.394864777187763,51.2521842297399]],[[-0.394864777187763,51.2521842297399],[-0.394459712986442,51.2550896681826]],[[-0.394459712986442,51.2550896681826],[-0.394348567727645,51.2553191887241]],[[-0.394348567727645,51.2553191887241],[-0.392176904612083,51.2550898020956]],[[-0.392176904612083,51.2550898020956],[-0.391570118510397,51.2564627039175]],[[-0.391570118510397,51.2564627039175],[-0.389274244826868,51.2559285003392]],[[-0.09369042917166,51.13842647851],[-0.10916929592686,51.1393675062365]],[[-0.10916929592686,51.1393675062365],[-0.11176487956382,51.1400794240707]],[[-0.11176487956382,51.1400794240707],[-0.111644135278835,51.1403751577696]],[[-0.111644135278835,51.1403751577696],[-0.11496460158652,51.1407021250214]],[[-0.11496460158652,51.1407021250214],[-0.114586472769587,51.1411042982114]],[[-0.114586472769587,51.1411042982114],[-0.11725232095628,51.1416059443833]],[[-0.11725232095628,51.1416059443833],[-0.117828939122142,51.1405746409501]],[[-0.117828939122142,51.1405746409501],[-0.120810712075035,51.1407217154167]],[[-0.120810712075035,51.1407217154167],[-0.124558079590476,51.1402730221136]],[[-0.124558079590476,51.1402730221136],[-0.125142566702042,51.1408601194139]],[[-0.125142566702042,51.1408601194139],[-0.12757042959279,51.1403020577457]],[[-0.12757042959279,51.1403020577457],[-0.127401844777835,51.1395357674026]],[[-0.127401844777835,51.1395357674026],[-0.131084733881911,51.1394339165489]],[[-0.131084733881911,51.1394339165489],[-0.131748653221794,51.1414685441233]],[[-0.131748653221794,51.1414685441233],[-0.137571778320172,51.1421596095868]],[[-0.137571778320172,51.1421596095868],[-0.136330780216503,51.14638290717]],[[-0.136330780216503,51.14638290717],[-0.135030192930538,51.1559813078406]],[[-0.135030192930538,51.1559813078406],[-0.134192041646016,51.1577216618848]],[[-0.134192041646016,51.1577216618848],[-0.132959635268358,51.1588837311559]],[[-0.132959635268358,51.1588837311559],[-0.133135889284447,51.1592291761377]],[[-0.133135889284447,51.1592291761377],[-0.135984287091781,51.1597377065003]],[[-0.135984287091781,51.1597377065003],[-0.140462480803131,51.1600473181942]],[[-0.124301850029936,51.2867904031611],[-0.117787425992582,51.287182022292]],[[-0.117787425992582,51.287182022292],[-0.116939969218837,51.2894877897611]],[[-0.116939969218837,51.2894877897611],[-0.115805363546077,51.2906448857013]],[[0.0514942417773003,51.157245417429],[0.0514341594480162,51.1543749061664]],[[0.0514341594480162,51.1543749061664],[0.0508411677601335,51.1535147276792]],[[0.0508411677601335,51.1535147276792],[0.0512233742471596,51.1516842454586]],[[0.0512233742471596,51.1516842454586],[0.0524142675309856,51.1507460242066]],[[0.0524142675309856,51.1507460242066],[0.0546825143671255,51.1504336897054]],[[0.0546825143671255,51.1504336897054],[0.0548053630708366,51.1495285920495]],[[0.0548053630708366,51.1495285920495],[0.0542496182807583,51.1483152544938]],[[0.0542496182807583,51.1483152544938],[0.0530764622170315,51.1474616845103]],[[0.0530764622170315,51.1474616845103],[0.0518516045458443,51.1449254928767]],[[0.0518516045458443,51.1449254928767],[0.0509180471610253,51.1447008236412]],[[0.0509180471610253,51.1447008236412],[0.0498909099670782,51.1439121802753]],[[0.0498909099670782,51.1439121802753],[0.0500165286936347,51.142650015856]],[[0.0500165286936347,51.142650015856],[0.0429451055081275,51.1416360559424]],[[0.0429451055081275,51.1416360559424],[0.0417081554452459,51.1410137422632]],[[0.0417081554452459,51.1410137422632],[0.0412054632510096,51.1411880347968]],[[0.0412054632510096,51.1411880347968],[0.038368012663107,51.140285135781]],[[0.038368012663107,51.140285135781],[0.0352358550567898,51.1403837322879]],[[0.0352358550567898,51.1403837322879],[0.031595980639781,51.1397941077536]],[[0.031595980639781,51.1397941077536],[0.0293281903194672,51.1400114925281]],[[0.0293281903194672,51.1400114925281],[0.0273600610344932,51.1398479920559]],[[0.0273600610344932,51.1398479920559],[0.0232387193460855,51.1390729026892]],[[0.0232387193460855,51.1390729026892],[0.0209863711129978,51.1393483648522]],[[0.0209863711129978,51.1393483648522],[0.0199148471243572,51.139952334509]],[[0.0199148471243572,51.139952334509],[0.0170936378397731,51.1391493627138]],[[0.0170936378397731,51.1391493627138],[0.0109844092932259,51.1389492428689]],[[0.0109844092932259,51.1389492428689],[0.00709699205925563,51.1389863407892]],[[0.00709699205925563,51.1389863407892],[0.00116551831272162,51.139605989538]],[[0.00116551831272162,51.139605989538],[-0.00139665671061195,51.1389339380107]],[[-0.00139665671061195,51.1389339380107],[-0.00314852407239277,51.1381059049392]],[[-0.00314852407239277,51.1381059049392],[-0.00542700455344728,51.1382086349758]],[[-0.00542700455344728,51.1382086349758],[-0.00548253603808857,51.1379483280889]],[[-0.00548253603808857,51.1379483280889],[-0.00673243499160187,51.1376407526336]],[[-0.00673243499160187,51.1376407526336],[-0.00622968806582764,51.1384736819809]],[[-0.00622968806582764,51.1384736819809],[-0.00678636848889756,51.1391402168518]],[[-0.00678636848889756,51.1391402168518],[-0.0100440757264516,51.1383133608271]],[[-0.0100440757264516,51.1383133608271],[-0.010171524421489,51.1387404602631]],[[-0.010171524421489,51.1387404602631],[-0.0113315971894423,51.1390727060768]],[[-0.0113315971894423,51.1390727060768],[-0.0124462158174001,51.1388991969207]],[[-0.0124462158174001,51.1388991969207],[-0.0124554892554708,51.139265829515]],[[-0.0124554892554708,51.139265829515],[-0.0144499928156351,51.1396252614232]],[[-0.0144499928156351,51.1396252614232],[-0.0144139220709398,51.1400662177424]],[[-0.0144139220709398,51.1400662177424],[-0.0161652172267082,51.140381021747]],[[-0.0161652172267082,51.140381021747],[-0.0167007132898962,51.1409953492815]],[[-0.0167007132898962,51.1409953492815],[-0.0176532884712702,51.1411846184052]],[[-0.0176532884712702,51.1411846184052],[-0.0183437999982617,51.1411841790245]],[[-0.0183437999982617,51.1411841790245],[-0.0187811342166192,51.140719442622]],[[-0.0187811342166192,51.140719442622],[-0.0203685187490949,51.1409572144517]],[[-0.0203685187490949,51.1409572144517],[-0.0200489481199249,51.1392876025495]],[[-0.0200489481199249,51.1392876025495],[-0.0211360547457903,51.1393891889863]],[[-0.0211360547457903,51.1393891889863],[-0.0246547578185935,51.1386125503077]],[[-0.0246547578185935,51.1386125503077],[-0.0307053389465264,51.1386172069029]],[[-0.0307053389465264,51.1386172069029],[-0.0332411132759933,51.1392611194912]],[[-0.0332411132759933,51.1392611194912],[-0.037381748568595,51.1392110129354]],[[-0.037381748568595,51.1392110129354],[-0.041780395211846,51.1395658029217]],[[-0.041780395211846,51.1395658029217],[-0.0462497765053932,51.138958412464]],[[-0.0462497765053932,51.138958412464],[-0.0463540113979867,51.1391305771432]],[[-0.0463540113979867,51.1391305771432],[-0.0530171007162451,51.1378391889583]],[[-0.0530171007162451,51.1378391889583],[-0.0563256940979034,51.1367655203714]],[[-0.0563256940979034,51.1367655203714],[-0.0632034834883577,51.1412575843542]],[[-0.0632034834883577,51.1412575843542],[-0.067079723082653,51.1411068324266]],[[-0.067079723082653,51.1411068324266],[-0.0739624303017941,51.1417778905057]],[[-0.0739624303017941,51.1417778905057],[-0.076312601850275,51.142295952782]],[[-0.076312601850275,51.142295952782],[-0.0810656648851858,51.1422040127242]],[[-0.0810656648851858,51.1422040127242],[-0.0826130513630852,51.1426377467389]],[[-0.0826130513630852,51.1426377467389],[-0.0853890388561475,51.1427506505096]],[[-0.0853890388561475,51.1427506505096],[-0.0930599789402519,51.1387066923908]],[[-0.0930599789402519,51.1387066923908],[-0.09369042917166,51.13842647851]],[[0.0396821385681345,51.1978221000815],[0.0404448719996563,51.1978834239747]],[[0.0404448719996563,51.1978834239747],[0.0406776179406583,51.1976113524449]],[[0.0406776179406583,51.1976113524449],[0.0404196228497718,51.1966625663733]],[[0.0404196228497718,51.1966625663733],[0.0413995129365872,51.1958406252605]],[[0.0413995129365872,51.1958406252605],[0.0425340100106202,51.1940482159251]],[[0.0425340100106202,51.1940482159251],[0.0420652922194956,51.1937092664038]],[[0.0420652922194956,51.1937092664038],[0.0425144251307027,51.1936052254263]],[[0.0425144251307027,51.1936052254263],[0.0427749615238205,51.1929909271721]],[[0.0427749615238205,51.1929909271721],[0.0440510359374123,51.1926224077131]],[[0.0440510359374123,51.1926224077131],[0.044545045530945,51.1918528910901]],[[0.044545045530945,51.1918528910901],[0.0460169758373819,51.192159007404]],[[0.0460169758373819,51.192159007404],[0.0469662911109817,51.1916846849447]],[[0.0469662911109817,51.1916846849447],[0.0478232570093242,51.1917416144196]],[[0.0478232570093242,51.1917416144196],[0.0473252620796173,51.1899992952655]],[[0.0473252620796173,51.1899992952655],[0.0451674426327198,51.1886152416375]],[[0.0451674426327198,51.1886152416375],[0.04625514418071,51.1878435193297]],[[0.04625514418071,51.1878435193297],[0.0468593076049928,51.1877834112915]],[[0.0468593076049928,51.1877834112915],[0.0462573028488285,51.187340719889]],[[0.0462573028488285,51.187340719889],[0.0473590479471684,51.1863357902607]],[[0.0473590479471684,51.1863357902607],[0.0473604090922045,51.1855595962945]],[[0.0473604090922045,51.1855595962945],[0.0489143221791846,51.1848794855524]],[[0.0489143221791846,51.1848794855524],[0.0494369501807275,51.1850169710669]],[[0.0494369501807275,51.1850169710669],[0.0498112006668753,51.1829050528682]],[[0.0498112006668753,51.1829050528682],[0.0522865371505843,51.1812266887108]],[[0.0522865371505843,51.1812266887108],[0.0526003640340758,51.1806240174998]],[[0.0526003640340758,51.1806240174998],[0.0516848755779251,51.1786966368146]],[[0.0516848755779251,51.1786966368146],[0.0517775715899607,51.1777552079331]],[[0.0517775715899607,51.1777552079331],[0.050903631097875,51.1771796602795]],[[0.050903631097875,51.1771796602795],[0.0504989523377766,51.1762820149609]],[[0.0504989523377766,51.1762820149609],[0.0486971595184572,51.1755914459219]],[[0.0486971595184572,51.1755914459219],[0.0482308010644263,51.1743306586904]],[[0.0482308010644263,51.1743306586904],[0.0472889780632275,51.1740629475834]],[[0.0472889780632275,51.1740629475834],[0.0466937109708227,51.1734779972728]],[[0.0466937109708227,51.1734779972728],[0.0461759156641073,51.1718314088835]],[[0.0461759156641073,51.1718314088835],[0.0465617820975843,51.171467546581]],[[0.0465617820975843,51.171467546581],[0.0462508275321184,51.1691932025907]],[[0.0462508275321184,51.1691932025907],[0.0470286267182634,51.1689259653766]],[[0.0470286267182634,51.1689259653766],[0.0466841985451137,51.1684481989391]],[[0.0466841985451137,51.1684481989391],[0.0470867247344315,51.1677180300185]],[[0.0470867247344315,51.1677180300185],[0.0463919004212334,51.1662058944559]],[[0.0463919004212334,51.1662058944559],[0.0469449587476369,51.1648696310212]],[[0.0469449587476369,51.1648696310212],[0.048624139948766,51.1644184778529]],[[0.048624139948766,51.1644184778529],[0.0475137973238735,51.1612426010876]],[[0.0475137973238735,51.1612426010876],[0.048900910953608,51.1588170581099]],[[0.048900910953608,51.1588170581099],[0.0514942417773003,51.157245417429]],[[0.0519423925911647,51.2626827508661],[0.0532518788796058,51.2581650202277]],[[0.0532518788796058,51.2581650202277],[0.0542664118290006,51.2565859977227]],[[0.0542664118290006,51.2565859977227],[0.0538435957078605,51.2540780209052]],[[0.0538435957078605,51.2540780209052],[0.055130736916454,51.2523799349409]],[[0.055130736916454,51.2523799349409],[0.057049818141972,51.2512913508271]],[[0.057049818141972,51.2512913508271],[0.0579884234374969,51.2489177773176]],[[0.0579884234374969,51.2489177773176],[0.0582428302016134,51.2477783258014]],[[0.0582428302016134,51.2477783258014],[0.0576076543448164,51.2449143787902]],[[0.0576076543448164,51.2449143787902],[0.0573647763017561,51.2440624705278]],[[0.0573647763017561,51.2440624705278],[0.0562391938430381,51.2431757250664]],[[0.0562391938430381,51.2431757250664],[0.0553931264495493,51.2405583072428]],[[0.0553931264495493,51.2405583072428],[0.0535573106459332,51.2393251914571]],[[0.0535573106459332,51.2393251914571],[0.0539302525448866,51.2381432100133]],[[0.0539302525448866,51.2381432100133],[0.0528596950860687,51.2365270444974]],[[0.0528596950860687,51.2365270444974],[0.0480327588093922,51.233755984047]],[[0.0480327588093922,51.233755984047],[0.0460587272569948,51.2333186186549]],[[0.0460587272569948,51.2333186186549],[0.0451355935521205,51.2319471399186]],[[0.0451355935521205,51.2319471399186],[0.0438094391536989,51.2308874758383]],[[0.0438094391536989,51.2308874758383],[0.0438635983959535,51.2297831083774]],[[0.0438635983959535,51.2297831083774],[0.0430390971949838,51.2290834685309]],[[0.0430390971949838,51.2290834685309],[0.0423018265525176,51.2273767878628]],[[0.0423018265525176,51.2273767878628],[0.0436854797216305,51.2258273685998]],[[0.0436854797216305,51.2258273685998],[0.0428337717767741,51.2246101601379]],[[0.0428337717767741,51.2246101601379],[0.0423141706431166,51.222576911218]],[[0.0423141706431166,51.222576911218],[0.0429511527733013,51.2217941243723]],[[0.0429511527733013,51.2217941243723],[0.0431667415000596,51.2201617013153]],[[0.0431667415000596,51.2201617013153],[0.0414496018855546,51.2182509451604]],[[0.0414496018855546,51.2182509451604],[0.0411485886584668,51.2166239392512]],[[0.0411485886584668,51.2166239392512],[0.0362795210598884,51.2165819110367]],[[0.0362795210598884,51.2165819110367],[0.0335989515635273,51.2143379718375]],[[0.0335989515635273,51.2143379718375],[0.0347210355670542,51.2134820633217]],[[0.0347210355670542,51.2134820633217],[0.0340242052614985,51.2120310353607]],[[0.0340242052614985,51.2120310353607],[0.0340514066057796,51.2117400732869]],[[0.0340514066057796,51.2117400732869],[0.0345948347080396,51.2116604990458]],[[0.0345948347080396,51.2116604990458],[0.0335877755499986,51.2113236815282]],[[0.0335877755499986,51.2113236815282],[0.0339878430179913,51.2108813998131]],[[0.0339878430179913,51.2108813998131],[0.0337715652554525,51.210554211787]],[[0.0337715652554525,51.210554211787],[0.0353898777732557,51.2084864467635]],[[0.0353898777732557,51.2084864467635],[0.0363793186353237,51.208165256681]],[[0.0363793186353237,51.208165256681],[0.0361983446964577,51.2079561362485]],[[0.0361983446964577,51.2079561362485],[0.0372899001251012,51.2070602741771]],[[0.0372899001251012,51.2070602741771],[0.0366973239899508,51.2051811056255]],[[0.0366973239899508,51.2051811056255],[0.0357943294625617,51.2042138672731]],[[0.0357943294625617,51.2042138672731],[0.0391583977594356,51.2008727850155]],[[0.0391583977594356,51.2008727850155],[0.0383093165402794,51.1997651796679]],[[0.0383093165402794,51.1997651796679],[0.0383870266400363,51.1988330178883]],[[0.0383870266400363,51.1988330178883],[0.0386970356784015,51.1984634032717]],[[0.0386970356784015,51.1984634032717],[0.0393237824342716,51.198459674042]],[[0.0393237824342716,51.198459674042],[0.0396821385681345,51.1978221000815]],[[-0.0942762227753214,51.2994385910081],[-0.0957756303983618,51.2996015284065]],[[-0.0957756303983618,51.2996015284065],[-0.097396361070515,51.3003849032817]],[[-0.097396361070515,51.3003849032817],[-0.097336203946918,51.3011012441919]],[[-0.097336203946918,51.3011012441919],[-0.0959978973409345,51.3015142960073]],[[-0.0959978973409345,51.3015142960073],[-0.09481825344748,51.3006214422121]],[[-0.09481825344748,51.3006214422121],[-0.0912237418672903,51.3014752290573]],[[-0.0912237418672903,51.3014752290573],[-0.0911716230400733,51.3033916850636]],[[-0.0911716230400733,51.3033916850636],[-0.090726245636363,51.3039445328675]],[[-0.090726245636363,51.3039445328675],[-0.0896874672871807,51.303963253578]],[[-0.0896874672871807,51.303963253578],[-0.0886976450324238,51.305146546036]],[[0.0426202011598456,51.3013288984705],[0.0430931266591081,51.2990543143748]],[[0.0430931266591081,51.2990543143748],[0.0442984953391162,51.2985809410559]],[[0.0442984953391162,51.2985809410559],[0.043313107400155,51.2965817568735]],[[0.043313107400155,51.2965817568735],[0.042396497430127,51.2926730467214]],[[0.042396497430127,51.2926730467214],[0.0426949218153683,51.2920625763228]],[[0.0426949218153683,51.2920625763228],[0.0447802066060053,51.2907356220945]],[[0.0447802066060053,51.2907356220945],[0.046740134937882,51.2885924056396]],[[0.046740134937882,51.2885924056396],[0.0481710748551353,51.2856526486969]],[[0.0481710748551353,51.2856526486969],[0.0469258235759097,51.2810662833582]],[[0.0469258235759097,51.2810662833582],[0.0453607065793352,51.2779217370895]],[[0.0453607065793352,51.2779217370895],[0.0453963791891935,51.2766602748246]],[[0.0453963791891935,51.2766602748246],[0.0480318033105296,51.2701211035008]],[[0.0480318033105296,51.2701211035008],[0.0496104259447244,51.2680322899756]],[[0.0496104259447244,51.2680322899756],[0.0496798448991149,51.2656936969046]],[[0.0496798448991149,51.2656936969046],[0.0519423925911647,51.2626827508661]],[[0.012142972058002,51.2996161804857],[0.0150093784679093,51.2917860691426]],[[0.0150093784679093,51.2917860691426],[0.0191012463355629,51.2916841001949]],[[0.0191012463355629,51.2916841001949],[0.0208741483369875,51.2955719083739]],[[0.0208741483369875,51.2955719083739],[0.0209530803467686,51.2967783788473]],[[0.0209530803467686,51.2967783788473],[0.0235992555137935,51.2997040622338]],[[0.0235992555137935,51.2997040622338],[0.0248391363668915,51.3021549341521]],[[0.0248391363668915,51.3021549341521],[0.0279778082496254,51.3046853037826]],[[0.0279778082496254,51.3046853037826],[0.0302816512139515,51.305558218108]],[[0.0302816512139515,51.305558218108],[0.0329094179322316,51.3075209105802]],[[0.0329094179322316,51.3075209105802],[0.036336788657453,51.3058632213416]],[[0.036336788657453,51.3058632213416],[0.0409175801095702,51.3027211628035]],[[0.0409175801095702,51.3027211628035],[0.0415431058799972,51.3029800731629]],[[0.0415431058799972,51.3029800731629],[0.0426202011598456,51.3013288984705]],[[-0.0109465685443747,51.3336758689104],[-0.00966068479460691,51.333928422358]],[[-0.00966068479460691,51.333928422358],[-0.00712773690809125,51.3337397568887]],[[-0.00712773690809125,51.3337397568887],[-0.00720909941461687,51.333387277101]],[[-0.00720909941461687,51.333387277101],[-0.0016766119106944,51.3303073996888]],[[-0.0016766119106944,51.3303073996888],[-0.000502893170893699,51.3287783752273]],[[-0.000502893170893699,51.3287783752273],[0.00225531192400326,51.3291348341144]],[[0.00225531192400326,51.3291348341144],[0.00487026651167884,51.3220763210909]],[[0.00487026651167884,51.3220763210909],[0.00554559304013832,51.3184440613791]],[[0.00554559304013832,51.3184440613791],[0.00659758583732605,51.315684844092]],[[0.00659758583732605,51.315684844092],[0.0103537519124359,51.3161463481737]],[[0.0103537519124359,51.3161463481737],[0.0083863741071487,51.3105614824805]],[[0.0083863741071487,51.3105614824805],[0.012142972058002,51.2996161804857]],[[-0.0639861428900236,51.3186400209383],[-0.0620788830381925,51.3192002875183]],[[-0.0620788830381925,51.3192002875183],[-0.060657578918395,51.3200643938012]],[[-0.060657578918395,51.3200643938012],[-0.0583924286801603,51.320382979344]],[[-0.0583924286801603,51.320382979344],[-0.0562065262172618,51.3216821760405]],[[-0.0562065262172618,51.3216821760405],[-0.0548640234280373,51.3212803579224]],[[-0.0548640234280373,51.3212803579224],[-0.0525310338599882,51.3224193819952]],[[-0.0525310338599882,51.3224193819952],[-0.0513072247610965,51.3224522765565]],[[-0.0513072247610965,51.3224522765565],[-0.0512667375285135,51.3234382192473]],[[-0.0512667375285135,51.3234382192473],[-0.0497654319543468,51.3252667054042]],[[-0.0497654319543468,51.3252667054042],[-0.0478687395913028,51.325245055609]],[[-0.0478687395913028,51.325245055609],[-0.0478280290375267,51.3265096849645]],[[-0.0478280290375267,51.3265096849645],[-0.0490698612265602,51.3286076827904]],[[-0.0490698612265602,51.3286076827904],[-0.0487492772356188,51.3287184154723]],[[-0.0487492772356188,51.3287184154723],[-0.0510808812069827,51.3308453330814]],[[-0.0510808812069827,51.3308453330814],[-0.0510419576777548,51.3315938660758]],[[-0.0510419576777548,51.3315938660758],[-0.0500722010137758,51.3320525226677]],[[-0.0500722010137758,51.3320525226677],[-0.0502771342165054,51.3326378099393]],[[-0.0502771342165054,51.3326378099393],[-0.0484893587285508,51.332801846244]],[[-0.0484893587285508,51.332801846244],[-0.0466062190774591,51.3335384641232]],[[-0.0466062190774591,51.3335384641232],[-0.0419864586902761,51.3338601719349]],[[-0.0419864586902761,51.3338601719349],[-0.0396451976470365,51.3374766353363]],[[-0.0396451976470365,51.3374766353363],[-0.0379200854497904,51.3387247432932]],[[-0.0379200854497904,51.3387247432932],[-0.0345088897744457,51.3380830268533]],[[-0.0345088897744457,51.3380830268533],[-0.0328216320984631,51.3374153739898]],[[-0.0328216320984631,51.3374153739898],[-0.0307789356958282,51.3374719580026]],[[-0.0307789356958282,51.3374719580026],[-0.0261297138796831,51.3385458518662]],[[-0.0261297138796831,51.3385458518662],[-0.0221501774469841,51.3381308553426]],[[-0.0221501774469841,51.3381308553426],[-0.0205876779541893,51.3372025650661]],[[-0.0205876779541893,51.3372025650661],[-0.0178602411855992,51.3330172703679]],[[-0.0178602411855992,51.3330172703679],[-0.0172384451662422,51.3329878819595]],[[-0.0172384451662422,51.3329878819595],[-0.0160370020222855,51.3320516603212]],[[-0.0160370020222855,51.3320516603212],[-0.0143165119704134,51.3297720937777]],[[-0.0143165119704134,51.3297720937777],[-0.0136397836490252,51.3315313316495]],[[-0.0136397836490252,51.3315313316495],[-0.011902236908005,51.3329542582103]],[[-0.011902236908005,51.3329542582103],[-0.0107257592320447,51.3330832448433]],[[-0.0107257592320447,51.3330832448433],[-0.0109465685443747,51.3336758689104]],[[-0.0822366281125533,51.3169465368356],[-0.0815041851506127,51.316722387389]],[[-0.0815041851506127,51.316722387389],[-0.0801788646251962,51.3178418894934]],[[-0.0801788646251962,51.3178418894934],[-0.0788349893385552,51.3180977303735]],[[-0.0788349893385552,51.3180977303735],[-0.0789130205771895,51.3197699387298]],[[-0.0789130205771895,51.3197699387298],[-0.0749396545329708,51.3202370588817]],[[-0.0749396545329708,51.3202370588817],[-0.0710197825080979,51.3212238304455]],[[-0.0710197825080979,51.3212238304455],[-0.0700673510740452,51.3189000394562]],[[-0.0700673510740452,51.3189000394562],[-0.0639861428900236,51.3186400209383]],[[-0.115805363546077,51.2906448857013],[-0.1154942632089,51.2911659532566]],[[-0.1154942632089,51.2911659532566],[-0.114553242273446,51.291553681938]],[[-0.114553242273446,51.291553681938],[-0.114734430476013,51.2924513742907]],[[-0.114734430476013,51.2924513742907],[-0.111052160513274,51.2922526241638]],[[-0.111052160513274,51.2922526241638],[-0.102637380902686,51.2960069654917]],[[-0.102637380902686,51.2960069654917],[-0.100545018139535,51.2964478208544]],[[-0.100545018139535,51.2964478208544],[-0.0942762227753214,51.2994385910081]],[[-0.0886976450324238,51.305146546036],[-0.0888250653614742,51.3072185497449]],[[-0.0888250653614742,51.3072185497449],[-0.0882493978414383,51.3077456000331]],[[-0.0882493978414383,51.3077456000331],[-0.0867609877754822,51.3087945994286]],[[-0.0867609877754822,51.3087945994286],[-0.0819316756913801,51.3106472885362]],[[-0.0819316756913801,51.3106472885362],[-0.0818930192421521,51.3126090268851]],[[-0.0818930192421521,51.3126090268851],[-0.0848023381014901,51.3158671889225]],[[-0.0848023381014901,51.3158671889225],[-0.0835913056187428,51.3163824905791]],[[-0.0835913056187428,51.3163824905791],[-0.0836619006075646,51.3166506664406]],[[-0.0836619006075646,51.3166506664406],[-0.0822366281125533,51.3169465368356]]]}},{"type":"Feature","properties":{"reference":"surrey-west","name":"West Surrey"},"geometry":{"type":"MultiLineString","coordinates":[[[-0.439983256299083,51.4306264500554],[-0.432639793866264,51.4290180740907]],[[-0.432639793866264,51.4290180740907],[-0.429534400842161,51.4287976166233]],[[-0.429534400842161,51.4287976166233],[-0.429424721185525,51.4293950423441]],[[-0.429424721185525,51.4293950423441],[-0.427831380170741,51.4292523685952]],[[-0.456475091199213,51.4382245454754],[-0.453660346816655,51.4384940756072]],[[-0.453660346816655,51.4384940756072],[-0.446288585067704,51.4399964192609]],[[-0.446288585067704,51.4399964192609],[-0.447716870984933,51.4350029824266]],[[-0.447716870984933,51.4350029824266],[-0.439752292782007,51.4346195966386]],[[-0.439752292782007,51.4346195966386],[-0.439983256299083,51.4306264500554]],[[-0.461319944712023,51.4523912628267],[-0.46148169282775,51.4489923766646]],[[-0.46148169282775,51.4489923766646],[-0.457461624027761,51.4490906299151]],[[-0.457461624027761,51.4490906299151],[-0.457443722592711,51.4429987879986]],[[-0.457443722592711,51.4429987879986],[-0.455391174524668,51.4421192253704]],[[-0.455391174524668,51.4421192253704],[-0.456475091199213,51.4382245454754]],[[-0.411535892480602,51.4032546403188],[-0.412933454574961,51.4014695896166]],[[-0.412933454574961,51.4014695896166],[-0.414632237096397,51.4006939792526]],[[-0.414632237096397,51.4006939792526],[-0.415837158656168,51.3991491200014]],[[-0.415837158656168,51.3991491200014],[-0.417140359043438,51.3988340013193]],[[-0.417140359043438,51.3988340013193],[-0.417198206530237,51.3976594008727]],[[-0.417198206530237,51.3976594008727],[-0.418947532251918,51.3971641889481]],[[-0.418947532251918,51.3971641889481],[-0.419643059173518,51.3967094938831]],[[-0.419643059173518,51.3967094938831],[-0.418964736130781,51.3963730118929]],[[-0.418964736130781,51.3963730118929],[-0.418685707951272,51.3955419667144]],[[-0.418685707951272,51.3955419667144],[-0.419507795468781,51.3950871826178]],[[-0.419507795468781,51.3950871826178],[-0.41951971960162,51.39444885758]],[[-0.41951971960162,51.39444885758],[-0.420143244263582,51.3945004185925]],[[-0.420143244263582,51.3945004185925],[-0.42070761377666,51.3941015771935]],[[-0.42070761377666,51.3941015771935],[-0.421318662295872,51.3930936452379]],[[-0.421318662295872,51.3930936452379],[-0.420667995354626,51.3927054010565]],[[-0.420667995354626,51.3927054010565],[-0.421077695547657,51.3922855050596]],[[-0.421077695547657,51.3922855050596],[-0.421599412272351,51.392412193177]],[[-0.421599412272351,51.392412193177],[-0.422697581229252,51.3917012140629]],[[-0.422697581229252,51.3917012140629],[-0.426135262741022,51.3904147639248]],[[-0.426135262741022,51.3904147639248],[-0.426660476670135,51.3899380677938]],[[-0.426660476670135,51.3899380677938],[-0.426545978424388,51.3887494989858]],[[-0.426545978424388,51.3887494989858],[-0.427666538122979,51.3864147478962]],[[-0.427666538122979,51.3864147478962],[-0.43005228486597,51.3871724915519]],[[-0.43005228486597,51.3871724915519],[-0.430198624385549,51.3870098457417]],[[-0.430198624385549,51.3870098457417],[-0.427888577830195,51.386266695701]],[[-0.427888577830195,51.386266695701],[-0.428854876155507,51.3853714006973]],[[-0.428854876155507,51.3853714006973],[-0.432089354140983,51.3840415966291]],[[-0.432089354140983,51.3840415966291],[-0.43575826218759,51.3839179263383]],[[-0.43575826218759,51.3839179263383],[-0.43561553287452,51.3842676183171]],[[-0.43561553287452,51.3842676183171],[-0.437512796828013,51.385186790131]],[[-0.437512796828013,51.385186790131],[-0.438137106531556,51.3869009491545]],[[-0.438137106531556,51.3869009491545],[-0.439976610641112,51.3887221685663]],[[-0.439976610641112,51.3887221685663],[-0.441590447436608,51.3897040241476]],[[-0.441590447436608,51.3897040241476],[-0.442777279643616,51.3897980056906]],[[-0.442777279643616,51.3897980056906],[-0.443422427863937,51.3892527037456]],[[-0.443422427863937,51.3892527037456],[-0.443783178610235,51.3875569609047]],[[-0.443783178610235,51.3875569609047],[-0.445004035156298,51.386900534583]],[[-0.445004035156298,51.386900534583],[-0.447582816494127,51.3868466090686]],[[-0.447582816494127,51.3868466090686],[-0.450219154652337,51.3880216778196]],[[-0.450219154652337,51.3880216778196],[-0.451890803604447,51.3876328374968]],[[-0.451890803604447,51.3876328374968],[-0.451955451824485,51.3869107239814]],[[-0.451955451824485,51.3869107239814],[-0.450254929314405,51.3849198250131]],[[-0.450254929314405,51.3849198250131],[-0.450523070868226,51.383659929545]],[[-0.450523070868226,51.383659929545],[-0.451978269988256,51.3828230560407]],[[-0.451978269988256,51.3828230560407],[-0.453819002214185,51.3832555890392]],[[-0.453819002214185,51.3832555890392],[-0.455166652214469,51.383225718635]],[[-0.455166652214469,51.383225718635],[-0.457878719883284,51.381848693867]],[[-0.457878719883284,51.381848693867],[-0.459586215629037,51.3814997849455]],[[-0.459586215629037,51.3814997849455],[-0.459432786267796,51.3809735712102]],[[-0.459432786267796,51.3809735712102],[-0.457990747179475,51.3805669601066]],[[-0.522777872600698,51.4353037082973],[-0.523263769445667,51.435806661434]],[[-0.523263769445667,51.435806661434],[-0.524531629866897,51.4359287457181]],[[-0.524531629866897,51.4359287457181],[-0.525159353005018,51.4368988288263]],[[-0.525159353005018,51.4368988288263],[-0.525231522333298,51.4375642680282]],[[-0.525231522333298,51.4375642680282],[-0.524068468487686,51.438827453798]],[[-0.524068468487686,51.438827453798],[-0.524539573086476,51.439880072808]],[[-0.524539573086476,51.439880072808],[-0.526083156877207,51.4401593819969]],[[-0.526083156877207,51.4401593819969],[-0.526491282632834,51.440579123678]],[[-0.526491282632834,51.440579123678],[-0.527728763298474,51.4408896246491]],[[-0.527728763298474,51.4408896246491],[-0.530563155378747,51.441013529986]],[[-0.530563155378747,51.441013529986],[-0.531494947756851,51.4416786825995]],[[-0.531494947756851,51.4416786825995],[-0.530640623323652,51.4437731495615]],[[-0.530640623323652,51.4437731495615],[-0.531062420526685,51.4448898520643]],[[-0.531062420526685,51.4448898520643],[-0.529405387555423,51.4454958565286]],[[-0.529405387555423,51.4454958565286],[-0.526731619433222,51.4475099184032]],[[-0.526731619433222,51.4475099184032],[-0.540576787524876,51.457094548311]],[[-0.540576787524876,51.457094548311],[-0.54061316396913,51.4578521266592]],[[-0.54061316396913,51.4578521266592],[-0.540601513682418,51.4583882899504]],[[-0.540601513682418,51.4583882899504],[-0.537060931869129,51.4596890692764]],[[-0.537060931869129,51.4596890692764],[-0.536591065115248,51.4593602376046]],[[-0.536591065115248,51.4593602376046],[-0.535301405586655,51.4605124162135]],[[-0.535301405586655,51.4605124162135],[-0.53207167158492,51.4644906726657]],[[-0.53207167158492,51.4644906726657],[-0.529645711198088,51.4692937602297]],[[-0.529645711198088,51.4692937602297],[-0.530377641103259,51.4693209142724]],[[-0.530377641103259,51.4693209142724],[-0.529960218464429,51.4701681896763]],[[-0.529960218464429,51.4701681896763],[-0.524358681535487,51.471528483123]],[[-0.524358681535487,51.471528483123],[-0.521221002380886,51.4714476062697]],[[-0.521221002380886,51.4714476062697],[-0.518728342727436,51.4707902748007]],[[-0.518728342727436,51.4707902748007],[-0.517136415685262,51.4698843864449]],[[-0.517136415685262,51.4698843864449],[-0.515661238513089,51.4682686765646]],[[-0.509807321692741,51.469207263699],[-0.510241120496709,51.4675003477871]],[[-0.510241120496709,51.4675003477871],[-0.508788421574085,51.4671033022215]],[[-0.508788421574085,51.4671033022215],[-0.507295325694769,51.46694357409]],[[-0.507295325694769,51.46694357409],[-0.506380359413811,51.4677518533917]],[[-0.506380359413811,51.4677518533917],[-0.504252974031127,51.4677662824224]],[[-0.504252974031127,51.4677662824224],[-0.501015709361946,51.4673144407033]],[[-0.501015709361946,51.4673144407033],[-0.498097277725186,51.4664407991776]],[[-0.498097277725186,51.4664407991776],[-0.496941186913499,51.4658495693354]],[[-0.496941186913499,51.4658495693354],[-0.493866101952904,51.4627634634345]],[[-0.493866101952904,51.4627634634345],[-0.492154235722143,51.4629883034629]],[[-0.492154235722143,51.4629883034629],[-0.489617451707073,51.4617956214182]],[[-0.489617451707073,51.4617956214182],[-0.48619975341885,51.4613666636627]],[[-0.48619975341885,51.4613666636627],[-0.477154075467776,51.4613753644896]],[[-0.477154075467776,51.4613753644896],[-0.475912440424056,51.4607922423229]],[[-0.475912440424056,51.4607922423229],[-0.476481138422562,51.460595057229]],[[-0.476481138422562,51.460595057229],[-0.476054109765015,51.4600823247337]],[[-0.476054109765015,51.4600823247337],[-0.473617541485337,51.4585767285441]],[[-0.473617541485337,51.4585767285441],[-0.468764042358764,51.4578335586446]],[[-0.468764042358764,51.4578335586446],[-0.461113245329111,51.4571743995283]],[[-0.461113245329111,51.4571743995283],[-0.458723754309907,51.4563417400208]],[[-0.458723754309907,51.4563417400208],[-0.459294048144444,51.4527153348849]],[[-0.459294048144444,51.4527153348849],[-0.459838360775427,51.4522395478114]],[[-0.459838360775427,51.4522395478114],[-0.461319944712023,51.4523912628267]],[[-0.515661238513089,51.4682686765646],[-0.513850542806183,51.4679849474971]],[[-0.513850542806183,51.4679849474971],[-0.513583163152313,51.468417746018]],[[-0.513583163152313,51.468417746018],[-0.511611536348915,51.468921431373]],[[-0.511611536348915,51.468921431373],[-0.511134762186751,51.4693011899955]],[[-0.511134762186751,51.4693011899955],[-0.509807321692741,51.469207263699]],[[-0.418583730845841,51.4321099649615],[-0.418356202174201,51.4318667918754]],[[-0.418356202174201,51.4318667918754],[-0.417294140034465,51.4319181779923]],[[-0.417294140034465,51.4319181779923],[-0.417900391369536,51.4310280393694]],[[-0.417900391369536,51.4310280393694],[-0.413806058184536,51.4300752972818]],[[-0.413806058184536,51.4300752972818],[-0.414352303011755,51.4292958317008]],[[-0.414352303011755,51.4292958317008],[-0.412452594196594,51.4287818975866]],[[-0.412452594196594,51.4287818975866],[-0.413086017775112,51.4278552909721]],[[-0.413086017775112,51.4278552909721],[-0.410868379205712,51.4273423254811]],[[-0.410868379205712,51.4273423254811],[-0.409006533109657,51.4254511801596]],[[-0.409006533109657,51.4254511801596],[-0.408441393437487,51.4238347478796]],[[-0.408441393437487,51.4238347478796],[-0.407775633374297,51.423578389673]],[[-0.427831380170741,51.4292523685952],[-0.427485561864324,51.4308195783667]],[[-0.427485561864324,51.4308195783667],[-0.423498704137031,51.4308776011312]],[[-0.423498704137031,51.4308776011312],[-0.423579568058236,51.4311610490153]],[[-0.423579568058236,51.4311610490153],[-0.421153880112781,51.4321715193348]],[[-0.421153880112781,51.4321715193348],[-0.419078640341703,51.4323594356569]],[[-0.419078640341703,51.4323594356569],[-0.418583730845841,51.4321099649615]],[[-0.39131707100993,51.4223154118767],[-0.386641675154269,51.4200808186377]],[[-0.386641675154269,51.4200808186377],[-0.387693548658496,51.4193282806375]],[[-0.387693548658496,51.4193282806375],[-0.386761620321015,51.4176544912503]],[[-0.386761620321015,51.4176544912503],[-0.386594002397961,51.41502183304]],[[-0.386594002397961,51.41502183304],[-0.386122609992955,51.4142806581518]],[[-0.386122609992955,51.4142806581518],[-0.390292426772994,51.4143380029487]],[[-0.390292426772994,51.4143380029487],[-0.389649814820215,51.4106933301111]],[[-0.389649814820215,51.4106933301111],[-0.389176859552194,51.4103199377059]],[[-0.389176859552194,51.4103199377059],[-0.386635766084178,51.4104117472433]],[[-0.386635766084178,51.4104117472433],[-0.3837773443953,51.4101188353283]],[[-0.3837773443953,51.4101188353283],[-0.383350026681253,51.4085382950892]],[[-0.383350026681253,51.4085382950892],[-0.385696669769336,51.4091506053206]],[[-0.385696669769336,51.4091506053206],[-0.390464591524806,51.4096434010612]],[[-0.390464591524806,51.4096434010612],[-0.39704653483062,51.4079826654781]],[[-0.39704653483062,51.4079826654781],[-0.39719328561754,51.4085961908231]],[[-0.39719328561754,51.4085961908231],[-0.399919578241894,51.4078115544557]],[[-0.399919578241894,51.4078115544557],[-0.399330017677871,51.4070723259581]],[[-0.399330017677871,51.4070723259581],[-0.400432012966316,51.4066018084658]],[[-0.400432012966316,51.4066018084658],[-0.402767953617379,51.4059168748099]],[[-0.402767953617379,51.4059168748099],[-0.406045012332757,51.4056593297823]],[[-0.406045012332757,51.4056593297823],[-0.408158264810042,51.4051701248706]],[[-0.408158264810042,51.4051701248706],[-0.410635123368153,51.4041047734434]],[[-0.410635123368153,51.4041047734434],[-0.411535892480602,51.4032546403188]],[[-0.407775633374297,51.423578389673],[-0.405361519526498,51.4224799819693]],[[-0.405361519526498,51.4224799819693],[-0.401759735010021,51.4233122011115]],[[-0.401759735010021,51.4233122011115],[-0.398112219660125,51.4235564501956]],[[-0.398112219660125,51.4235564501956],[-0.394511657485767,51.4232382782889]],[[-0.394511657485767,51.4232382782889],[-0.39131707100993,51.4223154118767]],[[-0.481185717452966,51.3493836335473],[-0.48068251641897,51.3477269661038]],[[-0.48068251641897,51.3477269661038],[-0.479655017676276,51.347750509764]],[[-0.479655017676276,51.347750509764],[-0.479206607811718,51.3452384251458]],[[-0.479206607811718,51.3452384251458],[-0.47676917282771,51.3432634779464]],[[-0.47676917282771,51.3432634779464],[-0.472821267126586,51.3421644098882]],[[-0.472821267126586,51.3421644098882],[-0.466071717337122,51.3428506233573]],[[-0.466071717337122,51.3428506233573],[-0.465498288208325,51.3413143462746]],[[-0.465498288208325,51.3413143462746],[-0.46365364983465,51.3406157484955]],[[-0.46365364983465,51.3406157484955],[-0.463725472140581,51.3396688606226]],[[-0.463725472140581,51.3396688606226],[-0.463164041586111,51.3394123855522]],[[-0.463164041586111,51.3394123855522],[-0.463571341654459,51.3386075335381]],[[-0.463571341654459,51.3386075335381],[-0.462661951020589,51.3380659136656]],[[-0.462661951020589,51.3380659136656],[-0.461932486330275,51.3380248801495]],[[-0.461932486330275,51.3380248801495],[-0.461885865602364,51.3375314293228]],[[-0.461885865602364,51.3375314293228],[-0.461169825843916,51.3370886180251]],[[-0.461169825843916,51.3370886180251],[-0.462071082383582,51.3367982861174]],[[-0.462071082383582,51.3367982861174],[-0.460981025992111,51.3350896985738]],[[-0.460981025992111,51.3350896985738],[-0.462488926590712,51.3339566797601]],[[-0.462488926590712,51.3339566797601],[-0.462837973346227,51.3327913099701]],[[-0.462837973346227,51.3327913099701],[-0.46193486794578,51.3313334410589]],[[-0.46193486794578,51.3313334410589],[-0.462343997790484,51.3299602975436]],[[-0.735258360031567,51.3650402160153],[-0.731852843852571,51.3664314509557]],[[-0.731852843852571,51.3664314509557],[-0.724090511002717,51.3684664188307]],[[-0.724090511002717,51.3684664188307],[-0.710368815685801,51.3706532189229]],[[-0.710368815685801,51.3706532189229],[-0.697006879035952,51.3743949154077]],[[-0.697006879035952,51.3743949154077],[-0.667634283855982,51.3845713446934]],[[-0.667634283855982,51.3845713446934],[-0.664346748403329,51.3857388404942]],[[-0.664346748403329,51.3857388404942],[-0.658168501853214,51.3862814914841]],[[-0.658168501853214,51.3862814914841],[-0.655300457263153,51.3872457863567]],[[-0.655300457263153,51.3872457863567],[-0.652376319022536,51.3867904997773]],[[-0.652376319022536,51.3867904997773],[-0.650737977860579,51.3856628946065]],[[-0.650737977860579,51.3856628946065],[-0.647036686313343,51.3859321665241]],[[-0.647036686313343,51.3859321665241],[-0.646678885963734,51.3853843196624]],[[-0.745653331661332,51.3100329393765],[-0.746154932107837,51.3100014642679]],[[-0.746154932107837,51.3100014642679],[-0.746389271536856,51.3106181532486]],[[-0.746389271536856,51.3106181532486],[-0.747364212031891,51.3104334406115]],[[-0.747364212031891,51.3104334406115],[-0.748124426328196,51.3110710452637]],[[-0.748124426328196,51.3110710452637],[-0.747969353224215,51.3113400639276]],[[-0.747969353224215,51.3113400639276],[-0.748638738054389,51.3116295998659]],[[-0.748638738054389,51.3116295998659],[-0.749623575807179,51.3114467732107]],[[-0.749623575807179,51.3114467732107],[-0.751267752125628,51.312560559066]],[[-0.751267752125628,51.312560559066],[-0.752137701401783,51.312439399541]],[[-0.752137701401783,51.312439399541],[-0.753572842224338,51.3127954908887]],[[-0.753572842224338,51.3127954908887],[-0.754432163761011,51.313490823637]],[[-0.754432163761011,51.313490823637],[-0.755583801115382,51.3135093659475]],[[-0.755583801115382,51.3135093659475],[-0.7564107540966,51.3140207712361]],[[-0.7564107540966,51.3140207712361],[-0.756447835729099,51.3146668087023]],[[-0.756447835729099,51.3146668087023],[-0.758290665728951,51.3159255205987]],[[-0.73940050358514,51.2989393610742],[-0.738836155799758,51.2997506256145]],[[-0.738836155799758,51.2997506256145],[-0.739223238914416,51.2999149050791]],[[-0.739223238914416,51.2999149050791],[-0.739393265729149,51.3013545512297]],[[-0.739393265729149,51.3013545512297],[-0.740483666333642,51.3019229399206]],[[-0.740483666333642,51.3019229399206],[-0.740287083539878,51.3023426196725]],[[-0.740287083539878,51.3023426196725],[-0.741605968217143,51.3036876535281]],[[-0.741605968217143,51.3036876535281],[-0.74173331244332,51.3047491804568]],[[-0.74173331244332,51.3047491804568],[-0.742421439988532,51.3050272637215]],[[-0.742421439988532,51.3050272637215],[-0.742321378669231,51.3055378817948]],[[-0.742321378669231,51.3055378817948],[-0.743570343275533,51.3057149229632]],[[-0.743570343275533,51.3057149229632],[-0.743620938929849,51.3065436895792]],[[-0.743620938929849,51.3065436895792],[-0.744698481157092,51.3069050555265]],[[-0.744698481157092,51.3069050555265],[-0.743590237177113,51.3074560856955]],[[-0.743590237177113,51.3074560856955],[-0.743682572384538,51.3078608069542]],[[-0.743682572384538,51.3078608069542],[-0.744424147937369,51.3082329486431]],[[-0.744424147937369,51.3082329486431],[-0.744167106040696,51.3092949280881]],[[-0.744167106040696,51.3092949280881],[-0.745653331661332,51.3100329393765]],[[-0.731069933388112,51.2803469890341],[-0.731564738417943,51.2806010266546]],[[-0.731564738417943,51.2806010266546],[-0.731212673619367,51.2813615353762]],[[-0.731212673619367,51.2813615353762],[-0.731652253915949,51.2815363025917]],[[-0.731652253915949,51.2815363025917],[-0.732292927181288,51.2813372872417]],[[-0.732292927181288,51.2813372872417],[-0.733348692015766,51.2817911199571]],[[-0.733348692015766,51.2817911199571],[-0.733260022507351,51.2824106474933]],[[-0.733260022507351,51.2824106474933],[-0.733835537785812,51.2828063240036]],[[-0.733835537785812,51.2828063240036],[-0.73339334243054,51.2834013487448]],[[-0.73339334243054,51.2834013487448],[-0.733873025729907,51.2837914022533]],[[-0.733873025729907,51.2837914022533],[-0.733279831216694,51.2840340894306]],[[-0.733279831216694,51.2840340894306],[-0.733760664502673,51.2844340386157]],[[-0.733760664502673,51.2844340386157],[-0.734254194265775,51.2843764514786]],[[-0.734254194265775,51.2843764514786],[-0.735128432324547,51.2854334920917]],[[-0.735128432324547,51.2854334920917],[-0.735714770420583,51.2854407237898]],[[-0.735714770420583,51.2854407237898],[-0.735538021621998,51.2857679336461]],[[-0.735538021621998,51.2857679336461],[-0.735984816153412,51.2859445540483]],[[-0.735984816153412,51.2859445540483],[-0.735622209197425,51.2862544736328]],[[-0.735622209197425,51.2862544736328],[-0.736363052754113,51.2875259048324]],[[-0.736363052754113,51.2875259048324],[-0.736089468411504,51.2883528933596]],[[-0.736089468411504,51.2883528933596],[-0.737230525347901,51.2896744878928]],[[-0.737230525347901,51.2896744878928],[-0.736687597169774,51.292423921712]],[[-0.736687597169774,51.292423921712],[-0.738237876293251,51.292896603971]],[[-0.738237876293251,51.292896603971],[-0.738471191349105,51.2936472453261]],[[-0.738471191349105,51.2936472453261],[-0.739347222199374,51.2940262529705]],[[-0.739347222199374,51.2940262529705],[-0.739307097903024,51.2951247268962]],[[-0.739307097903024,51.2951247268962],[-0.73997381691395,51.2961273421555]],[[-0.73997381691395,51.2961273421555],[-0.738946462958564,51.2970317004831]],[[-0.738946462958564,51.2970317004831],[-0.739653773645974,51.2972866289768]],[[-0.739653773645974,51.2972866289768],[-0.739811256236718,51.2986578225414]],[[-0.739811256236718,51.2986578225414],[-0.73940050358514,51.2989393610742]],[[-0.744325730491651,51.3545630593162],[-0.741455383095175,51.3571176066698]],[[-0.741455383095175,51.3571176066698],[-0.735335360826244,51.3650095823505]],[[-0.735335360826244,51.3650095823505],[-0.735258360031567,51.3650402160153]],[[-0.767093450444421,51.3262248889107],[-0.768202368585965,51.3266762564114]],[[-0.768202368585965,51.3266762564114],[-0.768599520434247,51.3276003373925]],[[-0.768599520434247,51.3276003373925],[-0.769206727701604,51.3278657082671]],[[-0.769206727701604,51.3278657082671],[-0.7706510149114,51.3275310901162]],[[-0.7706510149114,51.3275310901162],[-0.772356376733601,51.3278960617593]],[[-0.772356376733601,51.3278960617593],[-0.772220810822144,51.3284575684138]],[[-0.772220810822144,51.3284575684138],[-0.773019732324846,51.3290170892758]],[[-0.773019732324846,51.3290170892758],[-0.772713737110954,51.3293528806709]],[[-0.772713737110954,51.3293528806709],[-0.773541978981645,51.3294569343409]],[[-0.773541978981645,51.3294569343409],[-0.773600479068472,51.3301705994484]],[[-0.773600479068472,51.3301705994484],[-0.774654898367507,51.3306213125105]],[[-0.774654898367507,51.3306213125105],[-0.775466206963731,51.3319589023235]],[[-0.775466206963731,51.3319589023235],[-0.77267997509833,51.3328431495399]],[[-0.77267997509833,51.3328431495399],[-0.768968484463276,51.3354858229844]],[[-0.768968484463276,51.3354858229844],[-0.764662030432324,51.3370302121782]],[[-0.764662030432324,51.3370302121782],[-0.76143156621821,51.3404094448719]],[[-0.76143156621821,51.3404094448719],[-0.76037594469622,51.3402634133151]],[[-0.76037594469622,51.3402634133151],[-0.758192612140745,51.3405684488358]],[[-0.758192612140745,51.3405684488358],[-0.75942849750956,51.3435213383009]],[[-0.75942849750956,51.3435213383009],[-0.756944323214992,51.3442960656705]],[[-0.756944323214992,51.3442960656705],[-0.755156692635497,51.3454804709138]],[[-0.755156692635497,51.3454804709138],[-0.752415873672162,51.3485414290946]],[[-0.752415873672162,51.3485414290946],[-0.749751689751427,51.3499338006083]],[[-0.749751689751427,51.3499338006083],[-0.748053035595279,51.3523481316145]],[[-0.748053035595279,51.3523481316145],[-0.744325730491651,51.3545630593162]],[[-0.758290665728951,51.3159255205987],[-0.758511873599669,51.3167686790402]],[[-0.758511873599669,51.3167686790402],[-0.759248866385504,51.3171622452582]],[[-0.759248866385504,51.3171622452582],[-0.761071408435434,51.3169441348004]],[[-0.761071408435434,51.3169441348004],[-0.761333225112122,51.3173444326436]],[[-0.761333225112122,51.3173444326436],[-0.762311488351188,51.3174653567375]],[[-0.762311488351188,51.3174653567375],[-0.763050994147229,51.3183526374445]],[[-0.763050994147229,51.3183526374445],[-0.76290312001552,51.3187305287345]],[[-0.76290312001552,51.3187305287345],[-0.763051666210506,51.3204100248193]],[[-0.763051666210506,51.3204100248193],[-0.763666176961389,51.3208257316954]],[[-0.763666176961389,51.3208257316954],[-0.763471252563744,51.321404495298]],[[-0.763471252563744,51.321404495298],[-0.764074287502393,51.3217679386617]],[[-0.764074287502393,51.3217679386617],[-0.764398732030317,51.3215519278723]],[[-0.764398732030317,51.3215519278723],[-0.765063522539226,51.3226613554073]],[[-0.765063522539226,51.3226613554073],[-0.766061682673304,51.3229012176542]],[[-0.766061682673304,51.3229012176542],[-0.765902646035722,51.3234795554121]],[[-0.765902646035722,51.3234795554121],[-0.764977656007461,51.3240974528334]],[[-0.764977656007461,51.3240974528334],[-0.764990988698127,51.3246677199115]],[[-0.764990988698127,51.3246677199115],[-0.766342974299357,51.3259507921162]],[[-0.766342974299357,51.3259507921162],[-0.767093450444421,51.3262248889107]],[[-0.646678885963734,51.3853843196624],[-0.64047343049334,51.3873804285321]],[[-0.64047343049334,51.3873804285321],[-0.63950052800104,51.3866314945051]],[[-0.63950052800104,51.3866314945051],[-0.638527627510111,51.3866590248362]],[[-0.638527627510111,51.3866590248362],[-0.636182701426563,51.3851874646558]],[[-0.636182701426563,51.3851874646558],[-0.634798542787315,51.3850985013362]],[[-0.634798542787315,51.3850985013362],[-0.634623381649991,51.3847529637577]],[[-0.634623381649991,51.3847529637577],[-0.632507043465893,51.3843037996143]],[[-0.632507043465893,51.3843037996143],[-0.628217958879968,51.38423480994]],[[-0.628217958879968,51.38423480994],[-0.62593068575818,51.3828727027321]],[[-0.62593068575818,51.3828727027321],[-0.624938795955919,51.3828826463754]],[[-0.624938795955919,51.3828826463754],[-0.620922516025549,51.385171709135]],[[-0.620922516025549,51.385171709135],[-0.619608085221258,51.3848216401164]],[[-0.619608085221258,51.3848216401164],[-0.619249393928978,51.38499190698]],[[-0.619249393928978,51.38499190698],[-0.618044765634433,51.3833797850537]],[[-0.618044765634433,51.3833797850537],[-0.616344267326498,51.3835395914641]],[[-0.616344267326498,51.3835395914641],[-0.617193957700195,51.3858174730342]],[[-0.617193957700195,51.3858174730342],[-0.618841767846729,51.3874627082333]],[[-0.618841767846729,51.3874627082333],[-0.620515792131769,51.3884751581071]],[[-0.620515792131769,51.3884751581071],[-0.623494691644589,51.3895433650268]],[[-0.623494691644589,51.3895433650268],[-0.621666646048886,51.3900469831448]],[[-0.621666646048886,51.3900469831448],[-0.618456007411183,51.391780802098]],[[-0.618456007411183,51.391780802098],[-0.618006397343643,51.3920560719976]],[[-0.618006397343643,51.3920560719976],[-0.618495201013367,51.3923882525157]],[[-0.457990747179475,51.3805669601066],[-0.458049275289417,51.3798088095362]],[[-0.458049275289417,51.3798088095362],[-0.459016317039479,51.379254993051]],[[-0.459016317039479,51.379254993051],[-0.460140469878769,51.3791133500381]],[[-0.460140469878769,51.3791133500381],[-0.461641199553578,51.3769128472004]],[[-0.461641199553578,51.3769128472004],[-0.465008844347883,51.3762393588397]],[[-0.465008844347883,51.3762393588397],[-0.467623459084868,51.3746199091709]],[[-0.467623459084868,51.3746199091709],[-0.467488107340158,51.3736388776296]],[[-0.467488107340158,51.3736388776296],[-0.466384634860357,51.3728186811976]],[[-0.466384634860357,51.3728186811976],[-0.465571299449354,51.370932215408]],[[-0.465571299449354,51.370932215408],[-0.466155503550747,51.3704759012773]],[[-0.466155503550747,51.3704759012773],[-0.466844982554151,51.3707367314556]],[[-0.466844982554151,51.3707367314556],[-0.468248306694021,51.3701453984756]],[[-0.468248306694021,51.3701453984756],[-0.470021425910423,51.3672928100049]],[[-0.470021425910423,51.3672928100049],[-0.467650415690963,51.3660190708338]],[[-0.467650415690963,51.3660190708338],[-0.467556705232494,51.3656860295877]],[[-0.467556705232494,51.3656860295877],[-0.469292369942825,51.3658076060342]],[[-0.469292369942825,51.3658076060342],[-0.471494587446837,51.3643813431933]],[[-0.471494587446837,51.3643813431933],[-0.472082054891823,51.3650328579035]],[[-0.472082054891823,51.3650328579035],[-0.473729618163904,51.3652530939858]],[[-0.473729618163904,51.3652530939858],[-0.473983567105792,51.3649605442341]],[[-0.473983567105792,51.3649605442341],[-0.473044769084294,51.3648080729601]],[[-0.473044769084294,51.3648080729601],[-0.472372114603153,51.3638685862543]],[[-0.472372114603153,51.3638685862543],[-0.472819011083924,51.3635614726919]],[[-0.472819011083924,51.3635614726919],[-0.473300874515119,51.3640622840882]],[[-0.473300874515119,51.3640622840882],[-0.474121366689124,51.3639677878156]],[[-0.53466054453087,51.4373650501784],[-0.527582202232675,51.4356919130706]],[[-0.527582202232675,51.4356919130706],[-0.522777872600698,51.4353037082973]],[[-0.555569197882219,51.441478447277],[-0.554052267862139,51.4415148135669]],[[-0.554052267862139,51.4415148135669],[-0.55286064117689,51.4428894801164]],[[-0.55286064117689,51.4428894801164],[-0.551818163395553,51.4434997752152]],[[-0.551818163395553,51.4434997752152],[-0.550447869941052,51.4434678087674]],[[-0.550447869941052,51.4434678087674],[-0.548360005134621,51.441921353741]],[[-0.548360005134621,51.441921353741],[-0.537599385307791,51.4387775869608]],[[-0.537599385307791,51.4387775869608],[-0.53466054453087,51.4373650501784]],[[-0.604956227393237,51.4213807552077],[-0.605124550506387,51.4313121169629]],[[-0.605124550506387,51.4313121169629],[-0.594188435611958,51.4393091120738]],[[-0.594188435611958,51.4393091120738],[-0.59393342175553,51.440474330884]],[[-0.59393342175553,51.440474330884],[-0.594557067600486,51.4409189359043]],[[-0.594557067600486,51.4409189359043],[-0.594222452497904,51.4415454591897]],[[-0.594222452497904,51.4415454591897],[-0.593008103851853,51.4418192543644]],[[-0.593008103851853,51.4418192543644],[-0.591167217110141,51.4411384283871]],[[-0.591167217110141,51.4411384283871],[-0.590507832670002,51.4412102460188]],[[-0.590507832670002,51.4412102460188],[-0.588480102174877,51.442342255782]],[[-0.588480102174877,51.442342255782],[-0.585378459190894,51.4423659480524]],[[-0.585378459190894,51.4423659480524],[-0.58450266043377,51.4436565411097]],[[-0.58450266043377,51.4436565411097],[-0.579675613649196,51.4447473439679]],[[-0.579675613649196,51.4447473439679],[-0.571690115615314,51.4509916009585]],[[-0.571690115615314,51.4509916009585],[-0.567819738420972,51.4500801791919]],[[-0.567819738420972,51.4500801791919],[-0.564944926864708,51.4480379303039]],[[-0.564944926864708,51.4480379303039],[-0.563141536532634,51.4457506567777]],[[-0.563141536532634,51.4457506567777],[-0.562019470084232,51.4451415809954]],[[-0.562019470084232,51.4451415809954],[-0.559713661483992,51.4445284502872]],[[-0.559713661483992,51.4445284502872],[-0.556772721502173,51.4420490116619]],[[-0.556772721502173,51.4420490116619],[-0.555569197882219,51.441478447277]],[[-0.474121366689124,51.3639677878156],[-0.475468301027784,51.3641129741567]],[[-0.475468301027784,51.3641129741567],[-0.474173405052374,51.3629181782623]],[[-0.474173405052374,51.3629181782623],[-0.474853789662985,51.3630654783487]],[[-0.474853789662985,51.3630654783487],[-0.476136335222851,51.3618160243478]],[[-0.476136335222851,51.3618160243478],[-0.475817089304936,51.3606149587812]],[[-0.475817089304936,51.3606149587812],[-0.475132555332771,51.3602904203103]],[[-0.475132555332771,51.3602904203103],[-0.476086628888854,51.3595474968181]],[[-0.476086628888854,51.3595474968181],[-0.475551167612811,51.3591456978534]],[[-0.475551167612811,51.3591456978534],[-0.474557459206672,51.3590527618076]],[[-0.474557459206672,51.3590527618076],[-0.474206534714296,51.3580293598202]],[[-0.474206534714296,51.3580293598202],[-0.473485840674391,51.3581925857766]],[[-0.473485840674391,51.3581925857766],[-0.472192401699291,51.357825936418]],[[-0.472192401699291,51.357825936418],[-0.470081031438643,51.3580861709403]],[[-0.470081031438643,51.3580861709403],[-0.469926607177044,51.3578513149977]],[[-0.469926607177044,51.3578513149977],[-0.47067920024831,51.3576335980532]],[[-0.47067920024831,51.3576335980532],[-0.470676506858517,51.3572837631941]],[[-0.470676506858517,51.3572837631941],[-0.470107530447665,51.3571189250882]],[[-0.470107530447665,51.3571189250882],[-0.468434473379189,51.3575422640316]],[[-0.468434473379189,51.3575422640316],[-0.466971498106567,51.3565753191975]],[[-0.466971498106567,51.3565753191975],[-0.472490698826593,51.3537759630116]],[[-0.472490698826593,51.3537759630116],[-0.47481759324323,51.3520761229996]],[[-0.47481759324323,51.3520761229996],[-0.478410211345656,51.3507856127934]],[[-0.478410211345656,51.3507856127934],[-0.481185717452966,51.3493836335473]],[[-0.618495201013367,51.3923882525157],[-0.619634818010671,51.3928242838042]],[[-0.619634818010671,51.3928242838042],[-0.615419668060326,51.3963759219179]],[[-0.615419668060326,51.3963759219179],[-0.615583992428196,51.396739431278]],[[-0.615583992428196,51.396739431278],[-0.616586374887706,51.3970137779858]],[[-0.616586374887706,51.3970137779858],[-0.615608371875254,51.3976478609533]],[[-0.615608371875254,51.3976478609533],[-0.615017162931568,51.3970393674977]],[[-0.615017162931568,51.3970393674977],[-0.614520614965814,51.3973940715766]],[[-0.614520614965814,51.3973940715766],[-0.615792211525981,51.3987003933607]],[[-0.615792211525981,51.3987003933607],[-0.616474593152087,51.3982875597674]],[[-0.616474593152087,51.3982875597674],[-0.617212197200815,51.39875942328]],[[-0.617212197200815,51.39875942328],[-0.618099814213749,51.3986431480806]],[[-0.618099814213749,51.3986431480806],[-0.618368608441881,51.3990257740553]],[[-0.618368608441881,51.3990257740553],[-0.614384422252253,51.4030926667427]],[[-0.614384422252253,51.4030926667427],[-0.611295841418001,51.4087086451313]],[[-0.611295841418001,51.4087086451313],[-0.608501160957111,51.4120106623323]],[[-0.608501160957111,51.4120106623323],[-0.606682973914111,51.4141112518965]],[[-0.606682973914111,51.4141112518965],[-0.605154731170322,51.4173600237797]],[[-0.605154731170322,51.4173600237797],[-0.604956227393237,51.4213807552077]],[[-0.735786072535465,51.237680163777],[-0.735899696423158,51.2388630014761]],[[-0.735899696423158,51.2388630014761],[-0.736527366290403,51.2389614776227]],[[-0.736527366290403,51.2389614776227],[-0.738182969007738,51.2401249983635]],[[-0.738182969007738,51.2401249983635],[-0.738498191278421,51.2411175391613]],[[-0.738498191278421,51.2411175391613],[-0.738085619476202,51.2417416511154]],[[-0.730489797425043,51.2548997693372],[-0.730534588134592,51.2553543378005]],[[-0.730534588134592,51.2553543378005],[-0.729557137548888,51.2557223815161]],[[-0.729557137548888,51.2557223815161],[-0.729395983321254,51.2564211281742]],[[-0.729395983321254,51.2564211281742],[-0.730287285749707,51.2569424260763]],[[-0.730287285749707,51.2569424260763],[-0.73039864813878,51.2573780298064]],[[-0.73039864813878,51.2573780298064],[-0.732437254483127,51.2576600410869]],[[-0.732437254483127,51.2576600410869],[-0.733300634776546,51.2597214722293]],[[-0.733300634776546,51.2597214722293],[-0.733705216979199,51.260126909083]],[[-0.733705216979199,51.260126909083],[-0.733231130389057,51.2611614103049]],[[-0.733231130389057,51.2611614103049],[-0.731990515166247,51.2621335707984]],[[-0.731990515166247,51.2621335707984],[-0.7325818489935,51.2627272243458]],[[-0.7325818489935,51.2627272243458],[-0.732668909336577,51.2636283639545]],[[-0.732668909336577,51.2636283639545],[-0.73156193250115,51.2642755318846]],[[-0.73156193250115,51.2642755318846],[-0.731245692194439,51.2659789057457]],[[-0.731245692194439,51.2659789057457],[-0.731633239888027,51.2667907043195]],[[-0.731633239888027,51.2667907043195],[-0.731485651599116,51.268304416679]],[[-0.731485651599116,51.268304416679],[-0.730900663494478,51.2685183345399]],[[-0.730900663494478,51.2685183345399],[-0.730138181840618,51.2699732322116]],[[-0.730138181840618,51.2699732322116],[-0.730358388640343,51.2715071183781]],[[-0.730358388640343,51.2715071183781],[-0.731154201534102,51.2724357280483]],[[-0.731154201534102,51.2724357280483],[-0.73041363935339,51.273460948513]],[[-0.73041363935339,51.273460948513],[-0.731552495249318,51.2744804829742]],[[-0.731552495249318,51.2744804829742],[-0.731404888776457,51.2749483549435]],[[-0.731404888776457,51.2749483549435],[-0.732216917233626,51.2756594731639]],[[-0.732216917233626,51.2756594731639],[-0.732312649269605,51.2764509090589]],[[-0.732312649269605,51.2764509090589],[-0.733069747602906,51.2767612626415]],[[-0.733069747602906,51.2767612626415],[-0.732944385020429,51.2773570197996]],[[-0.732944385020429,51.2773570197996],[-0.733383053856487,51.2773572740366]],[[-0.733383053856487,51.2773572740366],[-0.733480153986168,51.2777900245058]],[[-0.733480153986168,51.2777900245058],[-0.732824647880948,51.2781650906483]],[[-0.732824647880948,51.2781650906483],[-0.732940468508429,51.2791680982584]],[[-0.732940468508429,51.2791680982584],[-0.731595944698618,51.2798850809456]],[[-0.731595944698618,51.2798850809456],[-0.73173532918931,51.2802386502079]],[[-0.73173532918931,51.2802386502079],[-0.731069933388112,51.2803469890341]],[[-0.738085619476202,51.2417416511154],[-0.737386905534515,51.2424058224885]],[[-0.737386905534515,51.2424058224885],[-0.736528162669726,51.2450905775362]],[[-0.736528162669726,51.2450905775362],[-0.735203490513086,51.2455879543087]],[[-0.735203490513086,51.2455879543087],[-0.734681823887734,51.2465849313934]],[[-0.734681823887734,51.2465849313934],[-0.736103986186831,51.2487458727216]],[[-0.736103986186831,51.2487458727216],[-0.735740616411589,51.2494028672591]],[[-0.735740616411589,51.2494028672591],[-0.734464183486071,51.2505904454193]],[[-0.734464183486071,51.2505904454193],[-0.732814131679466,51.250881923018]],[[-0.732814131679466,51.250881923018],[-0.730695469485681,51.2519560824179]],[[-0.730695469485681,51.2519560824179],[-0.731155216192888,51.2534744408055]],[[-0.731155216192888,51.2534744408055],[-0.730489797425043,51.2548997693372]],[[-0.421105747441286,51.2395670540211],[-0.425549157944665,51.2411443721933]],[[-0.425549157944665,51.2411443721933],[-0.427128612158509,51.2410388453876]],[[-0.427128612158509,51.2410388453876],[-0.429338971389474,51.2404119787903]],[[-0.429338971389474,51.2404119787903],[-0.432598903857584,51.240855010877]],[[-0.432598903857584,51.240855010877],[-0.433812746620553,51.2407147403546]],[[-0.433812746620553,51.2407147403546],[-0.434648247892369,51.2399058415905]],[[-0.411794022517203,51.3035664314606],[-0.409393239988242,51.3030914437105]],[[-0.409393239988242,51.3030914437105],[-0.408577410478131,51.3023303170894]],[[-0.408577410478131,51.3023303170894],[-0.405397951513902,51.2970066414964]],[[-0.405397951513902,51.2970066414964],[-0.405325653826221,51.2949056307402]],[[-0.394673936787088,51.297970581461],[-0.396119777460405,51.296407771828]],[[-0.396119777460405,51.296407771828],[-0.395730852034372,51.2960436357647]],[[-0.395730852034372,51.2960436357647],[-0.396103247506758,51.2957708632358]],[[-0.396103247506758,51.2957708632358],[-0.396028044195326,51.2947185879633]],[[-0.396028044195326,51.2947185879633],[-0.394560291702454,51.2918532145937]],[[-0.394560291702454,51.2918532145937],[-0.394506776151596,51.2906753152582]],[[-0.394506776151596,51.2906753152582],[-0.395446621816552,51.2868469635693]],[[-0.395446621816552,51.2868469635693],[-0.396099819376882,51.2860447722012]],[[-0.396099819376882,51.2860447722012],[-0.397085108167116,51.2857574595747]],[[-0.397085108167116,51.2857574595747],[-0.39737625212081,51.2796419422726]],[[-0.39737625212081,51.2796419422726],[-0.397214718814098,51.2788042783939]],[[-0.397214718814098,51.2788042783939],[-0.396041615165892,51.2786488662563]],[[-0.396041615165892,51.2786488662563],[-0.394810431307451,51.2764530532714]],[[-0.394810431307451,51.2764530532714],[-0.394665513553035,51.2769105522709]],[[-0.394665513553035,51.2769105522709],[-0.393474179989832,51.2769472523061]],[[-0.393474179989832,51.2769472523061],[-0.392615295105415,51.276457997196]],[[-0.392615295105415,51.276457997196],[-0.392945949496522,51.2763491707757]],[[-0.392945949496522,51.2763491707757],[-0.392047936109476,51.275213703138]],[[-0.392047936109476,51.275213703138],[-0.393555495125252,51.2745347864753]],[[-0.393555495125252,51.2745347864753],[-0.392852530393277,51.2737247471004]],[[-0.392852530393277,51.2737247471004],[-0.393431813373475,51.2725330546486]],[[-0.393431813373475,51.2725330546486],[-0.392111609201094,51.2712532545022]],[[-0.392111609201094,51.2712532545022],[-0.390228762842348,51.2714746979207]],[[-0.390228762842348,51.2714746979207],[-0.390373901305227,51.2703994051662]],[[-0.390373901305227,51.2703994051662],[-0.389138964670695,51.2691459141839]],[[-0.389138964670695,51.2691459141839],[-0.388598098862973,51.2669505096573]],[[-0.388598098862973,51.2669505096573],[-0.38726988530786,51.2653368208865]],[[-0.38726988530786,51.2653368208865],[-0.387124037906654,51.26487618276]],[[-0.387124037906654,51.26487618276],[-0.389980149852514,51.2647293491882]],[[-0.389980149852514,51.2647293491882],[-0.390673270406119,51.2624458040969]],[[-0.390673270406119,51.2624458040969],[-0.390062375101734,51.2574068845004]],[[-0.390062375101734,51.2574068845004],[-0.389274244826868,51.2559285003392]],[[-0.389274244826868,51.2559285003392],[-0.391570118510397,51.2564627039175]],[[-0.391570118510397,51.2564627039175],[-0.392176904612083,51.2550898020956]],[[-0.392176904612083,51.2550898020956],[-0.394348567727645,51.2553191887241]],[[-0.394348567727645,51.2553191887241],[-0.394459712986442,51.2550896681826]],[[-0.394459712986442,51.2550896681826],[-0.394864777187763,51.2521842297399]],[[-0.394864777187763,51.2521842297399],[-0.395939890408513,51.2505659153154]],[[-0.395939890408513,51.2505659153154],[-0.395493293839371,51.2469699798289]],[[-0.395493293839371,51.2469699798289],[-0.39573118997939,51.2437952577558]],[[-0.39573118997939,51.2437952577558],[-0.396774558467077,51.2436611259674]],[[-0.396774558467077,51.2436611259674],[-0.396572850261862,51.242126907044]],[[-0.396572850261862,51.242126907044],[-0.397342528627006,51.2410053281448]],[[-0.397342528627006,51.2410053281448],[-0.396963682669025,51.2378886761063]],[[-0.396963682669025,51.2378886761063],[-0.397353726607919,51.2376700737393]],[[-0.397353726607919,51.2376700737393],[-0.402015654171769,51.236001868759]],[[-0.402015654171769,51.236001868759],[-0.410854390707787,51.2351632664539]],[[-0.410854390707787,51.2351632664539],[-0.415912236026192,51.2366331403766]],[[-0.415912236026192,51.2366331403766],[-0.41863741040856,51.2384891972622]],[[-0.41863741040856,51.2384891972622],[-0.421105747441286,51.2395670540211]],[[-0.405325653826221,51.2949056307402],[-0.403929878932674,51.2948769309388]],[[-0.403929878932674,51.2948769309388],[-0.402291308697454,51.2965451743212]],[[-0.402291308697454,51.2965451743212],[-0.399880007966166,51.2974573781704]],[[-0.399880007966166,51.2974573781704],[-0.397593636797615,51.2980735800737]],[[-0.397593636797615,51.2980735800737],[-0.394673936787088,51.297970581461]],[[-0.745540379663864,51.2304563892127],[-0.743846039337456,51.2306153120516]],[[-0.743846039337456,51.2306153120516],[-0.741758164081064,51.2313339150374]],[[-0.741758164081064,51.2313339150374],[-0.739188667617552,51.2334805516488]],[[-0.739188667617552,51.2334805516488],[-0.738848346492053,51.235497515098]],[[-0.738848346492053,51.235497515098],[-0.735786072535465,51.237680163777]],[[-0.462343997790484,51.3299602975436],[-0.456149899398828,51.3310362442286]],[[-0.456149899398828,51.3310362442286],[-0.451452008159039,51.3309383195181]],[[-0.451452008159039,51.3309383195181],[-0.451273530103928,51.3306113359529]],[[-0.451273530103928,51.3306113359529],[-0.449920841727829,51.3303695177898]],[[-0.449920841727829,51.3303695177898],[-0.451275084599432,51.328645534409]],[[-0.451275084599432,51.328645534409],[-0.445569616704935,51.326770682508]],[[-0.445569616704935,51.326770682508],[-0.437162905522467,51.3274465962977]],[[-0.437162905522467,51.3274465962977],[-0.436606619052883,51.3263268550051]],[[-0.436606619052883,51.3263268550051],[-0.437340944935095,51.3259642838434]],[[-0.437340944935095,51.3259642838434],[-0.439062688264813,51.3261113757731]],[[-0.439062688264813,51.3261113757731],[-0.440088432785826,51.32506565831]],[[-0.440088432785826,51.32506565831],[-0.442187096335232,51.324421841946]],[[-0.442187096335232,51.324421841946],[-0.443647490074514,51.3241040296163]],[[-0.443647490074514,51.3241040296163],[-0.445642747757275,51.3243922020142]],[[-0.445642747757275,51.3243922020142],[-0.445698682468252,51.324141136012]],[[-0.445698682468252,51.324141136012],[-0.44593173788119,51.3174924926867]],[[-0.44593173788119,51.3174924926867],[-0.443828248311099,51.3130726379494]],[[-0.443828248311099,51.3130726379494],[-0.442957125282474,51.3079425469839]],[[-0.442957125282474,51.3079425469839],[-0.440312035139234,51.304836382345]],[[-0.440312035139234,51.304836382345],[-0.436726236131922,51.3039675328121]],[[-0.436726236131922,51.3039675328121],[-0.432368608437378,51.3043688625029]],[[-0.432368608437378,51.3043688625029],[-0.428559990695725,51.3039014882583]],[[-0.428559990695725,51.3039014882583],[-0.426385386632542,51.3044819932847]],[[-0.426385386632542,51.3044819932847],[-0.422121133297958,51.3042060662139]],[[-0.422121133297958,51.3042060662139],[-0.416055899453366,51.3044919691776]],[[-0.416055899453366,51.3044919691776],[-0.415406775490333,51.3038869656414]],[[-0.415406775490333,51.3038869656414],[-0.411794022517203,51.3035664314606]],[[-0.434648247892369,51.2399058415905],[-0.433998794948388,51.2386957230345]],[[-0.433998794948388,51.2386957230345],[-0.430162000336321,51.235128226137]],[[-0.430162000336321,51.235128226137],[-0.427269406828065,51.2332512820046]],[[-0.427269406828065,51.2332512820046],[-0.426070914106885,51.2317684263844]],[[-0.426070914106885,51.2317684263844],[-0.425676136085806,51.2303233400558]],[[-0.425676136085806,51.2303233400558],[-0.42654437987519,51.2294735740434]],[[-0.42654437987519,51.2294735740434],[-0.430612447367087,51.2271019122271]],[[-0.430612447367087,51.2271019122271],[-0.434340757396487,51.2177525253367]],[[-0.434340757396487,51.2177525253367],[-0.435255016868943,51.2167171135766]],[[-0.435255016868943,51.2167171135766],[-0.436776054178843,51.2128966133816]],[[-0.436776054178843,51.2128966133816],[-0.438305085217652,51.2116688153605]],[[-0.438305085217652,51.2116688153605],[-0.438436754321913,51.2096794963312]],[[-0.438436754321913,51.2096794963312],[-0.436957388438758,51.2088137882857]],[[-0.436957388438758,51.2088137882857],[-0.430679426070858,51.2079601953938]],[[-0.430679426070858,51.2079601953938],[-0.428131637404378,51.2057285141032]],[[-0.428131637404378,51.2057285141032],[-0.422335173348347,51.2035471455786]],[[-0.422335173348347,51.2035471455786],[-0.419601592065122,51.2018826786906]],[[-0.419601592065122,51.2018826786906],[-0.418938776102153,51.2018008836994]],[[-0.418938776102153,51.2018008836994],[-0.41799226061057,51.2008069697408]],[[-0.41799226061057,51.2008069697408],[-0.417688100159447,51.1993226329413]],[[-0.417688100159447,51.1993226329413],[-0.414305349742989,51.1955986359826]],[[-0.414305349742989,51.1955986359826],[-0.411633986019804,51.1944122786803]],[[-0.411633986019804,51.1944122786803],[-0.410237147609192,51.1934112996409]],[[-0.410237147609192,51.1934112996409],[-0.409878126861738,51.1926995133997]],[[-0.409878126861738,51.1926995133997],[-0.411363171687772,51.1897574724954]],[[-0.411363171687772,51.1897574724954],[-0.40936808412204,51.1847120747701]],[[-0.40936808412204,51.1847120747701],[-0.409964536532026,51.1814420191192]],[[-0.409964536532026,51.1814420191192],[-0.408129315527594,51.1777012203269]],[[-0.408129315527594,51.1777012203269],[-0.408446880586885,51.175687545504]],[[-0.408446880586885,51.175687545504],[-0.412391730069721,51.175295281497]],[[-0.412391730069721,51.175295281497],[-0.415400640621529,51.174058653859]],[[-0.415400640621529,51.174058653859],[-0.416444205849264,51.1741769197266]],[[-0.416444205849264,51.1741769197266],[-0.416927282092234,51.1735217709863]],[[-0.416927282092234,51.1735217709863],[-0.418568646347191,51.173293611284]],[[-0.497721179474955,51.0916091976362],[-0.500184063772288,51.0902918790601]],[[-0.500184063772288,51.0902918790601],[-0.501640696505333,51.0902439215389]],[[-0.501640696505333,51.0902439215389],[-0.502305431089421,51.0893819835057]],[[-0.502305431089421,51.0893819835057],[-0.503337727616484,51.0889391987906]],[[-0.503337727616484,51.0889391987906],[-0.50302196747733,51.0885484844634]],[[-0.50302196747733,51.0885484844634],[-0.506360823735175,51.0882656062292]],[[-0.506360823735175,51.0882656062292],[-0.50683530012716,51.0882977334574]],[[-0.50683530012716,51.0882977334574],[-0.506941780899357,51.0887612864999]],[[-0.506941780899357,51.0887612864999],[-0.508441305441129,51.0887102831051]],[[-0.508441305441129,51.0887102831051],[-0.511062389799528,51.0897040996937]],[[-0.511062389799528,51.0897040996937],[-0.512889714205439,51.089851491366]],[[-0.512889714205439,51.089851491366],[-0.513309070681639,51.0894655589377]],[[-0.513309070681639,51.0894655589377],[-0.515285468115336,51.0902640894048]],[[-0.515285468115336,51.0902640894048],[-0.515230844215187,51.0905880381122]],[[-0.515230844215187,51.0905880381122],[-0.517010686813396,51.0907490568416]],[[-0.517010686813396,51.0907490568416],[-0.517210299755937,51.0910240831947]],[[-0.517210299755937,51.0910240831947],[-0.518385700217377,51.0910191912827]],[[-0.518385700217377,51.0910191912827],[-0.518512958953391,51.0907465071521]],[[-0.518512958953391,51.0907465071521],[-0.519982417035333,51.0908368986509]],[[-0.519982417035333,51.0908368986509],[-0.520898517125349,51.0910143125945]],[[-0.520898517125349,51.0910143125945],[-0.521236496406833,51.0914275819338]],[[-0.521236496406833,51.0914275819338],[-0.523170681584605,51.0916066990854]],[[-0.523170681584605,51.0916066990854],[-0.524137322444859,51.0899021057504]],[[-0.524137322444859,51.0899021057504],[-0.525661439587987,51.0899339083348]],[[-0.525661439587987,51.0899339083348],[-0.526945499266467,51.0896056632028]],[[-0.526945499266467,51.0896056632028],[-0.527287745002856,51.0909275010461]],[[-0.527287745002856,51.0909275010461],[-0.526042980043258,51.0913632294744]],[[-0.526042980043258,51.0913632294744],[-0.526388223010758,51.0918667207004]],[[-0.526388223010758,51.0918667207004],[-0.528821072294015,51.092018704091]],[[-0.528821072294015,51.092018704091],[-0.531263704439512,51.0928074532471]],[[-0.531263704439512,51.0928074532471],[-0.531123644137651,51.0922697823748]],[[-0.531123644137651,51.0922697823748],[-0.531455708580137,51.0922424844281]],[[-0.531455708580137,51.0922424844281],[-0.532423153308618,51.0931709148687]],[[-0.532423153308618,51.0931709148687],[-0.53497929663322,51.0935789214135]],[[-0.53497929663322,51.0935789214135],[-0.535595296317322,51.0930650206312]],[[-0.535595296317322,51.0930650206312],[-0.53658143072477,51.0907293772929]],[[-0.53658143072477,51.0907293772929],[-0.535854587636734,51.0897787274479]],[[-0.535854587636734,51.0897787274479],[-0.536128979260979,51.0887757927889]],[[-0.536128979260979,51.0887757927889],[-0.534487690752933,51.0869396475723]],[[-0.534487690752933,51.0869396475723],[-0.532618410024846,51.0860906377168]],[[-0.532618410024846,51.0860906377168],[-0.535124238220014,51.0840959974301]],[[-0.535124238220014,51.0840959974301],[-0.535523150105076,51.0831756290376]],[[-0.535523150105076,51.0831756290376],[-0.537317420973872,51.08354970509]],[[-0.537317420973872,51.08354970509],[-0.537548680989947,51.0827369138058]],[[-0.537548680989947,51.0827369138058],[-0.538610225709667,51.0830748287421]],[[-0.538610225709667,51.0830748287421],[-0.539181493590813,51.0820280439358]],[[-0.539181493590813,51.0820280439358],[-0.539485119823149,51.0822701693492]],[[-0.539485119823149,51.0822701693492],[-0.54124644557309,51.082239032496]],[[-0.54124644557309,51.082239032496],[-0.54134155564707,51.0832096366385]],[[-0.54134155564707,51.0832096366385],[-0.547640888390319,51.0834832560695]],[[-0.547640888390319,51.0834832560695],[-0.549991112759414,51.08325162876]],[[-0.549991112759414,51.08325162876],[-0.553113214683114,51.0840430694884]],[[-0.553113214683114,51.0840430694884],[-0.5561352805262,51.0843375629727]],[[-0.5561352805262,51.0843375629727],[-0.556550349666233,51.0846259712209]],[[-0.556550349666233,51.0846259712209],[-0.558474103170976,51.0829986651138]],[[-0.558474103170976,51.0829986651138],[-0.561675877315542,51.0835291567289]],[[-0.561675877315542,51.0835291567289],[-0.561712409067733,51.083778635133]],[[-0.561712409067733,51.083778635133],[-0.563057100122247,51.0836962830874]],[[-0.563057100122247,51.0836962830874],[-0.566509591958542,51.0843834568012]],[[-0.566509591958542,51.0843834568012],[-0.568124386068299,51.0848951950527]],[[-0.568124386068299,51.0848951950527],[-0.568570536992246,51.0854762110949]],[[-0.568570536992246,51.0854762110949],[-0.569757198466838,51.0857478588162]],[[-0.569757198466838,51.0857478588162],[-0.577592603888771,51.0866537658028]],[[-0.577592603888771,51.0866537658028],[-0.587125297687217,51.0845848708592]],[[-0.587125297687217,51.0845848708592],[-0.588264864276904,51.0841564672751]],[[-0.588264864276904,51.0841564672751],[-0.590545880440182,51.0819854451922]],[[-0.590545880440182,51.0819854451922],[-0.594137630140818,51.0802458867616]],[[-0.594137630140818,51.0802458867616],[-0.597757732738964,51.0796994490585]],[[-0.597757732738964,51.0796994490585],[-0.600994819125083,51.0796278097687]],[[-0.600994819125083,51.0796278097687],[-0.603893191135555,51.0800327888832]],[[-0.603893191135555,51.0800327888832],[-0.605218370314534,51.0805972594445]],[[-0.605218370314534,51.0805972594445],[-0.607594298656924,51.0823696309575]],[[-0.607594298656924,51.0823696309575],[-0.610698521024164,51.0830016309764]],[[-0.610698521024164,51.0830016309764],[-0.615193340968668,51.0847150105757]],[[-0.615193340968668,51.0847150105757],[-0.620947781550304,51.0881360209928]],[[-0.620947781550304,51.0881360209928],[-0.624663835522591,51.0880436026115]],[[-0.624663835522591,51.0880436026115],[-0.628685682631414,51.0889792650777]],[[-0.628685682631414,51.0889792650777],[-0.629623298284864,51.0889480077342]],[[-0.629623298284864,51.0889480077342],[-0.631138562035898,51.0883605465885]],[[-0.631138562035898,51.0883605465885],[-0.633793826252951,51.0865311407408]],[[-0.633793826252951,51.0865311407408],[-0.637872051324696,51.0853068951338]],[[-0.637872051324696,51.0853068951338],[-0.642634069445694,51.084430824031]],[[-0.642634069445694,51.084430824031],[-0.645938193400898,51.0843653705441]],[[-0.645938193400898,51.0843653705441],[-0.648159054761458,51.0833834392264]],[[-0.648159054761458,51.0833834392264],[-0.650253556564976,51.0835379501004]],[[-0.650253556564976,51.0835379501004],[-0.654268766307415,51.0833829870284]],[[-0.654268766307415,51.0833829870284],[-0.657617740933169,51.0822139482121]],[[-0.657617740933169,51.0822139482121],[-0.663974824970759,51.0816994653605]],[[-0.663974824970759,51.0816994653605],[-0.665757699946514,51.0806593148932]],[[-0.665757699946514,51.0806593148932],[-0.666366808997849,51.0796194874442]],[[-0.666366808997849,51.0796194874442],[-0.666761928283253,51.0796329850051]],[[-0.666761928283253,51.0796329850051],[-0.669060472312222,51.0773930220116]],[[-0.669060472312222,51.0773930220116],[-0.672542767059212,51.0772275420708]],[[-0.672542767059212,51.0772275420708],[-0.675571350761329,51.0764498916102]],[[-0.675571350761329,51.0764498916102],[-0.678807755149431,51.0763434713473]],[[-0.678807755149431,51.0763434713473],[-0.682472442492267,51.0753300017409]],[[-0.682472442492267,51.0753300017409],[-0.6874249802526,51.0755142300777]],[[-0.450472087333825,51.1002675644504],[-0.451181049221141,51.0996445827188]],[[-0.451181049221141,51.0996445827188],[-0.452029331688643,51.0994768588533]],[[-0.452029331688643,51.0994768588533],[-0.454244643867739,51.1003190255281]],[[-0.454244643867739,51.1003190255281],[-0.456847205558173,51.1005532212342]],[[-0.456847205558173,51.1005532212342],[-0.460744826393996,51.0990366987855]],[[-0.460744826393996,51.0990366987855],[-0.470275141918642,51.0984827204813]],[[-0.470275141918642,51.0984827204813],[-0.474462928982629,51.0969179157602]],[[-0.474462928982629,51.0969179157602],[-0.475966966814597,51.0968261966355]],[[-0.475966966814597,51.0968261966355],[-0.478849854772596,51.0972630146228]],[[-0.478849854772596,51.0972630146228],[-0.483009206198784,51.0961620096493]],[[-0.483009206198784,51.0961620096493],[-0.488450158174447,51.097310688759]],[[-0.488450158174447,51.097310688759],[-0.489221985123776,51.0960724523185]],[[-0.489221985123776,51.0960724523185],[-0.490411324149568,51.0959630745259]],[[-0.490411324149568,51.0959630745259],[-0.490823189349194,51.0944086672868]],[[-0.490823189349194,51.0944086672868],[-0.492109150908277,51.094442697917]],[[-0.492109150908277,51.094442697917],[-0.495495796814569,51.0933899994256]],[[-0.495495796814569,51.0933899994256],[-0.496101951763703,51.0923536564102]],[[-0.496101951763703,51.0923536564102],[-0.497721179474955,51.0916091976362]],[[-0.418568646347191,51.173293611284],[-0.418441916813657,51.172219347499]],[[-0.418441916813657,51.172219347499],[-0.41619086587296,51.1686070269374]],[[-0.41619086587296,51.1686070269374],[-0.416623829359624,51.1670770050285]],[[-0.416623829359624,51.1670770050285],[-0.415140078305247,51.1586540631522]],[[-0.415140078305247,51.1586540631522],[-0.415637619868785,51.1574881230086]],[[-0.415637619868785,51.1574881230086],[-0.416338866627444,51.1573492804493]],[[-0.416338866627444,51.1573492804493],[-0.41549321440675,51.1563611350599]],[[-0.41549321440675,51.1563611350599],[-0.415969554288745,51.1549800410912]],[[-0.415969554288745,51.1549800410912],[-0.414839390522801,51.1523208953902]],[[-0.414839390522801,51.1523208953902],[-0.414561033572722,51.1501768276251]],[[-0.414561033572722,51.1501768276251],[-0.415114487356484,51.145037705921]],[[-0.415114487356484,51.145037705921],[-0.414836391571465,51.142470109507]],[[-0.414836391571465,51.142470109507],[-0.415331967233268,51.1401063759873]],[[-0.415331967233268,51.1401063759873],[-0.415949828584662,51.1391345427103]],[[-0.415949828584662,51.1391345427103],[-0.415708568263379,51.13753596213]],[[-0.415708568263379,51.13753596213],[-0.416324490227244,51.1324012701004]],[[-0.416324490227244,51.1324012701004],[-0.415309827152514,51.132187944716]],[[-0.415309827152514,51.132187944716],[-0.415108742720854,51.1315898872909]],[[-0.415108742720854,51.1315898872909],[-0.415931870214573,51.1314696911133]],[[-0.415931870214573,51.1314696911133],[-0.415820544810091,51.1311309598406]],[[-0.415820544810091,51.1311309598406],[-0.41372051288288,51.1281394107801]],[[-0.41372051288288,51.1281394107801],[-0.413236600134928,51.1263288679207]],[[-0.413236600134928,51.1263288679207],[-0.413304640752447,51.1254260027474]],[[-0.413304640752447,51.1254260027474],[-0.416991380033883,51.1247223964409]],[[-0.416991380033883,51.1247223964409],[-0.417880208081656,51.1216705518061]],[[-0.417880208081656,51.1216705518061],[-0.418584853947043,51.1109453812278]],[[-0.418584853947043,51.1109453812278],[-0.418207227210455,51.1093710272261]],[[-0.418207227210455,51.1093710272261],[-0.417286874324924,51.1091283376793]],[[-0.417286874324924,51.1091283376793],[-0.417419600773618,51.1089274417275]],[[-0.417419600773618,51.1089274417275],[-0.418935855740565,51.1091724992124]],[[-0.418935855740565,51.1091724992124],[-0.419521859906094,51.108020039172]],[[-0.419521859906094,51.108020039172],[-0.419797507032437,51.1067647713755]],[[-0.419797507032437,51.1067647713755],[-0.419197682354686,51.1051906183192]],[[-0.419197682354686,51.1051906183192],[-0.421107216013212,51.1042492268843]],[[-0.421107216013212,51.1042492268843],[-0.42158070901142,51.1035613592618]],[[-0.42158070901142,51.1035613592618],[-0.426532268604946,51.1024878547359]],[[-0.426532268604946,51.1024878547359],[-0.428123262148561,51.1013994945719]],[[-0.428123262148561,51.1013994945719],[-0.433049188635358,51.1006931592461]],[[-0.433049188635358,51.1006931592461],[-0.435548374691235,51.0996887859637]],[[-0.435548374691235,51.0996887859637],[-0.437243694047118,51.0982069383778]],[[-0.437243694047118,51.0982069383778],[-0.438436290445316,51.0979081227921]],[[-0.438436290445316,51.0979081227921],[-0.441214075510823,51.0977402101605]],[[-0.441214075510823,51.0977402101605],[-0.441433326596922,51.0980174246953]],[[-0.441433326596922,51.0980174246953],[-0.442503690062925,51.0981278832574]],[[-0.442503690062925,51.0981278832574],[-0.44234269754934,51.099092459654]],[[-0.44234269754934,51.099092459654],[-0.438827121166527,51.1002973754429]],[[-0.438827121166527,51.1002973754429],[-0.439966304197015,51.1008279005704]],[[-0.439966304197015,51.1008279005704],[-0.439536933323944,51.101065807336]],[[-0.439536933323944,51.101065807336],[-0.43947148854798,51.1019920978239]],[[-0.43947148854798,51.1019920978239],[-0.440065261864854,51.1020450612327]],[[-0.440065261864854,51.1020450612327],[-0.440181903124709,51.1027821989201]],[[-0.440181903124709,51.1027821989201],[-0.441195905267579,51.1032516161105]],[[-0.441195905267579,51.1032516161105],[-0.441058418852935,51.1017363664072]],[[-0.441058418852935,51.1017363664072],[-0.443794187906565,51.1010829868637]],[[-0.443794187906565,51.1010829868637],[-0.444849660158165,51.0995926023984]],[[-0.444849660158165,51.0995926023984],[-0.446102426481211,51.1006149726518]],[[-0.446102426481211,51.1006149726518],[-0.450472087333825,51.1002675644504]],[[-0.820797807161021,51.2354482761719],[-0.820778172016609,51.2392708257608]],[[-0.820778172016609,51.2392708257608],[-0.816254753314458,51.2393636864296]],[[-0.816254753314458,51.2393636864296],[-0.813657948178051,51.2403481138378]],[[-0.813657948178051,51.2403481138378],[-0.81343270601061,51.2415310488643]],[[-0.81343270601061,51.2415310488643],[-0.807569059612662,51.2429668067296]],[[-0.807569059612662,51.2429668067296],[-0.80621141787428,51.2447730293298]],[[-0.80621141787428,51.2447730293298],[-0.804749572959298,51.2450647466771]],[[-0.804749572959298,51.2450647466771],[-0.803457918041358,51.2415112855209]],[[-0.803457918041358,51.2415112855209],[-0.801740042684925,51.2390387624338]],[[-0.801740042684925,51.2390387624338],[-0.797410604409671,51.2395456046506]],[[-0.797410604409671,51.2395456046506],[-0.793047295362657,51.2416166212048]],[[-0.793047295362657,51.2416166212048],[-0.790231237024944,51.2424156824361]],[[-0.790231237024944,51.2424156824361],[-0.786900528289122,51.2418650981706]],[[-0.758721096594631,51.2338809757167],[-0.75210020932047,51.2319895554496]],[[-0.75210020932047,51.2319895554496],[-0.750254650960966,51.2310121627513]],[[-0.750254650960966,51.2310121627513],[-0.745540379663864,51.2304563892127]],[[-0.767649683901415,51.2360692822558],[-0.761176126663798,51.2348925475055]],[[-0.761176126663798,51.2348925475055],[-0.759662273223168,51.2340375800451]],[[-0.759662273223168,51.2340375800451],[-0.758721096594631,51.2338809757167]],[[-0.839291933391315,51.1963351649245],[-0.842632686380077,51.1993492528505]],[[-0.842632686380077,51.1993492528505],[-0.843046574766431,51.1994001848061]],[[-0.843046574766431,51.1994001848061],[-0.843316503335447,51.1989082256305]],[[-0.843316503335447,51.1989082256305],[-0.843758599680951,51.1989116979969]],[[-0.843758599680951,51.1989116979969],[-0.845531498131086,51.2001342235191]],[[-0.845531498131086,51.2001342235191],[-0.845751450512665,51.2007874476678]],[[-0.845751450512665,51.2007874476678],[-0.843811729553658,51.2017089119986]],[[-0.843811729553658,51.2017089119986],[-0.845494113594384,51.2043818835419]],[[-0.845494113594384,51.2043818835419],[-0.847027432074871,51.2059832845476]],[[-0.847027432074871,51.2059832845476],[-0.846091333199228,51.2065513898029]],[[-0.846091333199228,51.2065513898029],[-0.847054664032564,51.2088522486591]],[[-0.847054664032564,51.2088522486591],[-0.84892972737272,51.2107327274308]],[[-0.84892972737272,51.2107327274308],[-0.846830205249435,51.2123669689189]],[[-0.846830205249435,51.2123669689189],[-0.843615484682734,51.2135736878105]],[[-0.843615484682734,51.2135736878105],[-0.842713353936506,51.2135791553155]],[[-0.842713353936506,51.2135791553155],[-0.842658518468925,51.2138764453165]],[[-0.842658518468925,51.2138764453165],[-0.84023338677254,51.2151274796215]],[[-0.84023338677254,51.2151274796215],[-0.839556086991418,51.2168975963407]],[[-0.839556086991418,51.2168975963407],[-0.836296160757958,51.2194692695185]],[[-0.836296160757958,51.2194692695185],[-0.834667010070049,51.2220258120272]],[[-0.834667010070049,51.2220258120272],[-0.833750621719964,51.2220051704445]],[[-0.833750621719964,51.2220051704445],[-0.833632788655051,51.2229571122174]],[[-0.833632788655051,51.2229571122174],[-0.832321891283937,51.2240511044974]],[[-0.832321891283937,51.2240511044974],[-0.829099799662045,51.2254048287809]],[[-0.829099799662045,51.2254048287809],[-0.828733158326911,51.2260261343745]],[[-0.828733158326911,51.2260261343745],[-0.82888583649353,51.2271759966466]],[[-0.82888583649353,51.2271759966466],[-0.828574787093766,51.2272430238425]],[[-0.828574787093766,51.2272430238425],[-0.828470054882975,51.2306812585194]],[[-0.828470054882975,51.2306812585194],[-0.827989362111472,51.2330854567524]],[[-0.827989362111472,51.2330854567524],[-0.826633225553006,51.2343667617307]],[[-0.826633225553006,51.2343667617307],[-0.823529904554623,51.2339498478008]],[[-0.823529904554623,51.2339498478008],[-0.823689934943211,51.2343012512228]],[[-0.823689934943211,51.2343012512228],[-0.820863635103588,51.2344778627074]],[[-0.820863635103588,51.2344778627074],[-0.820797807161021,51.2354482761719]],[[-0.826555765189442,51.178564679059],[-0.825426514487194,51.1812321841467]],[[-0.825426514487194,51.1812321841467],[-0.827238587458908,51.1846651429259]],[[-0.827238587458908,51.1846651429259],[-0.828086163360991,51.1848496502655]],[[-0.828086163360991,51.1848496502655],[-0.828300148032185,51.1860054813075]],[[-0.828300148032185,51.1860054813075],[-0.830051608235311,51.1882640409316]],[[-0.830051608235311,51.1882640409316],[-0.834734195111835,51.1914824527462]],[[-0.834734195111835,51.1914824527462],[-0.835150618267636,51.1914812069301]],[[-0.835150618267636,51.1914812069301],[-0.83638355418211,51.1927596291512]],[[-0.83638355418211,51.1927596291512],[-0.83716276916509,51.1943230951035]],[[-0.83716276916509,51.1943230951035],[-0.838091618846699,51.194718984928]],[[-0.838091618846699,51.194718984928],[-0.838107364569851,51.1952334589523]],[[-0.838107364569851,51.1952334589523],[-0.839291933391315,51.1963351649245]],[[-0.767694290919479,51.2360713464522],[-0.767649683901415,51.2360692822558]],[[-0.786900528289122,51.2418650981706],[-0.784424105826314,51.2420048113972]],[[-0.784424105826314,51.2420048113972],[-0.781933227211676,51.2416674265481]],[[-0.781933227211676,51.2416674265481],[-0.778057300734105,51.2421489128192]],[[-0.778057300734105,51.2421489128192],[-0.775904725480821,51.241934871859]],[[-0.775904725480821,51.241934871859],[-0.771474605028727,51.2389969280581]],[[-0.771474605028727,51.2389969280581],[-0.77141060987124,51.2381199459869]],[[-0.77141060987124,51.2381199459869],[-0.769723765419152,51.2364327805017]],[[-0.769723765419152,51.2364327805017],[-0.767694290919479,51.2360713464522]],[[-0.6874249802526,51.0755142300777],[-0.690566738558592,51.0738471261183]],[[-0.690566738558592,51.0738471261183],[-0.694350938742496,51.0729838173101]],[[-0.694350938742496,51.0729838173101],[-0.69461759235492,51.0724328155606]],[[-0.69461759235492,51.0724328155606],[-0.69593239543729,51.0723243055576]],[[-0.69593239543729,51.0723243055576],[-0.696752296390414,51.0714916858165]],[[-0.696752296390414,51.0714916858165],[-0.697227349950701,51.0716022497786]],[[-0.697227349950701,51.0716022497786],[-0.696906892553176,51.0727460998954]],[[-0.696906892553176,51.0727460998954],[-0.698626950410614,51.0730512141391]],[[-0.698626950410614,51.0730512141391],[-0.698128363945776,51.0737786400509]],[[-0.698128363945776,51.0737786400509],[-0.699989310698188,51.074656267351]],[[-0.699989310698188,51.074656267351],[-0.700549987007654,51.0744849085279]],[[-0.700549987007654,51.0744849085279],[-0.701836522385309,51.0759343383263]],[[-0.701836522385309,51.0759343383263],[-0.704495784221406,51.0769040647128]],[[-0.704495784221406,51.0769040647128],[-0.7066824348474,51.0787609776476]],[[-0.7066824348474,51.0787609776476],[-0.708839061543419,51.078518589308]],[[-0.708839061543419,51.078518589308],[-0.710605914592091,51.0779024890526]],[[-0.710605914592091,51.0779024890526],[-0.71080026540302,51.0782735942272]],[[-0.71080026540302,51.0782735942272],[-0.711866783098936,51.077857734553]],[[-0.711866783098936,51.077857734553],[-0.712894601584675,51.0779355873274]],[[-0.712894601584675,51.0779355873274],[-0.713002320126456,51.0775518856617]],[[-0.713002320126456,51.0775518856617],[-0.714583919418682,51.0774015530289]],[[-0.714583919418682,51.0774015530289],[-0.718674915490288,51.0779045825016]],[[-0.718674915490288,51.0779045825016],[-0.720124150954044,51.0787751801021]],[[-0.720124150954044,51.0787751801021],[-0.722301010881513,51.0794158448267]],[[-0.722301010881513,51.0794158448267],[-0.722860964755437,51.0778118256831]],[[-0.722860964755437,51.0778118256831],[-0.725188212015235,51.0781901440051]],[[-0.725188212015235,51.0781901440051],[-0.725683298506549,51.0785903078018]],[[-0.725683298506549,51.0785903078018],[-0.727563660159376,51.0790257456023]],[[-0.727563660159376,51.0790257456023],[-0.729875084393929,51.0800615842605]],[[-0.729875084393929,51.0800615842605],[-0.729943644694167,51.0805326847985]],[[-0.729943644694167,51.0805326847985],[-0.730607398458352,51.0808474290147]],[[-0.730607398458352,51.0808474290147],[-0.730920286785035,51.0825099403105]],[[-0.730920286785035,51.0825099403105],[-0.732266492956376,51.0837164841301]],[[-0.732266492956376,51.0837164841301],[-0.735107103546211,51.0838420472708]],[[-0.735107103546211,51.0838420472708],[-0.735579162808658,51.0847014733639]],[[-0.735579162808658,51.0847014733639],[-0.73634180019132,51.0844839782026]],[[-0.73634180019132,51.0844839782026],[-0.737794547177138,51.0851390382146]],[[-0.737794547177138,51.0851390382146],[-0.738406214068117,51.0849622423609]],[[-0.738406214068117,51.0849622423609],[-0.739039882866176,51.0852361710139]],[[-0.739039882866176,51.0852361710139],[-0.740921185324981,51.0851502713001]],[[-0.740921185324981,51.0851502713001],[-0.743929805207236,51.0855072590878]],[[-0.743929805207236,51.0855072590878],[-0.744991851179826,51.0853046995997]],[[-0.744991851179826,51.0853046995997],[-0.745739629120688,51.0844772776843]],[[-0.745739629120688,51.0844772776843],[-0.746860801132427,51.0851484488209]],[[-0.746860801132427,51.0851484488209],[-0.74906888392268,51.0855470674537]],[[-0.74906888392268,51.0855470674537],[-0.749168158026198,51.0858907407724]],[[-0.749168158026198,51.0858907407724],[-0.753474893729619,51.0864535011472]],[[-0.753474893729619,51.0864535011472],[-0.753588491670859,51.0866915895642]],[[-0.753588491670859,51.0866915895642],[-0.75472876142903,51.0866092579286]],[[-0.75472876142903,51.0866092579286],[-0.757395349519025,51.0877898435953]],[[-0.757395349519025,51.0877898435953],[-0.757504790133454,51.0888357032767]],[[-0.757504790133454,51.0888357032767],[-0.758574347600566,51.0901654601814]],[[-0.758574347600566,51.0901654601814],[-0.758262689013643,51.0903419510824]],[[-0.758262689013643,51.0903419510824],[-0.758565519648024,51.0908164267928]],[[-0.758565519648024,51.0908164267928],[-0.758900251643686,51.0908469512989]],[[-0.758900251643686,51.0908469512989],[-0.75855297311622,51.0920330074591]],[[-0.75855297311622,51.0920330074591],[-0.75530028203224,51.0948050912418]],[[-0.75530028203224,51.0948050912418],[-0.755157067215712,51.095333998871]],[[-0.755157067215712,51.095333998871],[-0.754312848438548,51.09587627545]],[[-0.754312848438548,51.09587627545],[-0.755852215892578,51.0985436561296]],[[-0.755852215892578,51.0985436561296],[-0.756240767891023,51.0983257372445]],[[-0.756240767891023,51.0983257372445],[-0.75799565728026,51.1006302955891]],[[-0.75799565728026,51.1006302955891],[-0.75850540279936,51.1005835686295]],[[-0.75850540279936,51.1005835686295],[-0.75862272217777,51.102337428954]],[[-0.75862272217777,51.102337428954],[-0.759814788821551,51.1039076117533]],[[-0.759814788821551,51.1039076117533],[-0.761333875688553,51.1038248277318]],[[-0.761333875688553,51.1038248277318],[-0.763184088613762,51.1029001927844]],[[-0.763184088613762,51.1029001927844],[-0.765248479259245,51.1025047887139]],[[-0.765248479259245,51.1025047887139],[-0.767052628257245,51.1023906891609]],[[-0.767052628257245,51.1023906891609],[-0.768886626735593,51.103249962109]],[[-0.768886626735593,51.103249962109],[-0.767801043145772,51.1034138293568]],[[-0.767801043145772,51.1034138293568],[-0.765755105461346,51.1028455584587]],[[-0.765755105461346,51.1028455584587],[-0.764912075311451,51.1029094736782]],[[-0.764912075311451,51.1029094736782],[-0.759864834477471,51.1048676520416]],[[-0.759864834477471,51.1048676520416],[-0.75628587819875,51.1045770069271]],[[-0.75628587819875,51.1045770069271],[-0.749272690128818,51.1032459057159]],[[-0.749272690128818,51.1032459057159],[-0.744587902767519,51.1064568268859]],[[-0.744587902767519,51.1064568268859],[-0.745646829412224,51.1064403173653]],[[-0.745646829412224,51.1064403173653],[-0.747592574736677,51.1077599868231]],[[-0.747592574736677,51.1077599868231],[-0.746828823269943,51.108476338317]],[[-0.746828823269943,51.108476338317],[-0.74549512326378,51.1122043381444]],[[-0.74549512326378,51.1122043381444],[-0.748484770149645,51.1123802686428]],[[-0.748484770149645,51.1123802686428],[-0.749222655741541,51.1130949920717]],[[-0.749222655741541,51.1130949920717],[-0.750261753700703,51.113480292135]],[[-0.750261753700703,51.113480292135],[-0.753143452456453,51.1131585530107]],[[-0.753143452456453,51.1131585530107],[-0.754124851683473,51.1137463481964]],[[-0.754124851683473,51.1137463481964],[-0.756246126796022,51.114183501691]],[[-0.756246126796022,51.114183501691],[-0.758437851382024,51.1153201871123]],[[-0.758437851382024,51.1153201871123],[-0.760388287982798,51.1153862109155]],[[-0.760388287982798,51.1153862109155],[-0.761866097463134,51.1148964844078]],[[-0.761866097463134,51.1148964844078],[-0.764169158924667,51.115180925215]],[[-0.764169158924667,51.115180925215],[-0.769171149731089,51.1170882665256]],[[-0.769171149731089,51.1170882665256],[-0.769514987443182,51.1188396175306]],[[-0.769514987443182,51.1188396175306],[-0.770671490931723,51.1209773898815]],[[-0.770671490931723,51.1209773898815],[-0.772420701370084,51.1217663574746]],[[-0.772420701370084,51.1217663574746],[-0.772631027895149,51.1223655008319]],[[-0.772631027895149,51.1223655008319],[-0.774115678283392,51.1230681220778]],[[-0.774115678283392,51.1230681220778],[-0.777733855813303,51.1268682798861]],[[-0.777733855813303,51.1268682798861],[-0.778888631628546,51.1274668514491]],[[-0.778888631628546,51.1274668514491],[-0.780659375393414,51.1277925473616]],[[-0.780659375393414,51.1277925473616],[-0.78087839586483,51.1280965523124]],[[-0.78087839586483,51.1280965523124],[-0.782380722374422,51.1285230484686]],[[-0.782380722374422,51.1285230484686],[-0.783007158258917,51.1293696676422]],[[-0.783007158258917,51.1293696676422],[-0.782716924240006,51.1300321034845]],[[-0.782716924240006,51.1300321034845],[-0.78056332783392,51.1312581101791]],[[-0.78056332783392,51.1312581101791],[-0.78089710864195,51.1328032951727]],[[-0.78089710864195,51.1328032951727],[-0.780556159257879,51.1344833464928]],[[-0.780556159257879,51.1344833464928],[-0.781052812702169,51.1352176517365]],[[-0.781052812702169,51.1352176517365],[-0.781892843120385,51.1356192974661]],[[-0.781892843120385,51.1356192974661],[-0.784809406166578,51.1361317483403]],[[-0.784809406166578,51.1361317483403],[-0.786945937551773,51.1375533757667]],[[-0.786945937551773,51.1375533757667],[-0.78956170059484,51.1383346224049]],[[-0.78956170059484,51.1383346224049],[-0.791102898718987,51.1392354381834]],[[-0.791102898718987,51.1392354381834],[-0.792534552360943,51.1437940380965]],[[-0.792534552360943,51.1437940380965],[-0.793785428066986,51.1447879575378]],[[-0.793785428066986,51.1447879575378],[-0.793497471325929,51.1453596155989]],[[-0.793497471325929,51.1453596155989],[-0.794533750822549,51.148041476913]],[[-0.794533750822549,51.148041476913],[-0.794395940028727,51.1497590869143]],[[-0.794395940028727,51.1497590869143],[-0.795260630585166,51.1497715973943]],[[-0.795260630585166,51.1497715973943],[-0.796929679978136,51.1508636729415]],[[-0.796929679978136,51.1508636729415],[-0.799101764262648,51.1513905799455]],[[-0.799101764262648,51.1513905799455],[-0.798374665057856,51.1525376625063]],[[-0.798374665057856,51.1525376625063],[-0.802296446935697,51.152687069435]],[[-0.802296446935697,51.152687069435],[-0.803417065696195,51.1530366589527]],[[-0.803417065696195,51.1530366589527],[-0.803381816863577,51.1541765950525]],[[-0.803381816863577,51.1541765950525],[-0.804287313877534,51.1550538179518]],[[-0.804287313877534,51.1550538179518],[-0.804775474923084,51.1550502618283]],[[-0.804775474923084,51.1550502618283],[-0.804700413985953,51.15535434402]],[[-0.804700413985953,51.15535434402],[-0.80548901424477,51.1553273323089]],[[-0.80548901424477,51.1553273323089],[-0.80537356937252,51.1549358734545]],[[-0.80537356937252,51.1549358734545],[-0.805949996539476,51.1546081358481]],[[-0.805949996539476,51.1546081358481],[-0.806848001725566,51.1545794445695]],[[-0.806848001725566,51.1545794445695],[-0.806921409120347,51.1538535546499]],[[-0.806921409120347,51.1538535546499],[-0.80716253665038,51.1540659385156]],[[-0.80716253665038,51.1540659385156],[-0.807838583573422,51.153877784094]],[[-0.807838583573422,51.153877784094],[-0.80802691011877,51.1541162099207]],[[-0.80802691011877,51.1541162099207],[-0.808178391625308,51.1537754054471]],[[-0.808178391625308,51.1537754054471],[-0.809615836290496,51.153515505076]],[[-0.809615836290496,51.153515505076],[-0.811053736574067,51.1526861795522]],[[-0.811053736574067,51.1526861795522],[-0.810987368656513,51.1524254382856]],[[-0.810987368656513,51.1524254382856],[-0.81357579064574,51.1518864577585]],[[-0.81357579064574,51.1518864577585],[-0.812528861769341,51.1512342962007]],[[-0.812528861769341,51.1512342962007],[-0.815613238894298,51.1501573327723]],[[-0.815613238894298,51.1501573327723],[-0.816796777453076,51.1495157329464]],[[-0.816796777453076,51.1495157329464],[-0.816910074669074,51.1489819985008]],[[-0.816910074669074,51.1489819985008],[-0.817925602680857,51.1488318422005]],[[-0.817925602680857,51.1488318422005],[-0.817409635987285,51.1485117027684]],[[-0.817409635987285,51.1485117027684],[-0.817788379067897,51.1480636539912]],[[-0.817788379067897,51.1480636539912],[-0.817367734948183,51.1477566182045]],[[-0.817367734948183,51.1477566182045],[-0.8233300924384,51.1463947762431]],[[-0.8233300924384,51.1463947762431],[-0.824802770838446,51.1475672087844]],[[-0.824802770838446,51.1475672087844],[-0.825913854184312,51.146313560556]],[[-0.825913854184312,51.146313560556],[-0.825913990590582,51.1457388436703]],[[-0.825913990590582,51.1457388436703],[-0.828350704768299,51.1452806556147]],[[-0.828350704768299,51.1452806556147],[-0.832327071055372,51.1477529406549]],[[-0.832327071055372,51.1477529406549],[-0.833178927207485,51.1479898579471]],[[-0.833178927207485,51.1479898579471],[-0.834182386405469,51.1476005966228]],[[-0.834182386405469,51.1476005966228],[-0.833807352160526,51.1497584260394]],[[-0.833807352160526,51.1497584260394],[-0.830921555826142,51.1557213679943]],[[-0.830921555826142,51.1557213679943],[-0.831302430939952,51.1590992197279]],[[-0.831302430939952,51.1590992197279],[-0.830457911843748,51.1612237469629]],[[-0.830457911843748,51.1612237469629],[-0.831249575176358,51.1612478451836]],[[-0.831249575176358,51.1612478451836],[-0.830024172015479,51.1624846622826]],[[-0.830024172015479,51.1624846622826],[-0.830372917028831,51.1627201844575]],[[-0.830372917028831,51.1627201844575],[-0.829156869484535,51.1678202734574]],[[-0.829156869484535,51.1678202734574],[-0.827118573400791,51.1745910790025]],[[-0.827118573400791,51.1745910790025],[-0.827729333444503,51.1770243243142]],[[-0.827729333444503,51.1770243243142],[-0.827591958468967,51.1775903959678]],[[-0.827591958468967,51.1775903959678],[-0.826807781917411,51.1775392901099]],[[-0.826807781917411,51.1775392901099],[-0.826555765189442,51.178564679059]]]}}]}