{"type":"FeatureCollection","features":[{"type":"Feature","properties":{"reference":"surrey-east","name":"East Surrey"},"geometry":{"type":"MultiPolygon","coordinates":[[[[-0.317897383198478,51.3697977947218],[-0.318481506558764,51.365762189346],[-0.318261315113004,51.3635045091519],[-0.319768281986379,51.3599281916644],[-0.321505261906821,51.3572085286427],[-0.323728750303053,51.3544113211658],[-0.327953895283763,51.3522106417154],[-0.328185038657905,51.352409406345],[-0.333743732859948,51.3503646788432],[-0.338356663869948,51.34948518287],[-0.341904705063443,51.3492207951107],[-0.352938124420739,51.3494117009524],[-0.352943293921329,51.3498289869017],[-0.356890142528912,51.3527880516804],[-0.354291423774874,51.3544907267536],[-0.356352788987729,51.35616346914],[-0.355711203774268,51.3564736890951],[-0.356308992043399,51.3568678350864],[-0.356013621869667,51.3568915566261],[-0.356169503957996,51.3577938957006],[-0.356484459157536,51.3577425795045],[-0.356779589870874,51.3593311809364],[-0.356344729594435,51.3598403780657],[-0.355360055675717,51.3601026310101],[-0.354128166171389,51.3631355040545],[-0.35322122628581,51.3638700831273],[-0.353506569574065,51.3668892172442],[-0.353390089390477,51.3671348912211],[-0.352576235663835,51.366553305451],[-0.351329450763854,51.3681508090407],[-0.352251441260281,51.3687995591965],[-0.352052197158496,51.369549489885],[-0.350987792890383,51.3697431681734],[-0.350864365258836,51.3693007391687],[-0.348813834520948,51.3697512015307],[-0.348352815021344,51.3685082112507],[-0.346655002973684,51.3683771869184],[-0.345689779462523,51.3677340752473],[-0.344592303975959,51.3676097890502],[-0.344181249316666,51.3669367392408],[-0.342716574571188,51.3661633813847],[-0.341350379087364,51.3666790358768],[-0.340058305661361,51.3661392200433],[-0.339633961822375,51.366432662567],[-0.340055458456885,51.3668145093168],[-0.339285841827251,51.3674780324608],[-0.337007250628894,51.3663314752087],[-0.335672682099289,51.3667666947115],[-0.334981773712595,51.3674367048868],[-0.332935946635706,51.3676774006445],[-0.327152348705452,51.367593150508],[-0.325579266510732,51.3690130550885],[-0.324512468793775,51.3690716103846],[-0.323897641347044,51.3701356110556],[-0.318912739998435,51.3712242746304],[-0.319452297457466,51.3697859466662],[-0.317897383198478,51.3697977947218]]],[[[-0.394878607776287,51.3493968797809],[-0.394615865153516,51.3481208477507],[-0.395074108339468,51.3476612680899],[-0.389463982297389,51.3458514817774],[-0.391264221285335,51.344670306663],[-0.403974957087312,51.3380340677083],[-0.399029216211598,51.3340252273813],[-0.399385124620774,51.3338618867247],[-0.399137947367585,51.333662527535],[-0.398725083155448,51.3337719589475],[-0.397557762771293,51.3328738071484],[-0.391846150175112,51.3347532273154],[-0.388967750315534,51.3297992736376],[-0.38948903176206,51.3287704223535],[-0.388117851450253,51.326529486143],[-0.388823610543991,51.3260913972961],[-0.388324806183944,51.3255377594313],[-0.388998369899172,51.3252412688493],[-0.389664680515725,51.3229761995985],[-0.388394220748822,51.3227006234752],[-0.393202547169665,51.3203026595682],[-0.393638189997735,51.3195415986086],[-0.393079146397551,51.318785684306],[-0.393101207407255,51.3179479279148],[-0.393527297815436,51.317293718749],[-0.394955138001984,51.3169247389887],[-0.39560548991711,51.3162169584314],[-0.397155192120869,51.3136231384951],[-0.396936407987768,51.3127715843456],[-0.397586960581455,51.3120143114836],[-0.397333865200573,51.3111328050988],[-0.395997339373254,51.310194559491],[-0.395033756473949,51.3101363958643],[-0.39266669578901,51.3090715759806],[-0.392001254874408,51.308283675977],[-0.393028048405143,51.306613441554],[-0.392764597358195,51.3050831397865],[-0.3931764067483,51.3043828657775],[-0.392604279895367,51.3035126163682],[-0.39269377612799,51.3015669294639],[-0.393036763672453,51.3009838751508],[-0.393957750507561,51.3009005585377],[-0.394000160799998,51.2986434986053],[-0.394673936787088,51.297970581461],[-0.397593636797615,51.2980735800737],[-0.399880007966166,51.2974573781704],[-0.402291308697454,51.2965451743212],[-0.403929878932674,51.2948769309388],[-0.405325653826221,51.2949056307402],[-0.405397951513902,51.2970066414964],[-0.408577410478131,51.3023303170894],[-0.409393239988242,51.3030914437105],[-0.411794022517203,51.3035664314606],[-0.415406775490333,51.3038869656414],[-0.416055899453366,51.3044919691776],[-0.422121133297958,51.3042060662139],[-0.426385386632542,51.3044819932847],[-0.428559990695725,51.3039014882583],[-0.432368608437378,51.3043688625029],[-0.436726236131922,51.3039675328121],[-0.440312035139234,51.304836382345],[-0.442957125282474,51.3079425469839],[-0.443828248311099,51.3130726379494],[-0.44593173788119,51.3174924926867],[-0.445698682468252,51.324141136012],[-0.445642747757275,51.3243922020142],[-0.443647490074514,51.3241040296163],[-0.442187096335232,51.324421841946],[-0.440088432785826,51.32506565831],[-0.439062688264813,51.3261113757731],[-0.437340944935095,51.3259642838434],[-0.436606619052883,51.3263268550051],[-0.437162905522467,51.3274465962977],[-0.445569616704935,51.326770682508],[-0.439152473413175,51.3303614756937],[-0.42378739494917,51.3362690441786],[-0.424483454502014,51.3369905922905],[-0.424467747096834,51.3375326582772],[-0.42409117019262,51.3377964860534],[-0.423456005221298,51.3374776986635],[-0.423129243927798,51.3377142344801],[-0.423973060578253,51.3387328257591],[-0.423219456599797,51.3393971183445],[-0.421855058564688,51.3427599754389],[-0.421322167308854,51.3443183960307],[-0.421571703803306,51.345583406126],[-0.420208347110688,51.3463958809139],[-0.419437534522556,51.3474322731724],[-0.418139788858646,51.3478832242511],[-0.415851733437282,51.3511939608681],[-0.416214048373012,51.3520162231049],[-0.412402130637161,51.352654348593],[-0.410793343451432,51.3526631968678],[-0.408962249741327,51.3535771682348],[-0.405613464965861,51.3543957651479],[-0.405129757660018,51.3541391730498],[-0.404814579281817,51.3531241435531],[-0.403758060907807,51.3529038872473],[-0.402996823485303,51.3531929704251],[-0.402599388066318,51.3523557133014],[-0.403318661042253,51.3517845861975],[-0.401312725833766,51.3515288015553],[-0.401310100181916,51.3508174809758],[-0.400129915619893,51.3506449460645],[-0.397799987212685,51.3496742896135],[-0.394878607776287,51.3493968797809]]],[[[-0.352052197158496,51.369549489885],[-0.352251441260281,51.3687995591965],[-0.351329450763854,51.3681508090407],[-0.352576235663835,51.366553305451],[-0.353390089390477,51.3671348912211],[-0.353506569574065,51.3668892172442],[-0.35322122628581,51.3638700831273],[-0.354128166171389,51.3631355040545],[-0.355360055675717,51.3601026310101],[-0.356344729594435,51.3598403780657],[-0.356779589870874,51.3593311809364],[-0.356484459157536,51.3577425795045],[-0.356169503957996,51.3577938957006],[-0.356013621869667,51.3568915566261],[-0.356308992043399,51.3568678350864],[-0.355711203774268,51.3564736890951],[-0.356352788987729,51.35616346914],[-0.354291423774874,51.3544907267536],[-0.356890142528912,51.3527880516804],[-0.352943293921329,51.3498289869017],[-0.352938124420739,51.3494117009524],[-0.357322618327189,51.3494490157868],[-0.362691312923111,51.3489441855138],[-0.380427962571033,51.3451900409907],[-0.391264221285335,51.344670306663],[-0.389463982297389,51.3458514817774],[-0.395074108339468,51.3476612680899],[-0.394615865153516,51.3481208477507],[-0.394878607776287,51.3493968797809],[-0.391547876404367,51.3507710670509],[-0.390167606870839,51.3525802968289],[-0.390920002931382,51.3541831951694],[-0.39213343627997,51.3548050562433],[-0.391598470525539,51.3553588620932],[-0.395943103622337,51.3567573923599],[-0.397057491363684,51.3578329186715],[-0.396990643687907,51.3593760208243],[-0.395982328831214,51.3617640471174],[-0.394747667302138,51.3627290967827],[-0.391710815608577,51.3641694152489],[-0.390890802514291,51.3655159816903],[-0.395920586442917,51.3664114220491],[-0.393981174608895,51.3679306491925],[-0.395349331502229,51.3683702190581],[-0.393860367818893,51.3691663560135],[-0.394610510843636,51.3698177981313],[-0.395221212964285,51.3694467067574],[-0.395753710171264,51.3695439006274],[-0.395675222531714,51.3697730558062],[-0.391971999522719,51.3736537078155],[-0.3895068395668,51.3724139352286],[-0.386669050960356,51.3715170642556],[-0.383814886736755,51.3731313961151],[-0.380288356590484,51.3766131061518],[-0.37927836519568,51.3769759063557],[-0.378465202778035,51.3787236360254],[-0.37767704657315,51.3788655543255],[-0.377631089965409,51.3809790972603],[-0.376194706930206,51.38388895272],[-0.374078211861901,51.3861132525775],[-0.372539487362637,51.3867870093805],[-0.361600539492761,51.3869978610863],[-0.361053511251438,51.3868625514261],[-0.363297082686945,51.3816142817593],[-0.363395288159005,51.3796615686745],[-0.353558943403036,51.3800263916159],[-0.352739201130242,51.3772379077408],[-0.356138974610273,51.3754683105972],[-0.354411334115818,51.3721536236267],[-0.352182496442094,51.3716042843735],[-0.352052197158496,51.369549489885]]],[[[-0.394878607776287,51.3493968797809],[-0.397799987212685,51.3496742896135],[-0.400129915619893,51.3506449460645],[-0.401310100181916,51.3508174809758],[-0.401312725833766,51.3515288015553],[-0.403318661042253,51.3517845861975],[-0.402599388066318,51.3523557133014],[-0.402996823485303,51.3531929704251],[-0.403758060907807,51.3529038872473],[-0.404814579281817,51.3531241435531],[-0.405129757660018,51.3541391730498],[-0.405613464965861,51.3543957651479],[-0.408962249741327,51.3535771682348],[-0.409511874885091,51.3544208732755],[-0.409301544146886,51.355435049183],[-0.410901837789902,51.3577553059549],[-0.408430056462547,51.3584168628693],[-0.411041022761555,51.3623271351247],[-0.40944421291419,51.3627290765623],[-0.408696444287059,51.3640785598114],[-0.408047190299652,51.3640364784852],[-0.407980666610692,51.3643395236355],[-0.408621729663428,51.3645361209695],[-0.408487143913307,51.3653508473924],[-0.409079733720428,51.3656205916579],[-0.408716785071803,51.3661858033159],[-0.409116328909341,51.366222693511],[-0.40907250745312,51.3664927851301],[-0.40844882831306,51.3667063667972],[-0.408574159822615,51.3674410153675],[-0.417084069889203,51.3703340837604],[-0.421097366436263,51.3711129918901],[-0.423285584921046,51.3706487261386],[-0.423551661216985,51.3710588288492],[-0.378465202778035,51.3787236360254],[-0.37927836519568,51.3769759063557],[-0.380288356590484,51.3766131061518],[-0.383814886736755,51.3731313961151],[-0.386669050960356,51.3715170642556],[-0.3895068395668,51.3724139352286],[-0.391971999522719,51.3736537078155],[-0.395675222531714,51.3697730558062],[-0.395753710171264,51.3695439006274],[-0.395221212964285,51.3694467067574],[-0.394610510843636,51.3698177981313],[-0.393860367818893,51.3691663560135],[-0.395349331502229,51.3683702190581],[-0.393981174608895,51.3679306491925],[-0.395920586442917,51.3664114220491],[-0.390890802514291,51.3655159816903],[-0.391710815608577,51.3641694152489],[-0.394747667302138,51.3627290967827],[-0.395982328831214,51.3617640471174],[-0.396990643687907,51.3593760208243],[-0.397057491363684,51.3578329186715],[-0.395943103622337,51.3567573923599],[-0.391598470525539,51.3553588620932],[-0.39213343627997,51.3548050562433],[-0.390920002931382,51.3541831951694],[-0.390167606870839,51.3525802968289],[-0.391547876404367,51.3507710670509],[-0.394878607776287,51.3493968797809]]],[[[-0.336094133910463,51.3825917069352],[-0.340339260697061,51.3811599982363],[-0.340337921559592,51.3809181443555],[-0.339937005722143,51.3809565166586],[-0.341105389884772,51.379679022769],[-0.341064298709593,51.3783519444217],[-0.336850465831291,51.3785269392717],[-0.333386015960586,51.3817762901908],[-0.333090460729704,51.3800589227315],[-0.331819246787155,51.3802423009093],[-0.331588316134133,51.3799943899714],[-0.330633722906912,51.3803593696667],[-0.329833185149711,51.3793371982342],[-0.328092894009017,51.3799706383162],[-0.327393311076399,51.3783833299305],[-0.325275453195494,51.3785770236953],[-0.325414886472814,51.3762453492138],[-0.312651478126198,51.3747511356648],[-0.314318044952796,51.3746375670794],[-0.316670830797393,51.3731659765519],[-0.317481776739619,51.3719689813959],[-0.317897383198478,51.3697977947218],[-0.319452297457466,51.3697859466662],[-0.318912739998435,51.3712242746304],[-0.323897641347044,51.3701356110556],[-0.324512468793775,51.3690716103846],[-0.325579266510732,51.3690130550885],[-0.327152348705452,51.367593150508],[-0.332935946635706,51.3676774006445],[-0.334981773712595,51.3674367048868],[-0.335672682099289,51.3667666947115],[-0.337007250628894,51.3663314752087],[-0.339285841827251,51.3674780324608],[-0.340055458456885,51.3668145093168],[-0.339633961822375,51.366432662567],[-0.340058305661361,51.3661392200433],[-0.341350379087364,51.3666790358768],[-0.342716574571188,51.3661633813847],[-0.344181249316666,51.3669367392408],[-0.344592303975959,51.3676097890502],[-0.345689779462523,51.3677340752473],[-0.346655002973684,51.3683771869184],[-0.348352815021344,51.3685082112507],[-0.348813834520948,51.3697512015307],[-0.350864365258836,51.3693007391687],[-0.350987792890383,51.3697431681734],[-0.352052197158496,51.369549489885],[-0.352182496442094,51.3716042843735],[-0.354411334115818,51.3721536236267],[-0.356138974610273,51.3754683105972],[-0.352739201130242,51.3772379077408],[-0.353558943403036,51.3800263916159],[-0.363395288159005,51.3796615686745],[-0.363297082686945,51.3816142817593],[-0.361053511251438,51.3868625514261],[-0.361600539492761,51.3869978610863],[-0.359574844501776,51.3873382063112],[-0.35867737822748,51.3878409541436],[-0.35646080655461,51.3908629388446],[-0.35242037297759,51.3905840515142],[-0.351813221023703,51.3915233447974],[-0.344954555677483,51.3912314974019],[-0.346446824499337,51.3878658850335],[-0.342487330205096,51.385988986456],[-0.340812045935099,51.3860569764735],[-0.337727819039111,51.3835528361994],[-0.336772382178548,51.3834655593952],[-0.336094133910463,51.3825917069352]]],[[[-0.31323073989252,51.3887225223243],[-0.310809252619536,51.3862128496948],[-0.311740205976356,51.3857643963683],[-0.310642202088745,51.384815638347],[-0.309500986998989,51.382432417044],[-0.309253672384853,51.3804477020528],[-0.308494520730574,51.3805005791714],[-0.307365443633207,51.3783835450886],[-0.307869091759371,51.3783638463732],[-0.308434001890765,51.3758594258008],[-0.308671850631228,51.3754483211377],[-0.312651478126198,51.3747511356648],[-0.325414886472814,51.3762453492138],[-0.325275453195494,51.3785770236953],[-0.327393311076399,51.3783833299305],[-0.328092894009017,51.3799706383162],[-0.329833185149711,51.3793371982342],[-0.330633722906912,51.3803593696667],[-0.331588316134133,51.3799943899714],[-0.331819246787155,51.3802423009093],[-0.333090460729704,51.3800589227315],[-0.333386015960586,51.3817762901908],[-0.336850465831291,51.3785269392717],[-0.341064298709593,51.3783519444217],[-0.341105389884772,51.379679022769],[-0.339937005722143,51.3809565166586],[-0.340337921559592,51.3809181443555],[-0.340339260697061,51.3811599982363],[-0.336094133910463,51.3825917069352],[-0.334653380457022,51.383207920927],[-0.332488988896823,51.3828956582939],[-0.330758521528101,51.3830176483881],[-0.325433442844791,51.3843777560561],[-0.325412026935585,51.3869755175945],[-0.325033499203872,51.3875033135928],[-0.325201588912046,51.389319571362],[-0.325927264955808,51.389994494301],[-0.325860279723407,51.3914396034394],[-0.319832885343762,51.3925934391992],[-0.317697879461912,51.3936670793324],[-0.314111593459175,51.3902171633157],[-0.316737320533465,51.3887720668833],[-0.31599322782127,51.3875714291976],[-0.31323073989252,51.3887225223243]]],[[[-0.338237922033318,51.4007632612881],[-0.340200136882039,51.4012838465627],[-0.343050339175187,51.401064363834],[-0.343217112298193,51.402219552829],[-0.343655813205001,51.4022527264434],[-0.347672828080394,51.4009740157889],[-0.349123643895028,51.3998487440939],[-0.350890896316999,51.4002370144785],[-0.351129988004172,51.3997052795723],[-0.34962979566831,51.399327157583],[-0.348964384206482,51.3994418486559],[-0.348889847749637,51.3980334656073],[-0.349931055467444,51.3979033002814],[-0.352369268167055,51.3962586802975],[-0.354902187746056,51.3958167062096],[-0.356373629246286,51.3939425695351],[-0.35646080655461,51.3908629388446],[-0.35867737822748,51.3878409541436],[-0.359574844501776,51.3873382063112],[-0.361600539492761,51.3869978610863],[-0.372539487362637,51.3867870093805],[-0.372834852130569,51.3878630050143],[-0.371229983757198,51.3918622668779],[-0.368396838345845,51.394254532699],[-0.369686326237878,51.3950188516766],[-0.369169289007205,51.3957346533713],[-0.367499731088152,51.396279769353],[-0.36593305256057,51.3959908318096],[-0.362479043987885,51.3961440857788],[-0.362533406871803,51.39691647834],[-0.360851962876316,51.3970637844726],[-0.360514672796748,51.398822592273],[-0.365026110524476,51.3990573415251],[-0.364139819095724,51.4016979118146],[-0.364884391062904,51.4018629375856],[-0.364753714922324,51.402302717712],[-0.367590307907442,51.4029060508767],[-0.367977729905121,51.4051479648943],[-0.369348850570785,51.4050007315413],[-0.369328477738764,51.4046838998037],[-0.370339570091368,51.4047564014938],[-0.369901541959715,51.4056693870989],[-0.370909286633925,51.4075332445853],[-0.372541627337647,51.4069992456677],[-0.373860205320599,51.4084933058399],[-0.364739828180263,51.4115920902819],[-0.361238189559091,51.4120405067083],[-0.359139332144209,51.4119031604173],[-0.355357024954818,51.4107521649246],[-0.355109148235357,51.4098071471651],[-0.349199086203049,51.4066205973482],[-0.346873940977662,51.4058468036968],[-0.343719389503046,51.4038966608301],[-0.340531005417365,51.4030871528059],[-0.338992682695845,51.4018751449571],[-0.338237922033318,51.4007632612881]]],[[[-0.383350026681253,51.4085382950892],[-0.379427940842277,51.4078339473998],[-0.373860205320599,51.4084933058399],[-0.372541627337647,51.4069992456677],[-0.370909286633925,51.4075332445853],[-0.369901541959715,51.4056693870989],[-0.370339570091368,51.4047564014938],[-0.369328477738764,51.4046838998037],[-0.369348850570785,51.4050007315413],[-0.367977729905121,51.4051479648943],[-0.367590307907442,51.4029060508767],[-0.364753714922324,51.402302717712],[-0.364884391062904,51.4018629375856],[-0.364139819095724,51.4016979118146],[-0.365026110524476,51.3990573415251],[-0.360514672796748,51.398822592273],[-0.360851962876316,51.3970637844726],[-0.362533406871803,51.39691647834],[-0.362479043987885,51.3961440857788],[-0.36593305256057,51.3959908318096],[-0.367499731088152,51.396279769353],[-0.369169289007205,51.3957346533713],[-0.369686326237878,51.3950188516766],[-0.368396838345845,51.394254532699],[-0.371229983757198,51.3918622668779],[-0.372834852130569,51.3878630050143],[-0.375623487566283,51.3884215057587],[-0.377149488185152,51.3893266501912],[-0.376988508768193,51.3896535492211],[-0.381422477531023,51.391411765649],[-0.384312637229723,51.3918320229804],[-0.383710607549879,51.3937041158665],[-0.384803405724677,51.400025840024],[-0.384479277350284,51.4006571618669],[-0.383475914487945,51.401143365014],[-0.385616772356617,51.4049300972522],[-0.383426001364861,51.4050428429649],[-0.385696669769336,51.4091506053206],[-0.383350026681253,51.4085382950892]]],[[[-0.422662239693541,51.3725260617245],[-0.423586381122567,51.3716797801368],[-0.423551661216985,51.3710588288492],[-0.423285584921046,51.3706487261386],[-0.421097366436263,51.3711129918901],[-0.417084069889203,51.3703340837604],[-0.408574159822615,51.3674410153675],[-0.40844882831306,51.3667063667972],[-0.40907250745312,51.3664927851301],[-0.409116328909341,51.366222693511],[-0.408716785071803,51.3661858033159],[-0.409079733720428,51.3656205916579],[-0.408487143913307,51.3653508473924],[-0.408621729663428,51.3645361209695],[-0.407980666610692,51.3643395236355],[-0.408047190299652,51.3640364784852],[-0.408696444287059,51.3640785598114],[-0.40944421291419,51.3627290765623],[-0.411041022761555,51.3623271351247],[-0.433519336063507,51.356906974751],[-0.432151291104702,51.363917167018],[-0.430858164142411,51.3661543524483],[-0.432672809641716,51.3652218372687],[-0.43408403388683,51.3651632989616],[-0.44106677530043,51.3658921835083],[-0.443274568718493,51.3667866461863],[-0.442884274006693,51.3670274032711],[-0.444752189077046,51.3679294269158],[-0.444871219861595,51.3687416762823],[-0.445357746184333,51.3689473153504],[-0.444873118909263,51.3704462201876],[-0.445383877702459,51.371103601005],[-0.445353267424781,51.3719228561774],[-0.446852156894348,51.3738172769297],[-0.446578304527719,51.3741620762515],[-0.445880697466451,51.3740167546656],[-0.445442567241639,51.3743267312649],[-0.445540784195943,51.3748208196917],[-0.446350725741049,51.3746551280591],[-0.446722003539736,51.3751009484104],[-0.446171626939945,51.375379595119],[-0.445944372621962,51.3766593701175],[-0.441270218659138,51.3770677766392],[-0.434213286457198,51.3804005726495],[-0.432287473756094,51.3816706857921],[-0.428979653923841,51.3805477409617],[-0.430046181562742,51.3795754826137],[-0.428749780793095,51.3789520098429],[-0.429435149637215,51.3776087565445],[-0.426872811936959,51.3777425910889],[-0.426478444698884,51.3760853139242],[-0.425920531796784,51.3761381432877],[-0.425688091033642,51.3757960122496],[-0.425556271111803,51.3743158516765],[-0.422662239693541,51.3725260617245]]],[[[-0.327953895283763,51.3522106417154],[-0.330510146371957,51.3484194351447],[-0.328153711774205,51.344039791473],[-0.327457063136016,51.3440055684959],[-0.327883030922136,51.3437418695727],[-0.328955585873479,51.3402312948174],[-0.329695128024568,51.3327646581784],[-0.329092769011158,51.3302624662662],[-0.330655551869037,51.329009638114],[-0.332263357267657,51.3275020294596],[-0.335773072814273,51.3253137628105],[-0.338170049279465,51.3243577503381],[-0.345335883149778,51.3224133797851],[-0.352485688412401,51.3191779002099],[-0.357204541367635,51.3152975138534],[-0.358375733698465,51.312999195454],[-0.359867328615236,51.3124553394659],[-0.360348989693545,51.3117840276384],[-0.363957243973161,51.3118758318075],[-0.363667163047143,51.3128906585835],[-0.365162151008561,51.3128548726875],[-0.365662938661775,51.3139606813101],[-0.367374989866351,51.3148281567677],[-0.368059771786547,51.3144150376432],[-0.368665997990279,51.3129396790352],[-0.371126106270932,51.311367985457],[-0.371822160401776,51.3099855863241],[-0.373422311171577,51.3092452301878],[-0.373698865193518,51.3096204690754],[-0.377513035558287,51.3104067091001],[-0.378538200949858,51.3115665732462],[-0.378878406647672,51.312946266289],[-0.38047297217849,51.3135702000017],[-0.384327031793839,51.3128947312261],[-0.386689473524737,51.3107087956906],[-0.386525572124577,51.3098594262084],[-0.387527303660318,51.3096475053277],[-0.390089204274614,51.3104435295791],[-0.391258463878583,51.3101592402253],[-0.39220047833479,51.3107522032382],[-0.391350504250098,51.3110966423804],[-0.391438389039811,51.3115375913818],[-0.392477349026288,51.3121903353513],[-0.396936407987768,51.3127715843456],[-0.397155192120869,51.3136231384951],[-0.39560548991711,51.3162169584314],[-0.394955138001984,51.3169247389887],[-0.393527297815436,51.317293718749],[-0.393101207407255,51.3179479279148],[-0.393079146397551,51.318785684306],[-0.393638189997735,51.3195415986086],[-0.393202547169665,51.3203026595682],[-0.388394220748822,51.3227006234752],[-0.389664680515725,51.3229761995985],[-0.388998369899172,51.3252412688493],[-0.388324806183944,51.3255377594313],[-0.388823610543991,51.3260913972961],[-0.388117851450253,51.326529486143],[-0.38948903176206,51.3287704223535],[-0.388967750315534,51.3297992736376],[-0.391846150175112,51.3347532273154],[-0.397557762771293,51.3328738071484],[-0.398725083155448,51.3337719589475],[-0.399137947367585,51.333662527535],[-0.399385124620774,51.3338618867247],[-0.399029216211598,51.3340252273813],[-0.403974957087312,51.3380340677083],[-0.391264221285335,51.344670306663],[-0.380427962571033,51.3451900409907],[-0.362691312923111,51.3489441855138],[-0.357322618327189,51.3494490157868],[-0.352938124420739,51.3494117009524],[-0.341904705063443,51.3492207951107],[-0.338356663869948,51.34948518287],[-0.333743732859948,51.3503646788432],[-0.328185038657905,51.352409406345],[-0.327953895283763,51.3522106417154]]],[[[-0.338237922033318,51.4007632612881],[-0.33671089974836,51.399221807415],[-0.332288104719694,51.3959948210939],[-0.32867176277269,51.3923088120771],[-0.327586908786079,51.3917448429442],[-0.325860279723407,51.3914396034394],[-0.325927264955808,51.389994494301],[-0.325201588912046,51.389319571362],[-0.325033499203872,51.3875033135928],[-0.325412026935585,51.3869755175945],[-0.325433442844791,51.3843777560561],[-0.330758521528101,51.3830176483881],[-0.332488988896823,51.3828956582939],[-0.334653380457022,51.383207920927],[-0.336094133910463,51.3825917069352],[-0.336772382178548,51.3834655593952],[-0.337727819039111,51.3835528361994],[-0.340812045935099,51.3860569764735],[-0.342487330205096,51.385988986456],[-0.346446824499337,51.3878658850335],[-0.344954555677483,51.3912314974019],[-0.351813221023703,51.3915233447974],[-0.35242037297759,51.3905840515142],[-0.35646080655461,51.3908629388446],[-0.356373629246286,51.3939425695351],[-0.354902187746056,51.3958167062096],[-0.352369268167055,51.3962586802975],[-0.349931055467444,51.3979033002814],[-0.348889847749637,51.3980334656073],[-0.348964384206482,51.3994418486559],[-0.34962979566831,51.399327157583],[-0.351129988004172,51.3997052795723],[-0.350890896316999,51.4002370144785],[-0.349123643895028,51.3998487440939],[-0.347672828080394,51.4009740157889],[-0.343655813205001,51.4022527264434],[-0.343217112298193,51.402219552829],[-0.343050339175187,51.401064363834],[-0.340200136882039,51.4012838465627],[-0.338237922033318,51.4007632612881]]],[[[-0.407616179004155,51.3833868200222],[-0.410579948410767,51.3816735992918],[-0.413768772240836,51.3805936311346],[-0.414333445489417,51.3804295702003],[-0.414677736134097,51.3809449449776],[-0.416143553995166,51.3810673487225],[-0.416642528218858,51.3805578964157],[-0.417995983246331,51.3801895289954],[-0.418430793832649,51.3796225636982],[-0.42035315445421,51.3796323093022],[-0.423332512196217,51.3732985940697],[-0.422345962971328,51.3727808043089],[-0.422662239693541,51.3725260617245],[-0.425556271111803,51.3743158516765],[-0.425688091033642,51.3757960122496],[-0.425920531796784,51.3761381432877],[-0.426478444698884,51.3760853139242],[-0.426872811936959,51.3777425910889],[-0.429435149637215,51.3776087565445],[-0.428749780793095,51.3789520098429],[-0.430046181562742,51.3795754826137],[-0.428979653923841,51.3805477409617],[-0.432287473756094,51.3816706857921],[-0.431393415678947,51.3832103368445],[-0.432089354140983,51.3840415966291],[-0.428854876155507,51.3853714006973],[-0.427888577830195,51.386266695701],[-0.430198624385549,51.3870098457417],[-0.43005228486597,51.3871724915519],[-0.427666538122979,51.3864147478962],[-0.426545978424388,51.3887494989858],[-0.426660476670135,51.3899380677938],[-0.426135262741022,51.3904147639248],[-0.422697581229252,51.3917012140629],[-0.421599412272351,51.392412193177],[-0.421077695547657,51.3922855050596],[-0.420667995354626,51.3927054010565],[-0.421318662295872,51.3930936452379],[-0.42070761377666,51.3941015771935],[-0.420143244263582,51.3945004185925],[-0.41951971960162,51.39444885758],[-0.419507795468781,51.3950871826178],[-0.418685707951272,51.3955419667144],[-0.418964736130781,51.3963730118929],[-0.419643059173518,51.3967094938831],[-0.418947532251918,51.3971641889481],[-0.417198206530237,51.3976594008727],[-0.417140359043438,51.3988340013193],[-0.415837158656168,51.3991491200014],[-0.414632237096397,51.4006939792526],[-0.412933454574961,51.4014695896166],[-0.413987121454628,51.3996025565948],[-0.416932155720167,51.3969543905973],[-0.418249551400486,51.3947275895285],[-0.419721940580677,51.3935468984267],[-0.414873075502482,51.3904806133258],[-0.413072445898257,51.3895965290262],[-0.412686835577165,51.3898601967618],[-0.41235624916533,51.3896497568597],[-0.412048523652771,51.389405464785],[-0.412759059177851,51.3889331387907],[-0.412131787669965,51.3885775365479],[-0.411584601693659,51.3889387985534],[-0.410989417066334,51.3884883305849],[-0.410409839571545,51.3887889158382],[-0.409766618693706,51.3882271222148],[-0.410376907359401,51.3879943823568],[-0.409939447720345,51.3873050253168],[-0.408712418406425,51.3872524057139],[-0.405335430243345,51.385210068767],[-0.406345054704683,51.3842355344065],[-0.407794443581403,51.3837166545763],[-0.407616179004155,51.3833868200222]]],[[[-0.385696669769336,51.4091506053206],[-0.383426001364861,51.4050428429649],[-0.385616772356617,51.4049300972522],[-0.383475914487945,51.401143365014],[-0.384479277350284,51.4006571618669],[-0.384803405724677,51.400025840024],[-0.383710607549879,51.3937041158665],[-0.384312637229723,51.3918320229804],[-0.386672664986871,51.3881497310079],[-0.386763965684804,51.3871050772284],[-0.389926846387585,51.3843689308712],[-0.391617857621168,51.3840135843959],[-0.39292396150891,51.3840620744574],[-0.396247036476149,51.3851192670087],[-0.398531374970059,51.384398764379],[-0.398004942255823,51.3837521939554],[-0.399918887970989,51.3825670543862],[-0.406484658458313,51.3795101022002],[-0.407290801744418,51.380049850959],[-0.407041362626048,51.3818539630915],[-0.407616179004155,51.3833868200222],[-0.407794443581403,51.3837166545763],[-0.406345054704683,51.3842355344065],[-0.405335430243345,51.385210068767],[-0.408712418406425,51.3872524057139],[-0.409939447720345,51.3873050253168],[-0.410376907359401,51.3879943823568],[-0.409766618693706,51.3882271222148],[-0.410409839571545,51.3887889158382],[-0.410989417066334,51.3884883305849],[-0.411584601693659,51.3889387985534],[-0.412131787669965,51.3885775365479],[-0.412759059177851,51.3889331387907],[-0.412048523652771,51.389405464785],[-0.41235624916533,51.3896497568597],[-0.412686835577165,51.3898601967618],[-0.413072445898257,51.3895965290262],[-0.414873075502482,51.3904806133258],[-0.419721940580677,51.3935468984267],[-0.418249551400486,51.3947275895285],[-0.416932155720167,51.3969543905973],[-0.413987121454628,51.3996025565948],[-0.412933454574961,51.4014695896166],[-0.411535892480602,51.4032546403188],[-0.410635123368153,51.4041047734434],[-0.408158264810042,51.4051701248706],[-0.406045012332757,51.4056593297823],[-0.402767953617379,51.4059168748099],[-0.400432012966316,51.4066018084658],[-0.399330017677871,51.4070723259581],[-0.399919578241894,51.4078115544557],[-0.39719328561754,51.4085961908231],[-0.39704653483062,51.4079826654781],[-0.390464591524806,51.4096434010612],[-0.385696669769336,51.4091506053206]]],[[[-0.372834852130569,51.3878630050143],[-0.372539487362637,51.3867870093805],[-0.374078211861901,51.3861132525775],[-0.376194706930206,51.38388895272],[-0.377631089965409,51.3809790972603],[-0.37767704657315,51.3788655543255],[-0.378465202778035,51.3787236360254],[-0.423551661216985,51.3710588288492],[-0.423586381122567,51.3716797801368],[-0.422662239693541,51.3725260617245],[-0.422345962971328,51.3727808043089],[-0.423332512196217,51.3732985940697],[-0.42035315445421,51.3796323093022],[-0.418430793832649,51.3796225636982],[-0.417995983246331,51.3801895289954],[-0.416642528218858,51.3805578964157],[-0.416143553995166,51.3810673487225],[-0.414677736134097,51.3809449449776],[-0.414333445489417,51.3804295702003],[-0.413768772240836,51.3805936311346],[-0.410579948410767,51.3816735992918],[-0.407616179004155,51.3833868200222],[-0.407041362626048,51.3818539630915],[-0.407290801744418,51.380049850959],[-0.406484658458313,51.3795101022002],[-0.399918887970989,51.3825670543862],[-0.398004942255823,51.3837521939554],[-0.398531374970059,51.384398764379],[-0.396247036476149,51.3851192670087],[-0.39292396150891,51.3840620744574],[-0.391617857621168,51.3840135843959],[-0.389926846387585,51.3843689308712],[-0.386763965684804,51.3871050772284],[-0.386672664986871,51.3881497310079],[-0.384312637229723,51.3918320229804],[-0.381422477531023,51.391411765649],[-0.376988508768193,51.3896535492211],[-0.377149488185152,51.3893266501912],[-0.375623487566283,51.3884215057587],[-0.372834852130569,51.3878630050143]]],[[[-0.432089354140983,51.3840415966291],[-0.431393415678947,51.3832103368445],[-0.432287473756094,51.3816706857921],[-0.434213286457198,51.3804005726495],[-0.441270218659138,51.3770677766392],[-0.445944372621962,51.3766593701175],[-0.446171626939945,51.375379595119],[-0.446722003539736,51.3751009484104],[-0.446350725741049,51.3746551280591],[-0.445540784195943,51.3748208196917],[-0.445442567241639,51.3743267312649],[-0.445880697466451,51.3740167546656],[-0.446578304527719,51.3741620762515],[-0.446852156894348,51.3738172769297],[-0.445353267424781,51.3719228561774],[-0.445383877702459,51.371103601005],[-0.444873118909263,51.3704462201876],[-0.445357746184333,51.3689473153504],[-0.444871219861595,51.3687416762823],[-0.444752189077046,51.3679294269158],[-0.442884274006693,51.3670274032711],[-0.443274568718493,51.3667866461863],[-0.45121698210152,51.3708881542646],[-0.455301767342333,51.3633686806244],[-0.456722504241356,51.3625106264145],[-0.456561037432391,51.3621029668997],[-0.461679985554195,51.3595885068094],[-0.464755601691147,51.3588906098795],[-0.468026409697687,51.3590980350483],[-0.471057248034139,51.3602166593386],[-0.47258318812735,51.3614532414287],[-0.474121366689124,51.3639677878156],[-0.473300874515119,51.3640622840882],[-0.472819011083924,51.3635614726919],[-0.472372114603153,51.3638685862543],[-0.473044769084294,51.3648080729601],[-0.473983567105792,51.3649605442341],[-0.473729618163904,51.3652530939858],[-0.472082054891823,51.3650328579035],[-0.471494587446837,51.3643813431933],[-0.469292369942825,51.3658076060342],[-0.467556705232494,51.3656860295877],[-0.467650415690963,51.3660190708338],[-0.470021425910423,51.3672928100049],[-0.468248306694021,51.3701453984756],[-0.466844982554151,51.3707367314556],[-0.466155503550747,51.3704759012773],[-0.465571299449354,51.370932215408],[-0.466384634860357,51.3728186811976],[-0.467488107340158,51.3736388776296],[-0.467623459084868,51.3746199091709],[-0.465008844347883,51.3762393588397],[-0.461641199553578,51.3769128472004],[-0.460140469878769,51.3791133500381],[-0.459016317039479,51.379254993051],[-0.458049275289417,51.3798088095362],[-0.457990747179475,51.3805669601066],[-0.459432786267796,51.3809735712102],[-0.459586215629037,51.3814997849455],[-0.457878719883284,51.381848693867],[-0.455166652214469,51.383225718635],[-0.453819002214185,51.3832555890392],[-0.451978269988256,51.3828230560407],[-0.450523070868226,51.383659929545],[-0.450254929314405,51.3849198250131],[-0.451955451824485,51.3869107239814],[-0.451890803604447,51.3876328374968],[-0.450219154652337,51.3880216778196],[-0.447582816494127,51.3868466090686],[-0.445004035156298,51.386900534583],[-0.443783178610235,51.3875569609047],[-0.443422427863937,51.3892527037456],[-0.442777279643616,51.3897980056906],[-0.441590447436608,51.3897040241476],[-0.439976610641112,51.3887221685663],[-0.438137106531556,51.3869009491545],[-0.437512796828013,51.385186790131],[-0.43561553287452,51.3842676183171],[-0.43575826218759,51.3839179263383],[-0.432089354140983,51.3840415966291]]],[[[-0.443274568718493,51.3667866461863],[-0.44106677530043,51.3658921835083],[-0.43408403388683,51.3651632989616],[-0.432672809641716,51.3652218372687],[-0.430858164142411,51.3661543524483],[-0.432151291104702,51.363917167018],[-0.433519336063507,51.356906974751],[-0.411041022761555,51.3623271351247],[-0.408430056462547,51.3584168628693],[-0.410901837789902,51.3577553059549],[-0.409301544146886,51.355435049183],[-0.409511874885091,51.3544208732755],[-0.408962249741327,51.3535771682348],[-0.410793343451432,51.3526631968678],[-0.412402130637161,51.352654348593],[-0.416214048373012,51.3520162231049],[-0.415851733437282,51.3511939608681],[-0.418139788858646,51.3478832242511],[-0.419437534522556,51.3474322731724],[-0.420208347110688,51.3463958809139],[-0.421571703803306,51.345583406126],[-0.421322167308854,51.3443183960307],[-0.421855058564688,51.3427599754389],[-0.423219456599797,51.3393971183445],[-0.423973060578253,51.3387328257591],[-0.423129243927798,51.3377142344801],[-0.423456005221298,51.3374776986635],[-0.42409117019262,51.3377964860534],[-0.424467747096834,51.3375326582772],[-0.424483454502014,51.3369905922905],[-0.42378739494917,51.3362690441786],[-0.439152473413175,51.3303614756937],[-0.445569616704935,51.326770682508],[-0.451275084599432,51.328645534409],[-0.449920841727829,51.3303695177898],[-0.451273530103928,51.3306113359529],[-0.451452008159039,51.3309383195181],[-0.456149899398828,51.3310362442286],[-0.462343997790484,51.3299602975436],[-0.46193486794578,51.3313334410589],[-0.462837973346227,51.3327913099701],[-0.462488926590712,51.3339566797601],[-0.460981025992111,51.3350896985738],[-0.462071082383582,51.3367982861174],[-0.461169825843916,51.3370886180251],[-0.461885865602364,51.3375314293228],[-0.461932486330275,51.3380248801495],[-0.462661951020589,51.3380659136656],[-0.463571341654459,51.3386075335381],[-0.463164041586111,51.3394123855522],[-0.463725472140581,51.3396688606226],[-0.46365364983465,51.3406157484955],[-0.465498288208325,51.3413143462746],[-0.466071717337122,51.3428506233573],[-0.472821267126586,51.3421644098882],[-0.47676917282771,51.3432634779464],[-0.479206607811718,51.3452384251458],[-0.479655017676276,51.347750509764],[-0.48068251641897,51.3477269661038],[-0.481185717452966,51.3493836335473],[-0.478410211345656,51.3507856127934],[-0.47481759324323,51.3520761229996],[-0.472490698826593,51.3537759630116],[-0.466971498106567,51.3565753191975],[-0.468434473379189,51.3575422640316],[-0.470107530447665,51.3571189250882],[-0.470676506858517,51.3572837631941],[-0.47067920024831,51.3576335980532],[-0.469926607177044,51.3578513149977],[-0.470081031438643,51.3580861709403],[-0.472192401699291,51.357825936418],[-0.473485840674391,51.3581925857766],[-0.474206534714296,51.3580293598202],[-0.474557459206672,51.3590527618076],[-0.475551167612811,51.3591456978534],[-0.476086628888854,51.3595474968181],[-0.475132555332771,51.3602904203103],[-0.475817089304936,51.3606149587812],[-0.476136335222851,51.3618160243478],[-0.474853789662985,51.3630654783487],[-0.474173405052374,51.3629181782623],[-0.475468301027784,51.3641129741567],[-0.474121366689124,51.3639677878156],[-0.47258318812735,51.3614532414287],[-0.471057248034139,51.3602166593386],[-0.468026409697687,51.3590980350483],[-0.464755601691147,51.3588906098795],[-0.461679985554195,51.3595885068094],[-0.456561037432391,51.3621029668997],[-0.456722504241356,51.3625106264145],[-0.455301767342333,51.3633686806244],[-0.45121698210152,51.3708881542646],[-0.443274568718493,51.3667866461863]]],[[[-0.187459116165297,51.3408122814387],[-0.175019793495567,51.3338097560144],[-0.174666244468829,51.333168448492],[-0.174139125445574,51.3332115605332],[-0.172854635136869,51.3300134475821],[-0.181660150312037,51.3288488167957],[-0.181515790495817,51.3263276699198],[-0.180652319666769,51.323862330372],[-0.179746321280729,51.3227645924322],[-0.178073705573961,51.3216917864273],[-0.176763693070412,51.3199631755019],[-0.174682897045287,51.318982435455],[-0.172618269441644,51.3172352643754],[-0.171841397295234,51.3138876537373],[-0.173972916343827,51.3143422445258],[-0.175054269097722,51.3122417578465],[-0.172858621614111,51.3118306637789],[-0.173891388704309,51.3097954871294],[-0.175772295938198,51.3102038748147],[-0.176101479920896,51.3097112324767],[-0.175208922918132,51.3095327525966],[-0.176051170480457,51.3085548722633],[-0.177985692743231,51.3073125740364],[-0.178843792556367,51.305595400117],[-0.180983171902687,51.3052010344173],[-0.182274407026354,51.3042202545577],[-0.188429015886002,51.3016333005359],[-0.190545089397568,51.3010852340031],[-0.192880614972808,51.3010825969217],[-0.195116279237924,51.3041736014485],[-0.194632403115114,51.3045132239825],[-0.194660634890738,51.3080701464327],[-0.192883760195661,51.3111568280417],[-0.193214641085754,51.3125981568734],[-0.196206116610987,51.3134456377658],[-0.199099445626788,51.3134325877092],[-0.203909908511831,51.313897798964],[-0.203995324753692,51.3114871763366],[-0.204900851408601,51.3111530572658],[-0.208396093173228,51.3111913510488],[-0.21027093213014,51.3117587472453],[-0.213977132635413,51.3121301328619],[-0.21188444379156,51.3145837201664],[-0.210672354467708,51.3219537662178],[-0.210353929044285,51.327375147693],[-0.201703017754535,51.3393028694514],[-0.202046363154046,51.340142616863],[-0.201199296412049,51.3398841695948],[-0.199557392330879,51.3418840637973],[-0.198557576483129,51.3422994027072],[-0.197319340394251,51.3435951598667],[-0.196541212119756,51.3434464322384],[-0.196690325340346,51.3431582560367],[-0.196267143164344,51.3430393574419],[-0.196047487352986,51.3433300431202],[-0.193229272402731,51.3426256158056],[-0.187459116165297,51.3408122814387]]],[[[-0.156523624561657,51.321485286252],[-0.161879752207213,51.3196257041028],[-0.161177375768629,51.3175229028865],[-0.160481487671816,51.3168725879706],[-0.159581019661147,51.3171048727437],[-0.159314119284191,51.3159558543535],[-0.157169626485771,51.313389759405],[-0.158330470681896,51.3109853904918],[-0.156228082869366,51.3104208251244],[-0.154315337506222,51.3103178955937],[-0.157163054818694,51.3067089208359],[-0.156415768237732,51.306452545273],[-0.154509145189696,51.3064486021536],[-0.15502334068093,51.3057912509809],[-0.157735020247375,51.30442750946],[-0.156684009548237,51.3035890116137],[-0.155317700345265,51.3012743937466],[-0.1533605098568,51.3016778657492],[-0.151023184109817,51.3007219312497],[-0.153099238054896,51.2953259263701],[-0.156138969964864,51.2956049932552],[-0.157791604759441,51.2953135907504],[-0.159091096025286,51.2941326460116],[-0.159701285384039,51.2944057362624],[-0.160855367193065,51.29312989829],[-0.160400166044224,51.2931247060922],[-0.160891882684304,51.2927860230993],[-0.159929955585204,51.2926086867298],[-0.159469308418882,51.2921200786842],[-0.160019618681036,51.2915508956353],[-0.161528402710138,51.2921135199837],[-0.164276505747245,51.2902293872504],[-0.164686819648687,51.2888030030656],[-0.162654946251934,51.2884207607372],[-0.16102073020046,51.2875417098083],[-0.163231842209056,51.2861134203495],[-0.166466808899582,51.2810334106562],[-0.169909568354927,51.2766221538197],[-0.17040344974062,51.276718418417],[-0.169895635647886,51.2760755931548],[-0.169937463549911,51.2748210782581],[-0.171853461503565,51.2726771739873],[-0.172157127001028,51.2713815773624],[-0.172091599615333,51.2697352019401],[-0.170279931462148,51.2678203104876],[-0.176833590576928,51.2660857054785],[-0.185096249596636,51.2622148848107],[-0.185942169526425,51.2625291988584],[-0.185469378702509,51.2630558097083],[-0.18652523285518,51.2641723993072],[-0.189447021268469,51.2657927732827],[-0.193028674755026,51.267420395946],[-0.195097174873541,51.2674418264178],[-0.195275675699436,51.2697474815557],[-0.198604431340804,51.2697834434138],[-0.198257888529037,51.2746591895205],[-0.197614792154019,51.2761378131294],[-0.198895754816059,51.2761768372285],[-0.198551127369011,51.2766924050191],[-0.198869283103272,51.2768754753315],[-0.198709350765174,51.2792272833332],[-0.198047003858257,51.2793381785939],[-0.197974382855378,51.2798492055342],[-0.197089734015435,51.2797585523063],[-0.196881390708072,51.2804483496031],[-0.197261111510761,51.2845171644685],[-0.207017274421098,51.2820885659008],[-0.209958019401056,51.2818082843495],[-0.210877607723941,51.2812620558821],[-0.21252645377345,51.280904360964],[-0.213448626350331,51.2808187651713],[-0.216383115406524,51.2814668273955],[-0.218431431681291,51.2813818224679],[-0.221042063189754,51.2864925863042],[-0.223033516834143,51.2925236179223],[-0.223125881202052,51.2937529626624],[-0.221717781745154,51.2990116589303],[-0.222556820900906,51.2989780617271],[-0.223774783606766,51.302000673495],[-0.225679264452168,51.3068691399776],[-0.222701764989774,51.3076046001872],[-0.222769783291033,51.3077935765975],[-0.221191145865375,51.3076176648606],[-0.217798053996201,51.3079860181968],[-0.213977132635413,51.3121301328619],[-0.21027093213014,51.3117587472453],[-0.208396093173228,51.3111913510488],[-0.204900851408601,51.3111530572658],[-0.203995324753692,51.3114871763366],[-0.203909908511831,51.313897798964],[-0.199099445626788,51.3134325877092],[-0.196206116610987,51.3134456377658],[-0.193214641085754,51.3125981568734],[-0.192883760195661,51.3111568280417],[-0.194660634890738,51.3080701464327],[-0.194632403115114,51.3045132239825],[-0.195116279237924,51.3041736014485],[-0.192880614972808,51.3010825969217],[-0.190545089397568,51.3010852340031],[-0.188429015886002,51.3016333005359],[-0.182274407026354,51.3042202545577],[-0.180983171902687,51.3052010344173],[-0.178843792556367,51.305595400117],[-0.177985692743231,51.3073125740364],[-0.176051170480457,51.3085548722633],[-0.175208922918132,51.3095327525966],[-0.176101479920896,51.3097112324767],[-0.175772295938198,51.3102038748147],[-0.173891388704309,51.3097954871294],[-0.172858621614111,51.3118306637789],[-0.175054269097722,51.3122417578465],[-0.173972916343827,51.3143422445258],[-0.171841397295234,51.3138876537373],[-0.172618269441644,51.3172352643754],[-0.174682897045287,51.318982435455],[-0.176763693070412,51.3199631755019],[-0.178073705573961,51.3216917864273],[-0.179746321280729,51.3227645924322],[-0.180652319666769,51.323862330372],[-0.181515790495817,51.3263276699198],[-0.181660150312037,51.3288488167957],[-0.172854635136869,51.3300134475821],[-0.16989442115201,51.330245884325],[-0.170065836767003,51.3294743180842],[-0.163076717058335,51.3302642191945],[-0.162290500691429,51.3288894041289],[-0.163970646115068,51.3285830130605],[-0.163982170696406,51.3281875288167],[-0.164362156000791,51.3281260549106],[-0.163567228253123,51.3262133988898],[-0.164187029319929,51.3260405183973],[-0.160600116025925,51.3232414898837],[-0.158634513022564,51.3239758709806],[-0.156523624561657,51.321485286252]]],[[[-0.154247681125216,51.2290713767575],[-0.153356764033541,51.2271362671571],[-0.152487684992043,51.2267709142216],[-0.152946696715199,51.2263240119445],[-0.154072366338787,51.2261106587554],[-0.153617238974021,51.2255297164503],[-0.15447127512677,51.2247841768711],[-0.153478232398006,51.2229177257714],[-0.153947446467314,51.2225726024452],[-0.153316269895794,51.2216033456004],[-0.153835822178593,51.2210805943051],[-0.153990734708255,51.2196379378363],[-0.155315947959614,51.2189133166687],[-0.157440104224702,51.2197800074315],[-0.157752084438412,51.2181877469022],[-0.159249702847894,51.2172953773453],[-0.157358771881596,51.2139228658538],[-0.156539545793009,51.213677035308],[-0.156912463316989,51.2129971874799],[-0.156450280183794,51.2113396669807],[-0.158323285632396,51.2113332022911],[-0.158576846163063,51.2117247977542],[-0.162558798539682,51.211378235397],[-0.163406520471974,51.2110151886098],[-0.164804651419839,51.2115551374521],[-0.16907771715685,51.2110326077008],[-0.169027110009973,51.2103227099074],[-0.175936293851137,51.20987758214],[-0.184608895011972,51.2088766337643],[-0.18447562328273,51.2102271564674],[-0.188081292472843,51.2156249335994],[-0.183612711151587,51.2175712808694],[-0.182881699796492,51.2192598920418],[-0.193865847548139,51.2232915830814],[-0.191258172667578,51.223563851562],[-0.186756770343669,51.2239670793788],[-0.182455979911375,51.2257133708673],[-0.177172471773421,51.2254985113772],[-0.17352886132227,51.2257979726803],[-0.174225658014874,51.2287426613512],[-0.173522724654387,51.2311940031739],[-0.17292656384472,51.231876187056],[-0.173624555775324,51.2320238459358],[-0.173061612725088,51.2326751776824],[-0.173503909273864,51.2348698840641],[-0.172973297138135,51.2355578406282],[-0.172540405269986,51.2355285963552],[-0.172007406211459,51.2365077064422],[-0.170777328029837,51.237106299974],[-0.169347976534457,51.2371067836566],[-0.169120550662145,51.2374904520923],[-0.167074588275253,51.2382157417524],[-0.166661956680128,51.2381151231078],[-0.166796864796347,51.2360851419682],[-0.166286290193992,51.2343211282132],[-0.164985098672182,51.2326541658908],[-0.163269138660579,51.2312888114476],[-0.159619344011328,51.2298102186457],[-0.154247681125216,51.2290713767575]]],[[[-0.124301850029936,51.2867904031611],[-0.127336386756229,51.2864377703299],[-0.126797496420222,51.2849165779036],[-0.130984952532663,51.2848150875615],[-0.130138485388299,51.2817319142763],[-0.130401016896675,51.2795469362559],[-0.131494394990482,51.2768325806395],[-0.130248617336281,51.2743594504196],[-0.129986344739722,51.2725567540931],[-0.132022630706421,51.269682813672],[-0.132036623645061,51.2690201846635],[-0.129673619877977,51.2665247373739],[-0.130093627711753,51.2656051613735],[-0.128634772134555,51.2641473936324],[-0.127763335568241,51.2643232375666],[-0.126824921203647,51.2640995421366],[-0.126801913009311,51.2617366459024],[-0.127608012108721,51.261652456409],[-0.129624490216328,51.2598905754463],[-0.131522416977364,51.256559362116],[-0.131792694392072,51.2541696866904],[-0.135135436770187,51.254716799257],[-0.139447486116212,51.2533375321716],[-0.142949081127479,51.253323039153],[-0.144199463671864,51.2518068533617],[-0.145738015659367,51.2512143211388],[-0.144897770905814,51.2502288577376],[-0.144473887486041,51.2487975913162],[-0.145541271183647,51.2490519545646],[-0.146212014364857,51.2502595796303],[-0.146572432749135,51.25056386445],[-0.147017308645913,51.2503334729044],[-0.147505352775762,51.2506343812086],[-0.150434886687546,51.2535162432478],[-0.152397018070486,51.254259471167],[-0.154397840894074,51.2537892905157],[-0.154513426346429,51.2517607963948],[-0.154858577773249,51.2518009785063],[-0.155463681713366,51.2530672991135],[-0.156923953547251,51.2537801330294],[-0.156001935739486,51.2551672056189],[-0.158305779985862,51.2569112253095],[-0.156902405752545,51.2582840643307],[-0.159789113116406,51.2593540957195],[-0.15828734378358,51.26062051673],[-0.158243308841312,51.2603774618591],[-0.156102897565613,51.2608563551487],[-0.155478408396374,51.2616693741315],[-0.155937324411089,51.262594344545],[-0.155392919897265,51.2629099622891],[-0.155530378553219,51.263934185313],[-0.157136439167577,51.2642400722962],[-0.156720405139951,51.2651804838833],[-0.157266008993102,51.2663766039058],[-0.156665400898953,51.2668779475425],[-0.156875707119754,51.2676587052661],[-0.15964014754795,51.2685380173263],[-0.161925820763311,51.2686453221588],[-0.166162664696996,51.2684500598937],[-0.170279931462148,51.2678203104876],[-0.172091599615333,51.2697352019401],[-0.172157127001028,51.2713815773624],[-0.171853461503565,51.2726771739873],[-0.169937463549911,51.2748210782581],[-0.169895635647886,51.2760755931548],[-0.17040344974062,51.276718418417],[-0.169909568354927,51.2766221538197],[-0.166466808899582,51.2810334106562],[-0.163231842209056,51.2861134203495],[-0.16102073020046,51.2875417098083],[-0.162654946251934,51.2884207607372],[-0.164686819648687,51.2888030030656],[-0.164276505747245,51.2902293872504],[-0.161528402710138,51.2921135199837],[-0.160019618681036,51.2915508956353],[-0.159469308418882,51.2921200786842],[-0.159929955585204,51.2926086867298],[-0.160891882684304,51.2927860230993],[-0.160400166044224,51.2931247060922],[-0.160855367193065,51.29312989829],[-0.159701285384039,51.2944057362624],[-0.159091096025286,51.2941326460116],[-0.157791604759441,51.2953135907504],[-0.156138969964864,51.2956049932552],[-0.153099238054896,51.2953259263701],[-0.151023184109817,51.3007219312497],[-0.149814608176425,51.3002038176284],[-0.149496204705973,51.3007005254182],[-0.148451766086654,51.3007038056482],[-0.145625132209915,51.2998282510668],[-0.144852109926054,51.3007125936525],[-0.144422911498295,51.3005411882962],[-0.143577997575923,51.301244557504],[-0.142838994720194,51.3000250195634],[-0.140864570872737,51.2995755542449],[-0.137213219898507,51.3007415602643],[-0.136167490809853,51.2982789235295],[-0.134356098974276,51.2983755448969],[-0.131041131226239,51.2954758158966],[-0.131330311011781,51.2946245927381],[-0.130288175940541,51.2928888338468],[-0.126334941616266,51.2896642336475],[-0.126049064187005,51.2884031220565],[-0.124301850029936,51.2867904031611]]],[[[-0.13169310518427,51.1754809263812],[-0.128979609134812,51.17479107622],[-0.127719191942197,51.1650403405944],[-0.128233779732238,51.1628419815547],[-0.135796446149622,51.1607411214366],[-0.140358974634288,51.1604161757816],[-0.140462480803131,51.1600473181942],[-0.146232496587232,51.1602783407423],[-0.153143241245867,51.1598435260687],[-0.154514096424726,51.1600395700673],[-0.156422428768693,51.159596651511],[-0.160892192626889,51.1597686493567],[-0.163496320199338,51.1602701198168],[-0.166953584176529,51.161536879396],[-0.17670622529243,51.1668499717321],[-0.177073259410682,51.1678734483679],[-0.171516237537239,51.1713906649123],[-0.170604228721594,51.1739421720514],[-0.167852004457431,51.1768836151623],[-0.171045331296257,51.1801959692212],[-0.163984390973405,51.180982719784],[-0.164229650319849,51.1806045775957],[-0.163565208730812,51.1797013126311],[-0.162469280804945,51.1785118374473],[-0.16188870394493,51.1787141089657],[-0.16050923835885,51.1770160299765],[-0.159132695981476,51.1742739557386],[-0.154593261753869,51.174994856769],[-0.150779430033375,51.1740066467817],[-0.142464114924506,51.1738596464075],[-0.138979124848144,51.174340093543],[-0.134566956458593,51.1744573026109],[-0.13169310518427,51.1754809263812]]],[[[-0.137903696435838,51.2039911180021],[-0.137023909325045,51.2005686882703],[-0.137776084054179,51.1959708498218],[-0.139366202679056,51.1929861234],[-0.14155522972563,51.1914732145292],[-0.141601734140565,51.1906718170679],[-0.142955312109978,51.1903920502719],[-0.143508138023478,51.1865346228184],[-0.141491295361821,51.1864432462712],[-0.140324033150394,51.1859687767802],[-0.141666864209652,51.1848524611859],[-0.139418705108256,51.182545970837],[-0.13669540902798,51.1812040170443],[-0.135884572988557,51.179311535265],[-0.136366658597356,51.1779315312031],[-0.135130736449696,51.1773587321772],[-0.134909354694882,51.1764982250701],[-0.132206571818165,51.1759020024449],[-0.13220690281866,51.1755404984352],[-0.13169310518427,51.1754809263812],[-0.134566956458593,51.1744573026109],[-0.138979124848144,51.174340093543],[-0.142464114924506,51.1738596464075],[-0.150779430033375,51.1740066467817],[-0.154593261753869,51.174994856769],[-0.159132695981476,51.1742739557386],[-0.16050923835885,51.1770160299765],[-0.16188870394493,51.1787141089657],[-0.162469280804945,51.1785118374473],[-0.163565208730812,51.1797013126311],[-0.164229650319849,51.1806045775957],[-0.163984390973405,51.180982719784],[-0.163535663422278,51.1816454024678],[-0.163780996321681,51.1867522188724],[-0.166232423988755,51.1870730788015],[-0.167275849708223,51.1861667305532],[-0.169576676124275,51.1860624046823],[-0.170798615558758,51.1889944653239],[-0.172469973456494,51.189612336824],[-0.174060159885881,51.1896425519769],[-0.174455245001061,51.1900385358035],[-0.175352319676828,51.1901348128733],[-0.176500917483651,51.1911289257238],[-0.177727392248243,51.1912923699182],[-0.179357021059847,51.1897772165187],[-0.180411147314796,51.1895022239146],[-0.181821121503429,51.1911294142961],[-0.182847067336755,51.1912415479657],[-0.1836292573406,51.1909326344581],[-0.183894145671363,51.1902361946231],[-0.184837349560696,51.1905619932854],[-0.186427203791481,51.1898708000029],[-0.186278759846498,51.1892785344338],[-0.188127598988072,51.1884051340692],[-0.188301928495569,51.1875215886294],[-0.19122879202713,51.1891320805313],[-0.190881685030224,51.1897373556846],[-0.188194492186341,51.1904943935335],[-0.189281810774673,51.1915256510745],[-0.189272899123501,51.193164827948],[-0.189642304570003,51.1934013471834],[-0.191112617175304,51.192793520699],[-0.192680067093517,51.1928962524911],[-0.193152317801152,51.1937958367417],[-0.192588162923337,51.1950529979854],[-0.193178621182102,51.1958354357064],[-0.193889616538094,51.1960534195171],[-0.194570559302244,51.1983981663151],[-0.195355354019601,51.1990550989761],[-0.193435281930648,51.2028326053398],[-0.194995902209038,51.2036038240019],[-0.193462749341872,51.2063786428339],[-0.186667155075156,51.2085982723645],[-0.184608895011972,51.2088766337643],[-0.175936293851137,51.20987758214],[-0.169027110009973,51.2103227099074],[-0.16907771715685,51.2110326077008],[-0.164804651419839,51.2115551374521],[-0.163406520471974,51.2110151886098],[-0.162558798539682,51.211378235397],[-0.158576846163063,51.2117247977542],[-0.158323285632396,51.2113332022911],[-0.156450280183794,51.2113396669807],[-0.156912463316989,51.2129971874799],[-0.156539545793009,51.213677035308],[-0.157358771881596,51.2139228658538],[-0.159249702847894,51.2172953773453],[-0.157752084438412,51.2181877469022],[-0.157440104224702,51.2197800074315],[-0.155315947959614,51.2189133166687],[-0.153990734708255,51.2196379378363],[-0.153835822178593,51.2210805943051],[-0.153316269895794,51.2216033456004],[-0.153947446467314,51.2225726024452],[-0.153478232398006,51.2229177257714],[-0.15447127512677,51.2247841768711],[-0.153617238974021,51.2255297164503],[-0.154072366338787,51.2261106587554],[-0.152946696715199,51.2263240119445],[-0.149484090149733,51.2219157183154],[-0.147442203120559,51.2199453737469],[-0.145240721717068,51.2162161917531],[-0.144766118066079,51.2162320447874],[-0.144539142522399,51.2135735815794],[-0.145592687131481,51.2107277810265],[-0.143745105588362,51.2107443011605],[-0.135868326726258,51.2120741111557],[-0.135654392562246,51.2105274679626],[-0.136747019706528,51.2075402362401],[-0.137320558807565,51.206595206576],[-0.137749534252437,51.2066092325521],[-0.137903696435838,51.2039911180021]]],[[[-0.193462749341872,51.2063786428339],[-0.194995902209038,51.2036038240019],[-0.193435281930648,51.2028326053398],[-0.195355354019601,51.1990550989761],[-0.194570559302244,51.1983981663151],[-0.193889616538094,51.1960534195171],[-0.193178621182102,51.1958354357064],[-0.192588162923337,51.1950529979854],[-0.193152317801152,51.1937958367417],[-0.192680067093517,51.1928962524911],[-0.191112617175304,51.192793520699],[-0.189642304570003,51.1934013471834],[-0.189272899123501,51.193164827948],[-0.189281810774673,51.1915256510745],[-0.188194492186341,51.1904943935335],[-0.190881685030224,51.1897373556846],[-0.19122879202713,51.1891320805313],[-0.188301928495569,51.1875215886294],[-0.188127598988072,51.1884051340692],[-0.186278759846498,51.1892785344338],[-0.186427203791481,51.1898708000029],[-0.184837349560696,51.1905619932854],[-0.183894145671363,51.1902361946231],[-0.1836292573406,51.1909326344581],[-0.182847067336755,51.1912415479657],[-0.181821121503429,51.1911294142961],[-0.180411147314796,51.1895022239146],[-0.179357021059847,51.1897772165187],[-0.177727392248243,51.1912923699182],[-0.176500917483651,51.1911289257238],[-0.175352319676828,51.1901348128733],[-0.174455245001061,51.1900385358035],[-0.174060159885881,51.1896425519769],[-0.172469973456494,51.189612336824],[-0.170798615558758,51.1889944653239],[-0.169576676124275,51.1860624046823],[-0.167275849708223,51.1861667305532],[-0.166232423988755,51.1870730788015],[-0.163780996321681,51.1867522188724],[-0.163535663422278,51.1816454024678],[-0.163984390973405,51.180982719784],[-0.171045331296257,51.1801959692212],[-0.167852004457431,51.1768836151623],[-0.170604228721594,51.1739421720514],[-0.171516237537239,51.1713906649123],[-0.177073259410682,51.1678734483679],[-0.177356765557581,51.1689276877174],[-0.176597172909372,51.169762529131],[-0.176755228023664,51.1701984657811],[-0.17901553923585,51.1709576089877],[-0.179173153747938,51.1718962578776],[-0.180182641233719,51.1725446321351],[-0.181096356166237,51.1726649333576],[-0.182006485940055,51.1724029696496],[-0.182898858685859,51.1732478347482],[-0.182743369468727,51.1744923339029],[-0.183315643806165,51.1749288461316],[-0.186640443172164,51.1752200727909],[-0.186276433050775,51.1757288456892],[-0.187389608613375,51.1764556554221],[-0.187512377323494,51.1774665967798],[-0.188782876245237,51.1778675759596],[-0.1888332614427,51.1783346543424],[-0.18984926732057,51.1782932639095],[-0.189839930177421,51.1788426054888],[-0.188010045876564,51.1798283057645],[-0.18769584293826,51.180323411627],[-0.189658277309245,51.1810706035639],[-0.18981943629061,51.1814139317699],[-0.191446989998704,51.1812870575566],[-0.192630451449466,51.1807324525804],[-0.195918511709235,51.1807660939388],[-0.198597243372692,51.181384727378],[-0.199626798275436,51.1811055843797],[-0.200592338418756,51.180633947828],[-0.200734137026742,51.1801153892099],[-0.19956962177431,51.1790102453861],[-0.198077206972824,51.176370194325],[-0.196922079713413,51.1753550750999],[-0.197929785823495,51.1745341983564],[-0.200000446402561,51.1742620889663],[-0.20068435498065,51.1737825278502],[-0.201877281514018,51.1736380428942],[-0.202589294566656,51.1742380443092],[-0.206877463689109,51.1725628139052],[-0.209701098276684,51.1723092745051],[-0.210762448935068,51.1723875437439],[-0.211092760797487,51.1729474895875],[-0.212749245793268,51.1736167051894],[-0.213915404462718,51.1746839731775],[-0.214478172588448,51.1743355487103],[-0.218035314268796,51.1739869079545],[-0.219970422233598,51.1762655247821],[-0.221003181988092,51.1758999462366],[-0.221729368720235,51.1750215572218],[-0.223760288913065,51.1748725299857],[-0.225466639180816,51.1770568542647],[-0.227875196359442,51.1781851224645],[-0.229026661287016,51.1792385589409],[-0.228942385856449,51.1802596974406],[-0.234622134984399,51.1812352165205],[-0.236682768486288,51.1826548128247],[-0.236187637964165,51.1834177812274],[-0.237244774613237,51.1844241220278],[-0.239171733153927,51.1840348665076],[-0.239126459533765,51.1834237373642],[-0.241635386875372,51.1832956389601],[-0.243085189974928,51.1827976232687],[-0.243427218277889,51.1841903827982],[-0.245159489913529,51.1867326531598],[-0.24501255188431,51.1880785184208],[-0.244612040936916,51.1883000368118],[-0.243797845821239,51.1881097559432],[-0.243433521814556,51.1887724766897],[-0.243007407647901,51.1888011525364],[-0.243246902438396,51.1892022444919],[-0.242906064412439,51.1894723167311],[-0.24163860963944,51.1894595733841],[-0.241374999117531,51.1890596353367],[-0.239808342046845,51.1892692807254],[-0.239646604534764,51.1889691748394],[-0.238154804765705,51.1893613069671],[-0.237901346571281,51.1885391143801],[-0.23852041717717,51.1886293735139],[-0.237968891166084,51.1873296540891],[-0.238468991059923,51.1871240463513],[-0.237021659773649,51.1868765204171],[-0.236820890679104,51.1864373274091],[-0.236320358081066,51.1868794415189],[-0.236507795198488,51.1872554842148],[-0.235170402881794,51.1871256353284],[-0.234340515103636,51.1877983794333],[-0.233446932776216,51.1866166580519],[-0.232130844824089,51.1867172580081],[-0.228469441570387,51.1874515360775],[-0.227276673897287,51.1892249414174],[-0.227164926163557,51.1915794136538],[-0.22437432792009,51.1919121081934],[-0.221815660981119,51.1918678671321],[-0.221705996757189,51.1913689313553],[-0.220905427138602,51.1908279369689],[-0.218936233313672,51.190936531813],[-0.218065731717655,51.1916139402309],[-0.215559897600478,51.1922808114871],[-0.215818871565665,51.1929115835628],[-0.21282050222531,51.1933190609295],[-0.21486075553958,51.195003205186],[-0.215967842443773,51.1968024686504],[-0.215766103734591,51.1980970968786],[-0.214658122635196,51.1994732974701],[-0.217640479945172,51.2007920786439],[-0.218567525121292,51.2018528150467],[-0.21943893860776,51.2019994435623],[-0.219677105362448,51.2012422449134],[-0.220723667727222,51.2009775726414],[-0.220097975047319,51.2006470032901],[-0.220766659849999,51.2002326929448],[-0.220040271993736,51.1997665943124],[-0.2204844627724,51.1994945605432],[-0.219950185817786,51.1990952334533],[-0.220507025990992,51.198908549216],[-0.220733899403393,51.1982950671636],[-0.221569637051474,51.1982996751902],[-0.221176832013531,51.1977577131934],[-0.221705813576402,51.1972909456225],[-0.221205344127156,51.1972779455611],[-0.220989273682096,51.1960848464325],[-0.223584848830834,51.1959578542185],[-0.224142962842885,51.1992003301236],[-0.225116449533233,51.2012852692791],[-0.224777494525578,51.2021184872442],[-0.223419084038869,51.2020088438699],[-0.223145130758953,51.2038434264824],[-0.226279948668093,51.2041443111368],[-0.226553997958768,51.205806531437],[-0.228287910217894,51.2069765254727],[-0.229548832329925,51.2069479555645],[-0.231556250468272,51.2047722849115],[-0.232671644304594,51.2043160473809],[-0.234758467871148,51.2060859560978],[-0.234868874584861,51.2062702197549],[-0.230723926750244,51.2072526126134],[-0.23355198352131,51.2090354516678],[-0.232427748480608,51.2097200148728],[-0.230397221670603,51.2101767134787],[-0.22863261876901,51.2098235743621],[-0.226458465848103,51.2107394275144],[-0.225097867349617,51.2123109677959],[-0.224291368773319,51.212400037214],[-0.223582649792627,51.2119530606983],[-0.223123030374612,51.2126601164813],[-0.221914887161939,51.2120554938185],[-0.220853500781894,51.2123915934338],[-0.22009314172715,51.2122820082331],[-0.22079384807978,51.211571668321],[-0.219302639696533,51.2109221678216],[-0.220163897618714,51.2099730046085],[-0.218832597643312,51.2095588763238],[-0.219359164709864,51.2087511725533],[-0.21825553810714,51.2087460654727],[-0.21838657770673,51.208280460166],[-0.217547468056429,51.2078386558429],[-0.21597150081108,51.2078695833847],[-0.214270087032036,51.2073651640973],[-0.214219020941681,51.2070586150041],[-0.214896736975787,51.2072281747858],[-0.215184091077103,51.2069061079572],[-0.214391716983083,51.2066278130096],[-0.214369660844979,51.2060501012509],[-0.213618738437282,51.2056618496503],[-0.213273448717592,51.2059650475707],[-0.212666216161705,51.2058963505824],[-0.212807281596587,51.2055450836556],[-0.212313696172935,51.2051292847401],[-0.21168664658736,51.205167358002],[-0.211563330308204,51.2058741122097],[-0.210650070851973,51.2059447592556],[-0.210802177687116,51.2054946774593],[-0.21042343052558,51.2052928930448],[-0.209382023985529,51.2057526605977],[-0.20760778927999,51.205653584688],[-0.207422431709602,51.2062631858669],[-0.206573003425415,51.2061638669308],[-0.205503070906757,51.2073201148676],[-0.204673230239464,51.2074908892388],[-0.204384932333109,51.2070638201715],[-0.203802140347435,51.2072499758449],[-0.204386162494813,51.2076942593238],[-0.203388750670643,51.2083462391524],[-0.202028197335739,51.207879238115],[-0.199152676754582,51.2089286547897],[-0.197296711038598,51.2082444944912],[-0.196703361962411,51.2091778390223],[-0.195768483832881,51.2081525328734],[-0.194809861727233,51.2080622334493],[-0.194706325446987,51.2074886554145],[-0.193462749341872,51.2063786428339]]],[[[-0.185096249596636,51.2622148848107],[-0.19118153723528,51.2599412703381],[-0.19652973083669,51.2586304111921],[-0.197061481311033,51.257755655147],[-0.197998043229885,51.2574813953379],[-0.199825046773705,51.2581647159746],[-0.206282273741566,51.2577426910319],[-0.206257313138792,51.257410168434],[-0.206924884600072,51.2573697540529],[-0.207986378553521,51.2537975215378],[-0.208295086483587,51.2537661435905],[-0.209725554282374,51.2539105817243],[-0.212859680856202,51.2550516900907],[-0.216459022528906,51.2568088208477],[-0.220569155690377,51.2564055332143],[-0.223434640859654,51.2564643076312],[-0.223582100993177,51.2544998594245],[-0.224099103656771,51.2545076986254],[-0.226757138377764,51.2559136908077],[-0.232011806414615,51.2581174423692],[-0.24068646095894,51.2606472509297],[-0.240912817080385,51.2598629390448],[-0.24348582371093,51.260154270721],[-0.243945489365216,51.2600900520487],[-0.243746926023333,51.2595080237857],[-0.247636669412831,51.2591363862113],[-0.248696587110077,51.2594930546672],[-0.248879155381696,51.2602332404499],[-0.25086532980901,51.260619018996],[-0.253347704879429,51.2605480970712],[-0.254569746662293,51.2590106757303],[-0.258407127722874,51.2577449145117],[-0.259225116330517,51.2579819179176],[-0.260834540978885,51.2578295341614],[-0.261422134718927,51.2594282439537],[-0.264122108511187,51.2609942668586],[-0.265744188633882,51.2613870705254],[-0.266473805664677,51.262756629183],[-0.265774992630709,51.2657452732553],[-0.266874257986172,51.2686446522282],[-0.266125456002861,51.2731505260897],[-0.267054598998661,51.2744061608345],[-0.266242875547351,51.2786386542387],[-0.26732396770623,51.2815349829469],[-0.268873281772131,51.284111813658],[-0.26948003362475,51.2865469235141],[-0.270246718128508,51.2873649264083],[-0.270215376470834,51.2890766175086],[-0.272234355213241,51.292330347943],[-0.269848647709795,51.29410079013],[-0.2674556256272,51.2975807247458],[-0.264399318689037,51.2995452981878],[-0.260454249596236,51.299247536011],[-0.253524870131283,51.2994186837281],[-0.253283347185178,51.2992038158419],[-0.251600501096776,51.2996246988345],[-0.249894289456995,51.2986604040962],[-0.247068628919528,51.2979949850476],[-0.247245376797808,51.2987210867544],[-0.2426200300013,51.2976118310934],[-0.241133230558782,51.2977055010407],[-0.238156914173123,51.2972156967142],[-0.236986969250814,51.2974251616796],[-0.236272639288137,51.2981733996242],[-0.234768016537859,51.2981143299616],[-0.232167286537961,51.2988440478765],[-0.228898249125726,51.3006103657735],[-0.22684846632335,51.300964267211],[-0.226961690035971,51.3013153637172],[-0.223774783606766,51.302000673495],[-0.222556820900906,51.2989780617271],[-0.221717781745154,51.2990116589303],[-0.223125881202052,51.2937529626624],[-0.223033516834143,51.2925236179223],[-0.221042063189754,51.2864925863042],[-0.218431431681291,51.2813818224679],[-0.216383115406524,51.2814668273955],[-0.213448626350331,51.2808187651713],[-0.21252645377345,51.280904360964],[-0.210877607723941,51.2812620558821],[-0.209958019401056,51.2818082843495],[-0.207017274421098,51.2820885659008],[-0.197261111510761,51.2845171644685],[-0.196881390708072,51.2804483496031],[-0.197089734015435,51.2797585523063],[-0.197974382855378,51.2798492055342],[-0.198047003858257,51.2793381785939],[-0.198709350765174,51.2792272833332],[-0.198869283103272,51.2768754753315],[-0.198551127369011,51.2766924050191],[-0.198895754816059,51.2761768372285],[-0.197614792154019,51.2761378131294],[-0.198257888529037,51.2746591895205],[-0.198604431340804,51.2697834434138],[-0.195275675699436,51.2697474815557],[-0.195097174873541,51.2674418264178],[-0.193028674755026,51.267420395946],[-0.189447021268469,51.2657927732827],[-0.18652523285518,51.2641723993072],[-0.185469378702509,51.2630558097083],[-0.185942169526425,51.2625291988584],[-0.185096249596636,51.2622148848107]]],[[[-0.169120550662145,51.2374904520923],[-0.169347976534457,51.2371067836566],[-0.170777328029837,51.237106299974],[-0.172007406211459,51.2365077064422],[-0.172540405269986,51.2355285963552],[-0.172973297138135,51.2355578406282],[-0.173503909273864,51.2348698840641],[-0.173061612725088,51.2326751776824],[-0.173624555775324,51.2320238459358],[-0.17292656384472,51.231876187056],[-0.173522724654387,51.2311940031739],[-0.174225658014874,51.2287426613512],[-0.17352886132227,51.2257979726803],[-0.177172471773421,51.2254985113772],[-0.182455979911375,51.2257133708673],[-0.186756770343669,51.2239670793788],[-0.191258172667578,51.223563851562],[-0.19155013990831,51.2239047277004],[-0.191036207193467,51.2245648261123],[-0.191430865370416,51.2251352912422],[-0.191231887402681,51.226175815421],[-0.191608004352955,51.2264002501531],[-0.190515571197821,51.2263560809992],[-0.190676842776769,51.2269374918289],[-0.190993937154994,51.2267584852367],[-0.191406400752627,51.2270723079792],[-0.19029267171912,51.227540483314],[-0.1904076035179,51.2279222699879],[-0.190837347484879,51.2278401948898],[-0.192085754505334,51.2284755215194],[-0.19322612518316,51.2284735052503],[-0.193691152361655,51.2293391921037],[-0.19548197466786,51.228935791587],[-0.195865450222474,51.2296422446448],[-0.197671641743623,51.2294569147313],[-0.197905059566467,51.2301935059766],[-0.202686079647106,51.2291662349209],[-0.203270577002972,51.2326968820193],[-0.203537970570205,51.2340319410891],[-0.20157388521787,51.234122046099],[-0.200531183594418,51.2344929984387],[-0.198196619010926,51.2346559968911],[-0.197481584543927,51.2344630266443],[-0.196937101999497,51.2347497267644],[-0.196990032549477,51.2351402106601],[-0.191917577237177,51.2357176184229],[-0.191819125762934,51.2363510954122],[-0.190625850362262,51.2363321990843],[-0.190322830322818,51.2357852325643],[-0.188946011328286,51.2358001456262],[-0.18769087552858,51.2360695939811],[-0.187874266927268,51.2364519406949],[-0.186638136946314,51.2366122007762],[-0.186772822337178,51.2368849785684],[-0.18376494395346,51.2366544163094],[-0.183391182918656,51.2377288994486],[-0.1846484107335,51.2377105826848],[-0.186059531492086,51.2388396094207],[-0.188139574780059,51.2390367301669],[-0.188048234665069,51.2399104738825],[-0.178157778552071,51.2394706317308],[-0.174363055532097,51.23881252878],[-0.170496363649323,51.237583001576],[-0.169120550662145,51.2374904520923]]],[[[-0.213977132635413,51.3121301328619],[-0.217798053996201,51.3079860181968],[-0.221191145865375,51.3076176648606],[-0.222769783291033,51.3077935765975],[-0.223710614731093,51.3111558211395],[-0.225560600542046,51.3136254208999],[-0.229319350442772,51.312307828456],[-0.231375271617758,51.3122408724938],[-0.233270758563678,51.3128949553215],[-0.233251122908039,51.3156469996575],[-0.236164816161319,51.315798832834],[-0.236115435758338,51.3166371494767],[-0.237056742120146,51.3167142633392],[-0.238174009462368,51.3167683843003],[-0.238381049405607,51.3159153487902],[-0.240119214624966,51.3161312148346],[-0.240495598638414,51.3158580777239],[-0.241251588340181,51.3161457140525],[-0.240959063821267,51.3171348673335],[-0.242932303912426,51.3212855004388],[-0.241918465930139,51.3219286086658],[-0.236582902159705,51.325914023957],[-0.2341698640323,51.3271739585429],[-0.220841625332819,51.3298019706872],[-0.216085272317037,51.3297994479429],[-0.214229603051396,51.330252715746],[-0.211968448705917,51.3333261120878],[-0.213053983018457,51.335553568244],[-0.20205494756804,51.340140194764],[-0.202046363154046,51.340142616863],[-0.201703017754535,51.3393028694514],[-0.210353929044285,51.327375147693],[-0.210672354467708,51.3219537662178],[-0.21188444379156,51.3145837201664],[-0.213977132635413,51.3121301328619]]],[[[-0.144473887486041,51.2487975913162],[-0.14437279222094,51.2479273250856],[-0.142733746475244,51.2457861185744],[-0.143075731830949,51.2438760298366],[-0.145288055772246,51.24159175544],[-0.14532833522704,51.2405896825744],[-0.146022832527933,51.2395656151299],[-0.145307474241173,51.2372970267487],[-0.148067173863109,51.2341757930729],[-0.149433607606406,51.2345939247537],[-0.150387575251587,51.2359968259979],[-0.151392963543181,51.2349373271511],[-0.152192488527812,51.2350398899934],[-0.153006841965876,51.2343782694791],[-0.155046597828194,51.2307255423815],[-0.154247681125216,51.2290713767575],[-0.159619344011328,51.2298102186457],[-0.163269138660579,51.2312888114476],[-0.164985098672182,51.2326541658908],[-0.166286290193992,51.2343211282132],[-0.166796864796347,51.2360851419682],[-0.166661956680128,51.2381151231078],[-0.167074588275253,51.2382157417524],[-0.169120550662145,51.2374904520923],[-0.168686344824806,51.237952299233],[-0.164586088222339,51.2535979388439],[-0.164222723431468,51.254030618037],[-0.159489968534798,51.2560781912151],[-0.158305779985862,51.2569112253095],[-0.156001935739486,51.2551672056189],[-0.156923953547251,51.2537801330294],[-0.155463681713366,51.2530672991135],[-0.154858577773249,51.2518009785063],[-0.154513426346429,51.2517607963948],[-0.154397840894074,51.2537892905157],[-0.152397018070486,51.254259471167],[-0.150434886687546,51.2535162432478],[-0.147505352775762,51.2506343812086],[-0.147017308645913,51.2503334729044],[-0.146572432749135,51.25056386445],[-0.146212014364857,51.2502595796303],[-0.145541271183647,51.2490519545646],[-0.144473887486041,51.2487975913162]]],[[[-0.158305779985862,51.2569112253095],[-0.159489968534798,51.2560781912151],[-0.164222723431468,51.254030618037],[-0.164586088222339,51.2535979388439],[-0.168686344824806,51.237952299233],[-0.169120550662145,51.2374904520923],[-0.170496363649323,51.237583001576],[-0.174363055532097,51.23881252878],[-0.178157778552071,51.2394706317308],[-0.188048234665069,51.2399104738825],[-0.197222107463252,51.2406908926136],[-0.195925944858528,51.2419528469897],[-0.195344036176217,51.2416629250841],[-0.19388232359564,51.2422542589156],[-0.194105954572144,51.2430916128988],[-0.190547654356511,51.2436673842562],[-0.186989901098987,51.2456340422085],[-0.184619739874454,51.2485542515075],[-0.183645025121176,51.2491702479506],[-0.184097480386991,51.2511181131487],[-0.185965484084687,51.2511700168211],[-0.185884616317999,51.250894477204],[-0.186833634478828,51.2508165141659],[-0.187476424110145,51.2518253417882],[-0.188945623117267,51.252877411541],[-0.189129880597074,51.2550605273816],[-0.189852696214989,51.2559654076128],[-0.192287203114082,51.2567446847921],[-0.192352027430194,51.257018998749],[-0.192802237567112,51.256761903395],[-0.193895018588939,51.257220376293],[-0.197061481311033,51.257755655147],[-0.19652973083669,51.2586304111921],[-0.19118153723528,51.2599412703381],[-0.185096249596636,51.2622148848107],[-0.176833590576928,51.2660857054785],[-0.170279931462148,51.2678203104876],[-0.166162664696996,51.2684500598937],[-0.161925820763311,51.2686453221588],[-0.15964014754795,51.2685380173263],[-0.156875707119754,51.2676587052661],[-0.156665400898953,51.2668779475425],[-0.157266008993102,51.2663766039058],[-0.156720405139951,51.2651804838833],[-0.157136439167577,51.2642400722962],[-0.155530378553219,51.263934185313],[-0.155392919897265,51.2629099622891],[-0.155937324411089,51.262594344545],[-0.155478408396374,51.2616693741315],[-0.156102897565613,51.2608563551487],[-0.158243308841312,51.2603774618591],[-0.15828734378358,51.26062051673],[-0.159789113116406,51.2593540957195],[-0.156902405752545,51.2582840643307],[-0.158305779985862,51.2569112253095]]],[[[-0.197061481311033,51.257755655147],[-0.193895018588939,51.257220376293],[-0.192802237567112,51.256761903395],[-0.192352027430194,51.257018998749],[-0.192287203114082,51.2567446847921],[-0.189852696214989,51.2559654076128],[-0.189129880597074,51.2550605273816],[-0.188945623117267,51.252877411541],[-0.187476424110145,51.2518253417882],[-0.186833634478828,51.2508165141659],[-0.185884616317999,51.250894477204],[-0.185965484084687,51.2511700168211],[-0.184097480386991,51.2511181131487],[-0.183645025121176,51.2491702479506],[-0.184619739874454,51.2485542515075],[-0.186989901098987,51.2456340422085],[-0.190547654356511,51.2436673842562],[-0.194105954572144,51.2430916128988],[-0.19388232359564,51.2422542589156],[-0.195344036176217,51.2416629250841],[-0.195925944858528,51.2419528469897],[-0.197222107463252,51.2406908926136],[-0.188048234665069,51.2399104738825],[-0.188139574780059,51.2390367301669],[-0.186059531492086,51.2388396094207],[-0.1846484107335,51.2377105826848],[-0.183391182918656,51.2377288994486],[-0.18376494395346,51.2366544163094],[-0.186772822337178,51.2368849785684],[-0.186638136946314,51.2366122007762],[-0.187874266927268,51.2364519406949],[-0.18769087552858,51.2360695939811],[-0.188946011328286,51.2358001456262],[-0.190322830322818,51.2357852325643],[-0.190625850362262,51.2363321990843],[-0.191819125762934,51.2363510954122],[-0.191917577237177,51.2357176184229],[-0.196990032549477,51.2351402106601],[-0.196937101999497,51.2347497267644],[-0.197481584543927,51.2344630266443],[-0.198196619010926,51.2346559968911],[-0.200531183594418,51.2344929984387],[-0.20157388521787,51.234122046099],[-0.203537970570205,51.2340319410891],[-0.203270577002972,51.2326968820193],[-0.205681384824862,51.2302616478023],[-0.207538565738751,51.2291705096763],[-0.212311689604717,51.2295987132522],[-0.216660856685673,51.229359279514],[-0.217099880733183,51.2266329266278],[-0.217878685632861,51.2258983874248],[-0.219657792300183,51.2254083222354],[-0.22339064612081,51.2233849813008],[-0.226075123691047,51.2229571059549],[-0.229378281140145,51.2213712852991],[-0.232590030359136,51.2205204973607],[-0.234176302541415,51.2177314447426],[-0.234577973007428,51.2182485284277],[-0.235279451004584,51.2183060503007],[-0.234650332420161,51.2190304036208],[-0.235640552485952,51.2192031629345],[-0.236068871965658,51.2198742106338],[-0.234851386373158,51.2210087770476],[-0.236094450833081,51.2217541600861],[-0.23542130303246,51.2223555473352],[-0.237599927707532,51.222795757217],[-0.239154855422083,51.2235262866762],[-0.240225582075419,51.2233820407071],[-0.240944834592252,51.2239000630639],[-0.242683662362768,51.2234099746252],[-0.243062844993614,51.2241674908173],[-0.242536198143894,51.2244959277872],[-0.242985746522336,51.2247634764366],[-0.24434766751787,51.2246903817552],[-0.244356449868449,51.2241203501263],[-0.244817852706953,51.224151550637],[-0.245035962352455,51.2245550142075],[-0.245736296430702,51.2244385287249],[-0.246454337231489,51.2240133010526],[-0.246486225079874,51.2235884045934],[-0.246972408831299,51.2234194214804],[-0.247656181491848,51.2243460571165],[-0.249165411355518,51.2242400384006],[-0.249171208017416,51.2253714577643],[-0.249977842424069,51.2254730007077],[-0.250264540130965,51.2258819759025],[-0.25008518921155,51.2267597195498],[-0.250758180445622,51.2271420920363],[-0.249354208439353,51.2278315595229],[-0.250282837593544,51.2285361129115],[-0.248801787602837,51.2291416853609],[-0.249923640576221,51.2310973731819],[-0.248929816931879,51.2322992777832],[-0.247857808051195,51.2326159827831],[-0.247519306747151,51.2333069815677],[-0.246862682566633,51.2335858287606],[-0.247189982095752,51.2342085473668],[-0.245979929995044,51.2348388119104],[-0.244872819831002,51.2363055977435],[-0.239462683441489,51.2372666492476],[-0.237711847314754,51.2369840114651],[-0.233905591933281,51.2379702880728],[-0.230700590143342,51.2400958522709],[-0.231772848325476,51.242228536297],[-0.229964886894418,51.2450873567842],[-0.229251033913431,51.2451700896463],[-0.229713510888592,51.2473202349531],[-0.229323684532162,51.2477215336627],[-0.228159403589426,51.2473501499782],[-0.226481567367153,51.2474898609213],[-0.226314005044898,51.2489027845359],[-0.226542495079375,51.249220991317],[-0.227617646871082,51.2492093889122],[-0.231545290100814,51.2500658763693],[-0.231523088820487,51.2508349585447],[-0.227853457523129,51.2514245410554],[-0.22795392072822,51.2528367468533],[-0.22721599087397,51.2532068716814],[-0.227354052643037,51.2534922313701],[-0.225973989575801,51.2538090148103],[-0.226757138377764,51.2559136908077],[-0.224099103656771,51.2545076986254],[-0.223582100993177,51.2544998594245],[-0.223434640859654,51.2564643076312],[-0.220569155690377,51.2564055332143],[-0.216459022528906,51.2568088208477],[-0.212859680856202,51.2550516900907],[-0.209725554282374,51.2539105817243],[-0.208295086483587,51.2537661435905],[-0.207986378553521,51.2537975215378],[-0.206924884600072,51.2573697540529],[-0.206257313138792,51.257410168434],[-0.206282273741566,51.2577426910319],[-0.199825046773705,51.2581647159746],[-0.197998043229885,51.2574813953379],[-0.197061481311033,51.257755655147]]],[[[-0.191258172667578,51.223563851562],[-0.193865847548139,51.2232915830814],[-0.182881699796492,51.2192598920418],[-0.183612711151587,51.2175712808694],[-0.188081292472843,51.2156249335994],[-0.18447562328273,51.2102271564674],[-0.184608895011972,51.2088766337643],[-0.186667155075156,51.2085982723645],[-0.193462749341872,51.2063786428339],[-0.194706325446987,51.2074886554145],[-0.194809861727233,51.2080622334493],[-0.195768483832881,51.2081525328734],[-0.196703361962411,51.2091778390223],[-0.197296711038598,51.2082444944912],[-0.199152676754582,51.2089286547897],[-0.202028197335739,51.207879238115],[-0.203388750670643,51.2083462391524],[-0.204386162494813,51.2076942593238],[-0.203802140347435,51.2072499758449],[-0.204384932333109,51.2070638201715],[-0.204673230239464,51.2074908892388],[-0.205503070906757,51.2073201148676],[-0.206573003425415,51.2061638669308],[-0.207422431709602,51.2062631858669],[-0.20760778927999,51.205653584688],[-0.209382023985529,51.2057526605977],[-0.21042343052558,51.2052928930448],[-0.210802177687116,51.2054946774593],[-0.210650070851973,51.2059447592556],[-0.211563330308204,51.2058741122097],[-0.21168664658736,51.205167358002],[-0.212313696172935,51.2051292847401],[-0.212807281596587,51.2055450836556],[-0.212666216161705,51.2058963505824],[-0.213273448717592,51.2059650475707],[-0.213618738437282,51.2056618496503],[-0.214369660844979,51.2060501012509],[-0.214391716983083,51.2066278130096],[-0.215184091077103,51.2069061079572],[-0.214896736975787,51.2072281747858],[-0.214219020941681,51.2070586150041],[-0.214270087032036,51.2073651640973],[-0.21597150081108,51.2078695833847],[-0.217547468056429,51.2078386558429],[-0.21838657770673,51.208280460166],[-0.21825553810714,51.2087460654727],[-0.219359164709864,51.2087511725533],[-0.218832597643312,51.2095588763238],[-0.220163897618714,51.2099730046085],[-0.219302639696533,51.2109221678216],[-0.22079384807978,51.211571668321],[-0.22009314172715,51.2122820082331],[-0.220853500781894,51.2123915934338],[-0.221914887161939,51.2120554938185],[-0.223123030374612,51.2126601164813],[-0.223582649792627,51.2119530606983],[-0.224291368773319,51.212400037214],[-0.225097867349617,51.2123109677959],[-0.225972474384476,51.2131782189585],[-0.227334172784837,51.21347583789],[-0.227288581984355,51.2139620454929],[-0.228202891484411,51.2138887991796],[-0.228668867739976,51.213544606299],[-0.229948641656628,51.2137116424268],[-0.231510127310756,51.2132323389669],[-0.233012864156341,51.2133998232041],[-0.234872222889076,51.2145693763925],[-0.233793762936804,51.215287848223],[-0.234375111644874,51.2158197496851],[-0.233810593524239,51.2162033341194],[-0.234176302541415,51.2177314447426],[-0.232590030359136,51.2205204973607],[-0.229378281140145,51.2213712852991],[-0.226075123691047,51.2229571059549],[-0.22339064612081,51.2233849813008],[-0.219657792300183,51.2254083222354],[-0.217878685632861,51.2258983874248],[-0.217099880733183,51.2266329266278],[-0.216660856685673,51.229359279514],[-0.212311689604717,51.2295987132522],[-0.207538565738751,51.2291705096763],[-0.205681384824862,51.2302616478023],[-0.203270577002972,51.2326968820193],[-0.202686079647106,51.2291662349209],[-0.197905059566467,51.2301935059766],[-0.197671641743623,51.2294569147313],[-0.195865450222474,51.2296422446448],[-0.19548197466786,51.228935791587],[-0.193691152361655,51.2293391921037],[-0.19322612518316,51.2284735052503],[-0.192085754505334,51.2284755215194],[-0.190837347484879,51.2278401948898],[-0.1904076035179,51.2279222699879],[-0.19029267171912,51.227540483314],[-0.191406400752627,51.2270723079792],[-0.190993937154994,51.2267584852367],[-0.190676842776769,51.2269374918289],[-0.190515571197821,51.2263560809992],[-0.191608004352955,51.2264002501531],[-0.191231887402681,51.226175815421],[-0.191430865370416,51.2251352912422],[-0.191036207193467,51.2245648261123],[-0.19155013990831,51.2239047277004],[-0.191258172667578,51.223563851562]]],[[[-0.222769783291033,51.3077935765975],[-0.222701764989774,51.3076046001872],[-0.225679264452168,51.3068691399776],[-0.223774783606766,51.302000673495],[-0.226961690035971,51.3013153637172],[-0.22684846632335,51.300964267211],[-0.228898249125726,51.3006103657735],[-0.232167286537961,51.2988440478765],[-0.234768016537859,51.2981143299616],[-0.236272639288137,51.2981733996242],[-0.236986969250814,51.2974251616796],[-0.238156914173123,51.2972156967142],[-0.241133230558782,51.2977055010407],[-0.2426200300013,51.2976118310934],[-0.247245376797808,51.2987210867544],[-0.246378535180407,51.3022318778377],[-0.243220280068404,51.3069085990051],[-0.244086995969201,51.3094049257439],[-0.242672181241796,51.3100083015811],[-0.242919875196425,51.310322728363],[-0.241002058029569,51.3097827063008],[-0.240661648980328,51.3105797881369],[-0.241405255396956,51.3115837908758],[-0.24405486858861,51.3113555134623],[-0.244162744497754,51.3118787332671],[-0.24436821000732,51.3129956149133],[-0.243640196859323,51.3143804486923],[-0.241251588340181,51.3161457140525],[-0.240495598638414,51.3158580777239],[-0.240119214624966,51.3161312148346],[-0.238381049405607,51.3159153487902],[-0.238174009462368,51.3167683843003],[-0.237056742120146,51.3167142633392],[-0.236115435758338,51.3166371494767],[-0.236164816161319,51.315798832834],[-0.233251122908039,51.3156469996575],[-0.233270758563678,51.3128949553215],[-0.231375271617758,51.3122408724938],[-0.229319350442772,51.312307828456],[-0.225560600542046,51.3136254208999],[-0.223710614731093,51.3111558211395],[-0.222769783291033,51.3077935765975]]],[[[-0.244679372720784,51.3690611536447],[-0.245382434157475,51.3668892943279],[-0.246089466220996,51.3669356975877],[-0.251177684713031,51.3595467408276],[-0.251212493915429,51.3594999800865],[-0.264610754218145,51.3682785711706],[-0.261624532983372,51.371266771307],[-0.260656958672501,51.3711750696232],[-0.260788697418549,51.3707366101589],[-0.25977238201677,51.3704472325766],[-0.259641322201337,51.3710612920889],[-0.256548752443697,51.3716651391387],[-0.255122544700664,51.3702733250844],[-0.252300387599873,51.3713573805856],[-0.251968073498027,51.3708248206158],[-0.251095158718664,51.3711481181336],[-0.250870584077469,51.3709536920613],[-0.251398718881202,51.3705830151695],[-0.25093295306954,51.3701372203156],[-0.250256908856869,51.3698671926205],[-0.249860775045187,51.3700628609481],[-0.247515757036131,51.3687510989797],[-0.246963768298152,51.3686826095834],[-0.246609768546514,51.3692645493476],[-0.244679372720784,51.3690611536447]]],[[[-0.241918465930139,51.3219286086658],[-0.242932303912426,51.3212855004388],[-0.240959063821267,51.3171348673335],[-0.241251588340181,51.3161457140525],[-0.243640196859323,51.3143804486923],[-0.24436821000732,51.3129956149133],[-0.244162744497754,51.3118787332671],[-0.244794887572242,51.3114412509971],[-0.251881781712124,51.3130122323658],[-0.25397662321613,51.3142394907341],[-0.25655684466995,51.3138381322007],[-0.258467180737281,51.314488945639],[-0.258925139977256,51.3153932848388],[-0.258503576269984,51.3171684954913],[-0.259464982522851,51.3196334371093],[-0.262938035991417,51.3245719033943],[-0.264140417993185,51.3275456457804],[-0.263474922901721,51.3273802515325],[-0.262450290380888,51.3286285136845],[-0.26200853559841,51.3284976805209],[-0.261693470144034,51.3289531647376],[-0.262435974089365,51.3291593232354],[-0.261801630861662,51.3305871950599],[-0.259939348388103,51.3315542325121],[-0.26103039508421,51.3328488756563],[-0.258494377540975,51.3342101725534],[-0.258924887232285,51.3343513212099],[-0.257115429969198,51.3346355448133],[-0.257929619374942,51.3356907487117],[-0.253692236010422,51.3381690512878],[-0.251028745708484,51.3398756325351],[-0.246274675697174,51.3345761939818],[-0.24791266177204,51.3331457574654],[-0.245105043518067,51.3306918072622],[-0.245255279931578,51.3303307651197],[-0.244054912268924,51.3290232080678],[-0.244822504678009,51.3276003307116],[-0.243110893272226,51.3270540299094],[-0.243729220831508,51.324996714586],[-0.242444800189954,51.3219485739591],[-0.241918465930139,51.3219286086658]]],[[[-0.258750071123654,51.3473201872697],[-0.259914715014109,51.3452963961208],[-0.265019551984307,51.3364970991103],[-0.265763835466471,51.336908579763],[-0.266784293890782,51.3369918856888],[-0.268178304585648,51.3399926412486],[-0.26869460697743,51.3398973048587],[-0.269137925916024,51.3402941154276],[-0.270240091703373,51.3396005447946],[-0.271685564103168,51.3387905010477],[-0.272713366153665,51.3397696415563],[-0.272137586368226,51.3399999047918],[-0.272398627162741,51.3403890786613],[-0.271965318346974,51.3405148804239],[-0.272798882339006,51.3409709430225],[-0.27234606023188,51.3413155811362],[-0.272922880095597,51.3410990077368],[-0.273505761094558,51.3416656812878],[-0.274587810628064,51.3419482391874],[-0.277397545758593,51.3407652440062],[-0.277981663686769,51.3419725349842],[-0.272074639918005,51.3438906264945],[-0.271426545275909,51.34357043625],[-0.270916735281635,51.3439435200169],[-0.271216861171966,51.3454132835527],[-0.273115065209898,51.3466390693647],[-0.273612122293311,51.3462884150046],[-0.273808862711343,51.3464406340211],[-0.275404410770966,51.3490772845153],[-0.276011839264544,51.353473369001],[-0.274071748725201,51.3564150202305],[-0.273852878077339,51.3566095407205],[-0.271686200967108,51.3553086955342],[-0.270198704197416,51.3541927611085],[-0.270510277750231,51.3540093935017],[-0.270134173439514,51.3536154616306],[-0.265985359746702,51.3506011015719],[-0.262668459351131,51.3495122427353],[-0.262578689750867,51.3497709733924],[-0.260923984945718,51.3493629098038],[-0.261110806942054,51.3490936600725],[-0.259530980290588,51.3484195217424],[-0.258967519321023,51.3477476022577],[-0.259166843123698,51.3474137956207],[-0.258750071123654,51.3473201872697]]],[[[-0.245041240280716,51.3799602694744],[-0.244679372720784,51.3690611536447],[-0.246609768546514,51.3692645493476],[-0.246963768298152,51.3686826095834],[-0.247515757036131,51.3687510989797],[-0.249860775045187,51.3700628609481],[-0.250256908856869,51.3698671926205],[-0.25093295306954,51.3701372203156],[-0.251398718881202,51.3705830151695],[-0.250870584077469,51.3709536920613],[-0.251095158718664,51.3711481181336],[-0.251968073498027,51.3708248206158],[-0.252300387599873,51.3713573805856],[-0.255122544700664,51.3702733250844],[-0.256548752443697,51.3716651391387],[-0.259641322201337,51.3710612920889],[-0.25977238201677,51.3704472325766],[-0.260788697418549,51.3707366101589],[-0.260656958672501,51.3711750696232],[-0.261624532983372,51.371266771307],[-0.264610754218145,51.3682785711706],[-0.269508141765428,51.3712703395098],[-0.27244582790641,51.3722467417846],[-0.269040310104722,51.3735373133568],[-0.264623840046074,51.3756162582769],[-0.262267173534486,51.3774100179725],[-0.260991332915542,51.379595673917],[-0.258211975143256,51.3789186046488],[-0.253882339585554,51.3787485040858],[-0.251855991990156,51.3789615474778],[-0.248473134757924,51.3800592342108],[-0.245027866580531,51.3800591554688],[-0.245041240280716,51.3799602694744]]],[[[-0.264610754218145,51.3682785711706],[-0.251212493915429,51.3594999800865],[-0.254121400119978,51.3552979613045],[-0.255429694907536,51.3558686958893],[-0.25744079626971,51.3560100800323],[-0.258697104204458,51.3571573325535],[-0.261080088103067,51.3576845379371],[-0.262888657141827,51.3587437427032],[-0.264314781378196,51.3590912906921],[-0.265396625334858,51.3601486173445],[-0.267525546550161,51.3603716766291],[-0.269349998805397,51.361701643601],[-0.270756963031179,51.3642016830802],[-0.271612395618682,51.3675442172773],[-0.273349952836053,51.368940384662],[-0.274022551853225,51.3706552821872],[-0.273462254930149,51.3716092506631],[-0.27244582790641,51.3722467417846],[-0.269508141765428,51.3712703395098],[-0.264610754218145,51.3682785711706]]],[[[-0.244700539010934,51.351851701567],[-0.24417170840079,51.3495308564711],[-0.245714651007016,51.3462798240524],[-0.246632217431135,51.3455660024544],[-0.251745131201687,51.3435415037413],[-0.25524593861658,51.3398647783803],[-0.256325368882422,51.340515714674],[-0.255743806741066,51.3408577601872],[-0.255947029762199,51.341139563067],[-0.259914715014109,51.3452963961208],[-0.258750071123654,51.3473201872697],[-0.254121400119978,51.3552979613045],[-0.251212493915429,51.3594999800865],[-0.251177684713031,51.3595467408276],[-0.245459633051114,51.3538740925562],[-0.244700539010934,51.351851701567]]],[[[-0.274071748725201,51.3564150202305],[-0.276011839264544,51.353473369001],[-0.275404410770966,51.3490772845153],[-0.273808862711343,51.3464406340211],[-0.273612122293311,51.3462884150046],[-0.273115065209898,51.3466390693647],[-0.271216861171966,51.3454132835527],[-0.270916735281635,51.3439435200169],[-0.271426545275909,51.34357043625],[-0.272074639918005,51.3438906264945],[-0.277981663686769,51.3419725349842],[-0.279544931873281,51.3414320963544],[-0.283328050359063,51.3408041373752],[-0.28453969144631,51.3395391083242],[-0.28673736268824,51.3350877120422],[-0.28813363334205,51.3355901490676],[-0.288934466673407,51.3354276823251],[-0.29086825014561,51.3357238948249],[-0.292361165438618,51.3352583853938],[-0.296188192465753,51.3354374197465],[-0.305062772223965,51.337814634487],[-0.305385030571139,51.3395587111363],[-0.304065646686288,51.3431716513728],[-0.301376941291102,51.3453029408354],[-0.299230749741224,51.3483693364762],[-0.292882670548092,51.3523507269466],[-0.292697986139606,51.3536571640621],[-0.291329995960083,51.3550868178169],[-0.291199885866217,51.356577222703],[-0.289008414827386,51.3587448050162],[-0.287018686644174,51.3593978410581],[-0.286752623983781,51.359172717211],[-0.285393909852469,51.3593052694833],[-0.281154740731924,51.3603982094747],[-0.280923882531984,51.3599907759742],[-0.278268269395436,51.3588915785799],[-0.274071748725201,51.3564150202305]]],[[[-0.226944751876078,51.3626256423043],[-0.224057875439187,51.3592742258887],[-0.222736428311044,51.3570860723604],[-0.221974866292256,51.3535305503846],[-0.222091853689523,51.3513246377407],[-0.221261964912739,51.3511708037795],[-0.220420862146078,51.3514197278752],[-0.22018551426333,51.3500798623837],[-0.21777747301199,51.3456313934939],[-0.217264425534208,51.3433870908022],[-0.221785936519717,51.3413452357562],[-0.222700381564937,51.3408294208442],[-0.222276761871338,51.3404605940402],[-0.223261121111112,51.3398811076016],[-0.224090565020614,51.3400412234932],[-0.226826853442208,51.337888470377],[-0.229822682346971,51.3365228045655],[-0.220841625332819,51.3298019706872],[-0.2341698640323,51.3271739585429],[-0.236582902159705,51.325914023957],[-0.241918465930139,51.3219286086658],[-0.242444800189954,51.3219485739591],[-0.243729220831508,51.324996714586],[-0.243110893272226,51.3270540299094],[-0.244822504678009,51.3276003307116],[-0.244054912268924,51.3290232080678],[-0.245255279931578,51.3303307651197],[-0.245105043518067,51.3306918072622],[-0.24791266177204,51.3331457574654],[-0.246274675697174,51.3345761939818],[-0.251028745708484,51.3398756325351],[-0.253692236010422,51.3381690512878],[-0.25524593861658,51.3398647783803],[-0.251745131201687,51.3435415037413],[-0.246632217431135,51.3455660024544],[-0.245714651007016,51.3462798240524],[-0.24417170840079,51.3495308564711],[-0.244700539010934,51.351851701567],[-0.243673052233884,51.3523578140018],[-0.244241277003902,51.354174730109],[-0.242902030043946,51.3548704377583],[-0.242625004347251,51.3543762466842],[-0.23990735772857,51.3555845283664],[-0.240663491854822,51.3587198635965],[-0.233949400956512,51.3653847827061],[-0.233191345765746,51.3660100237169],[-0.226944751876078,51.3626256423043]]],[[[-0.270756963031179,51.3642016830802],[-0.271196933116076,51.3641901931846],[-0.271058468566165,51.3637465603483],[-0.272405513119684,51.3628042196678],[-0.27482273103804,51.3594077940251],[-0.276233624967444,51.3609676407394],[-0.27685905211417,51.360990326072],[-0.277521738099473,51.3615135462178],[-0.279767284964303,51.3603839292976],[-0.280111115836592,51.3606253287288],[-0.281154740731924,51.3603982094747],[-0.285393909852469,51.3593052694833],[-0.286752623983781,51.359172717211],[-0.287018686644174,51.3593978410581],[-0.285210052743086,51.3611915779588],[-0.288395626599499,51.3621599530413],[-0.287199548589013,51.3625394047912],[-0.284071129097295,51.3651500235484],[-0.282161781469282,51.3659997534709],[-0.279819388836289,51.3678250888166],[-0.276560062628712,51.3688077459618],[-0.275832391300465,51.3700137733847],[-0.274022551853225,51.3706552821872],[-0.273349952836053,51.368940384662],[-0.271612395618682,51.3675442172773],[-0.270756963031179,51.3642016830802]]],[[[-0.270240091703373,51.3396005447946],[-0.26919688409469,51.3373606855149],[-0.271574055986114,51.3367920836086],[-0.274532456678461,51.3348739714023],[-0.27522287313986,51.3355432752006],[-0.274745305872857,51.3360015333617],[-0.275019673187598,51.3361468096704],[-0.276114250712945,51.3355710720873],[-0.275570734287997,51.3350814666649],[-0.275507484342115,51.3341429192679],[-0.272399344541012,51.3332683310203],[-0.276745411689739,51.3308519995558],[-0.282588726645796,51.327101828107],[-0.280835779723534,51.3245410637641],[-0.283524866057371,51.3235571381097],[-0.287664091609856,51.3210915749202],[-0.2884601928813,51.3216234540726],[-0.28909934888493,51.3229988180312],[-0.290886153057372,51.3248153879755],[-0.292273210078418,51.3249161002556],[-0.292287763847127,51.3252778256891],[-0.293567164006878,51.3251858541018],[-0.297428983824354,51.3258598007416],[-0.305007851774892,51.3329757218919],[-0.30618917299884,51.3350755647039],[-0.305135065101119,51.3363508410086],[-0.305062772223965,51.337814634487],[-0.296188192465753,51.3354374197465],[-0.292361165438618,51.3352583853938],[-0.29086825014561,51.3357238948249],[-0.288934466673407,51.3354276823251],[-0.28813363334205,51.3355901490676],[-0.28673736268824,51.3350877120422],[-0.28453969144631,51.3395391083242],[-0.283328050359063,51.3408041373752],[-0.279544931873281,51.3414320963544],[-0.277981663686769,51.3419725349842],[-0.277397545758593,51.3407652440062],[-0.274587810628064,51.3419482391874],[-0.273505761094558,51.3416656812878],[-0.272922880095597,51.3410990077368],[-0.27234606023188,51.3413155811362],[-0.272798882339006,51.3409709430225],[-0.271965318346974,51.3405148804239],[-0.272398627162741,51.3403890786613],[-0.272137586368226,51.3399999047918],[-0.272713366153665,51.3397696415563],[-0.271685564103168,51.3387905010477],[-0.270240091703373,51.3396005447946]]],[[[-0.233949400956512,51.3653847827061],[-0.240663491854822,51.3587198635965],[-0.23990735772857,51.3555845283664],[-0.242625004347251,51.3543762466842],[-0.242902030043946,51.3548704377583],[-0.244241277003902,51.354174730109],[-0.243673052233884,51.3523578140018],[-0.244700539010934,51.351851701567],[-0.245459633051114,51.3538740925562],[-0.251177684713031,51.3595467408276],[-0.246089466220996,51.3669356975877],[-0.245382434157475,51.3668892943279],[-0.241150340069487,51.3662619656321],[-0.24089087845287,51.3670367764087],[-0.238917446309639,51.366834444855],[-0.237824768755512,51.3670068989883],[-0.236779812334742,51.3667969112556],[-0.233949400956512,51.3653847827061]]],[[[-0.25524593861658,51.3398647783803],[-0.253692236010422,51.3381690512878],[-0.257929619374942,51.3356907487117],[-0.257115429969198,51.3346355448133],[-0.258924887232285,51.3343513212099],[-0.258494377540975,51.3342101725534],[-0.26103039508421,51.3328488756563],[-0.259939348388103,51.3315542325121],[-0.261801630861662,51.3305871950599],[-0.262435974089365,51.3291593232354],[-0.261693470144034,51.3289531647376],[-0.26200853559841,51.3284976805209],[-0.262450290380888,51.3286285136845],[-0.263474922901721,51.3273802515325],[-0.264140417993185,51.3275456457804],[-0.264446356523059,51.3286428442542],[-0.266958013450887,51.3312042861388],[-0.267286957051483,51.3308926086339],[-0.270200868737401,51.3305534984671],[-0.270145824890033,51.3301857088945],[-0.273186478351875,51.3293348854081],[-0.274193606652172,51.3299976456985],[-0.274558364507491,51.3298807637055],[-0.274406284596904,51.3301376789681],[-0.275237611337355,51.3306970928779],[-0.275889443401806,51.3302945976374],[-0.276745411689739,51.3308519995558],[-0.272399344541012,51.3332683310203],[-0.275507484342115,51.3341429192679],[-0.275570734287997,51.3350814666649],[-0.276114250712945,51.3355710720873],[-0.275019673187598,51.3361468096704],[-0.274745305872857,51.3360015333617],[-0.27522287313986,51.3355432752006],[-0.274532456678461,51.3348739714023],[-0.271574055986114,51.3367920836086],[-0.26919688409469,51.3373606855149],[-0.270240091703373,51.3396005447946],[-0.269137925916024,51.3402941154276],[-0.26869460697743,51.3398973048587],[-0.268178304585648,51.3399926412486],[-0.266784293890782,51.3369918856888],[-0.265763835466471,51.336908579763],[-0.265019551984307,51.3364970991103],[-0.259914715014109,51.3452963961208],[-0.255947029762199,51.341139563067],[-0.255743806741066,51.3408577601872],[-0.256325368882422,51.340515714674],[-0.25524593861658,51.3398647783803]]],[[[-0.254121400119978,51.3552979613045],[-0.258750071123654,51.3473201872697],[-0.259166843123698,51.3474137956207],[-0.258967519321023,51.3477476022577],[-0.259530980290588,51.3484195217424],[-0.261110806942054,51.3490936600725],[-0.260923984945718,51.3493629098038],[-0.262578689750867,51.3497709733924],[-0.262668459351131,51.3495122427353],[-0.265985359746702,51.3506011015719],[-0.270134173439514,51.3536154616306],[-0.270510277750231,51.3540093935017],[-0.270198704197416,51.3541927611085],[-0.271686200967108,51.3553086955342],[-0.273852878077339,51.3566095407205],[-0.274071748725201,51.3564150202305],[-0.278268269395436,51.3588915785799],[-0.280923882531984,51.3599907759742],[-0.281154740731924,51.3603982094747],[-0.280111115836592,51.3606253287288],[-0.279767284964303,51.3603839292976],[-0.277521738099473,51.3615135462178],[-0.27685905211417,51.360990326072],[-0.276233624967444,51.3609676407394],[-0.27482273103804,51.3594077940251],[-0.272405513119684,51.3628042196678],[-0.271058468566165,51.3637465603483],[-0.271196933116076,51.3641901931846],[-0.270756963031179,51.3642016830802],[-0.269349998805397,51.361701643601],[-0.267525546550161,51.3603716766291],[-0.265396625334858,51.3601486173445],[-0.264314781378196,51.3590912906921],[-0.262888657141827,51.3587437427032],[-0.261080088103067,51.3576845379371],[-0.258697104204458,51.3571573325535],[-0.25744079626971,51.3560100800323],[-0.255429694907536,51.3558686958893],[-0.254121400119978,51.3552979613045]]],[[[-0.264140417993185,51.3275456457804],[-0.262938035991417,51.3245719033943],[-0.259464982522851,51.3196334371093],[-0.258503576269984,51.3171684954913],[-0.258925139977256,51.3153932848388],[-0.258467180737281,51.314488945639],[-0.25655684466995,51.3138381322007],[-0.25397662321613,51.3142394907341],[-0.251881781712124,51.3130122323658],[-0.244794887572242,51.3114412509971],[-0.244162744497754,51.3118787332671],[-0.24405486858861,51.3113555134623],[-0.241405255396956,51.3115837908758],[-0.240661648980328,51.3105797881369],[-0.241002058029569,51.3097827063008],[-0.242919875196425,51.310322728363],[-0.242672181241796,51.3100083015811],[-0.244086995969201,51.3094049257439],[-0.243220280068404,51.3069085990051],[-0.246378535180407,51.3022318778377],[-0.247245376797808,51.2987210867544],[-0.247068628919528,51.2979949850476],[-0.249894289456995,51.2986604040962],[-0.251600501096776,51.2996246988345],[-0.253283347185178,51.2992038158419],[-0.253524870131283,51.2994186837281],[-0.260454249596236,51.299247536011],[-0.264399318689037,51.2995452981878],[-0.2674556256272,51.2975807247458],[-0.269848647709795,51.29410079013],[-0.272234355213241,51.292330347943],[-0.272902452466842,51.2933716477506],[-0.275314349988678,51.298322679153],[-0.278206864317543,51.3021395617502],[-0.278781996574488,51.3063243038638],[-0.280545979950287,51.3102576720713],[-0.281947931662323,51.3117144495823],[-0.284183806247496,51.3128596885559],[-0.285246782424569,51.316601075902],[-0.287664091609856,51.3210915749202],[-0.283524866057371,51.3235571381097],[-0.280835779723534,51.3245410637641],[-0.282588726645796,51.327101828107],[-0.276745411689739,51.3308519995558],[-0.275889443401806,51.3302945976374],[-0.275237611337355,51.3306970928779],[-0.274406284596904,51.3301376789681],[-0.274558364507491,51.3298807637055],[-0.274193606652172,51.3299976456985],[-0.273186478351875,51.3293348854081],[-0.270145824890033,51.3301857088945],[-0.270200868737401,51.3305534984671],[-0.267286957051483,51.3308926086339],[-0.266958013450887,51.3312042861388],[-0.264446356523059,51.3286428442542],[-0.264140417993185,51.3275456457804]]],[[[-0.287664091609856,51.3210915749202],[-0.288874758733788,51.3196618593163],[-0.297884118194204,51.3196515829761],[-0.299012099876968,51.3194988695707],[-0.301731230564941,51.3183246814625],[-0.301299363362512,51.3180231863055],[-0.301851633599817,51.3176949558189],[-0.300351176099695,51.3166158300454],[-0.303812297106544,51.3151357367127],[-0.300673961136747,51.3112418783537],[-0.299661997188634,51.3093717481426],[-0.300670452561683,51.3090880117741],[-0.302450699373334,51.3075032228521],[-0.304338703271562,51.3075260976586],[-0.310595039973186,51.3057064982752],[-0.312924322390874,51.3038466561061],[-0.31851728225391,51.3013375948364],[-0.319204668364303,51.3020202868184],[-0.321622675617972,51.3049024445511],[-0.324911643429319,51.3100458661491],[-0.327898609925188,51.3124221690135],[-0.328802925933648,51.3144251597944],[-0.330166180710834,51.3154141152955],[-0.330757857057383,51.31737665898],[-0.330750407544671,51.3182533388204],[-0.327629018855735,51.3259521630732],[-0.326291892453596,51.3256983352248],[-0.326057044989405,51.3261581337451],[-0.324716578041373,51.3262720139533],[-0.323946901864069,51.3267160648172],[-0.318955380094986,51.327956487283],[-0.316741565315754,51.3291458801178],[-0.313692682687823,51.331414861887],[-0.310929454278381,51.3323893960177],[-0.30761218961433,51.3346076990427],[-0.30618917299884,51.3350755647039],[-0.305007851774892,51.3329757218919],[-0.297428983824354,51.3258598007416],[-0.293567164006878,51.3251858541018],[-0.292287763847127,51.3252778256891],[-0.292273210078418,51.3249161002556],[-0.290886153057372,51.3248153879755],[-0.28909934888493,51.3229988180312],[-0.2884601928813,51.3216234540726],[-0.287664091609856,51.3210915749202]]],[[[-0.272902452466842,51.2933716477506],[-0.281686945865515,51.290776972829],[-0.285140077271395,51.2915983193431],[-0.29209190165538,51.2926291249393],[-0.301759668739317,51.2934791476557],[-0.307902724365061,51.294925139995],[-0.313367610826333,51.2973889850633],[-0.31851728225391,51.3013375948364],[-0.312924322390874,51.3038466561061],[-0.310595039973186,51.3057064982752],[-0.304338703271562,51.3075260976586],[-0.302450699373334,51.3075032228521],[-0.300670452561683,51.3090880117741],[-0.299661997188634,51.3093717481426],[-0.300673961136747,51.3112418783537],[-0.303812297106544,51.3151357367127],[-0.300351176099695,51.3166158300454],[-0.301851633599817,51.3176949558189],[-0.301299363362512,51.3180231863055],[-0.301731230564941,51.3183246814625],[-0.299012099876968,51.3194988695707],[-0.297884118194204,51.3196515829761],[-0.288874758733788,51.3196618593163],[-0.287664091609856,51.3210915749202],[-0.285246782424569,51.316601075902],[-0.284183806247496,51.3128596885559],[-0.281947931662323,51.3117144495823],[-0.280545979950287,51.3102576720713],[-0.278781996574488,51.3063243038638],[-0.278206864317543,51.3021395617502],[-0.275314349988678,51.298322679153],[-0.272902452466842,51.2933716477506]]],[[[-0.349068303382128,51.2634195210087],[-0.347501603907931,51.2613821883455],[-0.348806640381579,51.2615597252614],[-0.351413876746113,51.261317680471],[-0.351977302583407,51.2617150666719],[-0.351650522818957,51.2626771772657],[-0.352171466211017,51.2633409720661],[-0.353111773257193,51.263338920479],[-0.3536597856872,51.2636460906521],[-0.357748400742171,51.2630209840732],[-0.356112819009359,51.2592111063902],[-0.35642062847073,51.2563647579536],[-0.357424355018645,51.2560176262057],[-0.358261218763839,51.2560315853684],[-0.358549730470731,51.2565503243473],[-0.360162132002324,51.2574081551133],[-0.360544335926262,51.258432235632],[-0.359870388372874,51.2599805873977],[-0.360203719135492,51.2609118629655],[-0.362295223788988,51.2627372486905],[-0.363049402030435,51.2642100686889],[-0.366253687439664,51.2672603160123],[-0.367297703987085,51.2716614206337],[-0.368757248886984,51.274446548717],[-0.372709966114619,51.2775762417917],[-0.371827784196015,51.277709066259],[-0.372349710333845,51.278423556294],[-0.371531066738071,51.2787420806581],[-0.372499100093443,51.2795653739268],[-0.372862487544376,51.2794340050623],[-0.374011679344999,51.2805634505879],[-0.373425221499839,51.2810182501691],[-0.374203373590857,51.2815810769078],[-0.376474114485058,51.2805812091888],[-0.377125167932354,51.2811089402477],[-0.376637205433466,51.2813558773236],[-0.376908788828349,51.2823942805404],[-0.375944811913091,51.282644939484],[-0.37725620033737,51.2849865735502],[-0.377303689818885,51.2854089909715],[-0.376496662093776,51.2855421372894],[-0.377317638030144,51.2877796686427],[-0.379177694635097,51.2875193893064],[-0.381085557521708,51.2888657575888],[-0.380448195182587,51.2897050907514],[-0.376094332825648,51.2917046724965],[-0.371329928795333,51.2938209590768],[-0.371110647940203,51.2927100936295],[-0.373542785216674,51.2916850021649],[-0.373384832961985,51.2912439626822],[-0.373001498461529,51.2909023989505],[-0.372543486414535,51.2910870405293],[-0.372345029486699,51.2908994814812],[-0.370409689913895,51.2916784062614],[-0.370071181071553,51.2909139878072],[-0.368550199434054,51.2911209543223],[-0.367580509837821,51.2904868534676],[-0.367955004347326,51.2903202201687],[-0.36748779221387,51.289979358961],[-0.366706992505064,51.2901784555098],[-0.366462379285811,51.2896200383296],[-0.366824486508951,51.2891711060188],[-0.365995730925667,51.2885197130798],[-0.366439461874951,51.2882203280857],[-0.365156122352585,51.287851525937],[-0.363726503698892,51.28656358368],[-0.363709179453457,51.2860181999775],[-0.363442994753016,51.286139930305],[-0.362797970520041,51.2856477346787],[-0.361838613168784,51.2861379606449],[-0.362481188831861,51.2869970575383],[-0.362060893627327,51.2871572595434],[-0.361592945277368,51.2869492256711],[-0.360282632444376,51.2882856513971],[-0.359118449982258,51.2888197064036],[-0.358202443374818,51.289170179043],[-0.3577858654909,51.2888675778928],[-0.355961599408203,51.2891327799886],[-0.355562611433637,51.288729405409],[-0.350323905884625,51.2826283748966],[-0.350726774687156,51.2820806451361],[-0.353970265565118,51.2818265754976],[-0.361015710357604,51.2792365973749],[-0.35763330182491,51.2766649431154],[-0.359641378432029,51.275029452258],[-0.358764956432005,51.2739155140084],[-0.359108230014427,51.2735372528498],[-0.358659299007941,51.2731388987507],[-0.358726561472261,51.272339443818],[-0.356652690199948,51.271037882076],[-0.353893737942101,51.2686124036883],[-0.352232598697206,51.266360635599],[-0.349068303382128,51.2634195210087]]],[[[-0.376094332825648,51.2917046724965],[-0.380448195182587,51.2897050907514],[-0.381085557521708,51.2888657575888],[-0.379177694635097,51.2875193893064],[-0.377317638030144,51.2877796686427],[-0.376496662093776,51.2855421372894],[-0.377303689818885,51.2854089909715],[-0.37725620033737,51.2849865735502],[-0.375944811913091,51.282644939484],[-0.376908788828349,51.2823942805404],[-0.376637205433466,51.2813558773236],[-0.377125167932354,51.2811089402477],[-0.376474114485058,51.2805812091888],[-0.374203373590857,51.2815810769078],[-0.373425221499839,51.2810182501691],[-0.374011679344999,51.2805634505879],[-0.372862487544376,51.2794340050623],[-0.372499100093443,51.2795653739268],[-0.371531066738071,51.2787420806581],[-0.372349710333845,51.278423556294],[-0.371827784196015,51.277709066259],[-0.372709966114619,51.2775762417917],[-0.368757248886984,51.274446548717],[-0.367297703987085,51.2716614206337],[-0.366253687439664,51.2672603160123],[-0.363049402030435,51.2642100686889],[-0.362295223788988,51.2627372486905],[-0.360203719135492,51.2609118629655],[-0.359870388372874,51.2599805873977],[-0.360544335926262,51.258432235632],[-0.360162132002324,51.2574081551133],[-0.358549730470731,51.2565503243473],[-0.358261218763839,51.2560315853684],[-0.357424355018645,51.2560176262057],[-0.359672348867027,51.25479619404],[-0.362287300445114,51.2541206085176],[-0.373342076088909,51.2551677211681],[-0.382846815917074,51.2564576867514],[-0.38332798759737,51.2559786872364],[-0.385157891196805,51.2556154817376],[-0.385227451996831,51.2549384086481],[-0.387059635577604,51.2545894998641],[-0.387565168380504,51.255827567427],[-0.389274244826868,51.2559285003392],[-0.390062375101734,51.2574068845004],[-0.390673270406119,51.2624458040969],[-0.389980149852514,51.2647293491882],[-0.387124037906654,51.26487618276],[-0.38726988530786,51.2653368208865],[-0.388598098862973,51.2669505096573],[-0.389138964670695,51.2691459141839],[-0.390373901305227,51.2703994051662],[-0.390228762842348,51.2714746979207],[-0.392111609201094,51.2712532545022],[-0.393431813373475,51.2725330546486],[-0.392852530393277,51.2737247471004],[-0.393555495125252,51.2745347864753],[-0.392047936109476,51.275213703138],[-0.392945949496522,51.2763491707757],[-0.392615295105415,51.276457997196],[-0.393474179989832,51.2769472523061],[-0.394665513553035,51.2769105522709],[-0.394810431307451,51.2764530532714],[-0.396041615165892,51.2786488662563],[-0.397214718814098,51.2788042783939],[-0.39737625212081,51.2796419422726],[-0.397085108167116,51.2857574595747],[-0.396099819376882,51.2860447722012],[-0.395446621816552,51.2868469635693],[-0.394506776151596,51.2906753152582],[-0.394560291702454,51.2918532145937],[-0.396028044195326,51.2947185879633],[-0.396103247506758,51.2957708632358],[-0.395730852034372,51.2960436357647],[-0.396119777460405,51.296407771828],[-0.394673936787088,51.297970581461],[-0.394000160799998,51.2986434986053],[-0.391762337345566,51.2988245922631],[-0.390076827376267,51.2997285810733],[-0.389451094763815,51.2995346901865],[-0.38915867474637,51.2988706136643],[-0.383275426737902,51.2990934944551],[-0.379348107005432,51.2987613354292],[-0.376039170136153,51.2988342653671],[-0.373670034142614,51.2994281870033],[-0.374239251658685,51.2946455965302],[-0.377029749103561,51.2939703018252],[-0.375575680238396,51.2931084843734],[-0.376271055922512,51.2926684400866],[-0.376094332825648,51.2917046724965]]],[[[-0.272234355213241,51.292330347943],[-0.270215376470834,51.2890766175086],[-0.270246718128508,51.2873649264083],[-0.26948003362475,51.2865469235141],[-0.268873281772131,51.284111813658],[-0.26732396770623,51.2815349829469],[-0.266242875547351,51.2786386542387],[-0.267054598998661,51.2744061608345],[-0.266125456002861,51.2731505260897],[-0.266874257986172,51.2686446522282],[-0.265774992630709,51.2657452732553],[-0.266473805664677,51.262756629183],[-0.265744188633882,51.2613870705254],[-0.264122108511187,51.2609942668586],[-0.261422134718927,51.2594282439537],[-0.260834540978885,51.2578295341614],[-0.259225116330517,51.2579819179176],[-0.258407127722874,51.2577449145117],[-0.254569746662293,51.2590106757303],[-0.253347704879429,51.2605480970712],[-0.25086532980901,51.260619018996],[-0.248879155381696,51.2602332404499],[-0.248696587110077,51.2594930546672],[-0.247636669412831,51.2591363862113],[-0.243746926023333,51.2595080237857],[-0.243945489365216,51.2600900520487],[-0.24348582371093,51.260154270721],[-0.240912817080385,51.2598629390448],[-0.24068646095894,51.2606472509297],[-0.232011806414615,51.2581174423692],[-0.226757138377764,51.2559136908077],[-0.225973989575801,51.2538090148103],[-0.227354052643037,51.2534922313701],[-0.22721599087397,51.2532068716814],[-0.22795392072822,51.2528367468533],[-0.227853457523129,51.2514245410554],[-0.231523088820487,51.2508349585447],[-0.231545290100814,51.2500658763693],[-0.227617646871082,51.2492093889122],[-0.226542495079375,51.249220991317],[-0.226314005044898,51.2489027845359],[-0.226481567367153,51.2474898609213],[-0.228159403589426,51.2473501499782],[-0.229323684532162,51.2477215336627],[-0.229713510888592,51.2473202349531],[-0.229251033913431,51.2451700896463],[-0.229964886894418,51.2450873567842],[-0.231772848325476,51.242228536297],[-0.230700590143342,51.2400958522709],[-0.233905591933281,51.2379702880728],[-0.237711847314754,51.2369840114651],[-0.239462683441489,51.2372666492476],[-0.244872819831002,51.2363055977435],[-0.245979929995044,51.2348388119104],[-0.247189982095752,51.2342085473668],[-0.246862682566633,51.2335858287606],[-0.247519306747151,51.2333069815677],[-0.247857808051195,51.2326159827831],[-0.248929816931879,51.2322992777832],[-0.249923640576221,51.2310973731819],[-0.248801787602837,51.2291416853609],[-0.250282837593544,51.2285361129115],[-0.249354208439353,51.2278315595229],[-0.250758180445622,51.2271420920363],[-0.25008518921155,51.2267597195498],[-0.250264540130965,51.2258819759025],[-0.249977842424069,51.2254730007077],[-0.249171208017416,51.2253714577643],[-0.249165411355518,51.2242400384006],[-0.247656181491848,51.2243460571165],[-0.246972408831299,51.2234194214804],[-0.246486225079874,51.2235884045934],[-0.24606203876087,51.2235955393302],[-0.247625764848059,51.2226566958427],[-0.247800566140076,51.2222015631623],[-0.248635453432759,51.2219757398769],[-0.249200840328388,51.221114563821],[-0.250567437901162,51.2206880382607],[-0.251839236148291,51.2196251677478],[-0.252457883544358,51.2184896158354],[-0.254648367054752,51.216871994649],[-0.256546047667828,51.2166332562127],[-0.258416868043818,51.2157411045184],[-0.2598192127639,51.2162232657615],[-0.260799746855909,51.2155076269629],[-0.262718909547368,51.2157249283191],[-0.266623991009921,51.2149168542761],[-0.269340079736067,51.213737568472],[-0.269076048707387,51.2122614645321],[-0.269768827713226,51.2115792559823],[-0.276453986073803,51.2108046370546],[-0.277217011323729,51.210308624285],[-0.277873833146662,51.2088578687382],[-0.280047794292228,51.2080309741013],[-0.280928260994687,51.2071454902669],[-0.283634974543412,51.2067742596519],[-0.285411199872697,51.2057048967202],[-0.287653519480222,51.2056532183328],[-0.287763104980283,51.205090939337],[-0.289783807123688,51.2031735134292],[-0.289806361723137,51.2023690164705],[-0.290737455783059,51.2008430032986],[-0.292068639334607,51.2002607993743],[-0.293217683684097,51.2011624954711],[-0.293804941195002,51.2030919611618],[-0.295160034580077,51.2042726477228],[-0.296008837573019,51.2057895619226],[-0.297520750826256,51.2057090761398],[-0.301074866723633,51.2159255176206],[-0.299902909993201,51.2163321320458],[-0.299730010743253,51.2158556434777],[-0.29658058000242,51.2161866433657],[-0.296631403541256,51.2174500054741],[-0.298181230164168,51.2175913123875],[-0.298836378567374,51.2183894810366],[-0.302126512967362,51.2192997071386],[-0.302816594193047,51.222732478901],[-0.305409665891261,51.2291837680294],[-0.307844135494257,51.2322415067303],[-0.311666623148392,51.2358209382583],[-0.310617327684942,51.2361529160881],[-0.309831406847387,51.2357468169489],[-0.309425343216993,51.2358434433136],[-0.309007035415871,51.2378752084647],[-0.309115702924081,51.2381727174353],[-0.310547469522451,51.2384731917928],[-0.313923007361808,51.2403491690916],[-0.314089011796964,51.2417784725548],[-0.314852593362235,51.2425636953501],[-0.317018103133019,51.2429365498071],[-0.318136507682827,51.2434625379302],[-0.318932817072635,51.2444155091194],[-0.318776189944274,51.2455652584949],[-0.318181545000655,51.2461565437104],[-0.32099877021904,51.2477625988097],[-0.321745804941129,51.2487322131976],[-0.321409668053975,51.2491092781572],[-0.319527575543609,51.2495219971545],[-0.292245344573567,51.2630714223529],[-0.291357462118219,51.26313880604],[-0.29181615531971,51.2645475635323],[-0.293784895101845,51.2656904434078],[-0.295733316028043,51.2674238074657],[-0.29889702946425,51.2719341757486],[-0.301509974450118,51.2741653908121],[-0.302072230309016,51.2768416607092],[-0.301129214473215,51.2789664547545],[-0.298793020271904,51.2817724208406],[-0.298834061398201,51.2825238693884],[-0.293475077334054,51.2841572447765],[-0.289785365565388,51.2861112400416],[-0.291044838221614,51.2869493650561],[-0.289369027348525,51.2890527263992],[-0.293571786115039,51.2908494677104],[-0.29209190165538,51.2926291249393],[-0.285140077271395,51.2915983193431],[-0.281686945865515,51.290776972829],[-0.272902452466842,51.2933716477506],[-0.272234355213241,51.292330347943]]],[[[-0.234176302541415,51.2177314447426],[-0.233810593524239,51.2162033341194],[-0.234375111644874,51.2158197496851],[-0.233793762936804,51.215287848223],[-0.234872222889076,51.2145693763925],[-0.233012864156341,51.2133998232041],[-0.231510127310756,51.2132323389669],[-0.229948641656628,51.2137116424268],[-0.228668867739976,51.213544606299],[-0.228202891484411,51.2138887991796],[-0.227288581984355,51.2139620454929],[-0.227334172784837,51.21347583789],[-0.225972474384476,51.2131782189585],[-0.225097867349617,51.2123109677959],[-0.226458465848103,51.2107394275144],[-0.22863261876901,51.2098235743621],[-0.230397221670603,51.2101767134787],[-0.232427748480608,51.2097200148728],[-0.23355198352131,51.2090354516678],[-0.230723926750244,51.2072526126134],[-0.234868874584861,51.2062702197549],[-0.234758467871148,51.2060859560978],[-0.232671644304594,51.2043160473809],[-0.231556250468272,51.2047722849115],[-0.229548832329925,51.2069479555645],[-0.228287910217894,51.2069765254727],[-0.226553997958768,51.205806531437],[-0.226279948668093,51.2041443111368],[-0.223145130758953,51.2038434264824],[-0.223419084038869,51.2020088438699],[-0.224777494525578,51.2021184872442],[-0.225116449533233,51.2012852692791],[-0.224142962842885,51.1992003301236],[-0.223584848830834,51.1959578542185],[-0.220989273682096,51.1960848464325],[-0.221205344127156,51.1972779455611],[-0.221705813576402,51.1972909456225],[-0.221176832013531,51.1977577131934],[-0.221569637051474,51.1982996751902],[-0.220733899403393,51.1982950671636],[-0.220507025990992,51.198908549216],[-0.219950185817786,51.1990952334533],[-0.2204844627724,51.1994945605432],[-0.220040271993736,51.1997665943124],[-0.220766659849999,51.2002326929448],[-0.220097975047319,51.2006470032901],[-0.220723667727222,51.2009775726414],[-0.219677105362448,51.2012422449134],[-0.21943893860776,51.2019994435623],[-0.218567525121292,51.2018528150467],[-0.217640479945172,51.2007920786439],[-0.214658122635196,51.1994732974701],[-0.215766103734591,51.1980970968786],[-0.215967842443773,51.1968024686504],[-0.21486075553958,51.195003205186],[-0.21282050222531,51.1933190609295],[-0.215818871565665,51.1929115835628],[-0.215559897600478,51.1922808114871],[-0.218065731717655,51.1916139402309],[-0.218936233313672,51.190936531813],[-0.220905427138602,51.1908279369689],[-0.221705996757189,51.1913689313553],[-0.221815660981119,51.1918678671321],[-0.22437432792009,51.1919121081934],[-0.227164926163557,51.1915794136538],[-0.227276673897287,51.1892249414174],[-0.228469441570387,51.1874515360775],[-0.232130844824089,51.1867172580081],[-0.233446932776216,51.1866166580519],[-0.234340515103636,51.1877983794333],[-0.235170402881794,51.1871256353284],[-0.236507795198488,51.1872554842148],[-0.236320358081066,51.1868794415189],[-0.236820890679104,51.1864373274091],[-0.237021659773649,51.1868765204171],[-0.238468991059923,51.1871240463513],[-0.237968891166084,51.1873296540891],[-0.23852041717717,51.1886293735139],[-0.237901346571281,51.1885391143801],[-0.238154804765705,51.1893613069671],[-0.239646604534764,51.1889691748394],[-0.239808342046845,51.1892692807254],[-0.241374999117531,51.1890596353367],[-0.24163860963944,51.1894595733841],[-0.242906064412439,51.1894723167311],[-0.243246902438396,51.1892022444919],[-0.243007407647901,51.1888011525364],[-0.243433521814556,51.1887724766897],[-0.243797845821239,51.1881097559432],[-0.244612040936916,51.1883000368118],[-0.24501255188431,51.1880785184208],[-0.245159489913529,51.1867326531598],[-0.243427218277889,51.1841903827982],[-0.243085189974928,51.1827976232687],[-0.241635386875372,51.1832956389601],[-0.239126459533765,51.1834237373642],[-0.239171733153927,51.1840348665076],[-0.237244774613237,51.1844241220278],[-0.236187637964165,51.1834177812274],[-0.236682768486288,51.1826548128247],[-0.234622134984399,51.1812352165205],[-0.228942385856449,51.1802596974406],[-0.229026661287016,51.1792385589409],[-0.227875196359442,51.1781851224645],[-0.225466639180816,51.1770568542647],[-0.223760288913065,51.1748725299857],[-0.221729368720235,51.1750215572218],[-0.221003181988092,51.1758999462366],[-0.219970422233598,51.1762655247821],[-0.218035314268796,51.1739869079545],[-0.214478172588448,51.1743355487103],[-0.213915404462718,51.1746839731775],[-0.212749245793268,51.1736167051894],[-0.211092760797487,51.1729474895875],[-0.210762448935068,51.1723875437439],[-0.209701098276684,51.1723092745051],[-0.206877463689109,51.1725628139052],[-0.202589294566656,51.1742380443092],[-0.201877281514018,51.1736380428942],[-0.20068435498065,51.1737825278502],[-0.200000446402561,51.1742620889663],[-0.197929785823495,51.1745341983564],[-0.196922079713413,51.1753550750999],[-0.198077206972824,51.176370194325],[-0.19956962177431,51.1790102453861],[-0.200734137026742,51.1801153892099],[-0.200592338418756,51.180633947828],[-0.199626798275436,51.1811055843797],[-0.198597243372692,51.181384727378],[-0.195918511709235,51.1807660939388],[-0.192630451449466,51.1807324525804],[-0.191446989998704,51.1812870575566],[-0.18981943629061,51.1814139317699],[-0.189658277309245,51.1810706035639],[-0.18769584293826,51.180323411627],[-0.188010045876564,51.1798283057645],[-0.189839930177421,51.1788426054888],[-0.18984926732057,51.1782932639095],[-0.1888332614427,51.1783346543424],[-0.188782876245237,51.1778675759596],[-0.187512377323494,51.1774665967798],[-0.187389608613375,51.1764556554221],[-0.186276433050775,51.1757288456892],[-0.186640443172164,51.1752200727909],[-0.183315643806165,51.1749288461316],[-0.182743369468727,51.1744923339029],[-0.182898858685859,51.1732478347482],[-0.182006485940055,51.1724029696496],[-0.181096356166237,51.1726649333576],[-0.180182641233719,51.1725446321351],[-0.179173153747938,51.1718962578776],[-0.17901553923585,51.1709576089877],[-0.176755228023664,51.1701984657811],[-0.176597172909372,51.169762529131],[-0.177356765557581,51.1689276877174],[-0.177073259410682,51.1678734483679],[-0.17670622529243,51.1668499717321],[-0.177616748586013,51.1673002882772],[-0.179157231251178,51.1670842119422],[-0.185297862155254,51.1648197199226],[-0.1867703858467,51.1638524140339],[-0.186271778691638,51.1621224424055],[-0.186866075364391,51.1616658518995],[-0.188884914485802,51.1624129568709],[-0.190509355141965,51.1620199420743],[-0.194926371951781,51.1624469942153],[-0.195921749409937,51.1623023166623],[-0.204109586928842,51.1557113163397],[-0.206517626574246,51.1551637035812],[-0.212142089174476,51.1554548855593],[-0.211188408505489,51.1525274751497],[-0.211574770416991,51.1504127955167],[-0.214307191678029,51.15030341526],[-0.214235175126048,51.1484633096485],[-0.215883908479708,51.1482357488434],[-0.216981637948275,51.1493603880792],[-0.219940636046401,51.1490835196628],[-0.222792660071282,51.1480749233433],[-0.226577675837458,51.148252903274],[-0.229041075140487,51.1456569008447],[-0.230147665248772,51.1459551491814],[-0.236272652345043,51.1458795015919],[-0.236066658519749,51.1467100808286],[-0.238697798818943,51.1468099941374],[-0.241924870772513,51.1460185981269],[-0.242289973043384,51.1462291612811],[-0.243253265910981,51.1455592886178],[-0.243351058012027,51.144896491265],[-0.24420141625215,51.1444718815487],[-0.246615033633585,51.1459622895811],[-0.248512076606572,51.1440802928705],[-0.250044920028945,51.1442798329527],[-0.251157940777964,51.1440560178697],[-0.251525664774242,51.1436316519319],[-0.253246824116668,51.144014409515],[-0.252740075600899,51.1444861644223],[-0.255184519970304,51.1441908360757],[-0.255495986554317,51.1405104738155],[-0.254625028845736,51.1390994430562],[-0.260503326256928,51.1380859347374],[-0.264671092348195,51.1356622063568],[-0.265928659579655,51.1339137959631],[-0.267189773609457,51.1329091158681],[-0.275290745685159,51.1303085207745],[-0.279396507655544,51.1299742696334],[-0.282161958276864,51.1301309285195],[-0.28464157645636,51.1306367420184],[-0.286390624996893,51.1304924748636],[-0.28763643690592,51.1298932645408],[-0.289316003885288,51.1281386524899],[-0.291597942562691,51.1269103120252],[-0.300346786136933,51.1247356959145],[-0.305593430789043,51.1244476531084],[-0.308866875994985,51.1250481338777],[-0.309184898682116,51.1247154138665],[-0.309627803213722,51.1248738454237],[-0.309627099652946,51.1245411015868],[-0.312551340178168,51.1240194660623],[-0.318215468010413,51.1243492993973],[-0.319332624696079,51.1246369568763],[-0.320609981741222,51.1251148012591],[-0.326367613352662,51.1257855809894],[-0.32950183130969,51.1243246264055],[-0.330569133299245,51.123054137307],[-0.331619177350573,51.1224647949441],[-0.336249799210654,51.1209740988083],[-0.342015303761532,51.119905825741],[-0.343019362031188,51.1205821091213],[-0.343523495208335,51.1219489682522],[-0.34246386115338,51.1276627507075],[-0.341622227951769,51.1288567582229],[-0.340820678924666,51.1290899948288],[-0.33867506662288,51.1307590018489],[-0.338787677746375,51.1347845316631],[-0.338370928356162,51.1372372489955],[-0.333059804314264,51.1457482902768],[-0.332561761233462,51.1482234779062],[-0.331672637948102,51.1499794162798],[-0.331741892887717,51.1516840016419],[-0.334108415031035,51.156632653577],[-0.33310947192261,51.1599097867434],[-0.332194730984903,51.1603706692708],[-0.332130858036817,51.1616820361377],[-0.331387811129481,51.1614791499979],[-0.328568112640176,51.1646586309889],[-0.324179329672983,51.1676257577521],[-0.32273620036653,51.1660650171391],[-0.320869636255088,51.1650750239832],[-0.320818784033632,51.1645333808206],[-0.318520500092492,51.1623636797942],[-0.31561360518832,51.1634432643468],[-0.312443380615471,51.1636214963759],[-0.311336079634024,51.1650398708698],[-0.309851867421993,51.165806836733],[-0.308402209695367,51.165705668114],[-0.30649771781106,51.1647057212658],[-0.303292059299423,51.1639474002487],[-0.303864076346264,51.1666613631831],[-0.30219962520773,51.167310781385],[-0.299809157052222,51.1670467480234],[-0.298653329590395,51.1672203227408],[-0.29782247908061,51.1677981682409],[-0.296424630111571,51.1673416677348],[-0.295535522795804,51.1656524550738],[-0.294393500234217,51.1657003791216],[-0.293136643468836,51.1662206283359],[-0.2944724942739,51.1696234790684],[-0.295760150162309,51.1705846950595],[-0.296939894103399,51.1722295647094],[-0.297401210907277,51.1737255183791],[-0.296299305321232,51.1741258164883],[-0.297528539263268,51.1755538347933],[-0.293449896147265,51.1762111257014],[-0.293191392891019,51.1763917481494],[-0.294673309203413,51.1776400056275],[-0.292396385751514,51.1788999721374],[-0.295149875315761,51.1834986090279],[-0.295269008770787,51.1843061562355],[-0.294972365917991,51.1877335849467],[-0.293751224797762,51.1898444554238],[-0.294202319109291,51.1917773290186],[-0.290303275434825,51.1947348358769],[-0.291746171350771,51.1970185383019],[-0.292068639334607,51.2002607993743],[-0.290737455783059,51.2008430032986],[-0.289806361723137,51.2023690164705],[-0.289783807123688,51.2031735134292],[-0.287763104980283,51.205090939337],[-0.287653519480222,51.2056532183328],[-0.285411199872697,51.2057048967202],[-0.283634974543412,51.2067742596519],[-0.280928260994687,51.2071454902669],[-0.280047794292228,51.2080309741013],[-0.277873833146662,51.2088578687382],[-0.277217011323729,51.210308624285],[-0.276453986073803,51.2108046370546],[-0.269768827713226,51.2115792559823],[-0.269076048707387,51.2122614645321],[-0.269340079736067,51.213737568472],[-0.266623991009921,51.2149168542761],[-0.262718909547368,51.2157249283191],[-0.260799746855909,51.2155076269629],[-0.2598192127639,51.2162232657615],[-0.258416868043818,51.2157411045184],[-0.256546047667828,51.2166332562127],[-0.254648367054752,51.216871994649],[-0.252457883544358,51.2184896158354],[-0.251839236148291,51.2196251677478],[-0.250567437901162,51.2206880382607],[-0.249200840328388,51.221114563821],[-0.248635453432759,51.2219757398769],[-0.247800566140076,51.2222015631623],[-0.247625764848059,51.2226566958427],[-0.24606203876087,51.2235955393302],[-0.246486225079874,51.2235884045934],[-0.246454337231489,51.2240133010526],[-0.245736296430702,51.2244385287249],[-0.245035962352455,51.2245550142075],[-0.244817852706953,51.224151550637],[-0.244356449868449,51.2241203501263],[-0.24434766751787,51.2246903817552],[-0.242985746522336,51.2247634764366],[-0.242536198143894,51.2244959277872],[-0.243062844993614,51.2241674908173],[-0.242683662362768,51.2234099746252],[-0.240944834592252,51.2239000630639],[-0.240225582075419,51.2233820407071],[-0.239154855422083,51.2235262866762],[-0.237599927707532,51.222795757217],[-0.23542130303246,51.2223555473352],[-0.236094450833081,51.2217541600861],[-0.234851386373158,51.2210087770476],[-0.236068871965658,51.2198742106338],[-0.235640552485952,51.2192031629345],[-0.234650332420161,51.2190304036208],[-0.235279451004584,51.2183060503007],[-0.234577973007428,51.2182485284277],[-0.234176302541415,51.2177314447426]]],[[[-0.321745804941129,51.2487322131976],[-0.32099877021904,51.2477625988097],[-0.318181545000655,51.2461565437104],[-0.318776189944274,51.2455652584949],[-0.318932817072635,51.2444155091194],[-0.318136507682827,51.2434625379302],[-0.317018103133019,51.2429365498071],[-0.314852593362235,51.2425636953501],[-0.314089011796964,51.2417784725548],[-0.313923007361808,51.2403491690916],[-0.310547469522451,51.2384731917928],[-0.309115702924081,51.2381727174353],[-0.309007035415871,51.2378752084647],[-0.313191645362252,51.2377952212936],[-0.324998508199027,51.235200313136],[-0.33297213737851,51.2315321724802],[-0.334512641079959,51.230481060976],[-0.334776552041701,51.2278827245988],[-0.33552122978076,51.2271688277469],[-0.336250104892795,51.2270010200303],[-0.337647847555343,51.2225057979431],[-0.339343619453142,51.2223318958709],[-0.342699572268693,51.2223965433504],[-0.348687908640934,51.2231709174989],[-0.348567195822633,51.2263095245082],[-0.351506308096513,51.2267430147636],[-0.348972490879929,51.2276301225488],[-0.350285272145419,51.2296060378708],[-0.349993023606503,51.2317519965955],[-0.349157724886155,51.2315070450528],[-0.349730806809632,51.2337734278074],[-0.350764753569444,51.2337203173833],[-0.351651153098304,51.2349908783091],[-0.351693068561007,51.2365522366158],[-0.350765561696429,51.236531079844],[-0.350912847296171,51.2385016691144],[-0.342095815520289,51.2385713203926],[-0.341881902884565,51.2396591505987],[-0.335702049608702,51.2397665433401],[-0.33567900418407,51.2402021668604],[-0.332987489053946,51.2407835903851],[-0.33148402952612,51.2418646469344],[-0.330664432021823,51.2417311190188],[-0.328989280666919,51.2425264562701],[-0.328999191048858,51.2428208302516],[-0.324684411136486,51.2441343551622],[-0.32427288235067,51.2492962666444],[-0.321745804941129,51.2487322131976]]],[[[-0.302126512967362,51.2192997071386],[-0.307568055267423,51.2239549656774],[-0.309219019962606,51.2239239647281],[-0.312527545862994,51.2244416772445],[-0.313846865362651,51.2239822594351],[-0.315495572478935,51.2239345003893],[-0.319881038518388,51.2249116594074],[-0.319928856080282,51.2229787658207],[-0.320948468184033,51.2211123350929],[-0.321612260412985,51.2178523887249],[-0.322416794919461,51.2166885011928],[-0.323710754164859,51.2157752708657],[-0.325642053646242,51.2151290723682],[-0.328845050024521,51.2151015690056],[-0.330929523159627,51.2147429986893],[-0.331636185749127,51.215036917022],[-0.33623448516795,51.215456699449],[-0.338324245904376,51.2150790064379],[-0.33989261765148,51.2141239989291],[-0.340277289655039,51.2142730719383],[-0.342776069735334,51.2136382439352],[-0.342247534173401,51.2156778570933],[-0.340517196811392,51.2174887201273],[-0.341151360630837,51.219608372972],[-0.339126744264658,51.2213162370413],[-0.339343619453142,51.2223318958709],[-0.337647847555343,51.2225057979431],[-0.336250104892795,51.2270010200303],[-0.33552122978076,51.2271688277469],[-0.334776552041701,51.2278827245988],[-0.334512641079959,51.230481060976],[-0.33297213737851,51.2315321724802],[-0.324998508199027,51.235200313136],[-0.313191645362252,51.2377952212936],[-0.309007035415871,51.2378752084647],[-0.309425343216993,51.2358434433136],[-0.309831406847387,51.2357468169489],[-0.310617327684942,51.2361529160881],[-0.311666623148392,51.2358209382583],[-0.307844135494257,51.2322415067303],[-0.305409665891261,51.2291837680294],[-0.302816594193047,51.222732478901],[-0.302126512967362,51.2192997071386]]],[[[-0.360348989693545,51.3117840276384],[-0.359073168429458,51.3112679688141],[-0.357396880886984,51.3115282020387],[-0.35450314870983,51.3108852613119],[-0.354882226263249,51.3101963625529],[-0.35655241999188,51.3097916888069],[-0.357795770963013,51.3088037503051],[-0.360566729442052,51.3080278663841],[-0.36019335893264,51.3075145158553],[-0.358674435587718,51.3068161073241],[-0.357813087320097,51.3051448989406],[-0.357217213821496,51.3051167666051],[-0.356120992875837,51.3056444876832],[-0.355616560602806,51.3055466080875],[-0.355257594964802,51.303871641906],[-0.355752493192879,51.3027499597422],[-0.354350676172571,51.3018723428848],[-0.354731101430999,51.3013453770686],[-0.352694839224203,51.3014839797464],[-0.35085212146362,51.3008258643038],[-0.349636024869139,51.3012142871741],[-0.346224650499683,51.3008955749729],[-0.345724873682793,51.3001933055684],[-0.346121864581876,51.2989282344612],[-0.345193059502152,51.2977515135622],[-0.343436038034177,51.297111568941],[-0.339855245628885,51.2968072605165],[-0.337242578808028,51.2954338937979],[-0.335172094814244,51.2947467660417],[-0.335878889203723,51.2926285155737],[-0.335944050064708,51.2904495772313],[-0.333117170189854,51.27932390542],[-0.333916327776861,51.2795861158542],[-0.33479671343631,51.2794691876371],[-0.335916622988175,51.2800615688919],[-0.34085461405659,51.2762881289235],[-0.341246484764088,51.2761964973157],[-0.342120623383264,51.2768842285813],[-0.342457223138823,51.275661464421],[-0.344541721085703,51.2751469615912],[-0.34550495457034,51.2736749455438],[-0.345123587011958,51.2722811055619],[-0.346118846297886,51.2712744207829],[-0.346537652282273,51.2695915227129],[-0.349257733621334,51.2702144540346],[-0.348949574125193,51.2662910076709],[-0.349283456819144,51.2653739560184],[-0.348730850890656,51.2635559972837],[-0.349068303382128,51.2634195210087],[-0.352232598697206,51.266360635599],[-0.353893737942101,51.2686124036883],[-0.356652690199948,51.271037882076],[-0.358726561472261,51.272339443818],[-0.358659299007941,51.2731388987507],[-0.359108230014427,51.2735372528498],[-0.358764956432005,51.2739155140084],[-0.359641378432029,51.275029452258],[-0.35763330182491,51.2766649431154],[-0.361015710357604,51.2792365973749],[-0.353970265565118,51.2818265754976],[-0.350726774687156,51.2820806451361],[-0.350323905884625,51.2826283748966],[-0.355562611433637,51.288729405409],[-0.355961599408203,51.2891327799886],[-0.3577858654909,51.2888675778928],[-0.358202443374818,51.289170179043],[-0.359118449982258,51.2888197064036],[-0.360282632444376,51.2882856513971],[-0.361592945277368,51.2869492256711],[-0.362060893627327,51.2871572595434],[-0.362481188831861,51.2869970575383],[-0.361838613168784,51.2861379606449],[-0.362797970520041,51.2856477346787],[-0.363442994753016,51.286139930305],[-0.363709179453457,51.2860181999775],[-0.363726503698892,51.28656358368],[-0.365156122352585,51.287851525937],[-0.366439461874951,51.2882203280857],[-0.365995730925667,51.2885197130798],[-0.366824486508951,51.2891711060188],[-0.366462379285811,51.2896200383296],[-0.366706992505064,51.2901784555098],[-0.36748779221387,51.289979358961],[-0.367955004347326,51.2903202201687],[-0.367580509837821,51.2904868534676],[-0.368550199434054,51.2911209543223],[-0.370071181071553,51.2909139878072],[-0.370409689913895,51.2916784062614],[-0.372345029486699,51.2908994814812],[-0.372543486414535,51.2910870405293],[-0.373001498461529,51.2909023989505],[-0.373384832961985,51.2912439626822],[-0.373542785216674,51.2916850021649],[-0.371110647940203,51.2927100936295],[-0.371329928795333,51.2938209590768],[-0.376094332825648,51.2917046724965],[-0.376271055922512,51.2926684400866],[-0.375575680238396,51.2931084843734],[-0.377029749103561,51.2939703018252],[-0.374239251658685,51.2946455965302],[-0.373670034142614,51.2994281870033],[-0.376039170136153,51.2988342653671],[-0.379348107005432,51.2987613354292],[-0.383275426737902,51.2990934944551],[-0.38915867474637,51.2988706136643],[-0.389451094763815,51.2995346901865],[-0.390076827376267,51.2997285810733],[-0.391762337345566,51.2988245922631],[-0.394000160799998,51.2986434986053],[-0.393957750507561,51.3009005585377],[-0.393036763672453,51.3009838751508],[-0.39269377612799,51.3015669294639],[-0.392604279895367,51.3035126163682],[-0.3931764067483,51.3043828657775],[-0.392764597358195,51.3050831397865],[-0.393028048405143,51.306613441554],[-0.392001254874408,51.308283675977],[-0.39266669578901,51.3090715759806],[-0.395033756473949,51.3101363958643],[-0.395997339373254,51.310194559491],[-0.397333865200573,51.3111328050988],[-0.397586960581455,51.3120143114836],[-0.396936407987768,51.3127715843456],[-0.392477349026288,51.3121903353513],[-0.391438389039811,51.3115375913818],[-0.391350504250098,51.3110966423804],[-0.39220047833479,51.3107522032382],[-0.391258463878583,51.3101592402253],[-0.390089204274614,51.3104435295791],[-0.387527303660318,51.3096475053277],[-0.386525572124577,51.3098594262084],[-0.386689473524737,51.3107087956906],[-0.384327031793839,51.3128947312261],[-0.38047297217849,51.3135702000017],[-0.378878406647672,51.312946266289],[-0.378538200949858,51.3115665732462],[-0.377513035558287,51.3104067091001],[-0.373698865193518,51.3096204690754],[-0.373422311171577,51.3092452301878],[-0.371822160401776,51.3099855863241],[-0.371126106270932,51.311367985457],[-0.368665997990279,51.3129396790352],[-0.368059771786547,51.3144150376432],[-0.367374989866351,51.3148281567677],[-0.365662938661775,51.3139606813101],[-0.365162151008561,51.3128548726875],[-0.363667163047143,51.3128906585835],[-0.363957243973161,51.3118758318075],[-0.360348989693545,51.3117840276384]]],[[[-0.302126512967362,51.2192997071386],[-0.298836378567374,51.2183894810366],[-0.298181230164168,51.2175913123875],[-0.296631403541256,51.2174500054741],[-0.29658058000242,51.2161866433657],[-0.299730010743253,51.2158556434777],[-0.299902909993201,51.2163321320458],[-0.301074866723633,51.2159255176206],[-0.297520750826256,51.2057090761398],[-0.296008837573019,51.2057895619226],[-0.295160034580077,51.2042726477228],[-0.293804941195002,51.2030919611618],[-0.293217683684097,51.2011624954711],[-0.292068639334607,51.2002607993743],[-0.291746171350771,51.1970185383019],[-0.290303275434825,51.1947348358769],[-0.294202319109291,51.1917773290186],[-0.293751224797762,51.1898444554238],[-0.294972365917991,51.1877335849467],[-0.295269008770787,51.1843061562355],[-0.295149875315761,51.1834986090279],[-0.292396385751514,51.1788999721374],[-0.294673309203413,51.1776400056275],[-0.293191392891019,51.1763917481494],[-0.293449896147265,51.1762111257014],[-0.297528539263268,51.1755538347933],[-0.296299305321232,51.1741258164883],[-0.297401210907277,51.1737255183791],[-0.296939894103399,51.1722295647094],[-0.295760150162309,51.1705846950595],[-0.2944724942739,51.1696234790684],[-0.293136643468836,51.1662206283359],[-0.294393500234217,51.1657003791216],[-0.295535522795804,51.1656524550738],[-0.296424630111571,51.1673416677348],[-0.29782247908061,51.1677981682409],[-0.298653329590395,51.1672203227408],[-0.299809157052222,51.1670467480234],[-0.30219962520773,51.167310781385],[-0.303864076346264,51.1666613631831],[-0.303292059299423,51.1639474002487],[-0.30649771781106,51.1647057212658],[-0.308402209695367,51.165705668114],[-0.309851867421993,51.165806836733],[-0.311336079634024,51.1650398708698],[-0.312443380615471,51.1636214963759],[-0.31561360518832,51.1634432643468],[-0.318520500092492,51.1623636797942],[-0.320818784033632,51.1645333808206],[-0.320869636255088,51.1650750239832],[-0.32273620036653,51.1660650171391],[-0.324179329672983,51.1676257577521],[-0.328568112640176,51.1646586309889],[-0.331387811129481,51.1614791499979],[-0.332130858036817,51.1616820361377],[-0.331757759370477,51.1646440567243],[-0.332256255429006,51.1679577661187],[-0.32946894962597,51.168418037204],[-0.328714672080262,51.1689063130818],[-0.330493520503779,51.1710216736604],[-0.328885061490302,51.1727829139326],[-0.328423454753685,51.1753014995733],[-0.328752539609638,51.175896145078],[-0.330139361098772,51.1754842299533],[-0.331855289740362,51.1770150431982],[-0.331899978143537,51.1745453219454],[-0.332785874183358,51.1735813398238],[-0.336443803973977,51.1711172207321],[-0.342797700097508,51.1690104502388],[-0.345821561574962,51.1669713766829],[-0.349930155163561,51.1665114716312],[-0.353493456645722,51.1655382303833],[-0.356783609048318,51.1655278502124],[-0.359382085825611,51.1659698799302],[-0.360236091900925,51.1673919520234],[-0.360693668426633,51.1675170692858],[-0.360584982234445,51.1678797543427],[-0.362748068048714,51.1698102209033],[-0.363721259071521,51.1720207723528],[-0.365398103666915,51.174368844447],[-0.366461549402362,51.1770608698071],[-0.364229549656081,51.1788057876767],[-0.367814371490179,51.1769761510644],[-0.36935965390442,51.17823422291],[-0.370358605898617,51.1798702814273],[-0.370339730540296,51.1831723034954],[-0.371211407102998,51.1847530774595],[-0.370329992688423,51.188002460538],[-0.370723315471479,51.1898771224315],[-0.370346077272804,51.1917582307936],[-0.369091202277857,51.191752440135],[-0.365871229537418,51.1905404138009],[-0.368125663701421,51.1925994253228],[-0.367460199031673,51.1943344144538],[-0.368110391666179,51.1967396514109],[-0.369274821580628,51.1976094920948],[-0.36957855804511,51.1983072590646],[-0.367063572785322,51.1987161367579],[-0.365952291428077,51.1969110939659],[-0.361970640165725,51.1981611919094],[-0.359573453443702,51.2006132729035],[-0.356702386514121,51.1998004514886],[-0.355716065360551,51.1999646969875],[-0.355398429115864,51.199597832211],[-0.353308464111119,51.2011296235051],[-0.352138775226821,51.2004935423683],[-0.352671859490537,51.202325734747],[-0.350845704130203,51.2034007079525],[-0.349120309054388,51.2036542725114],[-0.348558235758398,51.2034799299592],[-0.348752450658568,51.2043738877914],[-0.348267023947934,51.2058203321803],[-0.342749599001704,51.2108583964057],[-0.342776069735334,51.2136382439352],[-0.340277289655039,51.2142730719383],[-0.33989261765148,51.2141239989291],[-0.338324245904376,51.2150790064379],[-0.33623448516795,51.215456699449],[-0.331636185749127,51.215036917022],[-0.330929523159627,51.2147429986893],[-0.328845050024521,51.2151015690056],[-0.325642053646242,51.2151290723682],[-0.323710754164859,51.2157752708657],[-0.322416794919461,51.2166885011928],[-0.321612260412985,51.2178523887249],[-0.320948468184033,51.2211123350929],[-0.319928856080282,51.2229787658207],[-0.319881038518388,51.2249116594074],[-0.315495572478935,51.2239345003893],[-0.313846865362651,51.2239822594351],[-0.312527545862994,51.2244416772445],[-0.309219019962606,51.2239239647281],[-0.307568055267423,51.2239549656774],[-0.302126512967362,51.2192997071386]]],[[[-0.323946901864069,51.3267160648172],[-0.324716578041373,51.3262720139533],[-0.326057044989405,51.3261581337451],[-0.326291892453596,51.3256983352248],[-0.327629018855735,51.3259521630732],[-0.330750407544671,51.3182533388204],[-0.330757857057383,51.31737665898],[-0.330166180710834,51.3154141152955],[-0.328802925933648,51.3144251597944],[-0.327898609925188,51.3124221690135],[-0.324911643429319,51.3100458661491],[-0.321622675617972,51.3049024445511],[-0.319204668364303,51.3020202868184],[-0.324272541486957,51.2996304433097],[-0.327816054941331,51.3028178903119],[-0.329267013803,51.303144009269],[-0.330169755478999,51.3012878652375],[-0.330819086835901,51.2980787156442],[-0.333368279792348,51.2981196436257],[-0.335172094814244,51.2947467660417],[-0.337242578808028,51.2954338937979],[-0.339855245628885,51.2968072605165],[-0.343436038034177,51.297111568941],[-0.345193059502152,51.2977515135622],[-0.346121864581876,51.2989282344612],[-0.345724873682793,51.3001933055684],[-0.346224650499683,51.3008955749729],[-0.349636024869139,51.3012142871741],[-0.35085212146362,51.3008258643038],[-0.352694839224203,51.3014839797464],[-0.354731101430999,51.3013453770686],[-0.354350676172571,51.3018723428848],[-0.355752493192879,51.3027499597422],[-0.355257594964802,51.303871641906],[-0.355616560602806,51.3055466080875],[-0.356120992875837,51.3056444876832],[-0.357217213821496,51.3051167666051],[-0.357813087320097,51.3051448989406],[-0.358674435587718,51.3068161073241],[-0.36019335893264,51.3075145158553],[-0.360566729442052,51.3080278663841],[-0.357795770963013,51.3088037503051],[-0.35655241999188,51.3097916888069],[-0.354882226263249,51.3101963625529],[-0.35450314870983,51.3108852613119],[-0.357396880886984,51.3115282020387],[-0.359073168429458,51.3112679688141],[-0.360348989693545,51.3117840276384],[-0.359867328615236,51.3124553394659],[-0.358375733698465,51.312999195454],[-0.357204541367635,51.3152975138534],[-0.352485688412401,51.3191779002099],[-0.345335883149778,51.3224133797851],[-0.338170049279465,51.3243577503381],[-0.335773072814273,51.3253137628105],[-0.332263357267657,51.3275020294596],[-0.330655551869037,51.329009638114],[-0.330115429028617,51.3275172663499],[-0.328222223353321,51.3264681826619],[-0.327410431581052,51.3262940076894],[-0.327140919810089,51.3266951756198],[-0.323946901864069,51.3267160648172]]],[[[-0.319204668364303,51.3020202868184],[-0.31851728225391,51.3013375948364],[-0.313367610826333,51.2973889850633],[-0.307902724365061,51.294925139995],[-0.301759668739317,51.2934791476557],[-0.29209190165538,51.2926291249393],[-0.293571786115039,51.2908494677104],[-0.289369027348525,51.2890527263992],[-0.291044838221614,51.2869493650561],[-0.289785365565388,51.2861112400416],[-0.293475077334054,51.2841572447765],[-0.298834061398201,51.2825238693884],[-0.298793020271904,51.2817724208406],[-0.301129214473215,51.2789664547545],[-0.304226678833835,51.2788018026207],[-0.309038763377496,51.2733751179639],[-0.315700623444638,51.2747579649711],[-0.317317365911514,51.2746166000692],[-0.31833534555627,51.274103417301],[-0.319283731195831,51.2755773923167],[-0.32151472551232,51.2767560321287],[-0.322798664612021,51.2766557694759],[-0.323865101973636,51.2759182948101],[-0.327628570832482,51.2762374430947],[-0.329594852685105,51.2761036130501],[-0.330269343612914,51.2764405756178],[-0.329676384905298,51.2769780029141],[-0.329883749160581,51.2775448335682],[-0.330953726370231,51.2778128163156],[-0.332063284107681,51.278966178004],[-0.333117170189854,51.27932390542],[-0.335944050064708,51.2904495772313],[-0.335878889203723,51.2926285155737],[-0.335172094814244,51.2947467660417],[-0.333368279792348,51.2981196436257],[-0.330819086835901,51.2980787156442],[-0.330169755478999,51.3012878652375],[-0.329267013803,51.303144009269],[-0.327816054941331,51.3028178903119],[-0.324272541486957,51.2996304433097],[-0.319204668364303,51.3020202868184]]],[[[-0.333117170189854,51.27932390542],[-0.332063284107681,51.278966178004],[-0.330953726370231,51.2778128163156],[-0.329883749160581,51.2775448335682],[-0.329676384905298,51.2769780029141],[-0.330269343612914,51.2764405756178],[-0.329594852685105,51.2761036130501],[-0.327628570832482,51.2762374430947],[-0.323865101973636,51.2759182948101],[-0.322798664612021,51.2766557694759],[-0.32151472551232,51.2767560321287],[-0.319283731195831,51.2755773923167],[-0.31833534555627,51.274103417301],[-0.317317365911514,51.2746166000692],[-0.315700623444638,51.2747579649711],[-0.309038763377496,51.2733751179639],[-0.304226678833835,51.2788018026207],[-0.301129214473215,51.2789664547545],[-0.302072230309016,51.2768416607092],[-0.301509974450118,51.2741653908121],[-0.29889702946425,51.2719341757486],[-0.295733316028043,51.2674238074657],[-0.293784895101845,51.2656904434078],[-0.29181615531971,51.2645475635323],[-0.291357462118219,51.26313880604],[-0.292245344573567,51.2630714223529],[-0.319527575543609,51.2495219971545],[-0.321409668053975,51.2491092781572],[-0.321745804941129,51.2487322131976],[-0.32427288235067,51.2492962666444],[-0.324684411136486,51.2441343551622],[-0.328999191048858,51.2428208302516],[-0.328989280666919,51.2425264562701],[-0.330664432021823,51.2417311190188],[-0.33148402952612,51.2418646469344],[-0.332987489053946,51.2407835903851],[-0.33567900418407,51.2402021668604],[-0.335702049608702,51.2397665433401],[-0.341881902884565,51.2396591505987],[-0.342095815520289,51.2385713203926],[-0.350912847296171,51.2385016691144],[-0.350765561696429,51.236531079844],[-0.351693068561007,51.2365522366158],[-0.351651153098304,51.2349908783091],[-0.350764753569444,51.2337203173833],[-0.349730806809632,51.2337734278074],[-0.349157724886155,51.2315070450528],[-0.349993023606503,51.2317519965955],[-0.350285272145419,51.2296060378708],[-0.348972490879929,51.2276301225488],[-0.351506308096513,51.2267430147636],[-0.348567195822633,51.2263095245082],[-0.348687908640934,51.2231709174989],[-0.342699572268693,51.2223965433504],[-0.339343619453142,51.2223318958709],[-0.339126744264658,51.2213162370413],[-0.341151360630837,51.219608372972],[-0.340517196811392,51.2174887201273],[-0.342247534173401,51.2156778570933],[-0.342776069735334,51.2136382439352],[-0.342749599001704,51.2108583964057],[-0.348267023947934,51.2058203321803],[-0.348752450658568,51.2043738877914],[-0.348558235758398,51.2034799299592],[-0.349120309054388,51.2036542725114],[-0.350845704130203,51.2034007079525],[-0.352671859490537,51.202325734747],[-0.352138775226821,51.2004935423683],[-0.353308464111119,51.2011296235051],[-0.355398429115864,51.199597832211],[-0.355716065360551,51.1999646969875],[-0.356702386514121,51.1998004514886],[-0.359573453443702,51.2006132729035],[-0.361970640165725,51.1981611919094],[-0.365952291428077,51.1969110939659],[-0.367063572785322,51.1987161367579],[-0.36957855804511,51.1983072590646],[-0.369274821580628,51.1976094920948],[-0.368110391666179,51.1967396514109],[-0.367460199031673,51.1943344144538],[-0.368125663701421,51.1925994253228],[-0.365871229537418,51.1905404138009],[-0.369091202277857,51.191752440135],[-0.370346077272804,51.1917582307936],[-0.370723315471479,51.1898771224315],[-0.370329992688423,51.188002460538],[-0.371211407102998,51.1847530774595],[-0.370339730540296,51.1831723034954],[-0.370358605898617,51.1798702814273],[-0.36935965390442,51.17823422291],[-0.367814371490179,51.1769761510644],[-0.364229549656081,51.1788057876767],[-0.366461549402362,51.1770608698071],[-0.365398103666915,51.174368844447],[-0.363721259071521,51.1720207723528],[-0.362748068048714,51.1698102209033],[-0.360584982234445,51.1678797543427],[-0.360693668426633,51.1675170692858],[-0.360236091900925,51.1673919520234],[-0.359382085825611,51.1659698799302],[-0.356783609048318,51.1655278502124],[-0.353493456645722,51.1655382303833],[-0.349930155163561,51.1665114716312],[-0.345821561574962,51.1669713766829],[-0.342797700097508,51.1690104502388],[-0.336443803973977,51.1711172207321],[-0.332785874183358,51.1735813398238],[-0.331899978143537,51.1745453219454],[-0.331855289740362,51.1770150431982],[-0.330139361098772,51.1754842299533],[-0.328752539609638,51.175896145078],[-0.328423454753685,51.1753014995733],[-0.328885061490302,51.1727829139326],[-0.330493520503779,51.1710216736604],[-0.328714672080262,51.1689063130818],[-0.32946894962597,51.168418037204],[-0.332256255429006,51.1679577661187],[-0.331757759370477,51.1646440567243],[-0.332130858036817,51.1616820361377],[-0.332194730984903,51.1603706692708],[-0.33310947192261,51.1599097867434],[-0.334108415031035,51.156632653577],[-0.331741892887717,51.1516840016419],[-0.331672637948102,51.1499794162798],[-0.332561761233462,51.1482234779062],[-0.333059804314264,51.1457482902768],[-0.338370928356162,51.1372372489955],[-0.338787677746375,51.1347845316631],[-0.33867506662288,51.1307590018489],[-0.340820678924666,51.1290899948288],[-0.341622227951769,51.1288567582229],[-0.34246386115338,51.1276627507075],[-0.343523495208335,51.1219489682522],[-0.343019362031188,51.1205821091213],[-0.342015303761532,51.119905825741],[-0.344356036574081,51.1189250550448],[-0.348117792671843,51.1187907505974],[-0.350500518895872,51.1182211310656],[-0.352787194507198,51.1182793473429],[-0.353928376439878,51.1186991905776],[-0.355329926514412,51.120048505765],[-0.358033355933323,51.1210302238492],[-0.3596640798184,51.1205773385857],[-0.359239614402006,51.1197746693685],[-0.360258497976365,51.1196108600975],[-0.360451961164816,51.119190939579],[-0.360018265390543,51.1190085607868],[-0.361398986473177,51.1189964449464],[-0.361459688372235,51.1193021548534],[-0.361845140692133,51.1189064986873],[-0.363629657166167,51.1187893406361],[-0.36454508796605,51.1194927744894],[-0.365465452821993,51.1185173410242],[-0.365180043974359,51.117978342201],[-0.367339650969464,51.1174356472687],[-0.370140990346213,51.1174098906601],[-0.37595525550594,51.1167093187584],[-0.379351942682795,51.1171080320711],[-0.383100814763155,51.1169935867574],[-0.384575048446726,51.1147751620435],[-0.386335143448848,51.114959072062],[-0.390345078845017,51.1147301346305],[-0.391524793518279,51.1165107854723],[-0.395500887334711,51.1138800937585],[-0.396504233776198,51.1121762670339],[-0.398094281410542,51.1123418950599],[-0.399651174347111,51.1116087438321],[-0.399161682459136,51.110102925405],[-0.400922981737899,51.1096935960064],[-0.400218400447078,51.1084195749938],[-0.40193138050245,51.1077936245525],[-0.403850355880909,51.1076966592727],[-0.404014671111927,51.1080693890086],[-0.404381196121405,51.1076319798468],[-0.406847452475721,51.107323877257],[-0.409481762232091,51.1075269443087],[-0.411178935514305,51.1067766696737],[-0.419197682354686,51.1051906183192],[-0.419797507032437,51.1067647713755],[-0.419521859906094,51.108020039172],[-0.418935855740565,51.1091724992124],[-0.417419600773618,51.1089274417275],[-0.417286874324924,51.1091283376793],[-0.418207227210455,51.1093710272261],[-0.418584853947043,51.1109453812278],[-0.417880208081656,51.1216705518061],[-0.416991380033883,51.1247223964409],[-0.413304640752447,51.1254260027474],[-0.413236600134928,51.1263288679207],[-0.41372051288288,51.1281394107801],[-0.415820544810091,51.1311309598406],[-0.415931870214573,51.1314696911133],[-0.415108742720854,51.1315898872909],[-0.415309827152514,51.132187944716],[-0.416324490227244,51.1324012701004],[-0.415708568263379,51.13753596213],[-0.415949828584662,51.1391345427103],[-0.415331967233268,51.1401063759873],[-0.414836391571465,51.142470109507],[-0.415114487356484,51.145037705921],[-0.414561033572722,51.1501768276251],[-0.414839390522801,51.1523208953902],[-0.415969554288745,51.1549800410912],[-0.41549321440675,51.1563611350599],[-0.416338866627444,51.1573492804493],[-0.415637619868785,51.1574881230086],[-0.415140078305247,51.1586540631522],[-0.416623829359624,51.1670770050285],[-0.41619086587296,51.1686070269374],[-0.418441916813657,51.172219347499],[-0.418568646347191,51.173293611284],[-0.416927282092234,51.1735217709863],[-0.416444205849264,51.1741769197266],[-0.415400640621529,51.174058653859],[-0.412391730069721,51.175295281497],[-0.408446880586885,51.175687545504],[-0.408129315527594,51.1777012203269],[-0.409964536532026,51.1814420191192],[-0.40936808412204,51.1847120747701],[-0.411363171687772,51.1897574724954],[-0.409878126861738,51.1926995133997],[-0.410237147609192,51.1934112996409],[-0.411633986019804,51.1944122786803],[-0.414305349742989,51.1955986359826],[-0.417688100159447,51.1993226329413],[-0.41799226061057,51.2008069697408],[-0.418938776102153,51.2018008836994],[-0.419601592065122,51.2018826786906],[-0.422335173348347,51.2035471455786],[-0.428131637404378,51.2057285141032],[-0.430679426070858,51.2079601953938],[-0.436957388438758,51.2088137882857],[-0.438436754321913,51.2096794963312],[-0.438305085217652,51.2116688153605],[-0.436776054178843,51.2128966133816],[-0.435255016868943,51.2167171135766],[-0.434340757396487,51.2177525253367],[-0.430612447367087,51.2271019122271],[-0.42654437987519,51.2294735740434],[-0.425676136085806,51.2303233400558],[-0.426070914106885,51.2317684263844],[-0.427269406828065,51.2332512820046],[-0.430162000336321,51.235128226137],[-0.433998794948388,51.2386957230345],[-0.434648247892369,51.2399058415905],[-0.433812746620553,51.2407147403546],[-0.432598903857584,51.240855010877],[-0.429338971389474,51.2404119787903],[-0.427128612158509,51.2410388453876],[-0.425549157944665,51.2411443721933],[-0.421105747441286,51.2395670540211],[-0.41863741040856,51.2384891972622],[-0.415912236026192,51.2366331403766],[-0.410854390707787,51.2351632664539],[-0.402015654171769,51.236001868759],[-0.397353726607919,51.2376700737393],[-0.396963682669025,51.2378886761063],[-0.397342528627006,51.2410053281448],[-0.396572850261862,51.242126907044],[-0.396774558467077,51.2436611259674],[-0.39573118997939,51.2437952577558],[-0.395493293839371,51.2469699798289],[-0.395939890408513,51.2505659153154],[-0.394864777187763,51.2521842297399],[-0.394459712986442,51.2550896681826],[-0.394348567727645,51.2553191887241],[-0.392176904612083,51.2550898020956],[-0.391570118510397,51.2564627039175],[-0.389274244826868,51.2559285003392],[-0.387565168380504,51.255827567427],[-0.387059635577604,51.2545894998641],[-0.385227451996831,51.2549384086481],[-0.385157891196805,51.2556154817376],[-0.38332798759737,51.2559786872364],[-0.382846815917074,51.2564576867514],[-0.373342076088909,51.2551677211681],[-0.362287300445114,51.2541206085176],[-0.359672348867027,51.25479619404],[-0.357424355018645,51.2560176262057],[-0.35642062847073,51.2563647579536],[-0.356112819009359,51.2592111063902],[-0.357748400742171,51.2630209840732],[-0.3536597856872,51.2636460906521],[-0.353111773257193,51.263338920479],[-0.352171466211017,51.2633409720661],[-0.351650522818957,51.2626771772657],[-0.351977302583407,51.2617150666719],[-0.351413876746113,51.261317680471],[-0.348806640381579,51.2615597252614],[-0.347501603907931,51.2613821883455],[-0.349068303382128,51.2634195210087],[-0.348730850890656,51.2635559972837],[-0.349283456819144,51.2653739560184],[-0.348949574125193,51.2662910076709],[-0.349257733621334,51.2702144540346],[-0.346537652282273,51.2695915227129],[-0.346118846297886,51.2712744207829],[-0.345123587011958,51.2722811055619],[-0.34550495457034,51.2736749455438],[-0.344541721085703,51.2751469615912],[-0.342457223138823,51.275661464421],[-0.342120623383264,51.2768842285813],[-0.341246484764088,51.2761964973157],[-0.34085461405659,51.2762881289235],[-0.335916622988175,51.2800615688919],[-0.33479671343631,51.2794691876371],[-0.333916327776861,51.2795861158542],[-0.333117170189854,51.27932390542]]],[[[-0.100703539496461,51.2672997604572],[-0.0996651467733932,51.2666875406158],[-0.100316902845438,51.2663510031793],[-0.0992866108735557,51.2650211972339],[-0.0990751237301774,51.2629187976482],[-0.0977084445829439,51.2625424318214],[-0.0925499992022147,51.2629347965444],[-0.0910592203800591,51.2625693702058],[-0.0884778368428567,51.2624472584548],[-0.08504323500836,51.26092998343],[-0.0817888255761,51.2617409519989],[-0.0792048769347651,51.2632831530276],[-0.0746727959533161,51.2620556717797],[-0.0747077377136659,51.2600715737499],[-0.0705117270808936,51.2503664017627],[-0.0701690183265787,51.2484784994107],[-0.0729453397391463,51.248076119066],[-0.0729080076823473,51.2475019257484],[-0.0714328373562884,51.2456933093211],[-0.071724073808328,51.2444507670698],[-0.0708679735617067,51.2440913241141],[-0.0699809995534854,51.2442850701783],[-0.0706384514516629,51.2431218625843],[-0.0704905867624921,51.2425123911964],[-0.0692474700676459,51.2424253403328],[-0.0688251742617802,51.2420438105133],[-0.0690392561130104,51.2414133307656],[-0.0684062980347951,51.2397710905693],[-0.0685410571231623,51.2358343427536],[-0.0698087276780293,51.2345359720587],[-0.0716858688133246,51.2342476636519],[-0.0726084617484238,51.2330490647465],[-0.0724874110254072,51.2314172522521],[-0.0717215919718528,51.2303083769513],[-0.0720017767652782,51.2286728319586],[-0.0708592916361671,51.2273250020591],[-0.071881046138672,51.2256423252899],[-0.0723350748450948,51.2237148488711],[-0.071946177156476,51.2226332254967],[-0.0719926264648016,51.2182608200796],[-0.0727712369131813,51.2167299790397],[-0.0726063532819872,51.2158399124889],[-0.0742696468210234,51.2142094189183],[-0.0744721690508143,51.2132604709077],[-0.068652309814092,51.2137450545139],[-0.0687661790783248,51.2083082515659],[-0.0696678287022454,51.2053734735713],[-0.0697512078317746,51.2028990388925],[-0.0689353008555514,51.1977072341108],[-0.0712779696754154,51.1963663958236],[-0.073513396331116,51.1957197658049],[-0.0828328887024852,51.1946066303183],[-0.0847853449613939,51.1941160787139],[-0.0855122235064011,51.1997154253144],[-0.0853963704647109,51.2022342991779],[-0.0857227569920432,51.2024411182438],[-0.0851822834274981,51.2033585699028],[-0.085276214103406,51.2041676381443],[-0.0867838456389505,51.2045061612628],[-0.0885996810203813,51.2026914314961],[-0.0890878680647325,51.202864831779],[-0.0900977030252307,51.2025710576611],[-0.0914859662776405,51.2032358158094],[-0.0914945654478859,51.2038960415672],[-0.0918595464485703,51.2040009809436],[-0.0977711903371944,51.2039443155728],[-0.0979198924588576,51.2058964197921],[-0.100684722896725,51.2098174182916],[-0.100329236769284,51.2117784132788],[-0.100977497744111,51.2128995353223],[-0.100167486167498,51.2141085568883],[-0.100538145972623,51.2158511819349],[-0.0994462845790337,51.2177849331263],[-0.103406348703547,51.2189166336614],[-0.106325645596703,51.2184405822988],[-0.106521210376208,51.2192944312439],[-0.113501849928755,51.2169566481449],[-0.116485184977825,51.2158167064441],[-0.116841073357339,51.215375426525],[-0.11759564280171,51.2155189202983],[-0.118018633918371,51.2149429602941],[-0.119653776250337,51.2146266368506],[-0.12151940199734,51.2132933011442],[-0.124286499849425,51.2129563438581],[-0.128205435629538,51.2033092639222],[-0.127973107567602,51.1990113916519],[-0.12967128572884,51.199561897632],[-0.130994091943679,51.2012558251044],[-0.133037085974369,51.2017785294233],[-0.135309964184904,51.2032420427663],[-0.137903696435838,51.2039911180021],[-0.137749534252437,51.2066092325521],[-0.137320558807565,51.206595206576],[-0.136747019706528,51.2075402362401],[-0.135654392562246,51.2105274679626],[-0.135868326726258,51.2120741111557],[-0.143745105588362,51.2107443011605],[-0.145592687131481,51.2107277810265],[-0.144539142522399,51.2135735815794],[-0.144766118066079,51.2162320447874],[-0.145240721717068,51.2162161917531],[-0.147442203120559,51.2199453737469],[-0.149484090149733,51.2219157183154],[-0.152946696715199,51.2263240119445],[-0.152487684992043,51.2267709142216],[-0.153356764033541,51.2271362671571],[-0.154247681125216,51.2290713767575],[-0.155046597828194,51.2307255423815],[-0.153006841965876,51.2343782694791],[-0.152192488527812,51.2350398899934],[-0.151392963543181,51.2349373271511],[-0.150387575251587,51.2359968259979],[-0.149433607606406,51.2345939247537],[-0.148067173863109,51.2341757930729],[-0.145307474241173,51.2372970267487],[-0.146022832527933,51.2395656151299],[-0.14532833522704,51.2405896825744],[-0.145288055772246,51.24159175544],[-0.143075731830949,51.2438760298366],[-0.142733746475244,51.2457861185744],[-0.14437279222094,51.2479273250856],[-0.144473887486041,51.2487975913162],[-0.144897770905814,51.2502288577376],[-0.145738015659367,51.2512143211388],[-0.144199463671864,51.2518068533617],[-0.142949081127479,51.253323039153],[-0.139447486116212,51.2533375321716],[-0.135135436770187,51.254716799257],[-0.131792694392072,51.2541696866904],[-0.131522416977364,51.256559362116],[-0.129624490216328,51.2598905754463],[-0.127608012108721,51.261652456409],[-0.126801913009311,51.2617366459024],[-0.126824921203647,51.2640995421366],[-0.127763335568241,51.2643232375666],[-0.128634772134555,51.2641473936324],[-0.130093627711753,51.2656051613735],[-0.129673619877977,51.2665247373739],[-0.132036623645061,51.2690201846635],[-0.132022630706421,51.269682813672],[-0.129986344739722,51.2725567540931],[-0.128334767830081,51.2722389732846],[-0.121977671805687,51.2719608177723],[-0.121255661577489,51.2710687998001],[-0.120567850516403,51.2712709157228],[-0.119039344047621,51.270680677254],[-0.117492105152559,51.2707952285852],[-0.111838820473164,51.2699324339776],[-0.109427480792488,51.270246889548],[-0.106696826710423,51.2697135369088],[-0.100801823503915,51.2675935485204],[-0.100703539496461,51.2672997604572]]],[[[-0.0689353008555514,51.1977072341108],[-0.0685297707969342,51.1968863902281],[-0.0688269435749648,51.1937449481084],[-0.0682594102196261,51.1920188268636],[-0.0686231798704156,51.191977092965],[-0.068464413830731,51.1900589389896],[-0.0680141997533198,51.189428278057],[-0.0683506632121006,51.1859660751146],[-0.0690973897951335,51.184328181558],[-0.0666907146722174,51.1798772844488],[-0.0643378702452629,51.178664740781],[-0.0630357588451348,51.1773697569757],[-0.0600454243675457,51.1779173589117],[-0.0561142862246538,51.1802200456335],[-0.0540095018640603,51.1822282556009],[-0.0515476737300498,51.1809893673915],[-0.0508315166272547,51.1811420547064],[-0.04679542242697,51.1840487437144],[-0.0434186772298709,51.1832965281537],[-0.0416305980995681,51.1830495798203],[-0.0367184924297326,51.1805553292931],[-0.037993390147356,51.1797479745092],[-0.0383058414759586,51.1789833957177],[-0.038470907384408,51.1753353625556],[-0.0392542155020025,51.1723159501332],[-0.0389827939335394,51.1697438503218],[-0.0378421704778276,51.1675978031163],[-0.0505909592083088,51.1633502899092],[-0.0556215539482239,51.1620499727928],[-0.065310501509676,51.1579885176284],[-0.077643247305518,51.1520431438492],[-0.0819055654753863,51.1509116218939],[-0.0849107664337796,51.14944694495],[-0.0933965352863501,51.1519223847029],[-0.0974717275226074,51.152386693689],[-0.09369042917166,51.13842647851],[-0.10916929592686,51.1393675062365],[-0.11176487956382,51.1400794240707],[-0.111644135278835,51.1403751577696],[-0.11496460158652,51.1407021250214],[-0.114586472769587,51.1411042982114],[-0.11725232095628,51.1416059443833],[-0.117828939122142,51.1405746409501],[-0.120810712075035,51.1407217154167],[-0.124558079590476,51.1402730221136],[-0.125142566702042,51.1408601194139],[-0.12757042959279,51.1403020577457],[-0.127401844777835,51.1395357674026],[-0.131084733881911,51.1394339165489],[-0.131748653221794,51.1414685441233],[-0.137571778320172,51.1421596095868],[-0.136330780216503,51.14638290717],[-0.135030192930538,51.1559813078406],[-0.134192041646016,51.1577216618848],[-0.132959635268358,51.1588837311559],[-0.133135889284447,51.1592291761377],[-0.135984287091781,51.1597377065003],[-0.140462480803131,51.1600473181942],[-0.140358974634288,51.1604161757816],[-0.135796446149622,51.1607411214366],[-0.128233779732238,51.1628419815547],[-0.127719191942197,51.1650403405944],[-0.128979609134812,51.17479107622],[-0.13169310518427,51.1754809263812],[-0.13220690281866,51.1755404984352],[-0.132206571818165,51.1759020024449],[-0.134909354694882,51.1764982250701],[-0.135130736449696,51.1773587321772],[-0.136366658597356,51.1779315312031],[-0.135884572988557,51.179311535265],[-0.13669540902798,51.1812040170443],[-0.139418705108256,51.182545970837],[-0.141666864209652,51.1848524611859],[-0.140324033150394,51.1859687767802],[-0.141491295361821,51.1864432462712],[-0.143508138023478,51.1865346228184],[-0.142955312109978,51.1903920502719],[-0.141601734140565,51.1906718170679],[-0.14155522972563,51.1914732145292],[-0.139366202679056,51.1929861234],[-0.137776084054179,51.1959708498218],[-0.137023909325045,51.2005686882703],[-0.137903696435838,51.2039911180021],[-0.135309964184904,51.2032420427663],[-0.133037085974369,51.2017785294233],[-0.130994091943679,51.2012558251044],[-0.12967128572884,51.199561897632],[-0.127973107567602,51.1990113916519],[-0.128205435629538,51.2033092639222],[-0.124286499849425,51.2129563438581],[-0.12151940199734,51.2132933011442],[-0.119653776250337,51.2146266368506],[-0.118018633918371,51.2149429602941],[-0.11759564280171,51.2155189202983],[-0.116841073357339,51.215375426525],[-0.116485184977825,51.2158167064441],[-0.113501849928755,51.2169566481449],[-0.106521210376208,51.2192944312439],[-0.106325645596703,51.2184405822988],[-0.103406348703547,51.2189166336614],[-0.0994462845790337,51.2177849331263],[-0.100538145972623,51.2158511819349],[-0.100167486167498,51.2141085568883],[-0.100977497744111,51.2128995353223],[-0.100329236769284,51.2117784132788],[-0.100684722896725,51.2098174182916],[-0.0979198924588576,51.2058964197921],[-0.0977711903371944,51.2039443155728],[-0.0918595464485703,51.2040009809436],[-0.0914945654478859,51.2038960415672],[-0.0914859662776405,51.2032358158094],[-0.0900977030252307,51.2025710576611],[-0.0890878680647325,51.202864831779],[-0.0885996810203813,51.2026914314961],[-0.0867838456389505,51.2045061612628],[-0.085276214103406,51.2041676381443],[-0.0851822834274981,51.2033585699028],[-0.0857227569920432,51.2024411182438],[-0.0853963704647109,51.2022342991779],[-0.0855122235064011,51.1997154253144],[-0.0847853449613939,51.1941160787139],[-0.0828328887024852,51.1946066303183],[-0.073513396331116,51.1957197658049],[-0.0712779696754154,51.1963663958236],[-0.0689353008555514,51.1977072341108]]],[[[-0.0998279607189762,51.282957066073],[-0.0989327513144843,51.2826094788752],[-0.0970956835716115,51.2807801702391],[-0.0943899816239673,51.28098425813],[-0.0928558277560329,51.2772514984739],[-0.0898811191849362,51.2775491788771],[-0.0899147964038113,51.2762925010352],[-0.0899583754393225,51.2740314748556],[-0.0922857386326933,51.2743679444905],[-0.0946913060343275,51.2728829060154],[-0.0959163781932001,51.2716168538596],[-0.0970869623543194,51.2716341059933],[-0.0990636641725534,51.2680285043257],[-0.100703539496461,51.2672997604572],[-0.100801823503915,51.2675935485204],[-0.106696826710423,51.2697135369088],[-0.109427480792488,51.270246889548],[-0.111838820473164,51.2699324339776],[-0.117492105152559,51.2707952285852],[-0.119039344047621,51.270680677254],[-0.120567850516403,51.2712709157228],[-0.121255661577489,51.2710687998001],[-0.121977671805687,51.2719608177723],[-0.128334767830081,51.2722389732846],[-0.129986344739722,51.2725567540931],[-0.130248617336281,51.2743594504196],[-0.131494394990482,51.2768325806395],[-0.130401016896675,51.2795469362559],[-0.130138485388299,51.2817319142763],[-0.130984952532663,51.2848150875615],[-0.126797496420222,51.2849165779036],[-0.127336386756229,51.2864377703299],[-0.124301850029936,51.2867904031611],[-0.117787425992582,51.287182022292],[-0.116939969218837,51.2894877897611],[-0.115805363546077,51.2906448857013],[-0.114597010827,51.2904177080159],[-0.112681607424323,51.2907834366077],[-0.106308411625559,51.2903505257082],[-0.105802718591715,51.2891885700249],[-0.100600968236981,51.2825804031367],[-0.0998279607189762,51.282957066073]]],[[[0.0514942417773003,51.157245417429],[0.0514341594480162,51.1543749061664],[0.0508411677601335,51.1535147276792],[0.0512233742471596,51.1516842454586],[0.0524142675309856,51.1507460242066],[0.0546825143671255,51.1504336897054],[0.0548053630708366,51.1495285920495],[0.0542496182807583,51.1483152544938],[0.0530764622170315,51.1474616845103],[0.0518516045458443,51.1449254928767],[0.0509180471610253,51.1447008236412],[0.0498909099670782,51.1439121802753],[0.0500165286936347,51.142650015856],[0.0429451055081275,51.1416360559424],[0.0417081554452459,51.1410137422632],[0.0412054632510096,51.1411880347968],[0.038368012663107,51.140285135781],[0.0352358550567898,51.1403837322879],[0.031595980639781,51.1397941077536],[0.0293281903194672,51.1400114925281],[0.0273600610344932,51.1398479920559],[0.0232387193460855,51.1390729026892],[0.0209863711129978,51.1393483648522],[0.0199148471243572,51.139952334509],[0.0170936378397731,51.1391493627138],[0.0109844092932259,51.1389492428689],[0.00709699205925563,51.1389863407892],[0.00116551831272162,51.139605989538],[-0.00139665671061195,51.1389339380107],[-0.00314852407239277,51.1381059049392],[-0.00542700455344728,51.1382086349758],[-0.00548253603808857,51.1379483280889],[-0.00673243499160187,51.1376407526336],[-0.00622968806582764,51.1384736819809],[-0.00678636848889756,51.1391402168518],[-0.0100440757264516,51.1383133608271],[-0.010171524421489,51.1387404602631],[-0.0113315971894423,51.1390727060768],[-0.0124462158174001,51.1388991969207],[-0.0124554892554708,51.139265829515],[-0.0144499928156351,51.1396252614232],[-0.0144139220709398,51.1400662177424],[-0.0161652172267082,51.140381021747],[-0.0167007132898962,51.1409953492815],[-0.0176532884712702,51.1411846184052],[-0.0183437999982617,51.1411841790245],[-0.0187811342166192,51.140719442622],[-0.0203685187490949,51.1409572144517],[-0.0200489481199249,51.1392876025495],[-0.0211360547457903,51.1393891889863],[-0.0246547578185935,51.1386125503077],[-0.0307053389465264,51.1386172069029],[-0.0332411132759933,51.1392611194912],[-0.037381748568595,51.1392110129354],[-0.041780395211846,51.1395658029217],[-0.0462497765053932,51.138958412464],[-0.0463540113979867,51.1391305771432],[-0.0530171007162451,51.1378391889583],[-0.0563256940979034,51.1367655203714],[-0.0632034834883577,51.1412575843542],[-0.067079723082653,51.1411068324266],[-0.0739624303017941,51.1417778905057],[-0.076312601850275,51.142295952782],[-0.0810656648851858,51.1422040127242],[-0.0826130513630852,51.1426377467389],[-0.0853890388561475,51.1427506505096],[-0.0930599789402519,51.1387066923908],[-0.09369042917166,51.13842647851],[-0.0974717275226074,51.152386693689],[-0.0933965352863501,51.1519223847029],[-0.0849107664337796,51.14944694495],[-0.0819055654753863,51.1509116218939],[-0.077643247305518,51.1520431438492],[-0.065310501509676,51.1579885176284],[-0.0556215539482239,51.1620499727928],[-0.0505909592083088,51.1633502899092],[-0.0378421704778276,51.1675978031163],[-0.0355235196521347,51.1647017435103],[-0.0348339731676759,51.1602609988796],[-0.0357132016298735,51.1555876181922],[-0.0342075797921667,51.1536980226031],[-0.0332755281014348,51.1539602456253],[-0.0331304065675051,51.1535728943217],[-0.032617878530943,51.1536542070928],[-0.0323820503492964,51.1540549364271],[-0.0274800731805895,51.153829648551],[-0.0238629791160211,51.1533330493129],[-0.0206361128125897,51.1533531301398],[-0.018652991540469,51.1543825581418],[-0.0148412750398994,51.1528673129706],[-0.0138753637029261,51.1535496934067],[-0.013008038253524,51.1534675133373],[-0.0122363479245571,51.1541882532636],[-0.0127655711536351,51.1545848559924],[-0.0120968591598874,51.1551049957217],[-0.0125967344909125,51.1552528859113],[-0.011903445931574,51.1553796007437],[-0.012160745665215,51.1558813019346],[-0.0110709547643552,51.1585445710662],[-0.01011965363948,51.1583745166753],[-0.00867330810902002,51.1566682499366],[-0.00703616968431977,51.1556389655494],[-0.00422383064131762,51.1554604313597],[-0.00343344449808635,51.1577635222256],[-0.000583907932312056,51.161348045187],[-0.000126372962552502,51.1638655370669],[-0.00213087131141399,51.171687514252],[-0.00712379357730707,51.1765682718921],[-0.0096136858052398,51.1829032335124],[-0.00990989207274257,51.18758926265],[-0.00859200053851347,51.1921686181182],[-0.00443730613394935,51.1947203152533],[-0.00100500152605522,51.1960142804624],[0.00229951067746816,51.1961061233771],[0.00625662717399192,51.1953934311775],[0.00617721341029425,51.1945972368583],[0.00728191880827846,51.1945926746618],[0.0103536864776004,51.1950273203263],[0.0130300677796702,51.1960416652118],[0.0133920245897551,51.1954490645531],[0.0152819888604509,51.1953985457447],[0.0265074746958493,51.1975518602065],[0.0303180437163575,51.1976881802198],[0.036862789990875,51.1972479780226],[0.0396821385681345,51.1978221000815],[0.0404448719996563,51.1978834239747],[0.0406776179406583,51.1976113524449],[0.0404196228497718,51.1966625663733],[0.0413995129365872,51.1958406252605],[0.0425340100106202,51.1940482159251],[0.0420652922194956,51.1937092664038],[0.0425144251307027,51.1936052254263],[0.0427749615238205,51.1929909271721],[0.0440510359374123,51.1926224077131],[0.044545045530945,51.1918528910901],[0.0460169758373819,51.192159007404],[0.0469662911109817,51.1916846849447],[0.0478232570093242,51.1917416144196],[0.0473252620796173,51.1899992952655],[0.0451674426327198,51.1886152416375],[0.04625514418071,51.1878435193297],[0.0468593076049928,51.1877834112915],[0.0462573028488285,51.187340719889],[0.0473590479471684,51.1863357902607],[0.0473604090922045,51.1855595962945],[0.0489143221791846,51.1848794855524],[0.0494369501807275,51.1850169710669],[0.0498112006668753,51.1829050528682],[0.0522865371505843,51.1812266887108],[0.0526003640340758,51.1806240174998],[0.0516848755779251,51.1786966368146],[0.0517775715899607,51.1777552079331],[0.050903631097875,51.1771796602795],[0.0504989523377766,51.1762820149609],[0.0486971595184572,51.1755914459219],[0.0482308010644263,51.1743306586904],[0.0472889780632275,51.1740629475834],[0.0466937109708227,51.1734779972728],[0.0461759156641073,51.1718314088835],[0.0465617820975843,51.171467546581],[0.0462508275321184,51.1691932025907],[0.0470286267182634,51.1689259653766],[0.0466841985451137,51.1684481989391],[0.0470867247344315,51.1677180300185],[0.0463919004212334,51.1662058944559],[0.0469449587476369,51.1648696310212],[0.048624139948766,51.1644184778529],[0.0475137973238735,51.1612426010876],[0.048900910953608,51.1588170581099],[0.0514942417773003,51.157245417429]]],[[[-0.0397993258159915,51.2644411646007],[-0.0408312434647427,51.2621798830668],[-0.0421355671747753,51.2612750562971],[-0.0431660285510903,51.2610090850189],[-0.0468184453244063,51.2613038353195],[-0.0475838223317,51.2595117590114],[-0.0472837356661208,51.2575965385711],[-0.0485623875766872,51.2565396281117],[-0.0498548837172711,51.2539361131116],[-0.0501968448242587,51.2500522366292],[-0.0497660647997468,51.2491250592749],[-0.0499920650619341,51.247340156965],[-0.047581944662468,51.2433115087921],[-0.0463606584514899,51.2420743506818],[-0.0463297148523045,51.237291310174],[-0.0443698579721737,51.2347270198579],[-0.0446024367683862,51.2326867224782],[-0.0428600753139537,51.2287824867865],[-0.0436119664943589,51.2251006713853],[-0.043123607294847,51.2236039611861],[-0.0398682845256342,51.2207501360397],[-0.0362224849171053,51.214012423793],[-0.0365217217548865,51.2113177484532],[-0.0341161256973159,51.2086333148324],[-0.0356834139508483,51.2068925303217],[-0.0379838649597567,51.2020774554266],[-0.0404273249370259,51.1992127266783],[-0.0415422271618185,51.1968526574356],[-0.0416640051126337,51.1947566466056],[-0.0406145997729764,51.1909493517673],[-0.0415618758789356,51.1895352542973],[-0.0436750672538295,51.1878565482886],[-0.0434186772298709,51.1832965281537],[-0.04679542242697,51.1840487437144],[-0.0508315166272547,51.1811420547064],[-0.0515476737300498,51.1809893673915],[-0.0540095018640603,51.1822282556009],[-0.0561142862246538,51.1802200456335],[-0.0600454243675457,51.1779173589117],[-0.0630357588451348,51.1773697569757],[-0.0643378702452629,51.178664740781],[-0.0666907146722174,51.1798772844488],[-0.0690973897951335,51.184328181558],[-0.0683506632121006,51.1859660751146],[-0.0680141997533198,51.189428278057],[-0.068464413830731,51.1900589389896],[-0.0686231798704156,51.191977092965],[-0.0682594102196261,51.1920188268636],[-0.0688269435749648,51.1937449481084],[-0.0685297707969342,51.1968863902281],[-0.0689353008555514,51.1977072341108],[-0.0697512078317746,51.2028990388925],[-0.0696678287022454,51.2053734735713],[-0.0687661790783248,51.2083082515659],[-0.068652309814092,51.2137450545139],[-0.0744721690508143,51.2132604709077],[-0.0742696468210234,51.2142094189183],[-0.0726063532819872,51.2158399124889],[-0.0727712369131813,51.2167299790397],[-0.0719926264648016,51.2182608200796],[-0.071946177156476,51.2226332254967],[-0.0723350748450948,51.2237148488711],[-0.071881046138672,51.2256423252899],[-0.0708592916361671,51.2273250020591],[-0.0720017767652782,51.2286728319586],[-0.0717215919718528,51.2303083769513],[-0.0724874110254072,51.2314172522521],[-0.0726084617484238,51.2330490647465],[-0.0716858688133246,51.2342476636519],[-0.0698087276780293,51.2345359720587],[-0.0685410571231623,51.2358343427536],[-0.0684062980347951,51.2397710905693],[-0.0690392561130104,51.2414133307656],[-0.0688251742617802,51.2420438105133],[-0.0692474700676459,51.2424253403328],[-0.0704905867624921,51.2425123911964],[-0.0706384514516629,51.2431218625843],[-0.0699809995534854,51.2442850701783],[-0.0708679735617067,51.2440913241141],[-0.071724073808328,51.2444507670698],[-0.0714328373562884,51.2456933093211],[-0.0729080076823473,51.2475019257484],[-0.0729453397391463,51.248076119066],[-0.0701690183265787,51.2484784994107],[-0.0705117270808936,51.2503664017627],[-0.0747077377136659,51.2600715737499],[-0.0746727959533161,51.2620556717797],[-0.0703623661818268,51.2636917077246],[-0.0691262432898194,51.2649366442429],[-0.0676235586976696,51.2651888446593],[-0.065908183590653,51.2660984954902],[-0.0645071275101106,51.2662146921521],[-0.0631380524479151,51.2659438217704],[-0.0597708400263544,51.2663872154862],[-0.054661057294099,51.2663743414732],[-0.0537592115294485,51.2654968934057],[-0.0526060069802947,51.2651063182303],[-0.0500508528799659,51.2626799076449],[-0.0475120314035029,51.2619774991631],[-0.0440587183699397,51.2623245394704],[-0.0397993258159915,51.2644411646007]]],[[[-0.0686583815354216,51.2823502888122],[-0.0673948284855869,51.2820128798015],[-0.0620644363262851,51.2727598956791],[-0.0580209266553138,51.2726362514181],[-0.0586171585366504,51.270973373238],[-0.0587944783896778,51.2685356682396],[-0.0584025419717994,51.2678681891539],[-0.0597708400263544,51.2663872154862],[-0.0631380524479151,51.2659438217704],[-0.0645071275101106,51.2662146921521],[-0.065908183590653,51.2660984954902],[-0.0676235586976696,51.2651888446593],[-0.0691262432898194,51.2649366442429],[-0.0703623661818268,51.2636917077246],[-0.0746727959533161,51.2620556717797],[-0.0792048769347651,51.2632831530276],[-0.0817888255761,51.2617409519989],[-0.08504323500836,51.26092998343],[-0.0884778368428567,51.2624472584548],[-0.0910592203800591,51.2625693702058],[-0.0925499992022147,51.2629347965444],[-0.0977084445829439,51.2625424318214],[-0.0990751237301774,51.2629187976482],[-0.0992866108735557,51.2650211972339],[-0.100316902845438,51.2663510031793],[-0.0996651467733932,51.2666875406158],[-0.100703539496461,51.2672997604572],[-0.0990636641725534,51.2680285043257],[-0.0970869623543194,51.2716341059933],[-0.0959163781932001,51.2716168538596],[-0.0946913060343275,51.2728829060154],[-0.0922857386326933,51.2743679444905],[-0.0899583754393225,51.2740314748556],[-0.0899147964038113,51.2762925010352],[-0.0886512696884798,51.2763356918762],[-0.086054487446374,51.2804695751264],[-0.0842830672846957,51.2812050443613],[-0.0850513894405694,51.2813506767195],[-0.0823825394901348,51.2816334310613],[-0.0815984880502054,51.2821763773325],[-0.0813443052122404,51.2829069150486],[-0.0809809445849381,51.2827463233924],[-0.079407389024221,51.2819713388959],[-0.0783755629043821,51.2819553051624],[-0.0771910976678784,51.2821966709786],[-0.0775913052646729,51.2828102837561],[-0.0752503090434325,51.2834462871348],[-0.0738140527747069,51.2829514707113],[-0.0714981312979301,51.2811749292144],[-0.0702908945238857,51.2812062808216],[-0.0697915182974169,51.2819328460353],[-0.0686583815354216,51.2823502888122]]],[[[0.0519423925911647,51.2626827508661],[0.0532518788796058,51.2581650202277],[0.0542664118290006,51.2565859977227],[0.0538435957078605,51.2540780209052],[0.055130736916454,51.2523799349409],[0.057049818141972,51.2512913508271],[0.0579884234374969,51.2489177773176],[0.0582428302016134,51.2477783258014],[0.0576076543448164,51.2449143787902],[0.0573647763017561,51.2440624705278],[0.0562391938430381,51.2431757250664],[0.0553931264495493,51.2405583072428],[0.0535573106459332,51.2393251914571],[0.0539302525448866,51.2381432100133],[0.0528596950860687,51.2365270444974],[0.0480327588093922,51.233755984047],[0.0460587272569948,51.2333186186549],[0.0451355935521205,51.2319471399186],[0.0438094391536989,51.2308874758383],[0.0438635983959535,51.2297831083774],[0.0430390971949838,51.2290834685309],[0.0423018265525176,51.2273767878628],[0.0436854797216305,51.2258273685998],[0.0428337717767741,51.2246101601379],[0.0423141706431166,51.222576911218],[0.0429511527733013,51.2217941243723],[0.0431667415000596,51.2201617013153],[0.0414496018855546,51.2182509451604],[0.0411485886584668,51.2166239392512],[0.0362795210598884,51.2165819110367],[0.0335989515635273,51.2143379718375],[0.0347210355670542,51.2134820633217],[0.0340242052614985,51.2120310353607],[0.0340514066057796,51.2117400732869],[0.0345948347080396,51.2116604990458],[0.0335877755499986,51.2113236815282],[0.0339878430179913,51.2108813998131],[0.0337715652554525,51.210554211787],[0.0353898777732557,51.2084864467635],[0.0363793186353237,51.208165256681],[0.0361983446964577,51.2079561362485],[0.0372899001251012,51.2070602741771],[0.0366973239899508,51.2051811056255],[0.0357943294625617,51.2042138672731],[0.0391583977594356,51.2008727850155],[0.0383093165402794,51.1997651796679],[0.0383870266400363,51.1988330178883],[0.0386970356784015,51.1984634032717],[0.0393237824342716,51.198459674042],[0.0396821385681345,51.1978221000815],[0.036862789990875,51.1972479780226],[0.0303180437163575,51.1976881802198],[0.0265074746958493,51.1975518602065],[0.025981013592938,51.2012437441286],[0.0266690315213929,51.2028964550511],[0.0284448792929986,51.2046751490514],[0.0285606866827106,51.2052586152567],[0.0268754873180328,51.2064281963278],[0.0226345788691237,51.2114828607685],[0.0193080164639578,51.2138282565819],[0.0179077059047807,51.2161204856195],[0.0166973815164327,51.217097326694],[0.0163237942002274,51.2180183833729],[0.0165563349849573,51.2205873203982],[0.0150500936534988,51.2250882683558],[0.014143475458986,51.2332562145892],[0.0155061948859635,51.2408391652004],[0.0163514981722462,51.2426403457802],[0.0151437220021008,51.2443779914744],[0.0147447640546246,51.2458398969573],[0.0113474914279463,51.2458713554525],[0.0111738868646638,51.2470830335982],[0.0102854190147377,51.247047050343],[0.00930120568120957,51.2482348838321],[0.00686059387430506,51.2497093153735],[0.00437435034990481,51.2507390206128],[0.00195100266456238,51.2524401262493],[0.00253812972695436,51.2526278750621],[0.00224747443829111,51.2536913963205],[-0.00171584942053617,51.2569444800899],[-0.00164972809503721,51.2574091520702],[-0.000653144123050911,51.2581485088856],[-0.00113208686710673,51.2620407845743],[-0.000824980224173939,51.2633386289857],[-0.00122848601981133,51.2643131713484],[-0.00293830194858137,51.2668972845749],[-0.00351109287358027,51.2669431066242],[-0.00474814145945642,51.2681044675431],[-0.00728969284882721,51.2692332761902],[-0.00896647244722263,51.2710019230361],[-0.00942130208982208,51.2738651594027],[-0.0109410632544765,51.2764331622945],[-0.0118423680184599,51.2793667460651],[-0.0139257797188778,51.2803976502018],[-0.0158789834811162,51.2852466187019],[-0.0150697651608005,51.2850899472678],[-0.0143994714325735,51.2856703543876],[-0.00968235457056182,51.2841530695678],[-0.00608879099022563,51.2835217287312],[-0.00101219272748173,51.2815430012635],[-0.000627236522731353,51.2815265375686],[-0.00048443760552052,51.2819395523377],[0.00213240924709084,51.2809478519844],[0.00297079004206416,51.2813337704489],[0.00385531745250679,51.2810632114158],[0.00433104684160031,51.2805631047288],[0.00347817724105884,51.2785273173879],[0.00400015673296224,51.277441854391],[0.00353599662131975,51.2758364429168],[0.0101112417806931,51.2701542660111],[0.0132659309328528,51.2661719005538],[0.015855590569763,51.2658602238111],[0.0176297276001428,51.264310702321],[0.0191986486667696,51.2637414275186],[0.0239590589031697,51.2623695163743],[0.0252505229029191,51.2625999043726],[0.0312364445675734,51.2624377445456],[0.0356329953412479,51.2628047855742],[0.035056828124391,51.2610548056117],[0.0372211625284937,51.2614101362736],[0.0412994605741199,51.261127716909],[0.0460779483540314,51.261511079966],[0.0489155835980506,51.2622735651189],[0.0519423925911647,51.2626827508661]]],[[[-0.0203721832567667,51.2352596174758],[-0.0202903416862377,51.2320748311908],[-0.0192409152296094,51.2289598150443],[-0.0196002720057793,51.2253910545207],[-0.0191623162460353,51.222716310404],[-0.0177970935129126,51.222481668296],[-0.0174222028553242,51.2221407716745],[-0.0161203597702103,51.2220856155516],[-0.0153479931079128,51.2214969561987],[-0.0151741152171195,51.2207448749425],[-0.0133398548958362,51.2207434290505],[-0.0116031728962823,51.2210664678844],[-0.0112355758048982,51.2214217479282],[-0.00817812030624477,51.221288218489],[-0.00503473824781682,51.2183123002034],[-0.00378226175211709,51.2178644217705],[-0.00379037621966151,51.2176062483743],[-0.00302429191511801,51.2177061867737],[-0.00162367003936324,51.2171574790784],[0.000822959062233054,51.2182206425884],[0.00103745082287013,51.2179357845137],[0.00146837557562952,51.218014741135],[0.00109213067996737,51.2176776347382],[0.00174047147808067,51.2172735432937],[0.00198561196903612,51.2156289878374],[0.00287528017496409,51.2155071768979],[0.00278003035193738,51.2148995347003],[0.00390623591643163,51.2148969823709],[0.00370249986888212,51.2143016306026],[0.00672846962880235,51.2123208953303],[0.00918464681796106,51.2131219547043],[0.0127448980573128,51.2154312083243],[0.0166973815164327,51.217097326694],[0.0179077059047807,51.2161204856195],[0.0193080164639578,51.2138282565819],[0.0226345788691237,51.2114828607685],[0.0268754873180328,51.2064281963278],[0.0285606866827106,51.2052586152567],[0.0284448792929986,51.2046751490514],[0.0266690315213929,51.2028964550511],[0.025981013592938,51.2012437441286],[0.0265074746958493,51.1975518602065],[0.0152819888604509,51.1953985457447],[0.0133920245897551,51.1954490645531],[0.0130300677796702,51.1960416652118],[0.0103536864776004,51.1950273203263],[0.00728191880827846,51.1945926746618],[0.00617721341029425,51.1945972368583],[0.00625662717399192,51.1953934311775],[0.00229951067746816,51.1961061233771],[-0.00100500152605522,51.1960142804624],[-0.00443730613394935,51.1947203152533],[-0.00859200053851347,51.1921686181182],[-0.00990989207274257,51.18758926265],[-0.0096136858052398,51.1829032335124],[-0.00712379357730707,51.1765682718921],[-0.00213087131141399,51.171687514252],[-0.000126372962552502,51.1638655370669],[-0.000583907932312056,51.161348045187],[-0.00343344449808635,51.1577635222256],[-0.00422383064131762,51.1554604313597],[-0.00703616968431977,51.1556389655494],[-0.00867330810902002,51.1566682499366],[-0.01011965363948,51.1583745166753],[-0.0110709547643552,51.1585445710662],[-0.012160745665215,51.1558813019346],[-0.011903445931574,51.1553796007437],[-0.0125967344909125,51.1552528859113],[-0.0120968591598874,51.1551049957217],[-0.0127655711536351,51.1545848559924],[-0.0122363479245571,51.1541882532636],[-0.013008038253524,51.1534675133373],[-0.0138753637029261,51.1535496934067],[-0.0148412750398994,51.1528673129706],[-0.018652991540469,51.1543825581418],[-0.0206361128125897,51.1533531301398],[-0.0238629791160211,51.1533330493129],[-0.0274800731805895,51.153829648551],[-0.0323820503492964,51.1540549364271],[-0.032617878530943,51.1536542070928],[-0.0331304065675051,51.1535728943217],[-0.0332755281014348,51.1539602456253],[-0.0342075797921667,51.1536980226031],[-0.0357132016298735,51.1555876181922],[-0.0348339731676759,51.1602609988796],[-0.0355235196521347,51.1647017435103],[-0.0378421704778276,51.1675978031163],[-0.0389827939335394,51.1697438503218],[-0.0392542155020025,51.1723159501332],[-0.038470907384408,51.1753353625556],[-0.0383058414759586,51.1789833957177],[-0.037993390147356,51.1797479745092],[-0.0367184924297326,51.1805553292931],[-0.0416305980995681,51.1830495798203],[-0.0434186772298709,51.1832965281537],[-0.0436750672538295,51.1878565482886],[-0.0415618758789356,51.1895352542973],[-0.0406145997729764,51.1909493517673],[-0.0416640051126337,51.1947566466056],[-0.0415422271618185,51.1968526574356],[-0.0404273249370259,51.1992127266783],[-0.0379838649597567,51.2020774554266],[-0.0356834139508483,51.2068925303217],[-0.0341161256973159,51.2086333148324],[-0.0365217217548865,51.2113177484532],[-0.0362224849171053,51.214012423793],[-0.0398682845256342,51.2207501360397],[-0.043123607294847,51.2236039611861],[-0.0436119664943589,51.2251006713853],[-0.0428600753139537,51.2287824867865],[-0.0446024367683862,51.2326867224782],[-0.0443698579721737,51.2347270198579],[-0.0463297148523045,51.237291310174],[-0.0463606584514899,51.2420743506818],[-0.047581944662468,51.2433115087921],[-0.0499920650619341,51.247340156965],[-0.0497660647997468,51.2491250592749],[-0.0501968448242587,51.2500522366292],[-0.0498548837172711,51.2539361131116],[-0.0485623875766872,51.2565396281117],[-0.0472837356661208,51.2575965385711],[-0.0475838223317,51.2595117590114],[-0.0468184453244063,51.2613038353195],[-0.0431660285510903,51.2610090850189],[-0.0421355671747753,51.2612750562971],[-0.0408312434647427,51.2621798830668],[-0.0397993258159915,51.2644411646007],[-0.0351361646098089,51.2662614238332],[-0.0362096589313796,51.264618350871],[-0.0360785444131838,51.2640289815669],[-0.0352279845849428,51.2635712972457],[-0.0325702354771518,51.2631067127795],[-0.0315436954454521,51.2616685047706],[-0.0323135650876671,51.2599215561886],[-0.0304907278574432,51.2594097284973],[-0.0301426511454063,51.2590378671609],[-0.0294658621834006,51.2590768230244],[-0.0270072711791958,51.2555739640247],[-0.0238535316418048,51.253789636066],[-0.0234045735732037,51.2510485591975],[-0.0238554173164762,51.2506937487157],[-0.0237233302005692,51.247635204139],[-0.022915315672762,51.2433210131101],[-0.0221833774941645,51.2411089245411],[-0.0206602841363301,51.2387108342473],[-0.0207944463587819,51.2359171222546],[-0.0203721832567667,51.2352596174758]]],[[[-0.0172484641311996,51.2886090925652],[-0.0158789834811162,51.2852466187019],[-0.0139257797188778,51.2803976502018],[-0.0118423680184599,51.2793667460651],[-0.0109410632544765,51.2764331622945],[-0.00942130208982208,51.2738651594027],[-0.00896647244722263,51.2710019230361],[-0.00728969284882721,51.2692332761902],[-0.00474814145945642,51.2681044675431],[-0.00351109287358027,51.2669431066242],[-0.00293830194858137,51.2668972845749],[-0.00122848601981133,51.2643131713484],[-0.000824980224173939,51.2633386289857],[-0.00113208686710673,51.2620407845743],[-0.000653144123050911,51.2581485088856],[-0.00164972809503721,51.2574091520702],[-0.00171584942053617,51.2569444800899],[0.00224747443829111,51.2536913963205],[0.00253812972695436,51.2526278750621],[0.00195100266456238,51.2524401262493],[0.00437435034990481,51.2507390206128],[0.00307983751454892,51.2501438912336],[0.00500982546999603,51.2495369238605],[0.002036076061252,51.2475050012123],[0.00106811546672152,51.2474217302209],[0.0000816783738476182,51.2465295525042],[-0.00143564676601716,51.2469526798154],[-0.00325015566402319,51.2464205137666],[-0.00219373911226847,51.2448682222786],[-0.00531759945126271,51.2438850158831],[-0.00870227361032407,51.244478499056],[-0.0129186561714949,51.2437554241635],[-0.0128946006896234,51.2403371840053],[-0.0138281715428015,51.2401360242299],[-0.0152762352321433,51.2387957392518],[-0.0162348638818509,51.2368123067167],[-0.0203721832567667,51.2352596174758],[-0.0207944463587819,51.2359171222546],[-0.0206602841363301,51.2387108342473],[-0.0221833774941645,51.2411089245411],[-0.022915315672762,51.2433210131101],[-0.0237233302005692,51.247635204139],[-0.0238554173164762,51.2506937487157],[-0.0234045735732037,51.2510485591975],[-0.0238535316418048,51.253789636066],[-0.0270072711791958,51.2555739640247],[-0.0294658621834006,51.2590768230244],[-0.0301426511454063,51.2590378671609],[-0.0304907278574432,51.2594097284973],[-0.0323135650876671,51.2599215561886],[-0.0315436954454521,51.2616685047706],[-0.0325702354771518,51.2631067127795],[-0.0352279845849428,51.2635712972457],[-0.0360785444131838,51.2640289815669],[-0.0362096589313796,51.264618350871],[-0.0351361646098089,51.2662614238332],[-0.0321326999154431,51.2674421328477],[-0.0322044135936668,51.2685161743735],[-0.0309906630842195,51.2704508400153],[-0.027206637089049,51.2713035343573],[-0.0258626621177039,51.2720200773653],[-0.0246567957123663,51.2718226229839],[-0.023598604979582,51.2721285106875],[-0.0238118789841509,51.2735710409116],[-0.0216894888733123,51.274416443598],[-0.0230977651289196,51.2767119627431],[-0.0221023595988709,51.2782221082308],[-0.0255674074818496,51.2823455079196],[-0.0275072569236172,51.283724547181],[-0.0277898823870476,51.2843579412046],[-0.0266819995165218,51.2863834152819],[-0.0261280593342705,51.2863578927535],[-0.0264650930815233,51.2897657753021],[-0.0235919871035165,51.2892082467284],[-0.0172484641311996,51.2886090925652]]],[[[0.0166973815164327,51.217097326694],[0.0127448980573128,51.2154312083243],[0.00918464681796106,51.2131219547043],[0.00672846962880235,51.2123208953303],[0.00370249986888212,51.2143016306026],[0.00390623591643163,51.2148969823709],[0.00278003035193738,51.2148995347003],[0.00287528017496409,51.2155071768979],[0.00198561196903612,51.2156289878374],[0.00174047147808067,51.2172735432937],[0.00109213067996737,51.2176776347382],[0.00146837557562952,51.218014741135],[0.00103745082287013,51.2179357845137],[0.000822959062233054,51.2182206425884],[-0.00162367003936324,51.2171574790784],[-0.00302429191511801,51.2177061867737],[-0.00379037621966151,51.2176062483743],[-0.00378226175211709,51.2178644217705],[-0.00503473824781682,51.2183123002034],[-0.00817812030624477,51.221288218489],[-0.0112355758048982,51.2214217479282],[-0.0116031728962823,51.2210664678844],[-0.0133398548958362,51.2207434290505],[-0.0151741152171195,51.2207448749425],[-0.0153479931079128,51.2214969561987],[-0.0161203597702103,51.2220856155516],[-0.0174222028553242,51.2221407716745],[-0.0177970935129126,51.222481668296],[-0.0191623162460353,51.222716310404],[-0.0196002720057793,51.2253910545207],[-0.0192409152296094,51.2289598150443],[-0.0202903416862377,51.2320748311908],[-0.0203721832567667,51.2352596174758],[-0.0162348638818509,51.2368123067167],[-0.0152762352321433,51.2387957392518],[-0.0138281715428015,51.2401360242299],[-0.0128946006896234,51.2403371840053],[-0.0129186561714949,51.2437554241635],[-0.00870227361032407,51.244478499056],[-0.00531759945126271,51.2438850158831],[-0.00219373911226847,51.2448682222786],[-0.00325015566402319,51.2464205137666],[-0.00143564676601716,51.2469526798154],[0.0000816783738476182,51.2465295525042],[0.00106811546672152,51.2474217302209],[0.002036076061252,51.2475050012123],[0.00500982546999603,51.2495369238605],[0.00307983751454892,51.2501438912336],[0.00437435034990481,51.2507390206128],[0.00686059387430506,51.2497093153735],[0.00930120568120957,51.2482348838321],[0.0102854190147377,51.247047050343],[0.0111738868646638,51.2470830335982],[0.0113474914279463,51.2458713554525],[0.0147447640546246,51.2458398969573],[0.0151437220021008,51.2443779914744],[0.0163514981722462,51.2426403457802],[0.0155061948859635,51.2408391652004],[0.014143475458986,51.2332562145892],[0.0150500936534988,51.2250882683558],[0.0165563349849573,51.2205873203982],[0.0163237942002274,51.2180183833729],[0.0166973815164327,51.217097326694]]],[[[-0.0809891871905175,51.2921244520344],[-0.0796306235433688,51.291620114503],[-0.0802976693074798,51.2907578015308],[-0.0796099935529677,51.2904650353748],[-0.0808803103091238,51.2887259668705],[-0.0817488177567572,51.2883948717112],[-0.0831870403583978,51.2859615021937],[-0.0831142095740672,51.2853694549619],[-0.0821979276677239,51.2854020997604],[-0.0819005681631141,51.2844196915422],[-0.0805670983852181,51.2830417087596],[-0.0809809445849381,51.2827463233924],[-0.0813443052122404,51.2829069150486],[-0.0815984880502054,51.2821763773325],[-0.0823825394901348,51.2816334310613],[-0.0850513894405694,51.2813506767195],[-0.0842830672846957,51.2812050443613],[-0.086054487446374,51.2804695751264],[-0.0886512696884798,51.2763356918762],[-0.0899147964038113,51.2762925010352],[-0.0898811191849362,51.2775491788771],[-0.0928558277560329,51.2772514984739],[-0.0943899816239673,51.28098425813],[-0.0970956835716115,51.2807801702391],[-0.0989327513144843,51.2826094788752],[-0.0998279607189762,51.282957066073],[-0.0967557952185386,51.2844522945035],[-0.0969535233179795,51.2859832251068],[-0.0983546252683536,51.287901893185],[-0.0956527386663396,51.2877428588679],[-0.0955173010687658,51.288137664445],[-0.0960929649820465,51.2882621092695],[-0.0950504543916556,51.2900905027418],[-0.0944442608567105,51.2899403847044],[-0.0941844868388468,51.2903717240368],[-0.0936279979050958,51.2903701752024],[-0.0942070030819853,51.2921149705085],[-0.0936899311644528,51.2948570552699],[-0.0939622529748614,51.2971166491547],[-0.0927524670372703,51.2976075570156],[-0.0942762227753214,51.2994385910081],[-0.0957756303983618,51.2996015284065],[-0.097396361070515,51.3003849032817],[-0.097336203946918,51.3011012441919],[-0.0959978973409345,51.3015142960073],[-0.09481825344748,51.3006214422121],[-0.0912237418672903,51.3014752290573],[-0.0911716230400733,51.3033916850636],[-0.090726245636363,51.3039445328675],[-0.0896874672871807,51.303963253578],[-0.0886976450324238,51.305146546036],[-0.0876995707853452,51.3054367107858],[-0.0862543585840845,51.3052745567963],[-0.0883230754669744,51.301265105098],[-0.0885858330695769,51.2993943725829],[-0.0869147278525317,51.2999767993885],[-0.0860958262139214,51.2998330563588],[-0.0843173373945432,51.2965529893901],[-0.0833506749716161,51.2966199795772],[-0.0817467636929693,51.2960748062269],[-0.0822275455334673,51.2942777803937],[-0.0817052204159988,51.2943196638675],[-0.0813338624892832,51.292113915495],[-0.0809891871905175,51.2921244520344]]],[[[0.0426202011598456,51.3013288984705],[0.0430931266591081,51.2990543143748],[0.0442984953391162,51.2985809410559],[0.043313107400155,51.2965817568735],[0.042396497430127,51.2926730467214],[0.0426949218153683,51.2920625763228],[0.0447802066060053,51.2907356220945],[0.046740134937882,51.2885924056396],[0.0481710748551353,51.2856526486969],[0.0469258235759097,51.2810662833582],[0.0453607065793352,51.2779217370895],[0.0453963791891935,51.2766602748246],[0.0480318033105296,51.2701211035008],[0.0496104259447244,51.2680322899756],[0.0496798448991149,51.2656936969046],[0.0519423925911647,51.2626827508661],[0.0489155835980506,51.2622735651189],[0.0460779483540314,51.261511079966],[0.0412994605741199,51.261127716909],[0.0372211625284937,51.2614101362736],[0.035056828124391,51.2610548056117],[0.0356329953412479,51.2628047855742],[0.0312364445675734,51.2624377445456],[0.0252505229029191,51.2625999043726],[0.0239590589031697,51.2623695163743],[0.0191986486667696,51.2637414275186],[0.0176297276001428,51.264310702321],[0.015855590569763,51.2658602238111],[0.0132659309328528,51.2661719005538],[0.0101112417806931,51.2701542660111],[0.00353599662131975,51.2758364429168],[0.00400015673296224,51.277441854391],[0.00347817724105884,51.2785273173879],[0.00433104684160031,51.2805631047288],[0.00385531745250679,51.2810632114158],[0.00297079004206416,51.2813337704489],[0.00213240924709084,51.2809478519844],[-0.00048443760552052,51.2819395523377],[-0.000627236522731353,51.2815265375686],[-0.00101219272748173,51.2815430012635],[-0.00608879099022563,51.2835217287312],[-0.00968235457056182,51.2841530695678],[-0.0143994714325735,51.2856703543876],[-0.0150697651608005,51.2850899472678],[-0.0158789834811162,51.2852466187019],[-0.0172484641311996,51.2886090925652],[-0.0147384498162064,51.2902884004741],[-0.0117122634726107,51.2912590482933],[-0.00667266977842854,51.2919307682632],[-0.00311740332672237,51.2940366927288],[-0.00168284609999571,51.2954934313978],[-0.000195537626717592,51.2963799681978],[0.00704768940208091,51.2978665603507],[0.012142972058002,51.2996161804857],[0.0150093784679093,51.2917860691426],[0.0191012463355629,51.2916841001949],[0.0208741483369875,51.2955719083739],[0.0209530803467686,51.2967783788473],[0.0235992555137935,51.2997040622338],[0.0248391363668915,51.3021549341521],[0.0279778082496254,51.3046853037826],[0.0302816512139515,51.305558218108],[0.0329094179322316,51.3075209105802],[0.036336788657453,51.3058632213416],[0.0409175801095702,51.3027211628035],[0.0415431058799972,51.3029800731629],[0.0426202011598456,51.3013288984705]]],[[[-0.0686583815354216,51.2823502888122],[-0.0697915182974169,51.2819328460353],[-0.0702908945238857,51.2812062808216],[-0.0714981312979301,51.2811749292144],[-0.0738140527747069,51.2829514707113],[-0.0752503090434325,51.2834462871348],[-0.0775913052646729,51.2828102837561],[-0.0771910976678784,51.2821966709786],[-0.0783755629043821,51.2819553051624],[-0.079407389024221,51.2819713388959],[-0.0809809445849381,51.2827463233924],[-0.0805670983852181,51.2830417087596],[-0.0819005681631141,51.2844196915422],[-0.0821979276677239,51.2854020997604],[-0.0831142095740672,51.2853694549619],[-0.0831870403583978,51.2859615021937],[-0.0817488177567572,51.2883948717112],[-0.0808803103091238,51.2887259668705],[-0.0796099935529677,51.2904650353748],[-0.0802976693074798,51.2907578015308],[-0.0796306235433688,51.291620114503],[-0.0809891871905175,51.2921244520344],[-0.0779510550593444,51.2942293047149],[-0.075533328221161,51.2948339535599],[-0.0738348878767177,51.2965843815286],[-0.0706796078296438,51.2976701037942],[-0.0693677984677705,51.2963544164934],[-0.0690734296433668,51.2923350823123],[-0.0671436056786641,51.2907842907769],[-0.0667389787201852,51.2898674909264],[-0.0672221680309655,51.2887117204871],[-0.0709611907669262,51.2855978943572],[-0.0681909722229901,51.2828947770458],[-0.0686583815354216,51.2823502888122]]],[[[-0.0109465685443747,51.3336758689104],[-0.00966068479460691,51.333928422358],[-0.00712773690809125,51.3337397568887],[-0.00720909941461687,51.333387277101],[-0.0016766119106944,51.3303073996888],[-0.000502893170893699,51.3287783752273],[0.00225531192400326,51.3291348341144],[0.00487026651167884,51.3220763210909],[0.00554559304013832,51.3184440613791],[0.00659758583732605,51.315684844092],[0.0103537519124359,51.3161463481737],[0.0083863741071487,51.3105614824805],[0.012142972058002,51.2996161804857],[0.00704768940208091,51.2978665603507],[-0.000195537626717592,51.2963799681978],[-0.00168284609999571,51.2954934313978],[-0.00311740332672237,51.2940366927288],[-0.00667266977842854,51.2919307682632],[-0.0117122634726107,51.2912590482933],[-0.0147384498162064,51.2902884004741],[-0.0172484641311996,51.2886090925652],[-0.0235919871035165,51.2892082467284],[-0.0264650930815233,51.2897657753021],[-0.0267035751865846,51.2903921369317],[-0.0259364128391063,51.2913244031136],[-0.0264483326304436,51.2976095240448],[-0.0272673786446062,51.2992493182138],[-0.0293024448887064,51.300631674062],[-0.0304546707358683,51.3037971372441],[-0.0318946696434588,51.3041437837139],[-0.0308593364280486,51.3023573802979],[-0.0308810033752893,51.3015234298117],[-0.0317533136662983,51.300586779077],[-0.0332187089687449,51.3009288711046],[-0.0373994214216396,51.3007478278584],[-0.0377505647127463,51.3028824257659],[-0.0405672225620737,51.305054039758],[-0.0415168109363269,51.3047414802265],[-0.0409675565493091,51.3036626451757],[-0.0443715590201341,51.3029770329067],[-0.0450893635786117,51.3037376011382],[-0.0507970675083007,51.3022693403306],[-0.0517020209424868,51.3015820383607],[-0.0526915555722815,51.3018938961165],[-0.0533760903649498,51.301600833511],[-0.0537195357710206,51.3018223951842],[-0.0532147993375329,51.3022923955663],[-0.053180769952278,51.3032298010568],[-0.0566143093454409,51.3101780383348],[-0.0591263150615113,51.3122997147206],[-0.0639861428900236,51.3186400209383],[-0.0620788830381925,51.3192002875183],[-0.060657578918395,51.3200643938012],[-0.0583924286801603,51.320382979344],[-0.0562065262172618,51.3216821760405],[-0.0548640234280373,51.3212803579224],[-0.0525310338599882,51.3224193819952],[-0.0513072247610965,51.3224522765565],[-0.0512667375285135,51.3234382192473],[-0.0497654319543468,51.3252667054042],[-0.0478687395913028,51.325245055609],[-0.0478280290375267,51.3265096849645],[-0.0490698612265602,51.3286076827904],[-0.0487492772356188,51.3287184154723],[-0.0510808812069827,51.3308453330814],[-0.0510419576777548,51.3315938660758],[-0.0500722010137758,51.3320525226677],[-0.0502771342165054,51.3326378099393],[-0.0484893587285508,51.332801846244],[-0.0466062190774591,51.3335384641232],[-0.0419864586902761,51.3338601719349],[-0.0396451976470365,51.3374766353363],[-0.0379200854497904,51.3387247432932],[-0.0345088897744457,51.3380830268533],[-0.0328216320984631,51.3374153739898],[-0.0307789356958282,51.3374719580026],[-0.0261297138796831,51.3385458518662],[-0.0221501774469841,51.3381308553426],[-0.0205876779541893,51.3372025650661],[-0.0178602411855992,51.3330172703679],[-0.0172384451662422,51.3329878819595],[-0.0160370020222855,51.3320516603212],[-0.0143165119704134,51.3297720937777],[-0.0136397836490252,51.3315313316495],[-0.011902236908005,51.3329542582103],[-0.0107257592320447,51.3330832448433],[-0.0109465685443747,51.3336758689104]]],[[[-0.0639861428900236,51.3186400209383],[-0.0591263150615113,51.3122997147206],[-0.0566143093454409,51.3101780383348],[-0.053180769952278,51.3032298010568],[-0.0532147993375329,51.3022923955663],[-0.0537195357710206,51.3018223951842],[-0.0533760903649498,51.301600833511],[-0.0558868929552871,51.3002701898849],[-0.0574847931920963,51.2987453497937],[-0.0566439721273193,51.2969534312476],[-0.0589872341456659,51.2967620155063],[-0.0600316818390218,51.296282042151],[-0.062458057751481,51.2969400121063],[-0.062102064870155,51.2977983836997],[-0.0674228147295302,51.3000715319129],[-0.0679280110393273,51.2998595034087],[-0.0687943054060089,51.3009906540238],[-0.0699971749269418,51.3005626670357],[-0.070065951594792,51.3002571385648],[-0.0721370027729366,51.3017058620654],[-0.0735686658262517,51.303558491201],[-0.0740710762530934,51.3040326305023],[-0.0746415042344232,51.3040797662708],[-0.0756029170574251,51.3052781518823],[-0.0709382167991338,51.3053929222402],[-0.0717389251100558,51.3061417821174],[-0.0769478414625553,51.3067040570399],[-0.0770899646713663,51.3069443714678],[-0.0782777045726641,51.3101395713937],[-0.0770905044843805,51.3101803634429],[-0.0754414912851433,51.3107338563719],[-0.0758192822749505,51.3112943857421],[-0.0742992040234317,51.3118215738004],[-0.0718084970307011,51.3116942549598],[-0.0688413559600671,51.3120697271807],[-0.0689890112218635,51.3123240270722],[-0.0700369342276418,51.3127946024905],[-0.0791811877589017,51.3129809260924],[-0.0803157514603107,51.3148862893799],[-0.0822366281125533,51.3169465368356],[-0.0815041851506127,51.316722387389],[-0.0801788646251962,51.3178418894934],[-0.0788349893385552,51.3180977303735],[-0.0789130205771895,51.3197699387298],[-0.0749396545329708,51.3202370588817],[-0.0710197825080979,51.3212238304455],[-0.0700673510740452,51.3189000394562],[-0.0639861428900236,51.3186400209383]]],[[[-0.0998279607189762,51.282957066073],[-0.100600968236981,51.2825804031367],[-0.105802718591715,51.2891885700249],[-0.106308411625559,51.2903505257082],[-0.112681607424323,51.2907834366077],[-0.114597010827,51.2904177080159],[-0.115805363546077,51.2906448857013],[-0.1154942632089,51.2911659532566],[-0.114553242273446,51.291553681938],[-0.114734430476013,51.2924513742907],[-0.111052160513274,51.2922526241638],[-0.102637380902686,51.2960069654917],[-0.100545018139535,51.2964478208544],[-0.0942762227753214,51.2994385910081],[-0.0927524670372703,51.2976075570156],[-0.0939622529748614,51.2971166491547],[-0.0936899311644528,51.2948570552699],[-0.0942070030819853,51.2921149705085],[-0.0936279979050958,51.2903701752024],[-0.0941844868388468,51.2903717240368],[-0.0944442608567105,51.2899403847044],[-0.0950504543916556,51.2900905027418],[-0.0960929649820465,51.2882621092695],[-0.0955173010687658,51.288137664445],[-0.0956527386663396,51.2877428588679],[-0.0983546252683536,51.287901893185],[-0.0969535233179795,51.2859832251068],[-0.0967557952185386,51.2844522945035],[-0.0998279607189762,51.282957066073]]],[[[-0.0600316818390218,51.296282042151],[-0.0614159012031939,51.2957707321418],[-0.0634375072601126,51.2956863843692],[-0.0671131314817325,51.2968279893446],[-0.0692770751526217,51.2978663636442],[-0.0706796078296438,51.2976701037942],[-0.0738348878767177,51.2965843815286],[-0.075533328221161,51.2948339535599],[-0.0779510550593444,51.2942293047149],[-0.0809891871905175,51.2921244520344],[-0.0813338624892832,51.292113915495],[-0.0817052204159988,51.2943196638675],[-0.0822275455334673,51.2942777803937],[-0.0817467636929693,51.2960748062269],[-0.0833506749716161,51.2966199795772],[-0.0843173373945432,51.2965529893901],[-0.0860958262139214,51.2998330563588],[-0.0869147278525317,51.2999767993885],[-0.0885858330695769,51.2993943725829],[-0.0883230754669744,51.301265105098],[-0.0862543585840845,51.3052745567963],[-0.0876995707853452,51.3054367107858],[-0.0886976450324238,51.305146546036],[-0.0888250653614742,51.3072185497449],[-0.0882493978414383,51.3077456000331],[-0.0867609877754822,51.3087945994286],[-0.0819316756913801,51.3106472885362],[-0.0818930192421521,51.3126090268851],[-0.0848023381014901,51.3158671889225],[-0.0835913056187428,51.3163824905791],[-0.0836619006075646,51.3166506664406],[-0.0822366281125533,51.3169465368356],[-0.0803157514603107,51.3148862893799],[-0.0791811877589017,51.3129809260924],[-0.0700369342276418,51.3127946024905],[-0.0689890112218635,51.3123240270722],[-0.0688413559600671,51.3120697271807],[-0.0718084970307011,51.3116942549598],[-0.0742992040234317,51.3118215738004],[-0.0758192822749505,51.3112943857421],[-0.0754414912851433,51.3107338563719],[-0.0770905044843805,51.3101803634429],[-0.0782777045726641,51.3101395713937],[-0.0770899646713663,51.3069443714678],[-0.0769478414625553,51.3067040570399],[-0.0717389251100558,51.3061417821174],[-0.0709382167991338,51.3053929222402],[-0.0756029170574251,51.3052781518823],[-0.0746415042344232,51.3040797662708],[-0.0740710762530934,51.3040326305023],[-0.0735686658262517,51.303558491201],[-0.0721370027729366,51.3017058620654],[-0.070065951594792,51.3002571385648],[-0.0699971749269418,51.3005626670357],[-0.0687943054060089,51.3009906540238],[-0.0679280110393273,51.2998595034087],[-0.0674228147295302,51.3000715319129],[-0.062102064870155,51.2977983836997],[-0.062458057751481,51.2969400121063],[-0.0600316818390218,51.296282042151]]],[[[-0.0264650930815233,51.2897657753021],[-0.0261280593342705,51.2863578927535],[-0.0266819995165218,51.2863834152819],[-0.0277898823870476,51.2843579412046],[-0.0275072569236172,51.283724547181],[-0.0255674074818496,51.2823455079196],[-0.0221023595988709,51.2782221082308],[-0.0230977651289196,51.2767119627431],[-0.0216894888733123,51.274416443598],[-0.0238118789841509,51.2735710409116],[-0.023598604979582,51.2721285106875],[-0.0246567957123663,51.2718226229839],[-0.0258626621177039,51.2720200773653],[-0.027206637089049,51.2713035343573],[-0.0309906630842195,51.2704508400153],[-0.0322044135936668,51.2685161743735],[-0.0321326999154431,51.2674421328477],[-0.0351361646098089,51.2662614238332],[-0.0397993258159915,51.2644411646007],[-0.0440587183699397,51.2623245394704],[-0.0475120314035029,51.2619774991631],[-0.0500508528799659,51.2626799076449],[-0.0526060069802947,51.2651063182303],[-0.0537592115294485,51.2654968934057],[-0.054661057294099,51.2663743414732],[-0.0597708400263544,51.2663872154862],[-0.0584025419717994,51.2678681891539],[-0.0587944783896778,51.2685356682396],[-0.0586171585366504,51.270973373238],[-0.0580209266553138,51.2726362514181],[-0.0620644363262851,51.2727598956791],[-0.0673948284855869,51.2820128798015],[-0.0686583815354216,51.2823502888122],[-0.0681909722229901,51.2828947770458],[-0.0709611907669262,51.2855978943572],[-0.0672221680309655,51.2887117204871],[-0.0667389787201852,51.2898674909264],[-0.0671436056786641,51.2907842907769],[-0.0690734296433668,51.2923350823123],[-0.0693677984677705,51.2963544164934],[-0.0706796078296438,51.2976701037942],[-0.0692770751526217,51.2978663636442],[-0.0671131314817325,51.2968279893446],[-0.0634375072601126,51.2956863843692],[-0.0614159012031939,51.2957707321418],[-0.0600316818390218,51.296282042151],[-0.0589872341456659,51.2967620155063],[-0.0566439721273193,51.2969534312476],[-0.0574847931920963,51.2987453497937],[-0.0558868929552871,51.3002701898849],[-0.0533760903649498,51.301600833511],[-0.0526915555722815,51.3018938961165],[-0.0517020209424868,51.3015820383607],[-0.0507970675083007,51.3022693403306],[-0.0450893635786117,51.3037376011382],[-0.0443715590201341,51.3029770329067],[-0.0409675565493091,51.3036626451757],[-0.0415168109363269,51.3047414802265],[-0.0405672225620737,51.305054039758],[-0.0377505647127463,51.3028824257659],[-0.0373994214216396,51.3007478278584],[-0.0332187089687449,51.3009288711046],[-0.0317533136662983,51.300586779077],[-0.0308810033752893,51.3015234298117],[-0.0308593364280486,51.3023573802979],[-0.0318946696434588,51.3041437837139],[-0.0304546707358683,51.3037971372441],[-0.0293024448887064,51.300631674062],[-0.0272673786446062,51.2992493182138],[-0.0264483326304436,51.2976095240448],[-0.0259364128391063,51.2913244031136],[-0.0267035751865846,51.2903921369317],[-0.0264650930815233,51.2897657753021]]]]}},{"type":"Feature","properties":{"reference":"surrey-west","name":"West Surrey"},"geometry":{"type":"MultiPolygon","coordinates":[[[[-0.439983256299083,51.4306264500554],[-0.432639793866264,51.4290180740907],[-0.429534400842161,51.4287976166233],[-0.429424721185525,51.4293950423441],[-0.427831380170741,51.4292523685952],[-0.427952064536025,51.4283763235726],[-0.427195841833705,51.4262691881601],[-0.4273704198605,51.4242006325098],[-0.428033010049938,51.4223732208603],[-0.429582013089084,51.420530693006],[-0.448728959945773,51.4230097463391],[-0.454386961690601,51.4306946439463],[-0.452984964569543,51.4309755943958],[-0.451542240874191,51.4308855206357],[-0.451415347799772,51.431274096313],[-0.447389166633367,51.4310491669846],[-0.446889405329608,51.4309805326099],[-0.446873536041059,51.4303050089752],[-0.445337747501053,51.4300328940344],[-0.444654543887566,51.4308745565368],[-0.439983256299083,51.4306264500554]]],[[[-0.439983256299083,51.4306264500554],[-0.444654543887566,51.4308745565368],[-0.445337747501053,51.4300328940344],[-0.446873536041059,51.4303050089752],[-0.446889405329608,51.4309805326099],[-0.447389166633367,51.4310491669846],[-0.451415347799772,51.431274096313],[-0.451542240874191,51.4308855206357],[-0.452984964569543,51.4309755943958],[-0.454386961690601,51.4306946439463],[-0.448728959945773,51.4230097463391],[-0.462025216564437,51.4242046025114],[-0.472605496055537,51.4268015273649],[-0.4720488857938,51.4273599107054],[-0.464379089681611,51.430272952588],[-0.462001544915976,51.4328289553053],[-0.46089933573675,51.4325366090594],[-0.458752551721228,51.4358364336943],[-0.4624493885341,51.4373588903262],[-0.456475091199213,51.4382245454754],[-0.453660346816655,51.4384940756072],[-0.446288585067704,51.4399964192609],[-0.447716870984933,51.4350029824266],[-0.439752292782007,51.4346195966386],[-0.439983256299083,51.4306264500554]]],[[[-0.461319944712023,51.4523912628267],[-0.46148169282775,51.4489923766646],[-0.457461624027761,51.4490906299151],[-0.457443722592711,51.4429987879986],[-0.455391174524668,51.4421192253704],[-0.456475091199213,51.4382245454754],[-0.4624493885341,51.4373588903262],[-0.467398929543008,51.4366260625472],[-0.470690607397636,51.4383129651963],[-0.471245152671128,51.4374335288958],[-0.472598360406735,51.4384007809569],[-0.47331052901182,51.4364182609722],[-0.482556384093062,51.4374501289675],[-0.483478374026789,51.4375862178808],[-0.483069288503349,51.4398155469556],[-0.484324527836881,51.439931580771],[-0.484967611985004,51.4408904028511],[-0.476164479716611,51.4428346568036],[-0.477727843408726,51.445977211598],[-0.479392490959993,51.4478944642539],[-0.478715118191757,51.4483577349258],[-0.477942701963846,51.4499061173729],[-0.476207338075734,51.450717200027],[-0.475600046480165,51.4514080038793],[-0.473749276338647,51.4522678943029],[-0.471621649353652,51.4515036919567],[-0.471349603349789,51.4519451497393],[-0.470300087834898,51.4518807314836],[-0.470069670163137,51.4535876419126],[-0.46424645780518,51.4529782419558],[-0.46396005007138,51.4531497920764],[-0.463156884066296,51.4525520275956],[-0.461319944712023,51.4523912628267]]],[[[-0.4624493885341,51.4373588903262],[-0.458752551721228,51.4358364336943],[-0.46089933573675,51.4325366090594],[-0.462001544915976,51.4328289553053],[-0.464379089681611,51.430272952588],[-0.4720488857938,51.4273599107054],[-0.472605496055537,51.4268015273649],[-0.481615766543595,51.4305389340277],[-0.486427397734481,51.4308997406601],[-0.488705690345282,51.4313923066852],[-0.491598114842172,51.4331120263343],[-0.486209477143665,51.4338779509983],[-0.486317407852186,51.4343127501418],[-0.482975539357716,51.4348702345951],[-0.482556384093062,51.4374501289675],[-0.47331052901182,51.4364182609722],[-0.472598360406735,51.4384007809569],[-0.471245152671128,51.4374335288958],[-0.470690607397636,51.4383129651963],[-0.467398929543008,51.4366260625472],[-0.4624493885341,51.4373588903262]]],[[[-0.411535892480602,51.4032546403188],[-0.412933454574961,51.4014695896166],[-0.414632237096397,51.4006939792526],[-0.415837158656168,51.3991491200014],[-0.417140359043438,51.3988340013193],[-0.417198206530237,51.3976594008727],[-0.418947532251918,51.3971641889481],[-0.41938256589825,51.3974722173682],[-0.420921641466774,51.3972339561727],[-0.422271180081431,51.3963654262591],[-0.424777431040804,51.3955934368558],[-0.426204105942504,51.3970801636709],[-0.42683743185317,51.3970545037488],[-0.427838614273514,51.3977073213289],[-0.431156922484114,51.3986160128001],[-0.432465390318499,51.3986910564078],[-0.434350041425408,51.3982279910405],[-0.438294957880854,51.3980089909487],[-0.438504305935057,51.3985332959577],[-0.440128587355708,51.3988750441132],[-0.441890811380807,51.3988382301457],[-0.442946013178994,51.399220024552],[-0.443446232463625,51.3990936098909],[-0.446228365050574,51.4000576366468],[-0.446670038624458,51.4026757856224],[-0.44737896503806,51.403733749792],[-0.440938633286111,51.4085708760424],[-0.435785692532484,51.4114618584101],[-0.430613551020613,51.4138882444725],[-0.422626843258862,51.417140787941],[-0.419681186440628,51.4188583687988],[-0.419023222645686,51.4185446615617],[-0.418941364952018,51.4177936119445],[-0.419725243392189,51.4174993120597],[-0.41919831191441,51.415891430125],[-0.419462922126437,51.4153500964125],[-0.418542682314835,51.4152198407529],[-0.418341466009194,51.4146776256024],[-0.419208672940275,51.4145921244203],[-0.418649790900188,51.4138696939588],[-0.41914663874575,51.4130544130253],[-0.418877900675305,51.4125517444986],[-0.41800626005071,51.4126397845453],[-0.417212873253828,51.4111740931892],[-0.418227056094111,51.4107857421936],[-0.417765478409206,51.4105772310903],[-0.416958612112557,51.4107919899041],[-0.417248287409744,51.4100261583695],[-0.416470855234601,51.4093043494382],[-0.416722452477226,51.4090568312986],[-0.415875776457558,51.4091721516351],[-0.4154264982599,51.4082766727915],[-0.415950434468158,51.4081381142594],[-0.414073922656083,51.4056891429229],[-0.414319637735861,51.405446943873],[-0.413549765872183,51.4052153648312],[-0.413248680023322,51.4044450492277],[-0.412814720437611,51.4045606307673],[-0.411535892480602,51.4032546403188]]],[[[-0.448728959945773,51.4230097463391],[-0.429582013089084,51.420530693006],[-0.430626644254601,51.4185024255048],[-0.43096057937437,51.414927003027],[-0.430613551020613,51.4138882444725],[-0.435785692532484,51.4114618584101],[-0.440938633286111,51.4085708760424],[-0.44737896503806,51.403733749792],[-0.453781865828622,51.3974479773818],[-0.456391416042396,51.3959860522882],[-0.459515889155594,51.3949776703267],[-0.464723417020763,51.3941737056962],[-0.472642626123612,51.3936864727282],[-0.478321955896043,51.3936425208256],[-0.486484842140047,51.3940809783864],[-0.486485868780938,51.394087541767],[-0.486892834628717,51.3955259810304],[-0.487862905435743,51.3967551976616],[-0.491082268753176,51.3987381622516],[-0.491763228231223,51.3994941698621],[-0.491946737590459,51.4004695081498],[-0.491169445479281,51.4032507707413],[-0.493086861671075,51.4059462248144],[-0.492517272332422,51.410308363684],[-0.493203011998266,51.4118872632297],[-0.494568378013195,51.4129155447769],[-0.49299190312317,51.4136263331304],[-0.48735026849695,51.4148098750977],[-0.484235946135385,51.4145754453081],[-0.478612458549165,51.4215211090696],[-0.474899311837557,51.4251759288244],[-0.47211658367407,51.4253311573438],[-0.472605496055537,51.4268015273649],[-0.462025216564437,51.4242046025114],[-0.448728959945773,51.4230097463391]]],[[[-0.505124683376375,51.425075837856],[-0.501984684626464,51.4225757952662],[-0.501188410019623,51.4229109119772],[-0.501900659127974,51.4234730751923],[-0.500987145313388,51.4238750137396],[-0.4989566778787,51.4240783489275],[-0.498317538797766,51.4238732818973],[-0.498222505519428,51.4223846953491],[-0.494716474137115,51.4222812703055],[-0.494079038737371,51.4238215779757],[-0.488729485117923,51.4244406000423],[-0.487949386896605,51.422320891321],[-0.482666307099513,51.4217166172626],[-0.481803774573802,51.4231343782244],[-0.478605157086227,51.4227368001947],[-0.479244171188348,51.4220319322748],[-0.479222560357325,51.4216863520986],[-0.478612458549165,51.4215211090696],[-0.484235946135385,51.4145754453081],[-0.48735026849695,51.4148098750977],[-0.49299190312317,51.4136263331304],[-0.494568378013195,51.4129155447769],[-0.498115391332002,51.4140760777087],[-0.499771924327363,51.4140793199733],[-0.500800477405092,51.4132760268762],[-0.500021069074866,51.4113879560327],[-0.500272218574669,51.4109199675826],[-0.500878606914761,51.4106035506367],[-0.503243971179363,51.4108028693578],[-0.50373652602079,51.4113963781247],[-0.501656862289535,51.4143965995488],[-0.501736344706764,51.415044165963],[-0.502680977720826,51.4158862733977],[-0.506370640488364,51.4173109662463],[-0.507685372154619,51.4173925332584],[-0.511218058886716,51.4168880094817],[-0.512595809545317,51.4173766635944],[-0.512875153715052,51.4190024259825],[-0.509820656585471,51.42447646086],[-0.50973475096613,51.4267625889622],[-0.510265959008769,51.4293448334163],[-0.511216358736807,51.4306252321509],[-0.510586647746805,51.4308433885487],[-0.505124683376375,51.425075837856]]],[[[-0.418947532251918,51.3971641889481],[-0.419643059173518,51.3967094938831],[-0.418964736130781,51.3963730118929],[-0.418685707951272,51.3955419667144],[-0.419507795468781,51.3950871826178],[-0.41951971960162,51.39444885758],[-0.420143244263582,51.3945004185925],[-0.42070761377666,51.3941015771935],[-0.421318662295872,51.3930936452379],[-0.420667995354626,51.3927054010565],[-0.421077695547657,51.3922855050596],[-0.421599412272351,51.392412193177],[-0.422697581229252,51.3917012140629],[-0.426135262741022,51.3904147639248],[-0.426660476670135,51.3899380677938],[-0.426545978424388,51.3887494989858],[-0.427666538122979,51.3864147478962],[-0.43005228486597,51.3871724915519],[-0.430198624385549,51.3870098457417],[-0.427888577830195,51.386266695701],[-0.428854876155507,51.3853714006973],[-0.432089354140983,51.3840415966291],[-0.43575826218759,51.3839179263383],[-0.43561553287452,51.3842676183171],[-0.437512796828013,51.385186790131],[-0.438137106531556,51.3869009491545],[-0.439976610641112,51.3887221685663],[-0.441590447436608,51.3897040241476],[-0.442777279643616,51.3897980056906],[-0.443422427863937,51.3892527037456],[-0.443783178610235,51.3875569609047],[-0.445004035156298,51.386900534583],[-0.447582816494127,51.3868466090686],[-0.450219154652337,51.3880216778196],[-0.451890803604447,51.3876328374968],[-0.451955451824485,51.3869107239814],[-0.450254929314405,51.3849198250131],[-0.450523070868226,51.383659929545],[-0.451978269988256,51.3828230560407],[-0.453819002214185,51.3832555890392],[-0.455166652214469,51.383225718635],[-0.457878719883284,51.381848693867],[-0.459586215629037,51.3814997849455],[-0.459432786267796,51.3809735712102],[-0.457990747179475,51.3805669601066],[-0.460732544969248,51.3793278958046],[-0.461464456194288,51.3785839821559],[-0.462795692319218,51.3784350540883],[-0.463500866268028,51.3790899533665],[-0.46168176930779,51.3806298630013],[-0.461307819088163,51.3815835779198],[-0.461773590202897,51.3821359814986],[-0.462508679976613,51.3823281751674],[-0.464775730159818,51.3818340848145],[-0.469954387638446,51.3818919352339],[-0.471020233397361,51.382551495738],[-0.469832177150562,51.3849522758149],[-0.470136014179005,51.3858824695958],[-0.472260101000761,51.3876528714347],[-0.47647564283873,51.3901141751272],[-0.477736188250915,51.390375175137],[-0.47866697214972,51.3900887113208],[-0.480636964903156,51.3875909934969],[-0.481841116938563,51.3867729690079],[-0.48286270824654,51.3865182124246],[-0.483754377521613,51.3865441392149],[-0.485103739753141,51.3870706023678],[-0.48642303385642,51.3888814176597],[-0.486875523215607,51.3920870303263],[-0.486389314993753,51.3930582216625],[-0.486484842140047,51.3940809783864],[-0.478321955896043,51.3936425208256],[-0.472642626123612,51.3936864727282],[-0.464723417020763,51.3941737056962],[-0.459515889155594,51.3949776703267],[-0.456391416042396,51.3959860522882],[-0.453781865828622,51.3974479773818],[-0.44737896503806,51.403733749792],[-0.446670038624458,51.4026757856224],[-0.446228365050574,51.4000576366468],[-0.443446232463625,51.3990936098909],[-0.442946013178994,51.399220024552],[-0.441890811380807,51.3988382301457],[-0.440128587355708,51.3988750441132],[-0.438504305935057,51.3985332959577],[-0.438294957880854,51.3980089909487],[-0.434350041425408,51.3982279910405],[-0.432465390318499,51.3986910564078],[-0.431156922484114,51.3986160128001],[-0.427838614273514,51.3977073213289],[-0.42683743185317,51.3970545037488],[-0.426204105942504,51.3970801636709],[-0.424777431040804,51.3955934368558],[-0.422271180081431,51.3963654262591],[-0.420921641466774,51.3972339561727],[-0.41938256589825,51.3974722173682],[-0.418947532251918,51.3971641889481]]],[[[-0.515661238513089,51.4682686765646],[-0.515450408238544,51.4656231724167],[-0.518094152220786,51.4599617201567],[-0.517575227197396,51.4598489908178],[-0.518963789966703,51.4575105646271],[-0.51580686747501,51.4570723076311],[-0.512909334818028,51.4562316310871],[-0.512295207185113,51.4551096353692],[-0.512599862648631,51.4544624546748],[-0.513382159565029,51.4544840626786],[-0.513650264120656,51.4540702419465],[-0.512597082227303,51.4520201399031],[-0.513140506582095,51.4516420865911],[-0.512939359892118,51.4510541144849],[-0.511324804493864,51.4501605273528],[-0.508947290868651,51.4494540932027],[-0.509247747392713,51.4481377452353],[-0.508954231622852,51.4471196803847],[-0.509915870548583,51.446533899446],[-0.510210069117897,51.4454522862327],[-0.509899210184409,51.4452333866432],[-0.510849725942049,51.4446780222106],[-0.510587593424606,51.4444201872562],[-0.510945532829991,51.4440776349391],[-0.510409414650418,51.4437479944414],[-0.512058974813121,51.4406314707092],[-0.5031494306746,51.4387807094474],[-0.501489693983369,51.4380139616811],[-0.50061885344816,51.4371467963073],[-0.499923800071337,51.4372376870513],[-0.499832546245322,51.4392346241197],[-0.497277227557924,51.4408529678719],[-0.49669243320162,51.4452140468322],[-0.495885002386539,51.4461362134517],[-0.496576675756117,51.4401442920514],[-0.496021614111995,51.4392145303974],[-0.494507297824187,51.4389712305843],[-0.484967611985004,51.4408904028511],[-0.484324527836881,51.439931580771],[-0.483069288503349,51.4398155469556],[-0.483478374026789,51.4375862178808],[-0.482556384093062,51.4374501289675],[-0.482975539357716,51.4348702345951],[-0.486317407852186,51.4343127501418],[-0.486209477143665,51.4338779509983],[-0.491598114842172,51.4331120263343],[-0.488705690345282,51.4313923066852],[-0.486427397734481,51.4308997406601],[-0.487851306478915,51.4300818940712],[-0.48935387661787,51.429840482228],[-0.49059602074677,51.4299967321541],[-0.490806022370216,51.4278142804969],[-0.494644784472424,51.4286613322221],[-0.496779518286021,51.4298460562518],[-0.498240506840767,51.428745237681],[-0.499277167515786,51.4284096153226],[-0.499428666374087,51.4278908955195],[-0.498735177905054,51.4275879600356],[-0.49846074291575,51.4269203541555],[-0.497737046881097,51.4270126914712],[-0.497460313087773,51.4255432907462],[-0.505124683376375,51.425075837856],[-0.510586647746805,51.4308433885487],[-0.511216358736807,51.4306252321509],[-0.518866876543403,51.4344446003465],[-0.522777872600698,51.4353037082973],[-0.523263769445667,51.435806661434],[-0.524531629866897,51.4359287457181],[-0.525159353005018,51.4368988288263],[-0.525231522333298,51.4375642680282],[-0.524068468487686,51.438827453798],[-0.524539573086476,51.439880072808],[-0.526083156877207,51.4401593819969],[-0.526491282632834,51.440579123678],[-0.527728763298474,51.4408896246491],[-0.530563155378747,51.441013529986],[-0.531494947756851,51.4416786825995],[-0.530640623323652,51.4437731495615],[-0.531062420526685,51.4448898520643],[-0.529405387555423,51.4454958565286],[-0.526731619433222,51.4475099184032],[-0.540576787524876,51.457094548311],[-0.54061316396913,51.4578521266592],[-0.540601513682418,51.4583882899504],[-0.537060931869129,51.4596890692764],[-0.536591065115248,51.4593602376046],[-0.535301405586655,51.4605124162135],[-0.53207167158492,51.4644906726657],[-0.529645711198088,51.4692937602297],[-0.530377641103259,51.4693209142724],[-0.529960218464429,51.4701681896763],[-0.524358681535487,51.471528483123],[-0.521221002380886,51.4714476062697],[-0.518728342727436,51.4707902748007],[-0.517136415685262,51.4698843864449],[-0.515661238513089,51.4682686765646]]],[[[-0.472605496055537,51.4268015273649],[-0.47211658367407,51.4253311573438],[-0.474899311837557,51.4251759288244],[-0.478612458549165,51.4215211090696],[-0.479222560357325,51.4216863520986],[-0.479244171188348,51.4220319322748],[-0.478605157086227,51.4227368001947],[-0.481803774573802,51.4231343782244],[-0.482666307099513,51.4217166172626],[-0.487949386896605,51.422320891321],[-0.488729485117923,51.4244406000423],[-0.494079038737371,51.4238215779757],[-0.494716474137115,51.4222812703055],[-0.498222505519428,51.4223846953491],[-0.498317538797766,51.4238732818973],[-0.4989566778787,51.4240783489275],[-0.500987145313388,51.4238750137396],[-0.501900659127974,51.4234730751923],[-0.501188410019623,51.4229109119772],[-0.501984684626464,51.4225757952662],[-0.505124683376375,51.425075837856],[-0.497460313087773,51.4255432907462],[-0.497737046881097,51.4270126914712],[-0.49846074291575,51.4269203541555],[-0.498735177905054,51.4275879600356],[-0.499428666374087,51.4278908955195],[-0.499277167515786,51.4284096153226],[-0.498240506840767,51.428745237681],[-0.496779518286021,51.4298460562518],[-0.494644784472424,51.4286613322221],[-0.490806022370216,51.4278142804969],[-0.49059602074677,51.4299967321541],[-0.48935387661787,51.429840482228],[-0.487851306478915,51.4300818940712],[-0.486427397734481,51.4308997406601],[-0.481615766543595,51.4305389340277],[-0.472605496055537,51.4268015273649]]],[[[-0.509807321692741,51.469207263699],[-0.510241120496709,51.4675003477871],[-0.508788421574085,51.4671033022215],[-0.507295325694769,51.46694357409],[-0.506380359413811,51.4677518533917],[-0.504252974031127,51.4677662824224],[-0.501015709361946,51.4673144407033],[-0.498097277725186,51.4664407991776],[-0.496941186913499,51.4658495693354],[-0.493866101952904,51.4627634634345],[-0.492154235722143,51.4629883034629],[-0.489617451707073,51.4617956214182],[-0.48619975341885,51.4613666636627],[-0.477154075467776,51.4613753644896],[-0.475912440424056,51.4607922423229],[-0.476481138422562,51.460595057229],[-0.476054109765015,51.4600823247337],[-0.473617541485337,51.4585767285441],[-0.468764042358764,51.4578335586446],[-0.461113245329111,51.4571743995283],[-0.458723754309907,51.4563417400208],[-0.459294048144444,51.4527153348849],[-0.459838360775427,51.4522395478114],[-0.461319944712023,51.4523912628267],[-0.463156884066296,51.4525520275956],[-0.46396005007138,51.4531497920764],[-0.46424645780518,51.4529782419558],[-0.470069670163137,51.4535876419126],[-0.470300087834898,51.4518807314836],[-0.471349603349789,51.4519451497393],[-0.471621649353652,51.4515036919567],[-0.473749276338647,51.4522678943029],[-0.475600046480165,51.4514080038793],[-0.476207338075734,51.450717200027],[-0.477942701963846,51.4499061173729],[-0.478715118191757,51.4483577349258],[-0.479392490959993,51.4478944642539],[-0.477727843408726,51.445977211598],[-0.476164479716611,51.4428346568036],[-0.484967611985004,51.4408904028511],[-0.494507297824187,51.4389712305843],[-0.496021614111995,51.4392145303974],[-0.496576675756117,51.4401442920514],[-0.495885002386539,51.4461362134517],[-0.49669243320162,51.4452140468322],[-0.497277227557924,51.4408529678719],[-0.499832546245322,51.4392346241197],[-0.499923800071337,51.4372376870513],[-0.50061885344816,51.4371467963073],[-0.501489693983369,51.4380139616811],[-0.5031494306746,51.4387807094474],[-0.512058974813121,51.4406314707092],[-0.510409414650418,51.4437479944414],[-0.510945532829991,51.4440776349391],[-0.510587593424606,51.4444201872562],[-0.510849725942049,51.4446780222106],[-0.509899210184409,51.4452333866432],[-0.510210069117897,51.4454522862327],[-0.509915870548583,51.446533899446],[-0.508954231622852,51.4471196803847],[-0.509247747392713,51.4481377452353],[-0.508947290868651,51.4494540932027],[-0.511324804493864,51.4501605273528],[-0.512939359892118,51.4510541144849],[-0.513140506582095,51.4516420865911],[-0.512597082227303,51.4520201399031],[-0.513650264120656,51.4540702419465],[-0.513382159565029,51.4544840626786],[-0.512599862648631,51.4544624546748],[-0.512295207185113,51.4551096353692],[-0.512909334818028,51.4562316310871],[-0.51580686747501,51.4570723076311],[-0.518963789966703,51.4575105646271],[-0.517575227197396,51.4598489908178],[-0.518094152220786,51.4599617201567],[-0.515450408238544,51.4656231724167],[-0.515661238513089,51.4682686765646],[-0.513850542806183,51.4679849474971],[-0.513583163152313,51.468417746018],[-0.511611536348915,51.468921431373],[-0.511134762186751,51.4693011899955],[-0.509807321692741,51.469207263699]]],[[[-0.418583730845841,51.4321099649615],[-0.418356202174201,51.4318667918754],[-0.417294140034465,51.4319181779923],[-0.417900391369536,51.4310280393694],[-0.413806058184536,51.4300752972818],[-0.414352303011755,51.4292958317008],[-0.412452594196594,51.4287818975866],[-0.413086017775112,51.4278552909721],[-0.410868379205712,51.4273423254811],[-0.409006533109657,51.4254511801596],[-0.408441393437487,51.4238347478796],[-0.407775633374297,51.423578389673],[-0.410813629236077,51.4220810797697],[-0.416636936204621,51.4204683408191],[-0.419681186440628,51.4188583687988],[-0.422626843258862,51.417140787941],[-0.430613551020613,51.4138882444725],[-0.43096057937437,51.414927003027],[-0.430626644254601,51.4185024255048],[-0.429582013089084,51.420530693006],[-0.428033010049938,51.4223732208603],[-0.4273704198605,51.4242006325098],[-0.427195841833705,51.4262691881601],[-0.427952064536025,51.4283763235726],[-0.427831380170741,51.4292523685952],[-0.427485561864324,51.4308195783667],[-0.423498704137031,51.4308776011312],[-0.423579568058236,51.4311610490153],[-0.421153880112781,51.4321715193348],[-0.419078640341703,51.4323594356569],[-0.418583730845841,51.4321099649615]]],[[[-0.39131707100993,51.4223154118767],[-0.386641675154269,51.4200808186377],[-0.387693548658496,51.4193282806375],[-0.386761620321015,51.4176544912503],[-0.386594002397961,51.41502183304],[-0.386122609992955,51.4142806581518],[-0.390292426772994,51.4143380029487],[-0.389649814820215,51.4106933301111],[-0.389176859552194,51.4103199377059],[-0.386635766084178,51.4104117472433],[-0.3837773443953,51.4101188353283],[-0.383350026681253,51.4085382950892],[-0.385696669769336,51.4091506053206],[-0.390464591524806,51.4096434010612],[-0.39704653483062,51.4079826654781],[-0.39719328561754,51.4085961908231],[-0.399919578241894,51.4078115544557],[-0.399330017677871,51.4070723259581],[-0.400432012966316,51.4066018084658],[-0.402767953617379,51.4059168748099],[-0.406045012332757,51.4056593297823],[-0.408158264810042,51.4051701248706],[-0.410635123368153,51.4041047734434],[-0.411535892480602,51.4032546403188],[-0.412814720437611,51.4045606307673],[-0.413248680023322,51.4044450492277],[-0.413549765872183,51.4052153648312],[-0.414319637735861,51.405446943873],[-0.414073922656083,51.4056891429229],[-0.415950434468158,51.4081381142594],[-0.4154264982599,51.4082766727915],[-0.415875776457558,51.4091721516351],[-0.416722452477226,51.4090568312986],[-0.416470855234601,51.4093043494382],[-0.417248287409744,51.4100261583695],[-0.416958612112557,51.4107919899041],[-0.417765478409206,51.4105772310903],[-0.418227056094111,51.4107857421936],[-0.417212873253828,51.4111740931892],[-0.41800626005071,51.4126397845453],[-0.418877900675305,51.4125517444986],[-0.41914663874575,51.4130544130253],[-0.418649790900188,51.4138696939588],[-0.419208672940275,51.4145921244203],[-0.418341466009194,51.4146776256024],[-0.418542682314835,51.4152198407529],[-0.419462922126437,51.4153500964125],[-0.41919831191441,51.415891430125],[-0.419725243392189,51.4174993120597],[-0.418941364952018,51.4177936119445],[-0.419023222645686,51.4185446615617],[-0.419681186440628,51.4188583687988],[-0.416636936204621,51.4204683408191],[-0.410813629236077,51.4220810797697],[-0.407775633374297,51.423578389673],[-0.405361519526498,51.4224799819693],[-0.401759735010021,51.4233122011115],[-0.398112219660125,51.4235564501956],[-0.394511657485767,51.4232382782889],[-0.39131707100993,51.4223154118767]]],[[[-0.481185717452966,51.3493836335473],[-0.48068251641897,51.3477269661038],[-0.479655017676276,51.347750509764],[-0.479206607811718,51.3452384251458],[-0.47676917282771,51.3432634779464],[-0.472821267126586,51.3421644098882],[-0.466071717337122,51.3428506233573],[-0.465498288208325,51.3413143462746],[-0.46365364983465,51.3406157484955],[-0.463725472140581,51.3396688606226],[-0.463164041586111,51.3394123855522],[-0.463571341654459,51.3386075335381],[-0.462661951020589,51.3380659136656],[-0.461932486330275,51.3380248801495],[-0.461885865602364,51.3375314293228],[-0.461169825843916,51.3370886180251],[-0.462071082383582,51.3367982861174],[-0.460981025992111,51.3350896985738],[-0.462488926590712,51.3339566797601],[-0.462837973346227,51.3327913099701],[-0.46193486794578,51.3313334410589],[-0.462343997790484,51.3299602975436],[-0.464659271060553,51.3288873158324],[-0.467471351857513,51.3285556534747],[-0.468299765884457,51.3271916228605],[-0.4739787180109,51.3269991276801],[-0.47448990430518,51.3270794981203],[-0.473949108133137,51.3274601052191],[-0.4746160115999,51.3279947835628],[-0.474622810900075,51.3286999511182],[-0.475129748664514,51.3286948585609],[-0.475288874592131,51.3282679300165],[-0.476646598407728,51.3282678687757],[-0.477261473551409,51.3285579622292],[-0.476779900570961,51.328969856874],[-0.477024064086114,51.3292473000659],[-0.478409264112907,51.329615965927],[-0.478895580088738,51.330274225818],[-0.481912511277543,51.3301128584084],[-0.483217081051134,51.3306413622234],[-0.483231738814045,51.331241360234],[-0.483797280689399,51.3315058783541],[-0.485897441348344,51.3305007232383],[-0.486502085733162,51.330706318694],[-0.487223487464613,51.3303343761638],[-0.486572411211551,51.3296623256017],[-0.486822254973234,51.3291764099924],[-0.487227308631911,51.3291708555425],[-0.487802765828722,51.3298715934431],[-0.489180693697941,51.3297427526594],[-0.491434161337037,51.3305344247568],[-0.494382559904082,51.3309284663562],[-0.496151265983231,51.3321076725912],[-0.496191668923847,51.3333734477872],[-0.495116625173123,51.3349071811387],[-0.50053230460423,51.3345306747631],[-0.500690018031817,51.3350228333934],[-0.502472197738385,51.3348271079469],[-0.503532809178757,51.3358505379905],[-0.506154034062611,51.3353687377527],[-0.508028672065568,51.3375437218338],[-0.507365634279024,51.3378005579069],[-0.507954748276331,51.3384941972349],[-0.522321662039977,51.3326821189999],[-0.523101440113315,51.3338790193748],[-0.523494279960571,51.3337167642539],[-0.523633412852523,51.3343011673319],[-0.516082390459541,51.3376839446676],[-0.517735758806267,51.3386797930147],[-0.516079965316535,51.3393143515226],[-0.515625226017991,51.3388579985646],[-0.511700336997779,51.3398711029673],[-0.507447394180347,51.3413645010579],[-0.502409031743222,51.3425194934635],[-0.499127497252216,51.3436930051598],[-0.486462355333697,51.3473282607627],[-0.481921044246182,51.3495550227578],[-0.481396026475101,51.349625113079],[-0.481185717452966,51.3493836335473]]],[[[-0.519329555221767,51.3417043696621],[-0.518291655728455,51.3406971015742],[-0.517796743551925,51.3410181621619],[-0.516079965316535,51.3393143515226],[-0.517735758806267,51.3386797930147],[-0.516082390459541,51.3376839446676],[-0.523633412852523,51.3343011673319],[-0.523494279960571,51.3337167642539],[-0.523101440113315,51.3338790193748],[-0.522321662039977,51.3326821189999],[-0.541945589428458,51.3246975207828],[-0.569073476734377,51.3136737846095],[-0.570389421445628,51.3149173521328],[-0.566648469994383,51.3164426806942],[-0.566646212871348,51.3177582643056],[-0.56788473671143,51.3177113912931],[-0.568013821319079,51.3182209969279],[-0.564058899163175,51.3195502765533],[-0.562703561973805,51.3195660091821],[-0.561467051608777,51.3204213285611],[-0.562018781859587,51.3214109884083],[-0.560203669286472,51.3219489408399],[-0.562612622725289,51.3227087114264],[-0.560567610136773,51.3243076395178],[-0.559359373841077,51.3230185298734],[-0.558088501483063,51.3239084540808],[-0.556086077502804,51.3245132604487],[-0.555120686084653,51.3237171482854],[-0.546922951936756,51.3272477613131],[-0.545412292046573,51.3275868670683],[-0.54256895631386,51.3274453724308],[-0.54176582544335,51.3276961582229],[-0.540327214409324,51.3290639303984],[-0.543753476059342,51.3345075874362],[-0.542904003412847,51.3365788162902],[-0.541853689641502,51.3366052830238],[-0.541588925770008,51.3360372313254],[-0.541020053212917,51.3360481163537],[-0.540288583449021,51.3351666904494],[-0.532990958133276,51.337522289743],[-0.533471233996924,51.3382630694193],[-0.532937398763053,51.3383885277546],[-0.532455836867399,51.3376882747364],[-0.532028662142866,51.3378024812219],[-0.532136820991624,51.3385970299408],[-0.531676373698515,51.3379105240183],[-0.531196497217533,51.3380105804704],[-0.53153948053143,51.3387351701979],[-0.530482323833905,51.3388415491892],[-0.530182365330261,51.3382082963981],[-0.527917837065213,51.3386285084069],[-0.524894833500953,51.3393700350672],[-0.52535409653107,51.3399136117708],[-0.524546465923311,51.3402514303819],[-0.523359183036908,51.3404271256085],[-0.523003428814261,51.3400152934986],[-0.520701034277238,51.3408017725205],[-0.521492334347534,51.341867570469],[-0.520555540613218,51.3417989969087],[-0.520395292392982,51.342452523632],[-0.520098098096052,51.342538753438],[-0.519329555221767,51.3417043696621]]],[[[-0.574005826143999,51.3175980141712],[-0.577151250663155,51.3167198617259],[-0.580693622767185,51.3161791525731],[-0.585026350421127,51.314668583907],[-0.585781666485172,51.3146525330733],[-0.586360713109851,51.3156073515799],[-0.590166335699152,51.3145264848384],[-0.593034038387726,51.314267798367],[-0.594675010851105,51.3145231274096],[-0.596124042647869,51.3151412202385],[-0.597841198144079,51.3168047227554],[-0.600548747827803,51.3186094847369],[-0.604269026741399,51.3213292428085],[-0.605945257534893,51.3242645955975],[-0.603961885075276,51.324969416795],[-0.594692044818182,51.3268845670719],[-0.590285118579239,51.3272281823359],[-0.591666596149841,51.3250973437463],[-0.58907321404616,51.3233620788016],[-0.586420751522719,51.3223427280956],[-0.585501911125757,51.3230087714585],[-0.583266324318156,51.3236445215489],[-0.582310263882616,51.323557448234],[-0.580952248055742,51.3222191197932],[-0.580225944421505,51.3199450107676],[-0.576956880478948,51.3191068854434],[-0.577436056982636,51.3186945721412],[-0.575936391397215,51.3174884225784],[-0.574005826143999,51.3175980141712]]],[[[-0.56199618671882,51.3105088617009],[-0.562152062248097,51.3081790004958],[-0.560185324018712,51.3077114390245],[-0.561047506756647,51.3071609596606],[-0.562219575896689,51.3069370264421],[-0.562122403955436,51.3048998267796],[-0.563685497364927,51.3042310770629],[-0.563764355759249,51.3032230743389],[-0.564930601961504,51.3028102444671],[-0.566280248921561,51.3028203891142],[-0.567787717848729,51.3022283057788],[-0.568700720982294,51.3006863996922],[-0.570030353653964,51.2999022297385],[-0.569607341446427,51.2997595178435],[-0.569705192513439,51.2993352942816],[-0.568508436554619,51.2983782380177],[-0.566641771604802,51.298761955482],[-0.566634888470193,51.2993976589972],[-0.565638824748002,51.2994609859549],[-0.564692825207041,51.2989763356776],[-0.562897442582843,51.299002873156],[-0.562625646722936,51.2985670209695],[-0.561940489191972,51.2985028742326],[-0.564539850205258,51.2957811392214],[-0.563265053539068,51.2955884095251],[-0.562899277733757,51.2952655809636],[-0.560241238892374,51.2910018124023],[-0.559080508462976,51.2910612678601],[-0.558523659583417,51.2934582146745],[-0.554628629016365,51.2929399676237],[-0.55407906595585,51.2945914209471],[-0.550599835627987,51.2945304294944],[-0.550993873862052,51.2935416364788],[-0.550057544036528,51.2935327204983],[-0.548183025534929,51.2928007575492],[-0.547179473523127,51.2927864879823],[-0.547025580610462,51.2934815795112],[-0.545292888389566,51.2933943072542],[-0.544370737460631,51.2894854223476],[-0.545852073191347,51.2888096442636],[-0.545016511851818,51.2877020880417],[-0.546217242475678,51.2878267996378],[-0.547278374562169,51.2872374749581],[-0.545959816120163,51.2865754063433],[-0.546831133326201,51.2860052991733],[-0.547770303006375,51.2859152946294],[-0.549190828578912,51.2846604710369],[-0.548476548580555,51.2840266071538],[-0.547768767322366,51.2844630068031],[-0.547290041109375,51.2843652678536],[-0.547686771639567,51.2837443932548],[-0.547353819872554,51.2830693176735],[-0.546908649445552,51.2830440053014],[-0.546506429441557,51.2835201592495],[-0.545497830864771,51.2828556439893],[-0.546299288052135,51.2819492439729],[-0.546067105906921,51.2813114686322],[-0.544038990830124,51.2810101353452],[-0.543568258419446,51.2807057069627],[-0.543422328545706,51.2798801188216],[-0.541907804927931,51.2792551192174],[-0.541887623186407,51.2774465542902],[-0.539644409209374,51.2765026425832],[-0.537587492372047,51.276757504037],[-0.536470235885825,51.2765429848072],[-0.537106141266536,51.2757964530843],[-0.535909627944017,51.2750722765508],[-0.536046624710165,51.2743249347976],[-0.535542596335695,51.2743060368319],[-0.535127890672599,51.2748125596872],[-0.534188063331163,51.2738457721547],[-0.53767077040699,51.2731564012954],[-0.538315878771334,51.2719396483885],[-0.538087978943863,51.2714854043658],[-0.539203690540268,51.2701162086339],[-0.537835671476248,51.2691819394438],[-0.536043109083941,51.2688411773727],[-0.537445766202498,51.26841443055],[-0.541504798818833,51.266300548567],[-0.544369609523115,51.2655035653552],[-0.547709745729172,51.2656745332279],[-0.550731194788179,51.2669529959212],[-0.551543324261506,51.267713047494],[-0.550072267334994,51.2680338545114],[-0.550038369042171,51.2682822662286],[-0.550993560360722,51.2688321441046],[-0.553250018977009,51.2683168704151],[-0.553479431189844,51.2691380503846],[-0.554379425410965,51.2693889054808],[-0.554384360037108,51.2705121692712],[-0.554926672823931,51.2708510518677],[-0.558282277612578,51.2712314054984],[-0.557728761047049,51.2708235176525],[-0.558322400910122,51.2699477313208],[-0.559141639709304,51.2703849629628],[-0.559803550409451,51.2702600061593],[-0.559634290141691,51.26948275035],[-0.561727473716867,51.2702575543826],[-0.563553586894198,51.2704957761068],[-0.566365983000704,51.2723773083081],[-0.568472852947213,51.2732456724465],[-0.569880385417316,51.2733950667347],[-0.582203727476826,51.2769695409178],[-0.589919211093409,51.2820134988841],[-0.59466085145695,51.2839930886983],[-0.60085183638255,51.2860770637471],[-0.601547330651788,51.2862152487237],[-0.60188797042771,51.2859452600665],[-0.602328300418858,51.2862257084766],[-0.603518432323113,51.2856625769745],[-0.603577891802793,51.2853080877591],[-0.602814082767238,51.2850075985697],[-0.603224763550072,51.2847526891349],[-0.603143248236796,51.2839899837047],[-0.604967156544672,51.2841844493156],[-0.605608410145298,51.2837954522429],[-0.606996323208099,51.2837535535792],[-0.607203518575775,51.2839709735181],[-0.609063290659003,51.2836397032253],[-0.611650484585673,51.2821551676884],[-0.612543072388327,51.2827538865486],[-0.613822935853383,51.2827259082012],[-0.614912363838752,51.2833107591866],[-0.615398031248814,51.282803896881],[-0.616450307460951,51.2833352526894],[-0.618172659721204,51.282709856694],[-0.618602944921064,51.2830396581109],[-0.622227374135529,51.2858448497402],[-0.624899398706897,51.2872243370121],[-0.633525804351002,51.2943665643369],[-0.640810007824081,51.299733666166],[-0.641148313254652,51.2995954625457],[-0.642046510981718,51.3000267999398],[-0.647890639256157,51.3043550605577],[-0.648628929886173,51.3072025090686],[-0.649961674973826,51.3085713121345],[-0.646806837272302,51.3118858298941],[-0.636983396340695,51.3141815819702],[-0.633211100075835,51.3129748483198],[-0.63107725625178,51.3116316212668],[-0.630690110854366,51.3090723070089],[-0.627663447802251,51.3102041333066],[-0.627206107840469,51.3086034878803],[-0.627545431081826,51.30766683868],[-0.626289619964775,51.307251872498],[-0.626286580799906,51.3059128595997],[-0.620896202492485,51.3087477818843],[-0.618377278138826,51.3096874816782],[-0.615946731324445,51.3094474981112],[-0.614248529412834,51.3078581863834],[-0.614361384535536,51.3073514027438],[-0.613546255546619,51.3066439397601],[-0.613210005997967,51.3056139187797],[-0.606654334842539,51.3063012936549],[-0.581267492673402,51.3103157189895],[-0.574952762554766,51.3118020756415],[-0.569076371163669,51.3136720213863],[-0.567942672792645,51.3132625189811],[-0.571400586846863,51.3093811319998],[-0.568200917207156,51.3093825565105],[-0.565075734625861,51.3086509784633],[-0.563298518265183,51.3101543651853],[-0.56199618671882,51.3105088617009]]],[[[-0.51029827103137,51.3131208347924],[-0.510812716161491,51.312567120544],[-0.512909341937127,51.3119804738226],[-0.513014988976189,51.3115519096512],[-0.512529053399307,51.3111365983579],[-0.5133642194667,51.3105114284796],[-0.512652818483925,51.3105500399655],[-0.512379520788622,51.3099467497418],[-0.513633287845891,51.3094654323025],[-0.513040298386314,51.3089003372369],[-0.512101810401787,51.3092166427092],[-0.510750332324205,51.3092081351289],[-0.510258510584566,51.3071663054432],[-0.510821140146528,51.3060961051181],[-0.511667296936681,51.3059719726488],[-0.512208285805895,51.3053466640567],[-0.516219840342578,51.3046155553645],[-0.515879155241934,51.3036621517963],[-0.518021671672997,51.3029275996412],[-0.518769289860433,51.3031439006871],[-0.518658836528083,51.3038124571149],[-0.520098909276805,51.3035078542292],[-0.520941073237262,51.3043988945205],[-0.521398398242133,51.3039172744066],[-0.521331660805862,51.3032257915876],[-0.52238481272413,51.3022858790126],[-0.522919731602862,51.3031406485903],[-0.523497266469297,51.3030697062275],[-0.523768322615193,51.30266935657],[-0.525337989668826,51.3027952767361],[-0.526083994453055,51.3023010915806],[-0.52585476822313,51.3014402985993],[-0.527194969752841,51.3004419112279],[-0.525789949667945,51.2996427407519],[-0.52828167939418,51.2985761206776],[-0.529244525960983,51.2985965085793],[-0.529311686388169,51.2978543766782],[-0.529911153637989,51.2975432136544],[-0.531169653523584,51.2975710792729],[-0.533724183054774,51.2991966462138],[-0.534489717402146,51.2988051689885],[-0.535238684812058,51.299069948501],[-0.535553058870473,51.2993787405841],[-0.534869189120885,51.2998808646937],[-0.535372421926355,51.3005211572965],[-0.536209251223525,51.3003248093629],[-0.537881551103175,51.3012666848746],[-0.539622229843164,51.3012938442002],[-0.540237221306566,51.3009678981024],[-0.539424267295286,51.3002531633292],[-0.539402240185954,51.2997263657315],[-0.542243011079257,51.2990770399383],[-0.542185519871246,51.2987179638684],[-0.541407229689691,51.298834150865],[-0.541403012276873,51.2981065890225],[-0.542247759101967,51.2977484281523],[-0.542420719828247,51.2965208338119],[-0.543141329635503,51.2966170480486],[-0.544247481836886,51.296133085735],[-0.545023447461979,51.2961342056451],[-0.545425158703246,51.2951082136237],[-0.546185728465706,51.2946428185822],[-0.545292888389566,51.2933943072542],[-0.547025580610462,51.2934815795112],[-0.547179473523127,51.2927864879823],[-0.548183025534929,51.2928007575492],[-0.550057544036528,51.2935327204983],[-0.550993873862052,51.2935416364788],[-0.550599835627987,51.2945304294944],[-0.55407906595585,51.2945914209471],[-0.554628629016365,51.2929399676237],[-0.558523659583417,51.2934582146745],[-0.559080508462976,51.2910612678601],[-0.560241238892374,51.2910018124023],[-0.562899277733757,51.2952655809636],[-0.563265053539068,51.2955884095251],[-0.564539850205258,51.2957811392214],[-0.561940489191972,51.2985028742326],[-0.562625646722936,51.2985670209695],[-0.562897442582843,51.299002873156],[-0.564692825207041,51.2989763356776],[-0.565638824748002,51.2994609859549],[-0.566634888470193,51.2993976589972],[-0.566641771604802,51.298761955482],[-0.568508436554619,51.2983782380177],[-0.569705192513439,51.2993352942816],[-0.569607341446427,51.2997595178435],[-0.570030353653964,51.2999022297385],[-0.568700720982294,51.3006863996922],[-0.567787717848729,51.3022283057788],[-0.566280248921561,51.3028203891142],[-0.564930601961504,51.3028102444671],[-0.563764355759249,51.3032230743389],[-0.563685497364927,51.3042310770629],[-0.562122403955436,51.3048998267796],[-0.562219575896689,51.3069370264421],[-0.561047506756647,51.3071609596606],[-0.560185324018712,51.3077114390245],[-0.562152062248097,51.3081790004958],[-0.56199618671882,51.3105088617009],[-0.559114874909545,51.3113385600797],[-0.559141208559522,51.3127435021153],[-0.554502269168911,51.3128311508166],[-0.55385672296689,51.3123240480425],[-0.55372797324745,51.3109385194672],[-0.551660072043115,51.3111773570726],[-0.550873602777557,51.3108645542854],[-0.548812534684206,51.3107471925475],[-0.548527347066522,51.309961331941],[-0.54807378860971,51.3099646882262],[-0.547807710874826,51.3103516432303],[-0.546802138583528,51.3099353981243],[-0.546039410481841,51.3102325651301],[-0.544842030248584,51.3101214683707],[-0.543405113407609,51.309052265636],[-0.54256824372318,51.3089294565247],[-0.542263146271979,51.3083689834437],[-0.541583123602323,51.3086842337738],[-0.541135157526647,51.3079214954024],[-0.539129303225695,51.307836206324],[-0.537571305242216,51.306924632294],[-0.534187487880734,51.307672656753],[-0.531015060486968,51.3071850468808],[-0.53022203919895,51.307307236181],[-0.529026377558197,51.3080431452251],[-0.526790164556946,51.3083423214435],[-0.525596005666058,51.3090286790034],[-0.522476670098054,51.3089470512873],[-0.521482870669492,51.3104056324732],[-0.520337717052776,51.311215811335],[-0.519375628168671,51.3112359975803],[-0.519096090585636,51.3120337472074],[-0.516021109732732,51.3129264361849],[-0.514068318400871,51.3127001937737],[-0.513567846941169,51.3132253330312],[-0.51029827103137,51.3131208347924]]],[[[-0.534048721050098,51.3474832073539],[-0.533444900327759,51.3465592832682],[-0.530359276572866,51.3455608622074],[-0.524196094440256,51.3451007099605],[-0.523125297154651,51.3438197754588],[-0.520767109553058,51.344951818472],[-0.520202399775845,51.3431785456982],[-0.518843729140386,51.3437728500182],[-0.517904484266448,51.3425748056751],[-0.519329555221767,51.3417043696621],[-0.520098098096052,51.342538753438],[-0.520395292392982,51.342452523632],[-0.520555540613218,51.3417989969087],[-0.521492334347534,51.341867570469],[-0.520701034277238,51.3408017725205],[-0.523003428814261,51.3400152934986],[-0.523359183036908,51.3404271256085],[-0.524546465923311,51.3402514303819],[-0.52535409653107,51.3399136117708],[-0.524894833500953,51.3393700350672],[-0.527917837065213,51.3386285084069],[-0.530182365330261,51.3382082963981],[-0.530482323833905,51.3388415491892],[-0.53153948053143,51.3387351701979],[-0.531196497217533,51.3380105804704],[-0.531676373698515,51.3379105240183],[-0.532136820991624,51.3385970299408],[-0.532028662142866,51.3378024812219],[-0.532455836867399,51.3376882747364],[-0.532937398763053,51.3383885277546],[-0.533471233996924,51.3382630694193],[-0.532990958133276,51.337522289743],[-0.540288583449021,51.3351666904494],[-0.541020053212917,51.3360481163537],[-0.541588925770008,51.3360372313254],[-0.541853689641502,51.3366052830238],[-0.542904003412847,51.3365788162902],[-0.543753476059342,51.3345075874362],[-0.540327214409324,51.3290639303984],[-0.54176582544335,51.3276961582229],[-0.54256895631386,51.3274453724308],[-0.545412292046573,51.3275868670683],[-0.546922951936756,51.3272477613131],[-0.555120686084653,51.3237171482854],[-0.556086077502804,51.3245132604487],[-0.558088501483063,51.3239084540808],[-0.559359373841077,51.3230185298734],[-0.560567610136773,51.3243076395178],[-0.562612622725289,51.3227087114264],[-0.560203669286472,51.3219489408399],[-0.562018781859587,51.3214109884083],[-0.561467051608777,51.3204213285611],[-0.562703561973805,51.3195660091821],[-0.564058899163175,51.3195502765533],[-0.568013821319079,51.3182209969279],[-0.574005826143999,51.3175980141712],[-0.575936391397215,51.3174884225784],[-0.577436056982636,51.3186945721412],[-0.576956880478948,51.3191068854434],[-0.580225944421505,51.3199450107676],[-0.580952248055742,51.3222191197932],[-0.582310263882616,51.323557448234],[-0.583266324318156,51.3236445215489],[-0.585501911125757,51.3230087714585],[-0.586420751522719,51.3223427280956],[-0.58907321404616,51.3233620788016],[-0.591666596149841,51.3250973437463],[-0.590285118579239,51.3272281823359],[-0.588214263080667,51.327782387989],[-0.593773451801874,51.3296513749054],[-0.59401359196884,51.3302468783631],[-0.592985709287512,51.3307227897824],[-0.595814627756944,51.3316730739202],[-0.600808174698252,51.3327201746327],[-0.602400027988367,51.3335737214161],[-0.602443687079195,51.3343565522371],[-0.604575990562931,51.3346706537273],[-0.604833239917902,51.3341387249482],[-0.606475096919484,51.334436159012],[-0.610524992695783,51.3344293630248],[-0.613809356850644,51.3334800279659],[-0.615246712248096,51.335942123506],[-0.608146138970539,51.3396950315932],[-0.59906284320814,51.3396361833147],[-0.594016403283823,51.3399606928087],[-0.589801217052858,51.3398659898986],[-0.587627185766484,51.3382435476787],[-0.582202450721223,51.3365018548902],[-0.57827208691117,51.3360931857149],[-0.576889334583661,51.3363097537711],[-0.573784920936766,51.338270133971],[-0.57427752110458,51.3409936840313],[-0.573485797572493,51.3412906909431],[-0.573783202192556,51.341514565138],[-0.57281556126288,51.3422986536611],[-0.569706313984285,51.3428272689791],[-0.568790197981777,51.343333984294],[-0.567445330738003,51.3431826963024],[-0.566219108192829,51.343550751631],[-0.563952845695659,51.3430635179731],[-0.561935611215193,51.3432446387735],[-0.561577649072219,51.34380678491],[-0.560814773115391,51.3440977668404],[-0.559901238026839,51.3438320360268],[-0.557968027990986,51.3449512265004],[-0.557484130550812,51.3447680776823],[-0.553526623386777,51.3451419814636],[-0.551715291883218,51.3460727986617],[-0.549993628292107,51.3476665216541],[-0.549417214300865,51.3478220985606],[-0.548956780329127,51.3475781589232],[-0.548549357282802,51.3480208961692],[-0.546173257481401,51.3475975627038],[-0.544902588454874,51.3478641491968],[-0.543704911525906,51.3471423760603],[-0.542201505785435,51.3474564715121],[-0.541950315207437,51.347182655883],[-0.541164041964199,51.3472537692499],[-0.537789686801056,51.3464337626292],[-0.535830933506672,51.3468886260156],[-0.535860876848112,51.34739441933],[-0.535000162709464,51.3473638724203],[-0.534441481362089,51.3476824039455],[-0.534048721050098,51.3474832073539]]],[[[-0.590285118579239,51.3272281823359],[-0.594692044818182,51.3268845670719],[-0.603961885075276,51.324969416795],[-0.605945257534893,51.3242645955975],[-0.604269026741399,51.3213292428085],[-0.600548747827803,51.3186094847369],[-0.602216415379614,51.3187904139291],[-0.603756789800149,51.3177818695756],[-0.604524965688823,51.3180958836494],[-0.606686542864695,51.3166144571846],[-0.605465640668593,51.31575188318],[-0.605956056870295,51.3145796678555],[-0.606627433821751,51.3149167889616],[-0.607096797216759,51.3145797646358],[-0.607477416587961,51.3149467737686],[-0.613418634635101,51.3150209089628],[-0.614248529412834,51.3078581863834],[-0.615946731324445,51.3094474981112],[-0.618377278138826,51.3096874816782],[-0.620896202492485,51.3087477818843],[-0.626286580799906,51.3059128595997],[-0.626289619964775,51.307251872498],[-0.627545431081826,51.30766683868],[-0.627206107840469,51.3086034878803],[-0.627663447802251,51.3102041333066],[-0.630690110854366,51.3090723070089],[-0.63107725625178,51.3116316212668],[-0.633211100075835,51.3129748483198],[-0.636983396340695,51.3141815819702],[-0.637134182170106,51.3144666115981],[-0.634504381152223,51.3152768175544],[-0.633015155550602,51.3143997266799],[-0.627990838836967,51.3164452605987],[-0.627320023109358,51.3187754303988],[-0.624337509925363,51.3192241851713],[-0.62350625912094,51.3199060188217],[-0.624378133559986,51.3206985732128],[-0.625546182706874,51.3207814339296],[-0.625357194213861,51.3211178994001],[-0.626224026828859,51.3221257961323],[-0.626866034598489,51.3244786757255],[-0.624782469678749,51.3275377678406],[-0.625386960670596,51.3284899758686],[-0.625114477597506,51.3290101415888],[-0.626152416841215,51.3304925940839],[-0.625545828632041,51.3334825881704],[-0.625951969309794,51.334782272175],[-0.624760336951938,51.3347871731461],[-0.623841728233372,51.3336316069247],[-0.622480825461149,51.3344501462819],[-0.620400085060676,51.3331801942187],[-0.616244371000727,51.3320359202762],[-0.613460213136962,51.3321576067337],[-0.613809356850644,51.3334800279659],[-0.610524992695783,51.3344293630248],[-0.606475096919484,51.334436159012],[-0.604833239917902,51.3341387249482],[-0.604575990562931,51.3346706537273],[-0.602443687079195,51.3343565522371],[-0.602400027988367,51.3335737214161],[-0.600808174698252,51.3327201746327],[-0.595814627756944,51.3316730739202],[-0.592985709287512,51.3307227897824],[-0.59401359196884,51.3302468783631],[-0.593773451801874,51.3296513749054],[-0.588214263080667,51.327782387989],[-0.590285118579239,51.3272281823359]]],[[[-0.513567846941169,51.3132253330312],[-0.514068318400871,51.3127001937737],[-0.516021109732732,51.3129264361849],[-0.519096090585636,51.3120337472074],[-0.519375628168671,51.3112359975803],[-0.520337717052776,51.311215811335],[-0.521482870669492,51.3104056324732],[-0.522476670098054,51.3089470512873],[-0.525596005666058,51.3090286790034],[-0.526790164556946,51.3083423214435],[-0.529026377558197,51.3080431452251],[-0.53022203919895,51.307307236181],[-0.531015060486968,51.3071850468808],[-0.534187487880734,51.307672656753],[-0.537571305242216,51.306924632294],[-0.539129303225695,51.307836206324],[-0.541135157526647,51.3079214954024],[-0.541583123602323,51.3086842337738],[-0.542263146271979,51.3083689834437],[-0.54256824372318,51.3089294565247],[-0.543405113407609,51.309052265636],[-0.544842030248584,51.3101214683707],[-0.546039410481841,51.3102325651301],[-0.546802138583528,51.3099353981243],[-0.547807710874826,51.3103516432303],[-0.54807378860971,51.3099646882262],[-0.548527347066522,51.309961331941],[-0.548812534684206,51.3107471925475],[-0.550873602777557,51.3108645542854],[-0.551660072043115,51.3111773570726],[-0.55372797324745,51.3109385194672],[-0.55385672296689,51.3123240480425],[-0.554502269168911,51.3128311508166],[-0.559141208559522,51.3127435021153],[-0.559114874909545,51.3113385600797],[-0.56199618671882,51.3105088617009],[-0.563298518265183,51.3101543651853],[-0.565075734625861,51.3086509784633],[-0.568200917207156,51.3093825565105],[-0.571400586846863,51.3093811319998],[-0.567942672792645,51.3132625189811],[-0.569076371163669,51.3136720213863],[-0.569073476734377,51.3136737846095],[-0.541945589428458,51.3246975207828],[-0.541158346324542,51.3226338220791],[-0.537170545878756,51.3218447276398],[-0.53034366531672,51.3199479667208],[-0.534558232230234,51.3179307973679],[-0.532914391539101,51.316513571311],[-0.532467767262045,51.31661324061],[-0.532719409657902,51.3170480139708],[-0.531158280947228,51.3172685405033],[-0.529980652722284,51.3161278201101],[-0.527080934889462,51.3174609735828],[-0.526642320313017,51.3170435207189],[-0.524202695276003,51.3181188996974],[-0.523431953967628,51.3173186691481],[-0.522801040280666,51.3177513954601],[-0.521120929311688,51.3180970461584],[-0.519045816003415,51.3154241827158],[-0.518381309241932,51.3136433629216],[-0.517029522938015,51.3132467684757],[-0.515657880250977,51.3134226692058],[-0.513567846941169,51.3132253330312]]],[[[-0.489180693697941,51.3297427526594],[-0.489205433095613,51.3280740823261],[-0.48831064486573,51.3274357560481],[-0.487914152047353,51.3265727250729],[-0.489349949965387,51.3261200865831],[-0.48905479194936,51.3257097523747],[-0.488024361045613,51.3255310412855],[-0.487061192591067,51.3257542322228],[-0.486033555506201,51.3245737060748],[-0.485228916403074,51.324209013619],[-0.483441705986495,51.3244808634269],[-0.483214678581275,51.3236604767866],[-0.482499283610618,51.3233319891023],[-0.482393854668667,51.3223522553861],[-0.48107389454694,51.3222542531541],[-0.481089299948683,51.3230888941212],[-0.480112871189172,51.3225817061637],[-0.478447544231234,51.3225538123506],[-0.479067626111555,51.3220735272708],[-0.478105226530694,51.3220987958027],[-0.477323054584542,51.3211903703475],[-0.476265591520115,51.3210066325248],[-0.476316545844311,51.3204218737715],[-0.474778639026673,51.3188902257352],[-0.475320035003946,51.3164522867586],[-0.47794256724415,51.3155249114827],[-0.481477198260668,51.3149927451942],[-0.482460472100515,51.3153964692582],[-0.482026719843681,51.3163656343824],[-0.484730108656664,51.3161177953758],[-0.486805538264119,51.3164885677157],[-0.488040231628338,51.3161645862491],[-0.488282866994704,51.315986068158],[-0.487868732694772,51.3157064564728],[-0.488761196190941,51.3149442547303],[-0.490799031490024,51.3149160146396],[-0.491459343237707,51.3145585201393],[-0.491045381129265,51.3134417218177],[-0.491915302483475,51.3120725691023],[-0.491932568877832,51.3109409966017],[-0.493918169721336,51.3096820987566],[-0.498361613233737,51.308455859203],[-0.499885193413045,51.3068755937127],[-0.500847942727971,51.3065641753505],[-0.503163664128334,51.3070893138971],[-0.501992581189771,51.3088628970135],[-0.503444403248257,51.3104138080515],[-0.504748781726815,51.3099656017147],[-0.505216045350538,51.3101118124446],[-0.504845426286946,51.3112770400141],[-0.507421627976766,51.3111219340296],[-0.507618118748665,51.3113447840455],[-0.506694952933848,51.311805977015],[-0.50789748759929,51.3123321247928],[-0.509817680254095,51.3117001326285],[-0.509712592314654,51.3130386720699],[-0.51029827103137,51.3131208347924],[-0.513567846941169,51.3132253330312],[-0.515657880250977,51.3134226692058],[-0.517029522938015,51.3132467684757],[-0.518381309241932,51.3136433629216],[-0.519045816003415,51.3154241827158],[-0.521120929311688,51.3180970461584],[-0.522801040280666,51.3177513954601],[-0.523431953967628,51.3173186691481],[-0.524202695276003,51.3181188996974],[-0.526642320313017,51.3170435207189],[-0.527080934889462,51.3174609735828],[-0.529980652722284,51.3161278201101],[-0.531158280947228,51.3172685405033],[-0.532719409657902,51.3170480139708],[-0.532467767262045,51.31661324061],[-0.532914391539101,51.316513571311],[-0.534558232230234,51.3179307973679],[-0.53034366531672,51.3199479667208],[-0.537170545878756,51.3218447276398],[-0.541158346324542,51.3226338220791],[-0.541945589428458,51.3246975207828],[-0.522321662039977,51.3326821189999],[-0.507954748276331,51.3384941972349],[-0.507365634279024,51.3378005579069],[-0.508028672065568,51.3375437218338],[-0.506154034062611,51.3353687377527],[-0.503532809178757,51.3358505379905],[-0.502472197738385,51.3348271079469],[-0.500690018031817,51.3350228333934],[-0.50053230460423,51.3345306747631],[-0.495116625173123,51.3349071811387],[-0.496191668923847,51.3333734477872],[-0.496151265983231,51.3321076725912],[-0.494382559904082,51.3309284663562],[-0.491434161337037,51.3305344247568],[-0.489180693697941,51.3297427526594]]],[[[-0.600548747827803,51.3186094847369],[-0.597841198144079,51.3168047227554],[-0.596124042647869,51.3151412202385],[-0.594675010851105,51.3145231274096],[-0.593034038387726,51.314267798367],[-0.590166335699152,51.3145264848384],[-0.586360713109851,51.3156073515799],[-0.585781666485172,51.3146525330733],[-0.585026350421127,51.314668583907],[-0.580693622767185,51.3161791525731],[-0.577151250663155,51.3167198617259],[-0.574005826143999,51.3175980141712],[-0.568013821319079,51.3182209969279],[-0.56788473671143,51.3177113912931],[-0.566646212871348,51.3177582643056],[-0.566648469994383,51.3164426806942],[-0.570389421445628,51.3149173521328],[-0.569073476734377,51.3136737846095],[-0.569076371163669,51.3136720213863],[-0.574952762554766,51.3118020756415],[-0.581267492673402,51.3103157189895],[-0.606654334842539,51.3063012936549],[-0.613210005997967,51.3056139187797],[-0.613546255546619,51.3066439397601],[-0.614361384535536,51.3073514027438],[-0.614248529412834,51.3078581863834],[-0.613418634635101,51.3150209089628],[-0.607477416587961,51.3149467737686],[-0.607096797216759,51.3145797646358],[-0.606627433821751,51.3149167889616],[-0.605956056870295,51.3145796678555],[-0.605465640668593,51.31575188318],[-0.606686542864695,51.3166144571846],[-0.604524965688823,51.3180958836494],[-0.603756789800149,51.3177818695756],[-0.602216415379614,51.3187904139291],[-0.600548747827803,51.3186094847369]]],[[[-0.646678885963734,51.3853843196624],[-0.658566944244123,51.3814742100344],[-0.664357252603679,51.3792510613022],[-0.666537413404042,51.3728989525979],[-0.667327367095597,51.371959091052],[-0.670302589972644,51.3704751398535],[-0.669547692188938,51.3696180556039],[-0.666743231488686,51.3683314391761],[-0.666622669673098,51.3673383569933],[-0.669033428432692,51.3654544357521],[-0.670925986658587,51.3651232743242],[-0.672647813202381,51.3653142483945],[-0.674214775320774,51.3649403795613],[-0.677043566401269,51.3636580998105],[-0.679500731782466,51.3619772873793],[-0.684141419083246,51.3608156135228],[-0.682777782314643,51.3573634018016],[-0.681983896123315,51.3565088890942],[-0.681049424418022,51.3564340740232],[-0.680445494835119,51.3559922347019],[-0.68789704102905,51.3528542797917],[-0.698057957415951,51.3491359795863],[-0.700482893915944,51.3476773254071],[-0.704204553096348,51.3445298316673],[-0.708731166016187,51.3482775559152],[-0.711793428622196,51.3497347387089],[-0.715549559510315,51.3533442660507],[-0.723135321047517,51.3561789099524],[-0.727180312278901,51.3597839121643],[-0.72966031256069,51.3640579219213],[-0.735258360031567,51.3650402160153],[-0.731852843852571,51.3664314509557],[-0.724090511002717,51.3684664188307],[-0.710368815685801,51.3706532189229],[-0.697006879035952,51.3743949154077],[-0.667634283855982,51.3845713446934],[-0.664346748403329,51.3857388404942],[-0.658168501853214,51.3862814914841],[-0.655300457263153,51.3872457863567],[-0.652376319022536,51.3867904997773],[-0.650737977860579,51.3856628946065],[-0.647036686313343,51.3859321665241],[-0.646678885963734,51.3853843196624]]],[[[-0.613460213136962,51.3321576067337],[-0.616244371000727,51.3320359202762],[-0.620400085060676,51.3331801942187],[-0.622480825461149,51.3344501462819],[-0.61909882807641,51.3354507331554],[-0.615246712248096,51.335942123506],[-0.613809356850644,51.3334800279659],[-0.613460213136962,51.3321576067337]]],[[[-0.629169747953685,51.3571788676158],[-0.627999371230332,51.3541922950589],[-0.626803540114811,51.3542717812488],[-0.624642957701235,51.3532896440429],[-0.62439625197326,51.3526078296306],[-0.623443054702656,51.3525930389497],[-0.622157995586504,51.3519655418378],[-0.621984699597627,51.3511352634747],[-0.621364434164262,51.3506999570512],[-0.620064170451484,51.3505811771121],[-0.618818365896577,51.3500809538344],[-0.617782552295339,51.3502872827587],[-0.615180191497651,51.3499624887422],[-0.614301823245213,51.3483757174652],[-0.616180282097335,51.3482737730891],[-0.617218261427819,51.3487572820839],[-0.61848649036475,51.3486994265616],[-0.620150247172354,51.3491506377269],[-0.621249109225964,51.3498559756284],[-0.622395497668038,51.3499845309823],[-0.622330547976787,51.3454947452249],[-0.627942111046803,51.3364017618626],[-0.627299516174383,51.3358052294493],[-0.624760336951938,51.3347871731461],[-0.625951969309794,51.334782272175],[-0.625545828632041,51.3334825881704],[-0.626152416841215,51.3304925940839],[-0.625114477597506,51.3290101415888],[-0.625386960670596,51.3284899758686],[-0.624782469678749,51.3275377678406],[-0.626866034598489,51.3244786757255],[-0.626224026828859,51.3221257961323],[-0.625357194213861,51.3211178994001],[-0.625546182706874,51.3207814339296],[-0.624378133559986,51.3206985732128],[-0.62350625912094,51.3199060188217],[-0.624337509925363,51.3192241851713],[-0.627320023109358,51.3187754303988],[-0.627990838836967,51.3164452605987],[-0.633015155550602,51.3143997266799],[-0.634504381152223,51.3152768175544],[-0.637134182170106,51.3144666115981],[-0.636983396340695,51.3141815819702],[-0.646806837272302,51.3118858298941],[-0.67136139494148,51.317365126661],[-0.672716725264428,51.3164461748256],[-0.675294670965659,51.3155212661538],[-0.687504413468527,51.3138134768966],[-0.690128351320417,51.3160450867201],[-0.691913556875104,51.3169472079307],[-0.692692680481498,51.3188191550172],[-0.694846215113622,51.3203485374169],[-0.694603224109403,51.3266324752467],[-0.696064711267617,51.3325405893711],[-0.699852021888343,51.3390186863656],[-0.694434814451087,51.3403971719539],[-0.671604472434871,51.3443193328206],[-0.668796717300377,51.3451867179955],[-0.655367624648049,51.3481158840471],[-0.649417858665618,51.3499916867756],[-0.648380226495387,51.3500192757359],[-0.645398765488099,51.3509083764636],[-0.643850544592917,51.3507681119342],[-0.641342250034936,51.3522120509034],[-0.640417161415448,51.3518317427754],[-0.637881739576788,51.3516134127124],[-0.635264492489424,51.3523167101115],[-0.634268503987788,51.355966877356],[-0.633280530906525,51.3576990405302],[-0.633381756824783,51.3598008075631],[-0.632471596070633,51.3608927150887],[-0.631710058697347,51.3606598841004],[-0.631735282663785,51.3595271759554],[-0.629169747953685,51.3571788676158]]],[[[-0.724066925783016,51.3219090116644],[-0.720946591452031,51.3181026571633],[-0.7225059834904,51.3177069985766],[-0.721466856161885,51.3162668182259],[-0.723572219020114,51.3141901262219],[-0.723032443707837,51.3131141009413],[-0.72778150997089,51.3126561047269],[-0.729259712273258,51.3121245417329],[-0.729918613947205,51.3123700210126],[-0.730958648805028,51.3141995641596],[-0.731263376200329,51.3157405496092],[-0.735695237553635,51.3155008293002],[-0.735445864120505,51.3147598126885],[-0.73681037542055,51.3145029957543],[-0.73719810428555,51.3153524929227],[-0.73939950319391,51.3146764765741],[-0.737727195421041,51.3132503987687],[-0.743162914140125,51.3108109400642],[-0.745653331661332,51.3100329393765],[-0.746154932107837,51.3100014642679],[-0.746389271536856,51.3106181532486],[-0.747364212031891,51.3104334406115],[-0.748124426328196,51.3110710452637],[-0.747969353224215,51.3113400639276],[-0.748638738054389,51.3116295998659],[-0.749623575807179,51.3114467732107],[-0.751267752125628,51.312560559066],[-0.752137701401783,51.312439399541],[-0.753572842224338,51.3127954908887],[-0.754432163761011,51.313490823637],[-0.755583801115382,51.3135093659475],[-0.7564107540966,51.3140207712361],[-0.756447835729099,51.3146668087023],[-0.758290665728951,51.3159255205987],[-0.749854731127541,51.3188885623647],[-0.742509497728031,51.3222276667353],[-0.739651406423879,51.3194776081044],[-0.738197661028775,51.3185914536437],[-0.731574066190502,51.3206580990162],[-0.724066925783016,51.3219090116644]]],[[[-0.723032443707837,51.3131141009413],[-0.720133137446467,51.3116994122985],[-0.719306701678961,51.3106706601395],[-0.721632966640554,51.3042486757006],[-0.720313170168552,51.3044024234702],[-0.716204654141725,51.3035767983516],[-0.715168763290883,51.303327194291],[-0.71550919274567,51.3028983535677],[-0.717936518069083,51.3029474671067],[-0.718839443511342,51.3025653312409],[-0.721969448565359,51.2996762682119],[-0.722342673194389,51.2997711453446],[-0.722208321652646,51.2980971530939],[-0.724837415913806,51.2971726994121],[-0.726383980238018,51.2961239302012],[-0.730002391881108,51.2977989839379],[-0.732122198130074,51.2996780162712],[-0.73940050358514,51.2989393610742],[-0.738836155799758,51.2997506256145],[-0.739223238914416,51.2999149050791],[-0.739393265729149,51.3013545512297],[-0.740483666333642,51.3019229399206],[-0.740287083539878,51.3023426196725],[-0.741605968217143,51.3036876535281],[-0.74173331244332,51.3047491804568],[-0.742421439988532,51.3050272637215],[-0.742321378669231,51.3055378817948],[-0.743570343275533,51.3057149229632],[-0.743620938929849,51.3065436895792],[-0.744698481157092,51.3069050555265],[-0.743590237177113,51.3074560856955],[-0.743682572384538,51.3078608069542],[-0.744424147937369,51.3082329486431],[-0.744167106040696,51.3092949280881],[-0.745653331661332,51.3100329393765],[-0.743162914140125,51.3108109400642],[-0.737727195421041,51.3132503987687],[-0.73939950319391,51.3146764765741],[-0.73719810428555,51.3153524929227],[-0.73681037542055,51.3145029957543],[-0.735445864120505,51.3147598126885],[-0.735695237553635,51.3155008293002],[-0.731263376200329,51.3157405496092],[-0.730958648805028,51.3141995641596],[-0.729918613947205,51.3123700210126],[-0.729259712273258,51.3121245417329],[-0.72778150997089,51.3126561047269],[-0.723032443707837,51.3131141009413]]],[[[-0.699852021888343,51.3390186863656],[-0.696064711267617,51.3325405893711],[-0.694603224109403,51.3266324752467],[-0.694846215113622,51.3203485374169],[-0.696038307289036,51.3209705248121],[-0.707524540915127,51.3247587532268],[-0.7215762497434,51.3223485408834],[-0.718590351701066,51.3265502749029],[-0.714950155963718,51.3278494069377],[-0.711188707444011,51.3308410874969],[-0.710807522440649,51.3317007068688],[-0.711189701625715,51.3317889656429],[-0.710363911738487,51.3327227387454],[-0.711343959052396,51.3330203892529],[-0.710925599422454,51.333757725671],[-0.714424299912846,51.3347466763616],[-0.716242912779913,51.3347801106739],[-0.717472122488464,51.3356136666654],[-0.712758886475103,51.3373364587382],[-0.714393274689963,51.3384131914991],[-0.707691515726512,51.3420531534403],[-0.704204553096348,51.3445298316673],[-0.702411280972679,51.3430028187289],[-0.699852021888343,51.3390186863656]]],[[[-0.648380226495387,51.3500192757359],[-0.649417858665618,51.3499916867756],[-0.655367624648049,51.3481158840471],[-0.668796717300377,51.3451867179955],[-0.671604472434871,51.3443193328206],[-0.694434814451087,51.3403971719539],[-0.699852021888343,51.3390186863656],[-0.702411280972679,51.3430028187289],[-0.704204553096348,51.3445298316673],[-0.700482893915944,51.3476773254071],[-0.698057957415951,51.3491359795863],[-0.68789704102905,51.3528542797917],[-0.680445494835119,51.3559922347019],[-0.674861740336475,51.3579295109288],[-0.669981291325794,51.3587276118649],[-0.66880773714489,51.3574894920064],[-0.666583336582862,51.3567888656919],[-0.664838635230436,51.3553939795365],[-0.662991395094059,51.3550114224107],[-0.662274265125599,51.3541381322057],[-0.659961005625438,51.3536836776834],[-0.658340034054354,51.3559321166085],[-0.657820185428437,51.355636594419],[-0.655266137162244,51.3553608857221],[-0.649449838993136,51.3511511281695],[-0.648377052809593,51.3510084014738],[-0.648380226495387,51.3500192757359]]],[[[-0.694846215113622,51.3203485374169],[-0.692692680481498,51.3188191550172],[-0.691913556875104,51.3169472079307],[-0.690128351320417,51.3160450867201],[-0.687504413468527,51.3138134768966],[-0.694600016580688,51.3046380736461],[-0.697630273886549,51.3000318692851],[-0.698758042616529,51.2993106521373],[-0.699935276733495,51.2978427269481],[-0.700509260487376,51.2914449688927],[-0.697753757994484,51.2887750741689],[-0.703827080547256,51.2840387113735],[-0.706547578639602,51.2833232379151],[-0.709569509300034,51.2824448506779],[-0.715618125217476,51.2820710902383],[-0.718934173451174,51.2804120243412],[-0.719281441107449,51.2805048521815],[-0.720224350191838,51.2792849969277],[-0.723923020075765,51.2800881422807],[-0.728276551819889,51.2804893136915],[-0.729830769869969,51.280021950372],[-0.731069933388112,51.2803469890341],[-0.731564738417943,51.2806010266546],[-0.731212673619367,51.2813615353762],[-0.731652253915949,51.2815363025917],[-0.732292927181288,51.2813372872417],[-0.733348692015766,51.2817911199571],[-0.733260022507351,51.2824106474933],[-0.733835537785812,51.2828063240036],[-0.73339334243054,51.2834013487448],[-0.733873025729907,51.2837914022533],[-0.733279831216694,51.2840340894306],[-0.733760664502673,51.2844340386157],[-0.734254194265775,51.2843764514786],[-0.735128432324547,51.2854334920917],[-0.735714770420583,51.2854407237898],[-0.735538021621998,51.2857679336461],[-0.735984816153412,51.2859445540483],[-0.735622209197425,51.2862544736328],[-0.736363052754113,51.2875259048324],[-0.736089468411504,51.2883528933596],[-0.737230525347901,51.2896744878928],[-0.736687597169774,51.292423921712],[-0.738237876293251,51.292896603971],[-0.738471191349105,51.2936472453261],[-0.739347222199374,51.2940262529705],[-0.739307097903024,51.2951247268962],[-0.73997381691395,51.2961273421555],[-0.738946462958564,51.2970317004831],[-0.739653773645974,51.2972866289768],[-0.739811256236718,51.2986578225414],[-0.73940050358514,51.2989393610742],[-0.732122198130074,51.2996780162712],[-0.730002391881108,51.2977989839379],[-0.726383980238018,51.2961239302012],[-0.724837415913806,51.2971726994121],[-0.722208321652646,51.2980971530939],[-0.722342673194389,51.2997711453446],[-0.721969448565359,51.2996762682119],[-0.718839443511342,51.3025653312409],[-0.717936518069083,51.3029474671067],[-0.71550919274567,51.3028983535677],[-0.715168763290883,51.303327194291],[-0.716204654141725,51.3035767983516],[-0.720313170168552,51.3044024234702],[-0.721632966640554,51.3042486757006],[-0.719306701678961,51.3106706601395],[-0.720133137446467,51.3116994122985],[-0.723032443707837,51.3131141009413],[-0.723572219020114,51.3141901262219],[-0.721466856161885,51.3162668182259],[-0.7225059834904,51.3177069985766],[-0.720946591452031,51.3181026571633],[-0.724066925783016,51.3219090116644],[-0.7215762497434,51.3223485408834],[-0.707524540915127,51.3247587532268],[-0.696038307289036,51.3209705248121],[-0.694846215113622,51.3203485374169]]],[[[-0.711793428622196,51.3497347387089],[-0.725421082054867,51.3420170770264],[-0.732738343770052,51.3395128387394],[-0.731605095000292,51.3403505995694],[-0.733369120548055,51.343078226248],[-0.734189286895259,51.3428586551641],[-0.735718172644299,51.344170981461],[-0.736233880176525,51.3437440474126],[-0.737268960349896,51.3443234709986],[-0.743695289603123,51.3495398978587],[-0.743669817447071,51.349891214284],[-0.741230891752373,51.349809298599],[-0.740091956249157,51.3504975429662],[-0.741126198722214,51.350903405687],[-0.741760190069064,51.3505640151625],[-0.742413179271654,51.3506330556613],[-0.741851088533909,51.3515982005397],[-0.743094485218269,51.3518696452517],[-0.743565473847871,51.3511867896442],[-0.744448734790703,51.3511315298223],[-0.744325730491651,51.3545630593162],[-0.741455383095175,51.3571176066698],[-0.735335360826244,51.3650095823505],[-0.735258360031567,51.3650402160153],[-0.72966031256069,51.3640579219213],[-0.727180312278901,51.3597839121643],[-0.723135321047517,51.3561789099524],[-0.715549559510315,51.3533442660507],[-0.711793428622196,51.3497347387089]]],[[[-0.7215762497434,51.3223485408834],[-0.724066925783016,51.3219090116644],[-0.731574066190502,51.3206580990162],[-0.738197661028775,51.3185914536437],[-0.739651406423879,51.3194776081044],[-0.742509497728031,51.3222276667353],[-0.735312538180088,51.3262483390372],[-0.729074424883055,51.3299981641045],[-0.714393274689963,51.3384131914991],[-0.712758886475103,51.3373364587382],[-0.717472122488464,51.3356136666654],[-0.716242912779913,51.3347801106739],[-0.714424299912846,51.3347466763616],[-0.710925599422454,51.333757725671],[-0.711343959052396,51.3330203892529],[-0.710363911738487,51.3327227387454],[-0.711189701625715,51.3317889656429],[-0.710807522440649,51.3317007068688],[-0.711188707444011,51.3308410874969],[-0.714950155963718,51.3278494069377],[-0.718590351701066,51.3265502749029],[-0.7215762497434,51.3223485408834]]],[[[-0.746864364948486,51.3343724312295],[-0.752121661296148,51.3300144562831],[-0.752754194205142,51.3287623099452],[-0.75526075976231,51.328317879147],[-0.75509766951536,51.3279816422077],[-0.759112410122942,51.3267995806285],[-0.761063421512428,51.3277410697401],[-0.763891313128871,51.3267656955809],[-0.76607846128384,51.3266098140286],[-0.767093450444421,51.3262248889107],[-0.768202368585965,51.3266762564114],[-0.768599520434247,51.3276003373925],[-0.769206727701604,51.3278657082671],[-0.7706510149114,51.3275310901162],[-0.772356376733601,51.3278960617593],[-0.772220810822144,51.3284575684138],[-0.773019732324846,51.3290170892758],[-0.772713737110954,51.3293528806709],[-0.773541978981645,51.3294569343409],[-0.773600479068472,51.3301705994484],[-0.774654898367507,51.3306213125105],[-0.775466206963731,51.3319589023235],[-0.77267997509833,51.3328431495399],[-0.760493321933858,51.3361496667737],[-0.761105843936565,51.3369615646386],[-0.759296405298241,51.3377301284856],[-0.756774803946434,51.3380737964075],[-0.756561799661228,51.3377387421659],[-0.754250848963872,51.3380523234541],[-0.754108249082783,51.3377417181273],[-0.748553613742834,51.3391870054606],[-0.746864364948486,51.3343724312295]]],[[[-0.704204553096348,51.3445298316673],[-0.707691515726512,51.3420531534403],[-0.714393274689963,51.3384131914991],[-0.729074424883055,51.3299981641045],[-0.73070002961013,51.3308566158661],[-0.73167214012549,51.3303249035461],[-0.733197629809616,51.3303342403223],[-0.733067496925726,51.3317247841345],[-0.73371072343933,51.3330239129174],[-0.734067645942124,51.3329909171522],[-0.734678490605817,51.3337951698511],[-0.735624096308398,51.3334960692667],[-0.736496477042404,51.3338759646313],[-0.738321006137945,51.3340333067271],[-0.739607234841527,51.3357592690562],[-0.735187508930616,51.3377851958179],[-0.732738343770052,51.3395128387394],[-0.725421082054867,51.3420170770264],[-0.711793428622196,51.3497347387089],[-0.708731166016187,51.3482775559152],[-0.704204553096348,51.3445298316673]]],[[[-0.732738343770052,51.3395128387394],[-0.735187508930616,51.3377851958179],[-0.739607234841527,51.3357592690562],[-0.738321006137945,51.3340333067271],[-0.736496477042404,51.3338759646313],[-0.735624096308398,51.3334960692667],[-0.734678490605817,51.3337951698511],[-0.734067645942124,51.3329909171522],[-0.73371072343933,51.3330239129174],[-0.733067496925726,51.3317247841345],[-0.733197629809616,51.3303342403223],[-0.73167214012549,51.3303249035461],[-0.73070002961013,51.3308566158661],[-0.729074424883055,51.3299981641045],[-0.735312538180088,51.3262483390372],[-0.736270486586447,51.3277593343382],[-0.736752259637519,51.3276342921818],[-0.737243375989244,51.3284228631573],[-0.736493744706656,51.3289333660899],[-0.736987587389921,51.3306279367034],[-0.738114315351798,51.3297284655134],[-0.738772083394962,51.33007816769],[-0.738640264090098,51.330634555388],[-0.743006929388436,51.3324894057126],[-0.745344286946225,51.3332096831772],[-0.746288179201569,51.3326532913233],[-0.746864364948486,51.3343724312295],[-0.748553613742834,51.3391870054606],[-0.754108249082783,51.3377417181273],[-0.754250848963872,51.3380523234541],[-0.756561799661228,51.3377387421659],[-0.756774803946434,51.3380737964075],[-0.759296405298241,51.3377301284856],[-0.761105843936565,51.3369615646386],[-0.760493321933858,51.3361496667737],[-0.77267997509833,51.3328431495399],[-0.768968484463276,51.3354858229844],[-0.764662030432324,51.3370302121782],[-0.76143156621821,51.3404094448719],[-0.76037594469622,51.3402634133151],[-0.758192612140745,51.3405684488358],[-0.75942849750956,51.3435213383009],[-0.756944323214992,51.3442960656705],[-0.755156692635497,51.3454804709138],[-0.752415873672162,51.3485414290946],[-0.749751689751427,51.3499338006083],[-0.748053035595279,51.3523481316145],[-0.744325730491651,51.3545630593162],[-0.744448734790703,51.3511315298223],[-0.743565473847871,51.3511867896442],[-0.743094485218269,51.3518696452517],[-0.741851088533909,51.3515982005397],[-0.742413179271654,51.3506330556613],[-0.741760190069064,51.3505640151625],[-0.741126198722214,51.350903405687],[-0.740091956249157,51.3504975429662],[-0.741230891752373,51.349809298599],[-0.743669817447071,51.349891214284],[-0.743695289603123,51.3495398978587],[-0.737268960349896,51.3443234709986],[-0.736233880176525,51.3437440474126],[-0.735718172644299,51.344170981461],[-0.734189286895259,51.3428586551641],[-0.733369120548055,51.343078226248],[-0.731605095000292,51.3403505995694],[-0.732738343770052,51.3395128387394]]],[[[-0.735312538180088,51.3262483390372],[-0.742509497728031,51.3222276667353],[-0.749854731127541,51.3188885623647],[-0.758290665728951,51.3159255205987],[-0.758511873599669,51.3167686790402],[-0.759248866385504,51.3171622452582],[-0.761071408435434,51.3169441348004],[-0.761333225112122,51.3173444326436],[-0.762311488351188,51.3174653567375],[-0.763050994147229,51.3183526374445],[-0.76290312001552,51.3187305287345],[-0.763051666210506,51.3204100248193],[-0.763666176961389,51.3208257316954],[-0.763471252563744,51.321404495298],[-0.764074287502393,51.3217679386617],[-0.764398732030317,51.3215519278723],[-0.765063522539226,51.3226613554073],[-0.766061682673304,51.3229012176542],[-0.765902646035722,51.3234795554121],[-0.764977656007461,51.3240974528334],[-0.764990988698127,51.3246677199115],[-0.766342974299357,51.3259507921162],[-0.767093450444421,51.3262248889107],[-0.76607846128384,51.3266098140286],[-0.763891313128871,51.3267656955809],[-0.761063421512428,51.3277410697401],[-0.759112410122942,51.3267995806285],[-0.75509766951536,51.3279816422077],[-0.75526075976231,51.328317879147],[-0.752754194205142,51.3287623099452],[-0.752121661296148,51.3300144562831],[-0.746864364948486,51.3343724312295],[-0.746288179201569,51.3326532913233],[-0.745344286946225,51.3332096831772],[-0.743006929388436,51.3324894057126],[-0.738640264090098,51.330634555388],[-0.738772083394962,51.33007816769],[-0.738114315351798,51.3297284655134],[-0.736987587389921,51.3306279367034],[-0.736493744706656,51.3289333660899],[-0.737243375989244,51.3284228631573],[-0.736752259637519,51.3276342921818],[-0.736270486586447,51.3277593343382],[-0.735312538180088,51.3262483390372]]],[[[-0.597700820022621,51.3854990064764],[-0.594416053696384,51.3765260071526],[-0.587483890472701,51.3750478652401],[-0.579301191834975,51.3721738405958],[-0.574018233101861,51.3708381229641],[-0.573100461999716,51.3681022683068],[-0.572889420820523,51.3655107943815],[-0.571284840254953,51.3623735739359],[-0.569873840284509,51.3605731247859],[-0.569624549913198,51.3603371726363],[-0.560355001964915,51.3620149509905],[-0.555233930841177,51.3619357322301],[-0.550784851330011,51.3565401724152],[-0.550025089977257,51.3542637882118],[-0.551238415737779,51.3532707680193],[-0.548491682088978,51.3491640577901],[-0.548549357282802,51.3480208961692],[-0.548956780329127,51.3475781589232],[-0.549417214300865,51.3478220985606],[-0.549993628292107,51.3476665216541],[-0.551715291883218,51.3460727986617],[-0.553526623386777,51.3451419814636],[-0.557484130550812,51.3447680776823],[-0.557968027990986,51.3449512265004],[-0.559901238026839,51.3438320360268],[-0.560814773115391,51.3440977668404],[-0.561577649072219,51.34380678491],[-0.561935611215193,51.3432446387735],[-0.563952845695659,51.3430635179731],[-0.566219108192829,51.343550751631],[-0.567445330738003,51.3431826963024],[-0.568790197981777,51.343333984294],[-0.569706313984285,51.3428272689791],[-0.57281556126288,51.3422986536611],[-0.573783202192556,51.341514565138],[-0.573485797572493,51.3412906909431],[-0.57427752110458,51.3409936840313],[-0.573784920936766,51.338270133971],[-0.576889334583661,51.3363097537711],[-0.57827208691117,51.3360931857149],[-0.582202450721223,51.3365018548902],[-0.587627185766484,51.3382435476787],[-0.589801217052858,51.3398659898986],[-0.594016403283823,51.3399606928087],[-0.59906284320814,51.3396361833147],[-0.608146138970539,51.3396950315932],[-0.615246712248096,51.335942123506],[-0.61909882807641,51.3354507331554],[-0.622480825461149,51.3344501462819],[-0.623841728233372,51.3336316069247],[-0.624760336951938,51.3347871731461],[-0.627299516174383,51.3358052294493],[-0.627942111046803,51.3364017618626],[-0.622330547976787,51.3454947452249],[-0.622395497668038,51.3499845309823],[-0.621249109225964,51.3498559756284],[-0.620150247172354,51.3491506377269],[-0.61848649036475,51.3486994265616],[-0.617218261427819,51.3487572820839],[-0.616180282097335,51.3482737730891],[-0.614301823245213,51.3483757174652],[-0.615180191497651,51.3499624887422],[-0.617782552295339,51.3502872827587],[-0.618818365896577,51.3500809538344],[-0.620064170451484,51.3505811771121],[-0.621364434164262,51.3506999570512],[-0.621984699597627,51.3511352634747],[-0.622157995586504,51.3519655418378],[-0.623443054702656,51.3525930389497],[-0.62439625197326,51.3526078296306],[-0.624642957701235,51.3532896440429],[-0.626803540114811,51.3542717812488],[-0.627999371230332,51.3541922950589],[-0.629169747953685,51.3571788676158],[-0.631735282663785,51.3595271759554],[-0.631710058697347,51.3606598841004],[-0.632471596070633,51.3608927150887],[-0.633381756824783,51.3598008075631],[-0.633280530906525,51.3576990405302],[-0.634268503987788,51.355966877356],[-0.635264492489424,51.3523167101115],[-0.637881739576788,51.3516134127124],[-0.640417161415448,51.3518317427754],[-0.641342250034936,51.3522120509034],[-0.643850544592917,51.3507681119342],[-0.645398765488099,51.3509083764636],[-0.648380226495387,51.3500192757359],[-0.648377052809593,51.3510084014738],[-0.649449838993136,51.3511511281695],[-0.655266137162244,51.3553608857221],[-0.657820185428437,51.355636594419],[-0.658340034054354,51.3559321166085],[-0.659961005625438,51.3536836776834],[-0.662274265125599,51.3541381322057],[-0.662991395094059,51.3550114224107],[-0.664838635230436,51.3553939795365],[-0.666583336582862,51.3567888656919],[-0.66880773714489,51.3574894920064],[-0.669981291325794,51.3587276118649],[-0.674861740336475,51.3579295109288],[-0.680445494835119,51.3559922347019],[-0.681049424418022,51.3564340740232],[-0.681983896123315,51.3565088890942],[-0.682777782314643,51.3573634018016],[-0.684141419083246,51.3608156135228],[-0.679500731782466,51.3619772873793],[-0.677043566401269,51.3636580998105],[-0.674214775320774,51.3649403795613],[-0.672647813202381,51.3653142483945],[-0.670925986658587,51.3651232743242],[-0.669033428432692,51.3654544357521],[-0.666622669673098,51.3673383569933],[-0.666743231488686,51.3683314391761],[-0.669547692188938,51.3696180556039],[-0.670302589972644,51.3704751398535],[-0.667327367095597,51.371959091052],[-0.666537413404042,51.3728989525979],[-0.664357252603679,51.3792510613022],[-0.658566944244123,51.3814742100344],[-0.646678885963734,51.3853843196624],[-0.64047343049334,51.3873804285321],[-0.63950052800104,51.3866314945051],[-0.638527627510111,51.3866590248362],[-0.636182701426563,51.3851874646558],[-0.634798542787315,51.3850985013362],[-0.634623381649991,51.3847529637577],[-0.632507043465893,51.3843037996143],[-0.628217958879968,51.38423480994],[-0.62593068575818,51.3828727027321],[-0.624938795955919,51.3828826463754],[-0.620922516025549,51.385171709135],[-0.619608085221258,51.3848216401164],[-0.619249393928978,51.38499190698],[-0.618044765634433,51.3833797850537],[-0.616344267326498,51.3835395914641],[-0.617193957700195,51.3858174730342],[-0.618841767846729,51.3874627082333],[-0.620515792131769,51.3884751581071],[-0.623494691644589,51.3895433650268],[-0.621666646048886,51.3900469831448],[-0.618456007411183,51.391780802098],[-0.618006397343643,51.3920560719976],[-0.618495201013367,51.3923882525157],[-0.616499481289591,51.3924078519014],[-0.608945935521765,51.3898411601954],[-0.607246734195927,51.3896769110647],[-0.605991380093752,51.3883715741177],[-0.604246347715553,51.3880954099586],[-0.603048952922012,51.3872511399874],[-0.598059804392752,51.3862796468414],[-0.597700820022621,51.3854990064764]]],[[[-0.478152562474196,51.3743468447257],[-0.479333628715876,51.3742288621329],[-0.479143541523837,51.3734488591683],[-0.47995440484402,51.3731619764825],[-0.481759627402925,51.3715201073416],[-0.484101331890395,51.3728728800989],[-0.486167777595121,51.371901597202],[-0.49021127300234,51.3713611525455],[-0.499896610370454,51.3690135035159],[-0.505087472691818,51.3679827895752],[-0.50705392442118,51.3707317303338],[-0.509064701427145,51.3749558845799],[-0.501816325522609,51.3763605749136],[-0.492451730390299,51.3803086344906],[-0.489708139734758,51.3805385854692],[-0.487204731610197,51.3799036410381],[-0.478152562474196,51.3743468447257]]],[[[-0.471020233397361,51.382551495738],[-0.469954387638446,51.3818919352339],[-0.464775730159818,51.3818340848145],[-0.462508679976613,51.3823281751674],[-0.461773590202897,51.3821359814986],[-0.461307819088163,51.3815835779198],[-0.46168176930779,51.3806298630013],[-0.463500866268028,51.3790899533665],[-0.462795692319218,51.3784350540883],[-0.461464456194288,51.3785839821559],[-0.460732544969248,51.3793278958046],[-0.457990747179475,51.3805669601066],[-0.458049275289417,51.3798088095362],[-0.459016317039479,51.379254993051],[-0.460140469878769,51.3791133500381],[-0.461641199553578,51.3769128472004],[-0.465008844347883,51.3762393588397],[-0.467623459084868,51.3746199091709],[-0.467488107340158,51.3736388776296],[-0.466384634860357,51.3728186811976],[-0.465571299449354,51.370932215408],[-0.466155503550747,51.3704759012773],[-0.466844982554151,51.3707367314556],[-0.468248306694021,51.3701453984756],[-0.470021425910423,51.3672928100049],[-0.467650415690963,51.3660190708338],[-0.467556705232494,51.3656860295877],[-0.469292369942825,51.3658076060342],[-0.471494587446837,51.3643813431933],[-0.472082054891823,51.3650328579035],[-0.473729618163904,51.3652530939858],[-0.473983567105792,51.3649605442341],[-0.473044769084294,51.3648080729601],[-0.472372114603153,51.3638685862543],[-0.472819011083924,51.3635614726919],[-0.473300874515119,51.3640622840882],[-0.474121366689124,51.3639677878156],[-0.476188523457676,51.3670413587753],[-0.477513009574092,51.3659155994021],[-0.477697430530779,51.3668091647661],[-0.478429319608142,51.3671810534046],[-0.485928902733567,51.3665974796353],[-0.486938347999256,51.3655196762827],[-0.488951826181436,51.3663935574414],[-0.490125699917106,51.3661357567755],[-0.490978003551522,51.3655519158439],[-0.491179067651065,51.3641571769599],[-0.492405209773137,51.3636055128978],[-0.491789848610807,51.3623950547023],[-0.492442080820472,51.3622840852577],[-0.492403181074808,51.3618404871124],[-0.493282570811005,51.361641701854],[-0.49287969651046,51.3606328403839],[-0.493443667403541,51.360494868076],[-0.493810984436989,51.3600027585582],[-0.493527474620681,51.3595737001018],[-0.494366658562111,51.3593617856383],[-0.494112178214069,51.3590558726768],[-0.495099921849518,51.3580746581034],[-0.50040514350389,51.3633785541104],[-0.498988192366535,51.3644048936323],[-0.498015501729746,51.364762905541],[-0.496982342751953,51.3647307808465],[-0.497333395023407,51.3652856445195],[-0.498058613281154,51.3652490928147],[-0.499044154334162,51.3663021215385],[-0.499373229406462,51.3668710813236],[-0.498316338116029,51.3672522902883],[-0.499896610370454,51.3690135035159],[-0.49021127300234,51.3713611525455],[-0.486167777595121,51.371901597202],[-0.484101331890395,51.3728728800989],[-0.481759627402925,51.3715201073416],[-0.47995440484402,51.3731619764825],[-0.479143541523837,51.3734488591683],[-0.479333628715876,51.3742288621329],[-0.478152562474196,51.3743468447257],[-0.476556594995093,51.374650088361],[-0.474945418874223,51.376051678235],[-0.474740865888238,51.3772764867081],[-0.474069675512992,51.378100474324],[-0.474861662857204,51.3806466331111],[-0.473610228038741,51.381070929075],[-0.471148689769363,51.3811112546049],[-0.47261331366551,51.3825273222896],[-0.472890881258301,51.3843788907608],[-0.472202422087121,51.3844220569399],[-0.472260477236424,51.3838886362058],[-0.471020233397361,51.382551495738]]],[[[-0.48642303385642,51.3888814176597],[-0.485103739753141,51.3870706023678],[-0.483754377521613,51.3865441392149],[-0.48286270824654,51.3865182124246],[-0.481841116938563,51.3867729690079],[-0.480636964903156,51.3875909934969],[-0.47866697214972,51.3900887113208],[-0.477736188250915,51.390375175137],[-0.47647564283873,51.3901141751272],[-0.472260101000761,51.3876528714347],[-0.470136014179005,51.3858824695958],[-0.469832177150562,51.3849522758149],[-0.471020233397361,51.382551495738],[-0.472260477236424,51.3838886362058],[-0.472202422087121,51.3844220569399],[-0.472890881258301,51.3843788907608],[-0.47261331366551,51.3825273222896],[-0.471148689769363,51.3811112546049],[-0.473610228038741,51.381070929075],[-0.474861662857204,51.3806466331111],[-0.474069675512992,51.378100474324],[-0.474740865888238,51.3772764867081],[-0.474945418874223,51.376051678235],[-0.476556594995093,51.374650088361],[-0.478152562474196,51.3743468447257],[-0.487204731610197,51.3799036410381],[-0.489708139734758,51.3805385854692],[-0.492451730390299,51.3803086344906],[-0.501816325522609,51.3763605749136],[-0.509064701427145,51.3749558845799],[-0.511411679477022,51.3785318760629],[-0.514866605305789,51.3818805048843],[-0.517835834361779,51.3839167094502],[-0.528916909436789,51.3901902068623],[-0.532229895227469,51.3929627551326],[-0.526386687405413,51.3905931775003],[-0.523045118340719,51.3895977803408],[-0.513396753863486,51.3883244773094],[-0.5106961867889,51.3876418298431],[-0.510245969170741,51.388921391364],[-0.508809251979105,51.388267324679],[-0.507286268266899,51.3893425921236],[-0.506425252476627,51.3885725659524],[-0.501541699233133,51.3866676961799],[-0.500342743379424,51.3854470193319],[-0.498812779993941,51.3853027505322],[-0.498692314420209,51.3848244023394],[-0.497255382535534,51.3843948418578],[-0.496541110287797,51.3845626942134],[-0.494765831121372,51.3841087745884],[-0.493930443783363,51.3844765645496],[-0.495255489638048,51.3870935217472],[-0.493925711677132,51.3903856628703],[-0.489270425903076,51.389197817126],[-0.48642303385642,51.3888814176597]]],[[[-0.486485868780938,51.394087541767],[-0.486484842140047,51.3940809783864],[-0.486389314993753,51.3930582216625],[-0.486875523215607,51.3920870303263],[-0.48642303385642,51.3888814176597],[-0.489270425903076,51.389197817126],[-0.493925711677132,51.3903856628703],[-0.495255489638048,51.3870935217472],[-0.493930443783363,51.3844765645496],[-0.494765831121372,51.3841087745884],[-0.496541110287797,51.3845626942134],[-0.497255382535534,51.3843948418578],[-0.498692314420209,51.3848244023394],[-0.498812779993941,51.3853027505322],[-0.500342743379424,51.3854470193319],[-0.501541699233133,51.3866676961799],[-0.506425252476627,51.3885725659524],[-0.507286268266899,51.3893425921236],[-0.508809251979105,51.388267324679],[-0.510245969170741,51.388921391364],[-0.5106961867889,51.3876418298431],[-0.513396753863486,51.3883244773094],[-0.523045118340719,51.3895977803408],[-0.526386687405413,51.3905931775003],[-0.532229895227469,51.3929627551326],[-0.534912592410365,51.3962381025155],[-0.537447241326463,51.4006903639705],[-0.52845395824133,51.4010435412269],[-0.521419587291799,51.400454559982],[-0.510422918398929,51.3985414015737],[-0.496124473945203,51.3953311170213],[-0.486485868780938,51.394087541767]]],[[[-0.522777872600698,51.4353037082973],[-0.518866876543403,51.4344446003465],[-0.511216358736807,51.4306252321509],[-0.510265959008769,51.4293448334163],[-0.511359882814886,51.4291635532803],[-0.511816065077548,51.429600949924],[-0.513197917712498,51.4288209132006],[-0.521770567831449,51.4214512426075],[-0.525237382710957,51.4229084684933],[-0.530585811799723,51.4258940490315],[-0.532655058260514,51.4245617301944],[-0.534828695363155,51.4258048057612],[-0.534117294436112,51.4290753820713],[-0.534931913371935,51.4298714545472],[-0.537080966313602,51.4307996451996],[-0.537481690783817,51.4312427229106],[-0.537178423691213,51.4315972125537],[-0.537911738794615,51.4316681936],[-0.538228853665349,51.4323091173624],[-0.539382025077808,51.4325546196223],[-0.537327126950014,51.4351394659701],[-0.53466054453087,51.4373650501784],[-0.527582202232675,51.4356919130706],[-0.522777872600698,51.4353037082973]]],[[[-0.53466054453087,51.4373650501784],[-0.537327126950014,51.4351394659701],[-0.539382025077808,51.4325546196223],[-0.538228853665349,51.4323091173624],[-0.537911738794615,51.4316681936],[-0.537178423691213,51.4315972125537],[-0.537481690783817,51.4312427229106],[-0.537080966313602,51.4307996451996],[-0.534931913371935,51.4298714545472],[-0.534117294436112,51.4290753820713],[-0.534828695363155,51.4258048057612],[-0.537857459494478,51.4257395763764],[-0.540639795435277,51.4252778724018],[-0.54556802979755,51.4244700197527],[-0.547470662573794,51.4263172600348],[-0.549593283285334,51.4248557624452],[-0.552526450613201,51.4208163061209],[-0.554008980239439,51.4204137186106],[-0.554547753904765,51.419885389423],[-0.554347220271689,51.4196302137381],[-0.556372938081267,51.4186012403678],[-0.55580133186981,51.4171617695015],[-0.556289188083715,51.4153675077129],[-0.559857511543731,51.4142982348539],[-0.559394134206766,51.4165522783478],[-0.558010869019941,51.4198857332537],[-0.555492235994802,51.4234348925133],[-0.558740686625279,51.4246835117629],[-0.558788698590801,51.4258851714176],[-0.559302834965506,51.4265524265368],[-0.55848677862226,51.4276579596658],[-0.559517856614754,51.4280911133469],[-0.560136028995251,51.427915091116],[-0.560557938523891,51.4283454359882],[-0.559358829682504,51.428752613195],[-0.559782490317091,51.4292509879129],[-0.554256094877036,51.4317879718383],[-0.552843708525947,51.4332224090931],[-0.556641945121024,51.4364121221187],[-0.558280787909662,51.4387865612761],[-0.557577947724001,51.4391071550133],[-0.556663082172118,51.4406055500746],[-0.555874190769413,51.440823317506],[-0.555569197882219,51.441478447277],[-0.554052267862139,51.4415148135669],[-0.55286064117689,51.4428894801164],[-0.551818163395553,51.4434997752152],[-0.550447869941052,51.4434678087674],[-0.548360005134621,51.441921353741],[-0.537599385307791,51.4387775869608],[-0.53466054453087,51.4373650501784]]],[[[-0.554256094877036,51.4317879718383],[-0.559782490317091,51.4292509879129],[-0.559358829682504,51.428752613195],[-0.560557938523891,51.4283454359882],[-0.560136028995251,51.427915091116],[-0.559517856614754,51.4280911133469],[-0.55848677862226,51.4276579596658],[-0.559302834965506,51.4265524265368],[-0.558788698590801,51.4258851714176],[-0.558740686625279,51.4246835117629],[-0.555492235994802,51.4234348925133],[-0.558010869019941,51.4198857332537],[-0.559394134206766,51.4165522783478],[-0.560580484165372,51.4170568907346],[-0.562620128646619,51.4189721224392],[-0.563686159971328,51.4188692313117],[-0.567110334517789,51.4156046490191],[-0.568639672590491,51.4161808926945],[-0.570741948100036,51.4176651646607],[-0.571309139399674,51.4170471198772],[-0.57624231473543,51.41814761015],[-0.577632885685226,51.4187553230538],[-0.575771284163374,51.4216894249817],[-0.574991698039846,51.4213228638806],[-0.571389372503109,51.4213050253718],[-0.572221226242193,51.42281062256],[-0.573322122576417,51.423591924623],[-0.570756752467334,51.4247135044889],[-0.57275454958661,51.4267504202433],[-0.572536201908982,51.4284958199832],[-0.574192874391652,51.4336956453585],[-0.573694071973476,51.4349967296211],[-0.571548646709911,51.4338876829916],[-0.566957363696456,51.4327399849588],[-0.562267981425572,51.4320582023087],[-0.560448071315836,51.431298285512],[-0.556617397245463,51.4319772793622],[-0.554256094877036,51.4317879718383]]],[[[-0.555569197882219,51.441478447277],[-0.555874190769413,51.440823317506],[-0.556663082172118,51.4406055500746],[-0.557577947724001,51.4391071550133],[-0.558280787909662,51.4387865612761],[-0.556641945121024,51.4364121221187],[-0.552843708525947,51.4332224090931],[-0.554256094877036,51.4317879718383],[-0.556617397245463,51.4319772793622],[-0.560448071315836,51.431298285512],[-0.562267981425572,51.4320582023087],[-0.566957363696456,51.4327399849588],[-0.571548646709911,51.4338876829916],[-0.573694071973476,51.4349967296211],[-0.574192874391652,51.4336956453585],[-0.572536201908982,51.4284958199832],[-0.57275454958661,51.4267504202433],[-0.570756752467334,51.4247135044889],[-0.573322122576417,51.423591924623],[-0.572221226242193,51.42281062256],[-0.571389372503109,51.4213050253718],[-0.574991698039846,51.4213228638806],[-0.575771284163374,51.4216894249817],[-0.577632885685226,51.4187553230538],[-0.584469792743062,51.4179677166778],[-0.588501040066339,51.4172170281325],[-0.590851138049179,51.4164162179566],[-0.591680638687479,51.4173137615227],[-0.59151662152543,51.4182532868924],[-0.590673280008044,51.4188366405656],[-0.591177507471289,51.4194613868078],[-0.604956227393237,51.4213807552077],[-0.605124550506387,51.4313121169629],[-0.594188435611958,51.4393091120738],[-0.59393342175553,51.440474330884],[-0.594557067600486,51.4409189359043],[-0.594222452497904,51.4415454591897],[-0.593008103851853,51.4418192543644],[-0.591167217110141,51.4411384283871],[-0.590507832670002,51.4412102460188],[-0.588480102174877,51.442342255782],[-0.585378459190894,51.4423659480524],[-0.58450266043377,51.4436565411097],[-0.579675613649196,51.4447473439679],[-0.571690115615314,51.4509916009585],[-0.567819738420972,51.4500801791919],[-0.564944926864708,51.4480379303039],[-0.563141536532634,51.4457506567777],[-0.562019470084232,51.4451415809954],[-0.559713661483992,51.4445284502872],[-0.556772721502173,51.4420490116619],[-0.555569197882219,51.441478447277]]],[[[-0.532229895227469,51.3929627551326],[-0.528916909436789,51.3901902068623],[-0.517835834361779,51.3839167094502],[-0.514866605305789,51.3818805048843],[-0.511411679477022,51.3785318760629],[-0.509064701427145,51.3749558845799],[-0.524117710654926,51.3720642619004],[-0.525719378853018,51.3722974885429],[-0.526014783826772,51.3732112961],[-0.52548998160044,51.3741262121379],[-0.525846632329473,51.3745411496377],[-0.5268230279601,51.3741912140434],[-0.527976086633881,51.3747576850119],[-0.529134080824026,51.3744938373585],[-0.530083200985327,51.3747822419271],[-0.531219625134183,51.3744319741012],[-0.532050768430244,51.3749651083079],[-0.533761653203451,51.3750492516005],[-0.535732247372665,51.3764821771742],[-0.542004570960048,51.3732354755449],[-0.555031972857902,51.3673854378845],[-0.558608908332538,51.3651441345107],[-0.569873840284509,51.3605731247859],[-0.571284840254953,51.3623735739359],[-0.572889420820523,51.3655107943815],[-0.573100461999716,51.3681022683068],[-0.574018233101861,51.3708381229641],[-0.579301191834975,51.3721738405958],[-0.587483890472701,51.3750478652401],[-0.594416053696384,51.3765260071526],[-0.597700820022621,51.3854990064764],[-0.593305411180736,51.3852073651839],[-0.588860234924215,51.3853001467828],[-0.583759741578297,51.3859594306556],[-0.578079450656726,51.3874383021581],[-0.577907324721729,51.3867705479766],[-0.565840523323902,51.3907686051889],[-0.559250657399317,51.3936058240573],[-0.552141874673677,51.397237428231],[-0.548798045360843,51.3985270473238],[-0.544494563004981,51.3996380020456],[-0.537447241326463,51.4006903639705],[-0.534912592410365,51.3962381025155],[-0.532229895227469,51.3929627551326]]],[[[-0.474121366689124,51.3639677878156],[-0.475468301027784,51.3641129741567],[-0.474173405052374,51.3629181782623],[-0.474853789662985,51.3630654783487],[-0.476136335222851,51.3618160243478],[-0.475817089304936,51.3606149587812],[-0.475132555332771,51.3602904203103],[-0.476086628888854,51.3595474968181],[-0.475551167612811,51.3591456978534],[-0.474557459206672,51.3590527618076],[-0.474206534714296,51.3580293598202],[-0.473485840674391,51.3581925857766],[-0.472192401699291,51.357825936418],[-0.470081031438643,51.3580861709403],[-0.469926607177044,51.3578513149977],[-0.47067920024831,51.3576335980532],[-0.470676506858517,51.3572837631941],[-0.470107530447665,51.3571189250882],[-0.468434473379189,51.3575422640316],[-0.466971498106567,51.3565753191975],[-0.472490698826593,51.3537759630116],[-0.47481759324323,51.3520761229996],[-0.478410211345656,51.3507856127934],[-0.481185717452966,51.3493836335473],[-0.481396026475101,51.349625113079],[-0.481921044246182,51.3495550227578],[-0.486462355333697,51.3473282607627],[-0.499127497252216,51.3436930051598],[-0.504065076163532,51.3490891688066],[-0.50367950034181,51.34930899846],[-0.504405020250882,51.3501319972891],[-0.504861510563955,51.3499654960118],[-0.50611765422529,51.3513498015455],[-0.505595185957754,51.3515321494581],[-0.505321093476436,51.3512166055165],[-0.503598780386826,51.3523326361777],[-0.502768061033884,51.352135807747],[-0.502446296328469,51.352471951993],[-0.501786902084524,51.352211791642],[-0.500120574823375,51.3537964574404],[-0.499354598370466,51.3536903747213],[-0.498290768572785,51.3542304886619],[-0.497790236414579,51.3540213471708],[-0.496820751096837,51.3559508554183],[-0.496012293660603,51.3561190530641],[-0.49620519010439,51.35650206151],[-0.495417286690699,51.3567162249383],[-0.495471171668749,51.3578202472573],[-0.495099921849518,51.3580746581034],[-0.494112178214069,51.3590558726768],[-0.494366658562111,51.3593617856383],[-0.493527474620681,51.3595737001018],[-0.493810984436989,51.3600027585582],[-0.493443667403541,51.360494868076],[-0.49287969651046,51.3606328403839],[-0.493282570811005,51.361641701854],[-0.492403181074808,51.3618404871124],[-0.492442080820472,51.3622840852577],[-0.491789848610807,51.3623950547023],[-0.492405209773137,51.3636055128978],[-0.491179067651065,51.3641571769599],[-0.490978003551522,51.3655519158439],[-0.490125699917106,51.3661357567755],[-0.488951826181436,51.3663935574414],[-0.486938347999256,51.3655196762827],[-0.485928902733567,51.3665974796353],[-0.478429319608142,51.3671810534046],[-0.477697430530779,51.3668091647661],[-0.477513009574092,51.3659155994021],[-0.476188523457676,51.3670413587753],[-0.474121366689124,51.3639677878156]]],[[[-0.509064701427145,51.3749558845799],[-0.50705392442118,51.3707317303338],[-0.505087472691818,51.3679827895752],[-0.499896610370454,51.3690135035159],[-0.498316338116029,51.3672522902883],[-0.499373229406462,51.3668710813236],[-0.499044154334162,51.3663021215385],[-0.498058613281154,51.3652490928147],[-0.497333395023407,51.3652856445195],[-0.496982342751953,51.3647307808465],[-0.498015501729746,51.364762905541],[-0.498988192366535,51.3644048936323],[-0.50040514350389,51.3633785541104],[-0.503369310912487,51.366135015076],[-0.506414269958138,51.3650171129135],[-0.506865425063777,51.3633951291741],[-0.50811602361562,51.3624794660741],[-0.509516992842346,51.3624190255704],[-0.512951299934084,51.363310752953],[-0.513840685272634,51.363882092748],[-0.514359643981196,51.3635341408451],[-0.513980186525765,51.3627906958557],[-0.515368141023717,51.3621788543888],[-0.518168552416838,51.362701883143],[-0.517991278465159,51.3609575308426],[-0.520275264333476,51.3606375584858],[-0.51991871029626,51.3585936053466],[-0.520265800016146,51.3574496210141],[-0.519704768308006,51.3564515572562],[-0.518572070127727,51.3559012333033],[-0.517706317140396,51.354825582562],[-0.521599576667551,51.3541608803063],[-0.521162801624377,51.3536292649268],[-0.519623792613349,51.35361518897],[-0.518579654256917,51.3540633323024],[-0.517504094680184,51.3534804583986],[-0.518013614837548,51.3527305912485],[-0.518992360795043,51.3525730791429],[-0.519680220466856,51.3518182698012],[-0.519719046200031,51.3514581738851],[-0.519208411906941,51.3514382246574],[-0.519308306026865,51.3507003341382],[-0.520016841594082,51.350505139759],[-0.520491004533556,51.3497818678692],[-0.520991123970955,51.3497711127195],[-0.521795791098112,51.3491302275846],[-0.521582036817228,51.3489916862833],[-0.523245611577954,51.3480316220266],[-0.524671079126938,51.3479552165443],[-0.526063686647677,51.3473378990823],[-0.527723341224042,51.3473012663961],[-0.529082383173037,51.3478641506918],[-0.529567495549956,51.3476481973402],[-0.532564803264575,51.347815298939],[-0.534048721050098,51.3474832073539],[-0.534441481362089,51.3476824039455],[-0.535000162709464,51.3473638724203],[-0.535860876848112,51.34739441933],[-0.535830933506672,51.3468886260156],[-0.537789686801056,51.3464337626292],[-0.541164041964199,51.3472537692499],[-0.541950315207437,51.347182655883],[-0.542201505785435,51.3474564715121],[-0.543704911525906,51.3471423760603],[-0.544902588454874,51.3478641491968],[-0.546173257481401,51.3475975627038],[-0.548549357282802,51.3480208961692],[-0.548491682088978,51.3491640577901],[-0.551238415737779,51.3532707680193],[-0.550025089977257,51.3542637882118],[-0.550784851330011,51.3565401724152],[-0.555233930841177,51.3619357322301],[-0.560355001964915,51.3620149509905],[-0.569624549913198,51.3603371726363],[-0.569873840284509,51.3605731247859],[-0.558608908332538,51.3651441345107],[-0.555031972857902,51.3673854378845],[-0.542004570960048,51.3732354755449],[-0.535732247372665,51.3764821771742],[-0.533761653203451,51.3750492516005],[-0.532050768430244,51.3749651083079],[-0.531219625134183,51.3744319741012],[-0.530083200985327,51.3747822419271],[-0.529134080824026,51.3744938373585],[-0.527976086633881,51.3747576850119],[-0.5268230279601,51.3741912140434],[-0.525846632329473,51.3745411496377],[-0.52548998160044,51.3741262121379],[-0.526014783826772,51.3732112961],[-0.525719378853018,51.3722974885429],[-0.524117710654926,51.3720642619004],[-0.509064701427145,51.3749558845799]]],[[[-0.510265959008769,51.4293448334163],[-0.50973475096613,51.4267625889622],[-0.509820656585471,51.42447646086],[-0.512875153715052,51.4190024259825],[-0.512595809545317,51.4173766635944],[-0.511218058886716,51.4168880094817],[-0.507685372154619,51.4173925332584],[-0.506370640488364,51.4173109662463],[-0.502680977720826,51.4158862733977],[-0.501736344706764,51.415044165963],[-0.501656862289535,51.4143965995488],[-0.50373652602079,51.4113963781247],[-0.503243971179363,51.4108028693578],[-0.500878606914761,51.4106035506367],[-0.500272218574669,51.4109199675826],[-0.500021069074866,51.4113879560327],[-0.500800477405092,51.4132760268762],[-0.499771924327363,51.4140793199733],[-0.498115391332002,51.4140760777087],[-0.494568378013195,51.4129155447769],[-0.493203011998266,51.4118872632297],[-0.492517272332422,51.410308363684],[-0.493086861671075,51.4059462248144],[-0.491169445479281,51.4032507707413],[-0.491946737590459,51.4004695081498],[-0.491763228231223,51.3994941698621],[-0.491082268753176,51.3987381622516],[-0.487862905435743,51.3967551976616],[-0.486892834628717,51.3955259810304],[-0.486485868780938,51.394087541767],[-0.496124473945203,51.3953311170213],[-0.510422918398929,51.3985414015737],[-0.521419587291799,51.400454559982],[-0.52845395824133,51.4010435412269],[-0.537447241326463,51.4006903639705],[-0.544494563004981,51.3996380020456],[-0.548798045360843,51.3985270473238],[-0.548321262457588,51.3996620777651],[-0.547963555166839,51.3995865826865],[-0.547738453540301,51.4001566152074],[-0.54665692859956,51.4006270236906],[-0.548447427748124,51.4019683772909],[-0.54862099959504,51.4036610394785],[-0.547811553594906,51.4040268631742],[-0.547367956686044,51.4049601540908],[-0.548223091656509,51.4051065927546],[-0.549381538984877,51.4066640278665],[-0.546090412907081,51.4067122105011],[-0.545205948785219,51.4094861427755],[-0.54793012141094,51.4117257579228],[-0.548559266500661,51.4139744184587],[-0.547071905219555,51.4151223054067],[-0.544550988170438,51.4144444724877],[-0.540399549771047,51.4143064284778],[-0.539585848237197,51.4197237163969],[-0.540639795435277,51.4252778724018],[-0.537857459494478,51.4257395763764],[-0.534828695363155,51.4258048057612],[-0.532655058260514,51.4245617301944],[-0.530585811799723,51.4258940490315],[-0.525237382710957,51.4229084684933],[-0.521770567831449,51.4214512426075],[-0.513197917712498,51.4288209132006],[-0.511816065077548,51.429600949924],[-0.511359882814886,51.4291635532803],[-0.510265959008769,51.4293448334163]]],[[[-0.540639795435277,51.4252778724018],[-0.539585848237197,51.4197237163969],[-0.540399549771047,51.4143064284778],[-0.544550988170438,51.4144444724877],[-0.547071905219555,51.4151223054067],[-0.548559266500661,51.4139744184587],[-0.54793012141094,51.4117257579228],[-0.545205948785219,51.4094861427755],[-0.546090412907081,51.4067122105011],[-0.549381538984877,51.4066640278665],[-0.548223091656509,51.4051065927546],[-0.547367956686044,51.4049601540908],[-0.547811553594906,51.4040268631742],[-0.54862099959504,51.4036610394785],[-0.548447427748124,51.4019683772909],[-0.54665692859956,51.4006270236906],[-0.547738453540301,51.4001566152074],[-0.547963555166839,51.3995865826865],[-0.548321262457588,51.3996620777651],[-0.548798045360843,51.3985270473238],[-0.552141874673677,51.397237428231],[-0.559250657399317,51.3936058240573],[-0.565840523323902,51.3907686051889],[-0.577907324721729,51.3867705479766],[-0.578079450656726,51.3874383021581],[-0.583759741578297,51.3859594306556],[-0.588860234924215,51.3853001467828],[-0.593305411180736,51.3852073651839],[-0.597700820022621,51.3854990064764],[-0.598059804392752,51.3862796468414],[-0.603048952922012,51.3872511399874],[-0.604246347715553,51.3880954099586],[-0.605991380093752,51.3883715741177],[-0.607246734195927,51.3896769110647],[-0.608945935521765,51.3898411601954],[-0.616499481289591,51.3924078519014],[-0.618495201013367,51.3923882525157],[-0.619634818010671,51.3928242838042],[-0.615419668060326,51.3963759219179],[-0.615583992428196,51.396739431278],[-0.616586374887706,51.3970137779858],[-0.615608371875254,51.3976478609533],[-0.615017162931568,51.3970393674977],[-0.614520614965814,51.3973940715766],[-0.615792211525981,51.3987003933607],[-0.616474593152087,51.3982875597674],[-0.617212197200815,51.39875942328],[-0.618099814213749,51.3986431480806],[-0.618368608441881,51.3990257740553],[-0.614384422252253,51.4030926667427],[-0.611295841418001,51.4087086451313],[-0.608501160957111,51.4120106623323],[-0.606682973914111,51.4141112518965],[-0.605154731170322,51.4173600237797],[-0.604956227393237,51.4213807552077],[-0.591177507471289,51.4194613868078],[-0.590673280008044,51.4188366405656],[-0.59151662152543,51.4182532868924],[-0.591680638687479,51.4173137615227],[-0.590851138049179,51.4164162179566],[-0.588501040066339,51.4172170281325],[-0.584469792743062,51.4179677166778],[-0.577632885685226,51.4187553230538],[-0.57624231473543,51.41814761015],[-0.571309139399674,51.4170471198772],[-0.570741948100036,51.4176651646607],[-0.568639672590491,51.4161808926945],[-0.567110334517789,51.4156046490191],[-0.563686159971328,51.4188692313117],[-0.562620128646619,51.4189721224392],[-0.560580484165372,51.4170568907346],[-0.559394134206766,51.4165522783478],[-0.559857511543731,51.4142982348539],[-0.556289188083715,51.4153675077129],[-0.55580133186981,51.4171617695015],[-0.556372938081267,51.4186012403678],[-0.554347220271689,51.4196302137381],[-0.554547753904765,51.419885389423],[-0.554008980239439,51.4204137186106],[-0.552526450613201,51.4208163061209],[-0.549593283285334,51.4248557624452],[-0.547470662573794,51.4263172600348],[-0.54556802979755,51.4244700197527],[-0.540639795435277,51.4252778724018]]],[[[-0.50040514350389,51.3633785541104],[-0.495099921849518,51.3580746581034],[-0.495471171668749,51.3578202472573],[-0.495417286690699,51.3567162249383],[-0.49620519010439,51.35650206151],[-0.496012293660603,51.3561190530641],[-0.496820751096837,51.3559508554183],[-0.497790236414579,51.3540213471708],[-0.498290768572785,51.3542304886619],[-0.499354598370466,51.3536903747213],[-0.500120574823375,51.3537964574404],[-0.501786902084524,51.352211791642],[-0.502446296328469,51.352471951993],[-0.502768061033884,51.352135807747],[-0.503598780386826,51.3523326361777],[-0.505321093476436,51.3512166055165],[-0.505595185957754,51.3515321494581],[-0.50611765422529,51.3513498015455],[-0.504861510563955,51.3499654960118],[-0.504405020250882,51.3501319972891],[-0.50367950034181,51.34930899846],[-0.504065076163532,51.3490891688066],[-0.499127497252216,51.3436930051598],[-0.502409031743222,51.3425194934635],[-0.507447394180347,51.3413645010579],[-0.511700336997779,51.3398711029673],[-0.515625226017991,51.3388579985646],[-0.516079965316535,51.3393143515226],[-0.517796743551925,51.3410181621619],[-0.518291655728455,51.3406971015742],[-0.519329555221767,51.3417043696621],[-0.517904484266448,51.3425748056751],[-0.518843729140386,51.3437728500182],[-0.520202399775845,51.3431785456982],[-0.520767109553058,51.344951818472],[-0.523125297154651,51.3438197754588],[-0.524196094440256,51.3451007099605],[-0.530359276572866,51.3455608622074],[-0.533444900327759,51.3465592832682],[-0.534048721050098,51.3474832073539],[-0.532564803264575,51.347815298939],[-0.529567495549956,51.3476481973402],[-0.529082383173037,51.3478641506918],[-0.527723341224042,51.3473012663961],[-0.526063686647677,51.3473378990823],[-0.524671079126938,51.3479552165443],[-0.523245611577954,51.3480316220266],[-0.521582036817228,51.3489916862833],[-0.521795791098112,51.3491302275846],[-0.520991123970955,51.3497711127195],[-0.520491004533556,51.3497818678692],[-0.520016841594082,51.350505139759],[-0.519308306026865,51.3507003341382],[-0.519208411906941,51.3514382246574],[-0.519719046200031,51.3514581738851],[-0.519680220466856,51.3518182698012],[-0.518992360795043,51.3525730791429],[-0.518013614837548,51.3527305912485],[-0.517504094680184,51.3534804583986],[-0.518579654256917,51.3540633323024],[-0.519623792613349,51.35361518897],[-0.521162801624377,51.3536292649268],[-0.521599576667551,51.3541608803063],[-0.517706317140396,51.354825582562],[-0.518572070127727,51.3559012333033],[-0.519704768308006,51.3564515572562],[-0.520265800016146,51.3574496210141],[-0.51991871029626,51.3585936053466],[-0.520275264333476,51.3606375584858],[-0.517991278465159,51.3609575308426],[-0.518168552416838,51.362701883143],[-0.515368141023717,51.3621788543888],[-0.513980186525765,51.3627906958557],[-0.514359643981196,51.3635341408451],[-0.513840685272634,51.363882092748],[-0.512951299934084,51.363310752953],[-0.509516992842346,51.3624190255704],[-0.50811602361562,51.3624794660741],[-0.506865425063777,51.3633951291741],[-0.506414269958138,51.3650171129135],[-0.503369310912487,51.366135015076],[-0.50040514350389,51.3633785541104]]],[[[-0.704061973812631,51.2461893916447],[-0.705140209245407,51.245754461349],[-0.705624510988953,51.2423364691233],[-0.70423970427254,51.2396171298893],[-0.702860109137602,51.2382413379833],[-0.702300544823233,51.2384284080301],[-0.699835922648027,51.2361968030451],[-0.701299964901982,51.2356353217552],[-0.704090622796854,51.2352688230042],[-0.712055710241461,51.2360805452122],[-0.712195154211794,51.2368805448836],[-0.718138452294316,51.2376022720527],[-0.720612189107466,51.2368353849344],[-0.725628238462878,51.237057348183],[-0.730576903056427,51.2376516184859],[-0.73035008127609,51.2381374775725],[-0.735786072535465,51.237680163777],[-0.735899696423158,51.2388630014761],[-0.736527366290403,51.2389614776227],[-0.738182969007738,51.2401249983635],[-0.738498191278421,51.2411175391613],[-0.738085619476202,51.2417416511154],[-0.73595368958068,51.2418004379284],[-0.735461106031216,51.2423643425081],[-0.733265973010606,51.243418722484],[-0.728962837880491,51.2443342038427],[-0.724681752170542,51.2459449369495],[-0.719167012764382,51.2469798851522],[-0.718292140372075,51.2493272093778],[-0.718322358734375,51.2517976736145],[-0.717329320179429,51.2518498040764],[-0.714098772872313,51.2502298478407],[-0.704061973812631,51.2461893916447]]],[[[-0.701909285488476,51.2683708605752],[-0.715866366588412,51.2672490549868],[-0.716943898809776,51.264301296353],[-0.717223563959849,51.2609700744353],[-0.71808451975475,51.2596212938904],[-0.718962771281504,51.2595972470128],[-0.719173907931638,51.260019527538],[-0.719883628848847,51.2599823332032],[-0.719790079486609,51.2604255580505],[-0.72038496431181,51.2610260482392],[-0.721614873163001,51.2609911086115],[-0.72042029959241,51.2584140506272],[-0.720928907894542,51.2573194358429],[-0.722581239128143,51.2560303577375],[-0.724512182359235,51.2552285802195],[-0.730489797425043,51.2548997693372],[-0.730534588134592,51.2553543378005],[-0.729557137548888,51.2557223815161],[-0.729395983321254,51.2564211281742],[-0.730287285749707,51.2569424260763],[-0.73039864813878,51.2573780298064],[-0.732437254483127,51.2576600410869],[-0.733300634776546,51.2597214722293],[-0.733705216979199,51.260126909083],[-0.733231130389057,51.2611614103049],[-0.731990515166247,51.2621335707984],[-0.7325818489935,51.2627272243458],[-0.732668909336577,51.2636283639545],[-0.73156193250115,51.2642755318846],[-0.731245692194439,51.2659789057457],[-0.731633239888027,51.2667907043195],[-0.731485651599116,51.268304416679],[-0.730900663494478,51.2685183345399],[-0.730138181840618,51.2699732322116],[-0.730358388640343,51.2715071183781],[-0.731154201534102,51.2724357280483],[-0.73041363935339,51.273460948513],[-0.731552495249318,51.2744804829742],[-0.731404888776457,51.2749483549435],[-0.732216917233626,51.2756594731639],[-0.732312649269605,51.2764509090589],[-0.733069747602906,51.2767612626415],[-0.732944385020429,51.2773570197996],[-0.733383053856487,51.2773572740366],[-0.733480153986168,51.2777900245058],[-0.732824647880948,51.2781650906483],[-0.732940468508429,51.2791680982584],[-0.731595944698618,51.2798850809456],[-0.73173532918931,51.2802386502079],[-0.731069933388112,51.2803469890341],[-0.729830769869969,51.280021950372],[-0.728276551819889,51.2804893136915],[-0.723923020075765,51.2800881422807],[-0.720224350191838,51.2792849969277],[-0.719281441107449,51.2805048521815],[-0.718934173451174,51.2804120243412],[-0.715618125217476,51.2820710902383],[-0.709569509300034,51.2824448506779],[-0.706547578639602,51.2833232379151],[-0.706708807743463,51.2814968520042],[-0.712137682357287,51.2794867483872],[-0.707945190415058,51.2759585238461],[-0.704597909384276,51.2745185195792],[-0.702409263013837,51.270983422909],[-0.701909285488476,51.2683708605752]]],[[[-0.704061973812631,51.2461893916447],[-0.714098772872313,51.2502298478407],[-0.717329320179429,51.2518498040764],[-0.718322358734375,51.2517976736145],[-0.718292140372075,51.2493272093778],[-0.719167012764382,51.2469798851522],[-0.724681752170542,51.2459449369495],[-0.728962837880491,51.2443342038427],[-0.733265973010606,51.243418722484],[-0.735461106031216,51.2423643425081],[-0.73595368958068,51.2418004379284],[-0.738085619476202,51.2417416511154],[-0.737386905534515,51.2424058224885],[-0.736528162669726,51.2450905775362],[-0.735203490513086,51.2455879543087],[-0.734681823887734,51.2465849313934],[-0.736103986186831,51.2487458727216],[-0.735740616411589,51.2494028672591],[-0.734464183486071,51.2505904454193],[-0.732814131679466,51.250881923018],[-0.730695469485681,51.2519560824179],[-0.731155216192888,51.2534744408055],[-0.730489797425043,51.2548997693372],[-0.724512182359235,51.2552285802195],[-0.722581239128143,51.2560303577375],[-0.720928907894542,51.2573194358429],[-0.72042029959241,51.2584140506272],[-0.721614873163001,51.2609911086115],[-0.72038496431181,51.2610260482392],[-0.719790079486609,51.2604255580505],[-0.719883628848847,51.2599823332032],[-0.719173907931638,51.260019527538],[-0.718962771281504,51.2595972470128],[-0.71808451975475,51.2596212938904],[-0.717223563959849,51.2609700744353],[-0.716943898809776,51.264301296353],[-0.715866366588412,51.2672490549868],[-0.701909285488476,51.2683708605752],[-0.70249691240226,51.2655212891505],[-0.705743829527375,51.2568694212569],[-0.704492483343755,51.2501921327528],[-0.704245129443568,51.249560835276],[-0.703616477622843,51.2495493719997],[-0.704061973812631,51.2461893916447]]],[[[-0.555255267078937,51.2639324792301],[-0.554335814361307,51.2606658206432],[-0.556764700260013,51.2587569699891],[-0.558309014285144,51.2583649534675],[-0.556395617702328,51.2573638618306],[-0.555549815646539,51.2576007565453],[-0.558815486422929,51.2544566112789],[-0.562893945251667,51.2512639206725],[-0.565264401538802,51.249938626345],[-0.568675100580562,51.2490972936286],[-0.571360024637279,51.2490464942049],[-0.577998009189497,51.2496830522375],[-0.581301304369814,51.2493418659045],[-0.584231243805146,51.2485149269353],[-0.58417031354677,51.2536324400395],[-0.584038596162882,51.2655268194005],[-0.573039627905545,51.2613205155043],[-0.571629385215344,51.2634435845876],[-0.564569887872028,51.2631306342693],[-0.564441167187523,51.2635337884726],[-0.563535969521457,51.2637896960383],[-0.563717321448397,51.2643189170287],[-0.562457770374936,51.2646739470032],[-0.561394338398707,51.263564734398],[-0.560393130611235,51.2642340607288],[-0.558298884613502,51.2632721683169],[-0.557338109700387,51.2632864098692],[-0.555255267078937,51.2639324792301]]],[[[-0.535389738325988,51.2667592455197],[-0.534510160820271,51.2645791942922],[-0.534064830791465,51.2645205804089],[-0.534485483415437,51.2642254841041],[-0.534401639876306,51.2632127786515],[-0.530961208510914,51.2622398497685],[-0.527872045591364,51.2601444268974],[-0.525636465207901,51.2590597252068],[-0.533040300246308,51.2574421661411],[-0.538516758795643,51.2553947192147],[-0.542104466643336,51.2535141155027],[-0.551985072412087,51.2473060520682],[-0.55392144476552,51.2489183311495],[-0.559409161372041,51.2513964158443],[-0.562893945251667,51.2512639206725],[-0.558815486422929,51.2544566112789],[-0.555549815646539,51.2576007565453],[-0.556395617702328,51.2573638618306],[-0.558309014285144,51.2583649534675],[-0.556764700260013,51.2587569699891],[-0.554335814361307,51.2606658206432],[-0.555255267078937,51.2639324792301],[-0.552997019324701,51.2650062520795],[-0.550731194788179,51.2669529959212],[-0.547709745729172,51.2656745332279],[-0.544369609523115,51.2655035653552],[-0.541504798818833,51.266300548567],[-0.537445766202498,51.26841443055],[-0.535389738325988,51.2667592455197]]],[[[-0.551985072412087,51.2473060520682],[-0.548480979164659,51.2443004680918],[-0.546358555332557,51.2414299161387],[-0.545204267297987,51.2392375021779],[-0.546578336545095,51.2389140146575],[-0.544460909127613,51.236690935502],[-0.542954750837433,51.2373906774773],[-0.535346495171594,51.2381123844828],[-0.534939326318305,51.2375362751755],[-0.528262526039514,51.2373933121655],[-0.527126618496812,51.2368493715948],[-0.525180985712329,51.2365452382454],[-0.52499509534377,51.2346077677162],[-0.526049526202034,51.2329889247143],[-0.526726335066111,51.2319804003144],[-0.529198207366241,51.2317677394864],[-0.52959971248959,51.2271218299709],[-0.533339227539125,51.2250060110618],[-0.533512283078856,51.2242905937859],[-0.534712141856377,51.2240286326612],[-0.534746689456936,51.2224014214744],[-0.537290403413864,51.2221175680339],[-0.535304557996677,51.2183140704058],[-0.537741611224584,51.21696230684],[-0.540315406539004,51.2153101243155],[-0.543148627224588,51.2165935899444],[-0.543899453933896,51.2165759577306],[-0.544352597798132,51.2162380821949],[-0.54493479612808,51.2165285935326],[-0.545768585341934,51.2163320902242],[-0.546984652702789,51.2165927035631],[-0.547389765467527,51.2172326046534],[-0.548549359676899,51.2173341840208],[-0.549842684468721,51.2170498521764],[-0.552172528162721,51.2170903599499],[-0.555960141021456,51.2161668031488],[-0.557865374523475,51.2161857682713],[-0.558878920002777,51.2155993277417],[-0.559607423601019,51.2156532340695],[-0.562308433276853,51.2163707117288],[-0.564504936435344,51.2175702739957],[-0.566115938673957,51.2178426975287],[-0.569039476862831,51.2198899916116],[-0.569490195240276,51.2217056857844],[-0.573449564942937,51.2226370140879],[-0.574436945089141,51.2234961390137],[-0.575188807755944,51.2223389403892],[-0.57600722605033,51.222406421714],[-0.57626281636497,51.2229437026074],[-0.575392068081643,51.2232208863553],[-0.577021354850991,51.2239312772531],[-0.576966984169891,51.2250475142231],[-0.57662211190726,51.2259649642661],[-0.576975507749399,51.2266284797388],[-0.575744409358713,51.2289299342531],[-0.574933519092942,51.2297239472522],[-0.57261265901147,51.2307155098338],[-0.573119426289423,51.2314635209032],[-0.573866997559974,51.2315625181396],[-0.574607491774059,51.2322577200691],[-0.578372261878394,51.2365172476682],[-0.5772603583329,51.2368085973169],[-0.576930624501766,51.2362344715051],[-0.576239898478716,51.2360340937371],[-0.571718928897965,51.2370523200411],[-0.570064636642362,51.2364670006968],[-0.566377215522794,51.2377467063107],[-0.560889907644249,51.2439371301744],[-0.55518890080676,51.2471401304546],[-0.554249630123363,51.2479584079672],[-0.55392144476552,51.2489183311495],[-0.551985072412087,51.2473060520682]]],[[[-0.405325653826221,51.2949056307402],[-0.409168819727133,51.2946065844611],[-0.414430106573833,51.293490734215],[-0.418059033719172,51.291943709346],[-0.419783473539462,51.2908383254501],[-0.423741104711883,51.2874035061316],[-0.423531386528001,51.2859897332534],[-0.423048342653154,51.2859832283859],[-0.422926957368349,51.2852567843554],[-0.423434255863297,51.285015418699],[-0.42360091498231,51.2780160583674],[-0.421590136757619,51.2752942195473],[-0.420676804326994,51.2732685308071],[-0.420733125458157,51.2718308210403],[-0.421175063126168,51.2712756384799],[-0.419231158402314,51.2697296421839],[-0.417239263389369,51.2674021286333],[-0.416244526260174,51.2645478816404],[-0.418110409673637,51.260767398271],[-0.418037336009133,51.2595936719247],[-0.417266489969631,51.2587151866025],[-0.41760599986056,51.2581769790337],[-0.417429163781385,51.2566154393017],[-0.416625017059166,51.2547096291913],[-0.417865480509277,51.2526383018097],[-0.419597056864203,51.2513271783838],[-0.419773236075346,51.2488206107553],[-0.421338029985589,51.246678818205],[-0.422014010429946,51.2466416202641],[-0.422196795162405,51.2463287127571],[-0.421533899163011,51.2449832024906],[-0.421038133417167,51.2419289149675],[-0.420327186325849,51.240683734769],[-0.421105747441286,51.2395670540211],[-0.425549157944665,51.2411443721933],[-0.427128612158509,51.2410388453876],[-0.429338971389474,51.2404119787903],[-0.432598903857584,51.240855010877],[-0.433812746620553,51.2407147403546],[-0.434648247892369,51.2399058415905],[-0.436883121657414,51.2370301138863],[-0.438955653595391,51.2357682336213],[-0.440362954317223,51.2354102174118],[-0.443818744093219,51.235813203078],[-0.445846896388026,51.2373491308614],[-0.452308755911143,51.2375291365],[-0.454107746307248,51.2400142098548],[-0.453824999358814,51.2414834987874],[-0.454748770115959,51.2419650688829],[-0.456119162645684,51.2420272024595],[-0.456422624989676,51.2423342590218],[-0.456897132658997,51.2422811808826],[-0.457019224709518,51.2419293911505],[-0.459305546330783,51.2413794653711],[-0.46413621821456,51.2408656030252],[-0.46556797359748,51.2411065241667],[-0.470460915301357,51.2406174891238],[-0.471907693444235,51.2407515477208],[-0.474074951907234,51.2403265381306],[-0.474235831668762,51.240530103189],[-0.480073700211894,51.2400511795865],[-0.479962005699149,51.2397880272919],[-0.481979768299605,51.2402917644491],[-0.48676371464104,51.2400569383331],[-0.491516877274439,51.2408529513811],[-0.502862706507205,51.2401172805412],[-0.503393091286423,51.2399307694984],[-0.504105894870336,51.2382708693829],[-0.503695897157101,51.2376595248232],[-0.505004936728739,51.236919905488],[-0.507780161733364,51.2367277556754],[-0.509681491305357,51.2371162344826],[-0.508532773514151,51.2411860272526],[-0.508494448161107,51.2438814271789],[-0.510574244338039,51.2484724280241],[-0.516587206608966,51.2475180036286],[-0.51928428603673,51.2476609116347],[-0.521876731024331,51.2472233069718],[-0.52457624155707,51.2472001823455],[-0.525295038065428,51.2477091809618],[-0.526203262721227,51.2496687345811],[-0.526518724323726,51.252129426122],[-0.526100524447541,51.2532428507265],[-0.526136872009856,51.2560076198941],[-0.525756389819094,51.2569686317808],[-0.524257852080079,51.2579398447203],[-0.525636465207901,51.2590597252068],[-0.527872045591364,51.2601444268974],[-0.530961208510914,51.2622398497685],[-0.534401639876306,51.2632127786515],[-0.534485483415437,51.2642254841041],[-0.534064830791465,51.2645205804089],[-0.534510160820271,51.2645791942922],[-0.535389738325988,51.2667592455197],[-0.532367437445932,51.2678148745264],[-0.530010752387915,51.2690749502767],[-0.523119418894293,51.2754017479194],[-0.520369083841884,51.276580134553],[-0.509210577322884,51.279583528379],[-0.504246169750827,51.2820256498236],[-0.499283333044898,51.2849764813067],[-0.497469140271236,51.2843624446187],[-0.497461672369508,51.2838444419868],[-0.495776746166911,51.2823076015801],[-0.495429541523419,51.2805100237431],[-0.497074046642651,51.2784943557177],[-0.497290183624696,51.2771842407099],[-0.496605267384195,51.2741818253071],[-0.493085540759846,51.2742005968351],[-0.49184174882207,51.2721208278163],[-0.487570410151693,51.2723036649436],[-0.473213022675484,51.2718014316349],[-0.47314638506487,51.2705590441363],[-0.466256148728137,51.2714990363834],[-0.466169890389298,51.2728827349799],[-0.46373957647521,51.2765037097917],[-0.463373795157937,51.2814943111586],[-0.460116180581499,51.2844055547981],[-0.458321638857275,51.2854970677445],[-0.449083694284357,51.2886474777979],[-0.448214971651284,51.2894435453306],[-0.447178070129102,51.2888479625477],[-0.446509635473447,51.2876637345519],[-0.441904814138812,51.2851223663995],[-0.43986752274296,51.2834163410548],[-0.431275157888734,51.2868733837488],[-0.424657695176159,51.2882764408768],[-0.424785780822508,51.2898132214268],[-0.42443659083915,51.2900864071964],[-0.425051371139964,51.2919867309037],[-0.42476030862064,51.2943721116879],[-0.415343227769061,51.3003574107989],[-0.412427871390008,51.3024941497415],[-0.411794022517203,51.3035664314606],[-0.409393239988242,51.3030914437105],[-0.408577410478131,51.3023303170894],[-0.405397951513902,51.2970066414964],[-0.405325653826221,51.2949056307402]]],[[[-0.394673936787088,51.297970581461],[-0.396119777460405,51.296407771828],[-0.395730852034372,51.2960436357647],[-0.396103247506758,51.2957708632358],[-0.396028044195326,51.2947185879633],[-0.394560291702454,51.2918532145937],[-0.394506776151596,51.2906753152582],[-0.395446621816552,51.2868469635693],[-0.396099819376882,51.2860447722012],[-0.397085108167116,51.2857574595747],[-0.39737625212081,51.2796419422726],[-0.397214718814098,51.2788042783939],[-0.396041615165892,51.2786488662563],[-0.394810431307451,51.2764530532714],[-0.394665513553035,51.2769105522709],[-0.393474179989832,51.2769472523061],[-0.392615295105415,51.276457997196],[-0.392945949496522,51.2763491707757],[-0.392047936109476,51.275213703138],[-0.393555495125252,51.2745347864753],[-0.392852530393277,51.2737247471004],[-0.393431813373475,51.2725330546486],[-0.392111609201094,51.2712532545022],[-0.390228762842348,51.2714746979207],[-0.390373901305227,51.2703994051662],[-0.389138964670695,51.2691459141839],[-0.388598098862973,51.2669505096573],[-0.38726988530786,51.2653368208865],[-0.387124037906654,51.26487618276],[-0.389980149852514,51.2647293491882],[-0.390673270406119,51.2624458040969],[-0.390062375101734,51.2574068845004],[-0.389274244826868,51.2559285003392],[-0.391570118510397,51.2564627039175],[-0.392176904612083,51.2550898020956],[-0.394348567727645,51.2553191887241],[-0.394459712986442,51.2550896681826],[-0.394864777187763,51.2521842297399],[-0.395939890408513,51.2505659153154],[-0.395493293839371,51.2469699798289],[-0.39573118997939,51.2437952577558],[-0.396774558467077,51.2436611259674],[-0.396572850261862,51.242126907044],[-0.397342528627006,51.2410053281448],[-0.396963682669025,51.2378886761063],[-0.397353726607919,51.2376700737393],[-0.402015654171769,51.236001868759],[-0.410854390707787,51.2351632664539],[-0.415912236026192,51.2366331403766],[-0.41863741040856,51.2384891972622],[-0.421105747441286,51.2395670540211],[-0.420327186325849,51.240683734769],[-0.421038133417167,51.2419289149675],[-0.421533899163011,51.2449832024906],[-0.422196795162405,51.2463287127571],[-0.422014010429946,51.2466416202641],[-0.421338029985589,51.246678818205],[-0.419773236075346,51.2488206107553],[-0.419597056864203,51.2513271783838],[-0.417865480509277,51.2526383018097],[-0.416625017059166,51.2547096291913],[-0.417429163781385,51.2566154393017],[-0.41760599986056,51.2581769790337],[-0.417266489969631,51.2587151866025],[-0.418037336009133,51.2595936719247],[-0.418110409673637,51.260767398271],[-0.416244526260174,51.2645478816404],[-0.417239263389369,51.2674021286333],[-0.419231158402314,51.2697296421839],[-0.421175063126168,51.2712756384799],[-0.420733125458157,51.2718308210403],[-0.420676804326994,51.2732685308071],[-0.421590136757619,51.2752942195473],[-0.42360091498231,51.2780160583674],[-0.423434255863297,51.285015418699],[-0.422926957368349,51.2852567843554],[-0.423048342653154,51.2859832283859],[-0.423531386528001,51.2859897332534],[-0.423741104711883,51.2874035061316],[-0.419783473539462,51.2908383254501],[-0.418059033719172,51.291943709346],[-0.414430106573833,51.293490734215],[-0.409168819727133,51.2946065844611],[-0.405325653826221,51.2949056307402],[-0.403929878932674,51.2948769309388],[-0.402291308697454,51.2965451743212],[-0.399880007966166,51.2974573781704],[-0.397593636797615,51.2980735800737],[-0.394673936787088,51.297970581461]]],[[[-0.509681491305357,51.2371162344826],[-0.51441925719725,51.2355001606716],[-0.526049526202034,51.2329889247143],[-0.52499509534377,51.2346077677162],[-0.525180985712329,51.2365452382454],[-0.527126618496812,51.2368493715948],[-0.528262526039514,51.2373933121655],[-0.534939326318305,51.2375362751755],[-0.535346495171594,51.2381123844828],[-0.542954750837433,51.2373906774773],[-0.544460909127613,51.236690935502],[-0.546578336545095,51.2389140146575],[-0.545204267297987,51.2392375021779],[-0.546358555332557,51.2414299161387],[-0.548480979164659,51.2443004680918],[-0.551985072412087,51.2473060520682],[-0.542104466643336,51.2535141155027],[-0.538516758795643,51.2553947192147],[-0.533040300246308,51.2574421661411],[-0.525636465207901,51.2590597252068],[-0.524257852080079,51.2579398447203],[-0.525756389819094,51.2569686317808],[-0.526136872009856,51.2560076198941],[-0.526100524447541,51.2532428507265],[-0.526518724323726,51.252129426122],[-0.526203262721227,51.2496687345811],[-0.525295038065428,51.2477091809618],[-0.52457624155707,51.2472001823455],[-0.521876731024331,51.2472233069718],[-0.51928428603673,51.2476609116347],[-0.516587206608966,51.2475180036286],[-0.510574244338039,51.2484724280241],[-0.508494448161107,51.2438814271789],[-0.508532773514151,51.2411860272526],[-0.509681491305357,51.2371162344826]]],[[[-0.646806837272302,51.3118858298941],[-0.649961674973826,51.3085713121345],[-0.648628929886173,51.3072025090686],[-0.647890639256157,51.3043550605577],[-0.642046510981718,51.3000267999398],[-0.641148313254652,51.2995954625457],[-0.640810007824081,51.299733666166],[-0.633525804351002,51.2943665643369],[-0.624899398706897,51.2872243370121],[-0.622227374135529,51.2858448497402],[-0.618602944921064,51.2830396581109],[-0.620889272873488,51.2817266645263],[-0.621035567288441,51.281294079841],[-0.623160410426896,51.2806931167939],[-0.623351759868187,51.2794609524172],[-0.624111274529696,51.2795661073258],[-0.62446345856591,51.279319714086],[-0.624589675082152,51.278481737368],[-0.623990834940174,51.2774764475657],[-0.624312862039248,51.2771286464259],[-0.624780525000333,51.2769776277003],[-0.6261215622936,51.2772982347263],[-0.625796868539671,51.2778960347697],[-0.626355672501995,51.2779556377921],[-0.626711720619425,51.2787106655782],[-0.628187225034049,51.2784195271317],[-0.62904962223781,51.2787813255758],[-0.63204466118887,51.2780124009733],[-0.633119290250369,51.2770214026539],[-0.63242321602397,51.2751153621666],[-0.63137578257812,51.2748054590296],[-0.6304359259712,51.273697452417],[-0.630342835626425,51.2728249783999],[-0.632559960104131,51.2709130038226],[-0.63313477904083,51.2685429719866],[-0.634098268637272,51.2686333595054],[-0.635794674005927,51.2680204761323],[-0.636121096711715,51.2682825046925],[-0.636723902190171,51.2681600362799],[-0.639011355809542,51.2687064399837],[-0.639590453715589,51.268435033094],[-0.640171185415159,51.268538949174],[-0.640385372841009,51.2681838379389],[-0.642602547465282,51.2678519541464],[-0.643127623590799,51.2672862940824],[-0.644481971863476,51.266913961411],[-0.644086563762087,51.2661016632005],[-0.644312646228467,51.2653099654056],[-0.647666684458377,51.2638440468837],[-0.654656983156531,51.259350183911],[-0.651984707709833,51.2588140392661],[-0.651795978892804,51.2580134998387],[-0.65072364547646,51.257986029975],[-0.650302159899612,51.2560987426022],[-0.648637998623492,51.2559428105907],[-0.648411351297497,51.2556190090562],[-0.649175732286913,51.2551640877087],[-0.648618571012935,51.2537341202205],[-0.649831407911518,51.2535206103515],[-0.649294512071198,51.252039531669],[-0.649907150427481,51.2519153110179],[-0.649501664262984,51.2508164973632],[-0.651541043423829,51.2508049510418],[-0.654008257181577,51.2512074569678],[-0.653233837699002,51.2475632497434],[-0.650634764529273,51.2434421813351],[-0.654387719670385,51.2422103651315],[-0.665948393984153,51.2420910172701],[-0.682677025050454,51.2380004126986],[-0.690321633914839,51.238481923671],[-0.690117110881792,51.2380147765312],[-0.693562498714263,51.2371504895705],[-0.695557757143654,51.2354345229273],[-0.697815158926007,51.2352906796134],[-0.699835922648027,51.2361968030451],[-0.702300544823233,51.2384284080301],[-0.702860109137602,51.2382413379833],[-0.70423970427254,51.2396171298893],[-0.705624510988953,51.2423364691233],[-0.705140209245407,51.245754461349],[-0.704061973812631,51.2461893916447],[-0.703616477622843,51.2495493719997],[-0.704245129443568,51.249560835276],[-0.704492483343755,51.2501921327528],[-0.705743829527375,51.2568694212569],[-0.70249691240226,51.2655212891505],[-0.701909285488476,51.2683708605752],[-0.702409263013837,51.270983422909],[-0.704597909384276,51.2745185195792],[-0.707945190415058,51.2759585238461],[-0.712137682357287,51.2794867483872],[-0.706708807743463,51.2814968520042],[-0.706547578639602,51.2833232379151],[-0.703827080547256,51.2840387113735],[-0.697753757994484,51.2887750741689],[-0.700509260487376,51.2914449688927],[-0.699935276733495,51.2978427269481],[-0.698758042616529,51.2993106521373],[-0.697630273886549,51.3000318692851],[-0.694600016580688,51.3046380736461],[-0.687504413468527,51.3138134768966],[-0.675294670965659,51.3155212661538],[-0.672716725264428,51.3164461748256],[-0.67136139494148,51.317365126661],[-0.646806837272302,51.3118858298941]]],[[[-0.583110501396503,51.2415452105172],[-0.580427118231805,51.2358792797188],[-0.591236047031133,51.2333805605042],[-0.600589914963824,51.2306773688009],[-0.603058776077834,51.2302653042058],[-0.611301581044049,51.2298437205764],[-0.616346078892451,51.2285656648509],[-0.62026958626491,51.2272881885147],[-0.622049280264468,51.2270663647671],[-0.622420723936934,51.2283458690703],[-0.618394814109512,51.2286301713815],[-0.618683458023235,51.2308906605734],[-0.611229255234207,51.2311147736608],[-0.608747087333942,51.232407719693],[-0.604087069000693,51.2340297967963],[-0.602155410522416,51.2356912508195],[-0.600109133168291,51.2401804189322],[-0.597041205996104,51.2425074610143],[-0.596393332351307,51.2438178271886],[-0.591970715338978,51.2452584307252],[-0.589110213255059,51.2456265167926],[-0.586213804304152,51.2450618931075],[-0.584206982177699,51.2437009379531],[-0.583110501396503,51.2415452105172]]],[[[-0.639356277223495,51.2369171000798],[-0.642598289120937,51.2362273306906],[-0.64170086764233,51.2345964064657],[-0.641360411600724,51.2326824698001],[-0.642032716679795,51.2236637356247],[-0.645589657296704,51.2170406122362],[-0.645069066387692,51.2166766903897],[-0.649467981802746,51.2121190184614],[-0.64708959480774,51.2119808447847],[-0.646457473452265,51.2105383764623],[-0.64758518064058,51.2058609302642],[-0.646642973764197,51.2058165519352],[-0.647962110061517,51.2041854275683],[-0.648317168549847,51.2028128110972],[-0.645883813938364,51.2028592622978],[-0.643382435467133,51.2020991942199],[-0.640295741232765,51.2024104299355],[-0.640132786947767,51.2012826338755],[-0.638545377692012,51.2014764076537],[-0.635429830626615,51.2010881480911],[-0.634753713293512,51.1984703254465],[-0.636904040658162,51.1981233963237],[-0.63871635482769,51.1951642850718],[-0.637754759002919,51.1948185619362],[-0.637649207430806,51.1944666218935],[-0.632269673629511,51.1935622821421],[-0.629803019732213,51.1928157842609],[-0.630086440067483,51.1922201127163],[-0.629232200663948,51.1914915868918],[-0.629942044770917,51.1910272216429],[-0.631127227903381,51.1840741010736],[-0.633323296788454,51.1835080723223],[-0.632837718267591,51.1828238953789],[-0.638301308279404,51.1803687756928],[-0.640885338978632,51.178852130677],[-0.648119784721682,51.1758370136818],[-0.650555872413511,51.1791331555873],[-0.651506996776669,51.1812052062219],[-0.652908612285114,51.1810739185523],[-0.653165283890989,51.181646039545],[-0.650398731965995,51.1831447226578],[-0.652318441879736,51.1834555566964],[-0.656816078959818,51.1873344053253],[-0.65844158993096,51.1906805373857],[-0.660659870278979,51.1932150056561],[-0.660881626652978,51.1958199016806],[-0.663118213531337,51.1987564775793],[-0.663407226571203,51.200246202034],[-0.666100816791183,51.199260804454],[-0.667381228761943,51.1991801052843],[-0.669279906600376,51.1968689702668],[-0.670960241360836,51.19602214589],[-0.676187338860263,51.1952118033939],[-0.679540298817639,51.1955743323445],[-0.679531729091955,51.1952711789346],[-0.681385480917947,51.1953109686726],[-0.682561852714263,51.1945571876442],[-0.682990180939548,51.1946447199679],[-0.684846858529166,51.1924801902278],[-0.684692626258458,51.1916133608187],[-0.685278722740621,51.1915354184024],[-0.685486610628368,51.189910979711],[-0.688402367528846,51.1886531708327],[-0.688265668318996,51.1895571643933],[-0.691291599653208,51.1901475602521],[-0.69122743272644,51.1910041135933],[-0.693055860683681,51.1909076968207],[-0.693795097545058,51.1912574233886],[-0.693685993121592,51.1917072771852],[-0.694521125965425,51.1920358759942],[-0.694517053509387,51.1912352315143],[-0.695599191993737,51.1911882396461],[-0.696129778681935,51.1926518300146],[-0.696196137381422,51.1920676776782],[-0.696968268393547,51.1919386934282],[-0.698883046343369,51.191939323796],[-0.699540861092772,51.1927453580393],[-0.700414945890679,51.1919319827623],[-0.700353337559209,51.192718695775],[-0.701940029900119,51.192305025764],[-0.702400424999023,51.192472901242],[-0.703789863723296,51.19461264251],[-0.70317878245622,51.1964079077308],[-0.70656060909044,51.2027106522901],[-0.708914672651133,51.2030397128978],[-0.713166796896589,51.2020847124119],[-0.718571475106671,51.2007529185796],[-0.718709066894235,51.1996123285395],[-0.719968624375146,51.2003878458092],[-0.731642049228366,51.1968612632389],[-0.742212626348339,51.2056632037705],[-0.745888264658602,51.2068419734084],[-0.747215200493024,51.2089232351283],[-0.74677484898515,51.209178978601],[-0.748335859129155,51.2107178686381],[-0.747686885537034,51.214347350536],[-0.746673226509335,51.2140874004576],[-0.74625520385579,51.2164863724725],[-0.74186353908996,51.2195485912452],[-0.742700054238766,51.2215796540011],[-0.746274047506875,51.2212747304665],[-0.746526208016372,51.2219545583553],[-0.747370284208213,51.2218763958304],[-0.747407745829262,51.2231375529107],[-0.748281267459733,51.2231891550481],[-0.748336015847959,51.2234954906549],[-0.744383145559525,51.2236168433041],[-0.741600976564765,51.2241795723291],[-0.742369136707753,51.225477356115],[-0.741583388090072,51.2255615045536],[-0.742278912437124,51.2283656540817],[-0.745651644712131,51.2276815895698],[-0.746303811215921,51.2290850720352],[-0.745540379663864,51.2304563892127],[-0.743846039337456,51.2306153120516],[-0.741758164081064,51.2313339150374],[-0.739188667617552,51.2334805516488],[-0.738848346492053,51.235497515098],[-0.735786072535465,51.237680163777],[-0.73035008127609,51.2381374775725],[-0.730576903056427,51.2376516184859],[-0.725628238462878,51.237057348183],[-0.720612189107466,51.2368353849344],[-0.718138452294316,51.2376022720527],[-0.712195154211794,51.2368805448836],[-0.712055710241461,51.2360805452122],[-0.704090622796854,51.2352688230042],[-0.701299964901982,51.2356353217552],[-0.699835922648027,51.2361968030451],[-0.697815158926007,51.2352906796134],[-0.695557757143654,51.2354345229273],[-0.693562498714263,51.2371504895705],[-0.690117110881792,51.2380147765312],[-0.690321633914839,51.238481923671],[-0.682677025050454,51.2380004126986],[-0.665948393984153,51.2420910172701],[-0.654387719670385,51.2422103651315],[-0.650634764529273,51.2434421813351],[-0.649818886417867,51.2418690420451],[-0.647991012678253,51.2418623070652],[-0.648048802653631,51.2398918788137],[-0.63915485327338,51.238159304904],[-0.639356277223495,51.2369171000798]]],[[[-0.462343997790484,51.3299602975436],[-0.456149899398828,51.3310362442286],[-0.451452008159039,51.3309383195181],[-0.451273530103928,51.3306113359529],[-0.449920841727829,51.3303695177898],[-0.451275084599432,51.328645534409],[-0.445569616704935,51.326770682508],[-0.437162905522467,51.3274465962977],[-0.436606619052883,51.3263268550051],[-0.437340944935095,51.3259642838434],[-0.439062688264813,51.3261113757731],[-0.440088432785826,51.32506565831],[-0.442187096335232,51.324421841946],[-0.443647490074514,51.3241040296163],[-0.445642747757275,51.3243922020142],[-0.445698682468252,51.324141136012],[-0.44593173788119,51.3174924926867],[-0.443828248311099,51.3130726379494],[-0.442957125282474,51.3079425469839],[-0.440312035139234,51.304836382345],[-0.436726236131922,51.3039675328121],[-0.432368608437378,51.3043688625029],[-0.428559990695725,51.3039014882583],[-0.426385386632542,51.3044819932847],[-0.422121133297958,51.3042060662139],[-0.416055899453366,51.3044919691776],[-0.415406775490333,51.3038869656414],[-0.411794022517203,51.3035664314606],[-0.412427871390008,51.3024941497415],[-0.415343227769061,51.3003574107989],[-0.42476030862064,51.2943721116879],[-0.425051371139964,51.2919867309037],[-0.42443659083915,51.2900864071964],[-0.424785780822508,51.2898132214268],[-0.424657695176159,51.2882764408768],[-0.431275157888734,51.2868733837488],[-0.43986752274296,51.2834163410548],[-0.441904814138812,51.2851223663995],[-0.446509635473447,51.2876637345519],[-0.447178070129102,51.2888479625477],[-0.448214971651284,51.2894435453306],[-0.449083694284357,51.2886474777979],[-0.458321638857275,51.2854970677445],[-0.460116180581499,51.2844055547981],[-0.463373795157937,51.2814943111586],[-0.46373957647521,51.2765037097917],[-0.466169890389298,51.2728827349799],[-0.466256148728137,51.2714990363834],[-0.47314638506487,51.2705590441363],[-0.473213022675484,51.2718014316349],[-0.487570410151693,51.2723036649436],[-0.49184174882207,51.2721208278163],[-0.493085540759846,51.2742005968351],[-0.496605267384195,51.2741818253071],[-0.497290183624696,51.2771842407099],[-0.497074046642651,51.2784943557177],[-0.495429541523419,51.2805100237431],[-0.495776746166911,51.2823076015801],[-0.497461672369508,51.2838444419868],[-0.497469140271236,51.2843624446187],[-0.499283333044898,51.2849764813067],[-0.504246169750827,51.2820256498236],[-0.509210577322884,51.279583528379],[-0.520369083841884,51.276580134553],[-0.523119418894293,51.2754017479194],[-0.530010752387915,51.2690749502767],[-0.532367437445932,51.2678148745264],[-0.535389738325988,51.2667592455197],[-0.537445766202498,51.26841443055],[-0.536043109083941,51.2688411773727],[-0.537835671476248,51.2691819394438],[-0.539203690540268,51.2701162086339],[-0.538087978943863,51.2714854043658],[-0.538315878771334,51.2719396483885],[-0.53767077040699,51.2731564012954],[-0.534188063331163,51.2738457721547],[-0.535127890672599,51.2748125596872],[-0.535542596335695,51.2743060368319],[-0.536046624710165,51.2743249347976],[-0.535909627944017,51.2750722765508],[-0.537106141266536,51.2757964530843],[-0.536470235885825,51.2765429848072],[-0.537587492372047,51.276757504037],[-0.539644409209374,51.2765026425832],[-0.541887623186407,51.2774465542902],[-0.541907804927931,51.2792551192174],[-0.543422328545706,51.2798801188216],[-0.543568258419446,51.2807057069627],[-0.544038990830124,51.2810101353452],[-0.546067105906921,51.2813114686322],[-0.546299288052135,51.2819492439729],[-0.545497830864771,51.2828556439893],[-0.546506429441557,51.2835201592495],[-0.546908649445552,51.2830440053014],[-0.547353819872554,51.2830693176735],[-0.547686771639567,51.2837443932548],[-0.547290041109375,51.2843652678536],[-0.547768767322366,51.2844630068031],[-0.548476548580555,51.2840266071538],[-0.549190828578912,51.2846604710369],[-0.547770303006375,51.2859152946294],[-0.546831133326201,51.2860052991733],[-0.545959816120163,51.2865754063433],[-0.547278374562169,51.2872374749581],[-0.546217242475678,51.2878267996378],[-0.545016511851818,51.2877020880417],[-0.545852073191347,51.2888096442636],[-0.544370737460631,51.2894854223476],[-0.545292888389566,51.2933943072542],[-0.546185728465706,51.2946428185822],[-0.545425158703246,51.2951082136237],[-0.545023447461979,51.2961342056451],[-0.544247481836886,51.296133085735],[-0.543141329635503,51.2966170480486],[-0.542420719828247,51.2965208338119],[-0.542247759101967,51.2977484281523],[-0.541403012276873,51.2981065890225],[-0.541407229689691,51.298834150865],[-0.542185519871246,51.2987179638684],[-0.542243011079257,51.2990770399383],[-0.539402240185954,51.2997263657315],[-0.539424267295286,51.3002531633292],[-0.540237221306566,51.3009678981024],[-0.539622229843164,51.3012938442002],[-0.537881551103175,51.3012666848746],[-0.536209251223525,51.3003248093629],[-0.535372421926355,51.3005211572965],[-0.534869189120885,51.2998808646937],[-0.535553058870473,51.2993787405841],[-0.535238684812058,51.299069948501],[-0.534489717402146,51.2988051689885],[-0.533724183054774,51.2991966462138],[-0.531169653523584,51.2975710792729],[-0.529911153637989,51.2975432136544],[-0.529311686388169,51.2978543766782],[-0.529244525960983,51.2985965085793],[-0.52828167939418,51.2985761206776],[-0.525789949667945,51.2996427407519],[-0.527194969752841,51.3004419112279],[-0.52585476822313,51.3014402985993],[-0.526083994453055,51.3023010915806],[-0.525337989668826,51.3027952767361],[-0.523768322615193,51.30266935657],[-0.523497266469297,51.3030697062275],[-0.522919731602862,51.3031406485903],[-0.52238481272413,51.3022858790126],[-0.521331660805862,51.3032257915876],[-0.521398398242133,51.3039172744066],[-0.520941073237262,51.3043988945205],[-0.520098909276805,51.3035078542292],[-0.518658836528083,51.3038124571149],[-0.518769289860433,51.3031439006871],[-0.518021671672997,51.3029275996412],[-0.515879155241934,51.3036621517963],[-0.516219840342578,51.3046155553645],[-0.512208285805895,51.3053466640567],[-0.511667296936681,51.3059719726488],[-0.510821140146528,51.3060961051181],[-0.510258510584566,51.3071663054432],[-0.510750332324205,51.3092081351289],[-0.512101810401787,51.3092166427092],[-0.513040298386314,51.3089003372369],[-0.513633287845891,51.3094654323025],[-0.512379520788622,51.3099467497418],[-0.512652818483925,51.3105500399655],[-0.5133642194667,51.3105114284796],[-0.512529053399307,51.3111365983579],[-0.513014988976189,51.3115519096512],[-0.512909341937127,51.3119804738226],[-0.510812716161491,51.312567120544],[-0.51029827103137,51.3131208347924],[-0.509712592314654,51.3130386720699],[-0.509817680254095,51.3117001326285],[-0.50789748759929,51.3123321247928],[-0.506694952933848,51.311805977015],[-0.507618118748665,51.3113447840455],[-0.507421627976766,51.3111219340296],[-0.504845426286946,51.3112770400141],[-0.505216045350538,51.3101118124446],[-0.504748781726815,51.3099656017147],[-0.503444403248257,51.3104138080515],[-0.501992581189771,51.3088628970135],[-0.503163664128334,51.3070893138971],[-0.500847942727971,51.3065641753505],[-0.499885193413045,51.3068755937127],[-0.498361613233737,51.308455859203],[-0.493918169721336,51.3096820987566],[-0.491932568877832,51.3109409966017],[-0.491915302483475,51.3120725691023],[-0.491045381129265,51.3134417218177],[-0.491459343237707,51.3145585201393],[-0.490799031490024,51.3149160146396],[-0.488761196190941,51.3149442547303],[-0.487868732694772,51.3157064564728],[-0.488282866994704,51.315986068158],[-0.488040231628338,51.3161645862491],[-0.486805538264119,51.3164885677157],[-0.484730108656664,51.3161177953758],[-0.482026719843681,51.3163656343824],[-0.482460472100515,51.3153964692582],[-0.481477198260668,51.3149927451942],[-0.47794256724415,51.3155249114827],[-0.475320035003946,51.3164522867586],[-0.474778639026673,51.3188902257352],[-0.476316545844311,51.3204218737715],[-0.476265591520115,51.3210066325248],[-0.477323054584542,51.3211903703475],[-0.478105226530694,51.3220987958027],[-0.479067626111555,51.3220735272708],[-0.478447544231234,51.3225538123506],[-0.480112871189172,51.3225817061637],[-0.481089299948683,51.3230888941212],[-0.48107389454694,51.3222542531541],[-0.482393854668667,51.3223522553861],[-0.482499283610618,51.3233319891023],[-0.483214678581275,51.3236604767866],[-0.483441705986495,51.3244808634269],[-0.485228916403074,51.324209013619],[-0.486033555506201,51.3245737060748],[-0.487061192591067,51.3257542322228],[-0.488024361045613,51.3255310412855],[-0.48905479194936,51.3257097523747],[-0.489349949965387,51.3261200865831],[-0.487914152047353,51.3265727250729],[-0.48831064486573,51.3274357560481],[-0.489205433095613,51.3280740823261],[-0.489180693697941,51.3297427526594],[-0.487802765828722,51.3298715934431],[-0.487227308631911,51.3291708555425],[-0.486822254973234,51.3291764099924],[-0.486572411211551,51.3296623256017],[-0.487223487464613,51.3303343761638],[-0.486502085733162,51.330706318694],[-0.485897441348344,51.3305007232383],[-0.483797280689399,51.3315058783541],[-0.483231738814045,51.331241360234],[-0.483217081051134,51.3306413622234],[-0.481912511277543,51.3301128584084],[-0.478895580088738,51.330274225818],[-0.478409264112907,51.329615965927],[-0.477024064086114,51.3292473000659],[-0.476779900570961,51.328969856874],[-0.477261473551409,51.3285579622292],[-0.476646598407728,51.3282678687757],[-0.475288874592131,51.3282679300165],[-0.475129748664514,51.3286948585609],[-0.474622810900075,51.3286999511182],[-0.4746160115999,51.3279947835628],[-0.473949108133137,51.3274601052191],[-0.47448990430518,51.3270794981203],[-0.4739787180109,51.3269991276801],[-0.468299765884457,51.3271916228605],[-0.467471351857513,51.3285556534747],[-0.464659271060553,51.3288873158324],[-0.462343997790484,51.3299602975436]]],[[[-0.618683458023235,51.2308906605734],[-0.618394814109512,51.2286301713815],[-0.622420723936934,51.2283458690703],[-0.622049280264468,51.2270663647671],[-0.62026958626491,51.2272881885147],[-0.616346078892451,51.2285656648509],[-0.609319172065567,51.2286125389778],[-0.605884005663267,51.2284888228076],[-0.605814518585755,51.2280878534249],[-0.604731205211694,51.2281531398365],[-0.603837760471481,51.226626411129],[-0.603219157675141,51.222933869802],[-0.597285528213032,51.2234222325784],[-0.589823328976461,51.2248585012092],[-0.582868583156424,51.2257088419732],[-0.58256949916257,51.2251891186044],[-0.579891499684593,51.2256503333801],[-0.579634928494577,51.2252389960892],[-0.578097236861352,51.2253165430514],[-0.576966984169891,51.2250475142231],[-0.577021354850991,51.2239312772531],[-0.575392068081643,51.2232208863553],[-0.57626281636497,51.2229437026074],[-0.57600722605033,51.222406421714],[-0.575188807755944,51.2223389403892],[-0.574436945089141,51.2234961390137],[-0.573449564942937,51.2226370140879],[-0.569490195240276,51.2217056857844],[-0.569039476862831,51.2198899916116],[-0.566115938673957,51.2178426975287],[-0.564504936435344,51.2175702739957],[-0.562308433276853,51.2163707117288],[-0.559607423601019,51.2156532340695],[-0.558878920002777,51.2155993277417],[-0.557865374523475,51.2161857682713],[-0.555960141021456,51.2161668031488],[-0.552172528162721,51.2170903599499],[-0.549842684468721,51.2170498521764],[-0.548549359676899,51.2173341840208],[-0.547389765467527,51.2172326046534],[-0.546984652702789,51.2165927035631],[-0.545768585341934,51.2163320902242],[-0.54493479612808,51.2165285935326],[-0.544352597798132,51.2162380821949],[-0.543899453933896,51.2165759577306],[-0.543148627224588,51.2165935899444],[-0.540315406539004,51.2153101243155],[-0.537741611224584,51.21696230684],[-0.535782414059876,51.2159792094981],[-0.534647469648086,51.2148355800639],[-0.533490386393809,51.2149775161104],[-0.531553852907477,51.2141448412418],[-0.532445111045568,51.2134482267915],[-0.533659209696371,51.2131343159936],[-0.535054036130505,51.21316976291],[-0.537051595508393,51.2125769414098],[-0.542637219984847,51.2120198227583],[-0.543895981827152,51.2116038737525],[-0.544273325997744,51.2103513970131],[-0.547599840180778,51.2096032167309],[-0.550294372489106,51.2061788512549],[-0.552038866027579,51.2014037649948],[-0.552848653418623,51.2004569615121],[-0.553439532928206,51.2008311540792],[-0.55555854676358,51.1992584319464],[-0.557399836483229,51.1996507281347],[-0.558129996137771,51.200149868609],[-0.559113121397976,51.2001107330966],[-0.560011209509072,51.2008267907317],[-0.560790081518842,51.2006808432371],[-0.562346527100891,51.2016774582679],[-0.565868858291762,51.1999422654451],[-0.569573066420406,51.2004512463154],[-0.57088365664275,51.1993684291302],[-0.57378899893572,51.1983166324805],[-0.574993153929072,51.1968510158518],[-0.574437824610008,51.1962480458214],[-0.574437200455048,51.1929756223023],[-0.577579345674683,51.1926947018477],[-0.578375458119227,51.1898688533558],[-0.576127262461692,51.1897309442133],[-0.576240370366911,51.1890318095569],[-0.57709690403849,51.1881681187839],[-0.581582141214101,51.1887145063881],[-0.582028010902388,51.1890607247785],[-0.581692379724897,51.1897355901193],[-0.582687332456901,51.1897260668005],[-0.583630845205747,51.1907824085958],[-0.584717496578891,51.1908153328465],[-0.584913892836894,51.1904283456668],[-0.587196983361373,51.190739190577],[-0.586233412651657,51.1898651438225],[-0.586776125164075,51.1895272849418],[-0.588323293780542,51.1901772300829],[-0.59084677647002,51.1904829865846],[-0.591870860186362,51.1905531279691],[-0.592057835817841,51.1908746132583],[-0.593708701795467,51.1913364349449],[-0.593300970972543,51.1937810990247],[-0.592018446537503,51.195008449169],[-0.589488126121177,51.1962720235617],[-0.588728664506203,51.1954580480992],[-0.587708453301414,51.195871095948],[-0.587118844892491,51.1962902292587],[-0.587341887472181,51.1970607880121],[-0.588924883969389,51.1972012671874],[-0.585964349720664,51.1978768710031],[-0.584926908961277,51.1986628758623],[-0.586958732646832,51.1999104714774],[-0.588323491710226,51.1998558856362],[-0.588719893320707,51.2002194619589],[-0.590093329314832,51.2004670171632],[-0.591405275080847,51.2012247664041],[-0.592525053002494,51.2029022771498],[-0.594417496499636,51.2032892334421],[-0.600185962875312,51.2044710770457],[-0.6034702476264,51.2043610932557],[-0.610122338290397,51.2068862570532],[-0.613352263252274,51.2074947571777],[-0.614114278544194,51.2080541578042],[-0.616495696062509,51.2070293772406],[-0.617677667910056,51.2057565407426],[-0.617452654065996,51.2055254455422],[-0.618722016824158,51.2049631178862],[-0.618366215334994,51.2046100122691],[-0.621259375962478,51.202880712727],[-0.623645298940156,51.2022649964333],[-0.625830025274888,51.2038648456541],[-0.627726543018701,51.2036546737551],[-0.628296333594024,51.20355615055],[-0.628753678222179,51.2020858464072],[-0.629193880784094,51.2023401932349],[-0.633152469454056,51.2025204866917],[-0.635500955838864,51.2016154035073],[-0.635429830626615,51.2010881480911],[-0.638545377692012,51.2014764076537],[-0.640132786947767,51.2012826338755],[-0.640295741232765,51.2024104299355],[-0.643382435467133,51.2020991942199],[-0.645883813938364,51.2028592622978],[-0.648317168549847,51.2028128110972],[-0.647962110061517,51.2041854275683],[-0.646642973764197,51.2058165519352],[-0.64758518064058,51.2058609302642],[-0.646457473452265,51.2105383764623],[-0.64708959480774,51.2119808447847],[-0.649467981802746,51.2121190184614],[-0.645069066387692,51.2166766903897],[-0.645589657296704,51.2170406122362],[-0.642032716679795,51.2236637356247],[-0.641360411600724,51.2326824698001],[-0.64170086764233,51.2345964064657],[-0.642598289120937,51.2362273306906],[-0.639356277223495,51.2369171000798],[-0.629470003748234,51.2378528099647],[-0.629161242451518,51.2367206938881],[-0.628155948680676,51.2368059937153],[-0.627622765465261,51.2369103108952],[-0.628171837435401,51.2384877322135],[-0.621843269253885,51.240341281273],[-0.621008154341277,51.2338695023086],[-0.620729717605805,51.2335991279464],[-0.6188983931606,51.2335289605666],[-0.618683458023235,51.2308906605734]]],[[[-0.576966984169891,51.2250475142231],[-0.578097236861352,51.2253165430514],[-0.579634928494577,51.2252389960892],[-0.579891499684593,51.2256503333801],[-0.58256949916257,51.2251891186044],[-0.582868583156424,51.2257088419732],[-0.589823328976461,51.2248585012092],[-0.597285528213032,51.2234222325784],[-0.603219157675141,51.222933869802],[-0.603837760471481,51.226626411129],[-0.604731205211694,51.2281531398365],[-0.605814518585755,51.2280878534249],[-0.605884005663267,51.2284888228076],[-0.609319172065567,51.2286125389778],[-0.616346078892451,51.2285656648509],[-0.611301581044049,51.2298437205764],[-0.603058776077834,51.2302653042058],[-0.600589914963824,51.2306773688009],[-0.591236047031133,51.2333805605042],[-0.580427118231805,51.2358792797188],[-0.579257192077159,51.2359716341439],[-0.578372261878394,51.2365172476682],[-0.574607491774059,51.2322577200691],[-0.573866997559974,51.2315625181396],[-0.573119426289423,51.2314635209032],[-0.57261265901147,51.2307155098338],[-0.574933519092942,51.2297239472522],[-0.575744409358713,51.2289299342531],[-0.576975507749399,51.2266284797388],[-0.57662211190726,51.2259649642661],[-0.576966984169891,51.2250475142231]]],[[[-0.55392144476552,51.2489183311495],[-0.554249630123363,51.2479584079672],[-0.55518890080676,51.2471401304546],[-0.560889907644249,51.2439371301744],[-0.566377215522794,51.2377467063107],[-0.570064636642362,51.2364670006968],[-0.571718928897965,51.2370523200411],[-0.576239898478716,51.2360340937371],[-0.576930624501766,51.2362344715051],[-0.5772603583329,51.2368085973169],[-0.578372261878394,51.2365172476682],[-0.579257192077159,51.2359716341439],[-0.580427118231805,51.2358792797188],[-0.583110501396503,51.2415452105172],[-0.584231243805146,51.2485149269353],[-0.581301304369814,51.2493418659045],[-0.577998009189497,51.2496830522375],[-0.571360024637279,51.2490464942049],[-0.568675100580562,51.2490972936286],[-0.565264401538802,51.249938626345],[-0.562893945251667,51.2512639206725],[-0.559409161372041,51.2513964158443],[-0.55392144476552,51.2489183311495]]],[[[-0.584038596162882,51.2655268194005],[-0.58417031354677,51.2536324400395],[-0.587416854545633,51.2548560111497],[-0.592307311315416,51.2553318680124],[-0.593674590198804,51.2550775360086],[-0.594725157151401,51.2575165517603],[-0.595187347851684,51.2599798121229],[-0.596683015004725,51.2630273152583],[-0.595823519525008,51.2636707573977],[-0.595585058116626,51.2635455388912],[-0.591710363290806,51.2666995090812],[-0.585535343294261,51.2660809113612],[-0.584038596162882,51.2655268194005]]],[[[-0.58417031354677,51.2536324400395],[-0.584231243805146,51.2485149269353],[-0.586469267323219,51.2477227451169],[-0.588110014207508,51.24753310908],[-0.58803092988971,51.2493431455018],[-0.591548102932041,51.250120570469],[-0.598294847581221,51.2506179208618],[-0.6012361045944,51.2518913570496],[-0.602776846403576,51.2524017335045],[-0.603760755549538,51.2534619954296],[-0.602938350958458,51.2541194186447],[-0.602285023674893,51.2555837392774],[-0.600832952139077,51.2563513874348],[-0.601269126396589,51.258412368144],[-0.599064285575336,51.2581961892613],[-0.596683015004725,51.2630273152583],[-0.595187347851684,51.2599798121229],[-0.594725157151401,51.2575165517603],[-0.593674590198804,51.2550775360086],[-0.592307311315416,51.2553318680124],[-0.587416854545633,51.2548560111497],[-0.58417031354677,51.2536324400395]]],[[[-0.434648247892369,51.2399058415905],[-0.433998794948388,51.2386957230345],[-0.430162000336321,51.235128226137],[-0.427269406828065,51.2332512820046],[-0.426070914106885,51.2317684263844],[-0.425676136085806,51.2303233400558],[-0.42654437987519,51.2294735740434],[-0.430612447367087,51.2271019122271],[-0.434340757396487,51.2177525253367],[-0.435255016868943,51.2167171135766],[-0.436776054178843,51.2128966133816],[-0.438305085217652,51.2116688153605],[-0.438436754321913,51.2096794963312],[-0.436957388438758,51.2088137882857],[-0.430679426070858,51.2079601953938],[-0.428131637404378,51.2057285141032],[-0.422335173348347,51.2035471455786],[-0.419601592065122,51.2018826786906],[-0.418938776102153,51.2018008836994],[-0.41799226061057,51.2008069697408],[-0.417688100159447,51.1993226329413],[-0.414305349742989,51.1955986359826],[-0.411633986019804,51.1944122786803],[-0.410237147609192,51.1934112996409],[-0.409878126861738,51.1926995133997],[-0.411363171687772,51.1897574724954],[-0.40936808412204,51.1847120747701],[-0.409964536532026,51.1814420191192],[-0.408129315527594,51.1777012203269],[-0.408446880586885,51.175687545504],[-0.412391730069721,51.175295281497],[-0.415400640621529,51.174058653859],[-0.416444205849264,51.1741769197266],[-0.416927282092234,51.1735217709863],[-0.418568646347191,51.173293611284],[-0.419421880778864,51.1735349061116],[-0.422353991107652,51.1735509205549],[-0.42531198729461,51.1746511044732],[-0.425913537320694,51.1744666648577],[-0.427823944965538,51.1758174343734],[-0.429532957347438,51.1740321254614],[-0.4313067846205,51.1759070798577],[-0.431605101956703,51.1779172900447],[-0.432941006502527,51.1790927475506],[-0.434095526378892,51.1796061381555],[-0.435731977537485,51.1795354927288],[-0.437107412820752,51.1798257272482],[-0.437335382476706,51.1795322788773],[-0.442918686266278,51.1833384666071],[-0.443283456227756,51.1831715576978],[-0.443905881368202,51.1835539384233],[-0.447551160914823,51.1818888724039],[-0.447315476555928,51.180663261998],[-0.456370840510915,51.1756313724627],[-0.457074965999099,51.1748861717611],[-0.45760015416695,51.1763616720973],[-0.459036987669521,51.177936365677],[-0.459447503815887,51.177422945268],[-0.460802843423919,51.1771934616533],[-0.464349287132154,51.1771123131381],[-0.466023045016894,51.1778933154374],[-0.467600011970996,51.1795209827218],[-0.475067089063896,51.1785673183666],[-0.475585692798809,51.178458911277],[-0.475765675948058,51.1780341309962],[-0.479389749495173,51.1774230254374],[-0.481565645338878,51.1786041898116],[-0.483079966786552,51.1788872460645],[-0.485049390399548,51.178994664197],[-0.487335311441851,51.1782193473722],[-0.488570935362873,51.1781481112546],[-0.489330004012467,51.1796137879184],[-0.490154075028328,51.180008486864],[-0.490348652835107,51.1817150907249],[-0.491807205520043,51.1821826017555],[-0.491595433604796,51.1835887215608],[-0.493844132340875,51.1843145406702],[-0.494803632763547,51.184421582169],[-0.495234270056435,51.1831492480171],[-0.498331113949569,51.1838257231663],[-0.501098458170885,51.1835378278286],[-0.505342574276898,51.1836026913653],[-0.504420701947323,51.1876376706721],[-0.504754427819806,51.1893964630201],[-0.504439326649324,51.1903789301887],[-0.504962212983764,51.1925717569611],[-0.507155591396372,51.1962025280264],[-0.505636899165713,51.1978432056136],[-0.503217628341391,51.19873763971],[-0.502762495577598,51.1993149971514],[-0.503607358879582,51.2000678858208],[-0.506527399043709,51.2009077028781],[-0.505650492347259,51.2049645591381],[-0.508552807265061,51.2054862936888],[-0.511698060538193,51.2066215224693],[-0.516718280931978,51.2067653625409],[-0.519823510000061,51.2080142151546],[-0.524270175267528,51.2084147852558],[-0.524656447893981,51.2094510949225],[-0.526835302146564,51.2089614293951],[-0.527711412583976,51.2113888260585],[-0.529266643389259,51.2116898617913],[-0.530665475034383,51.2133557750628],[-0.532445111045568,51.2134482267915],[-0.531553852907477,51.2141448412418],[-0.533490386393809,51.2149775161104],[-0.534647469648086,51.2148355800639],[-0.535782414059876,51.2159792094981],[-0.537741611224584,51.21696230684],[-0.535304557996677,51.2183140704058],[-0.537290403413864,51.2221175680339],[-0.534746689456936,51.2224014214744],[-0.534712141856377,51.2240286326612],[-0.533512283078856,51.2242905937859],[-0.533339227539125,51.2250060110618],[-0.52959971248959,51.2271218299709],[-0.529198207366241,51.2317677394864],[-0.526726335066111,51.2319804003144],[-0.526049526202034,51.2329889247143],[-0.51441925719725,51.2355001606716],[-0.509681491305357,51.2371162344826],[-0.507780161733364,51.2367277556754],[-0.505004936728739,51.236919905488],[-0.503695897157101,51.2376595248232],[-0.504105894870336,51.2382708693829],[-0.503393091286423,51.2399307694984],[-0.502862706507205,51.2401172805412],[-0.491516877274439,51.2408529513811],[-0.48676371464104,51.2400569383331],[-0.481979768299605,51.2402917644491],[-0.479962005699149,51.2397880272919],[-0.480073700211894,51.2400511795865],[-0.474235831668762,51.240530103189],[-0.474074951907234,51.2403265381306],[-0.471907693444235,51.2407515477208],[-0.470460915301357,51.2406174891238],[-0.46556797359748,51.2411065241667],[-0.46413621821456,51.2408656030252],[-0.459305546330783,51.2413794653711],[-0.457019224709518,51.2419293911505],[-0.456897132658997,51.2422811808826],[-0.456422624989676,51.2423342590218],[-0.456119162645684,51.2420272024595],[-0.454748770115959,51.2419650688829],[-0.453824999358814,51.2414834987874],[-0.454107746307248,51.2400142098548],[-0.452308755911143,51.2375291365],[-0.445846896388026,51.2373491308614],[-0.443818744093219,51.235813203078],[-0.440362954317223,51.2354102174118],[-0.438955653595391,51.2357682336213],[-0.436883121657414,51.2370301138863],[-0.434648247892369,51.2399058415905]]],[[[-0.584231243805146,51.2485149269353],[-0.583110501396503,51.2415452105172],[-0.584206982177699,51.2437009379531],[-0.586213804304152,51.2450618931075],[-0.589110213255059,51.2456265167926],[-0.591970715338978,51.2452584307252],[-0.596393332351307,51.2438178271886],[-0.597041205996104,51.2425074610143],[-0.600109133168291,51.2401804189322],[-0.602155410522416,51.2356912508195],[-0.604087069000693,51.2340297967963],[-0.608747087333942,51.232407719693],[-0.611229255234207,51.2311147736608],[-0.618683458023235,51.2308906605734],[-0.6188983931606,51.2335289605666],[-0.620729717605805,51.2335991279464],[-0.621008154341277,51.2338695023086],[-0.621843269253885,51.240341281273],[-0.618233504635363,51.2409498193061],[-0.61839615182702,51.2412142465895],[-0.610642239220043,51.2431295672977],[-0.618872317743352,51.2439716317015],[-0.617072457182099,51.2462794497743],[-0.613762817501989,51.2494704311851],[-0.611730452135101,51.2487260427656],[-0.611173210835021,51.2493884677066],[-0.610577817374172,51.2491277859443],[-0.610095489349959,51.2497263678871],[-0.608001494911065,51.2489352415182],[-0.606856887845306,51.249261528508],[-0.606241845142842,51.2487956168676],[-0.604640534259604,51.2485381955996],[-0.602605936448239,51.2487243624586],[-0.602708584443789,51.2506329277201],[-0.603078014531386,51.2508325152028],[-0.60280762827621,51.2514318008775],[-0.601800761734572,51.2512758382643],[-0.6012361045944,51.2518913570496],[-0.598294847581221,51.2506179208618],[-0.591548102932041,51.250120570469],[-0.58803092988971,51.2493431455018],[-0.588110014207508,51.24753310908],[-0.586469267323219,51.2477227451169],[-0.584231243805146,51.2485149269353]]],[[[-0.550731194788179,51.2669529959212],[-0.552997019324701,51.2650062520795],[-0.555255267078937,51.2639324792301],[-0.557338109700387,51.2632864098692],[-0.558298884613502,51.2632721683169],[-0.560393130611235,51.2642340607288],[-0.561394338398707,51.263564734398],[-0.562457770374936,51.2646739470032],[-0.563717321448397,51.2643189170287],[-0.563535969521457,51.2637896960383],[-0.564441167187523,51.2635337884726],[-0.564569887872028,51.2631306342693],[-0.571629385215344,51.2634435845876],[-0.573039627905545,51.2613205155043],[-0.584038596162882,51.2655268194005],[-0.585535343294261,51.2660809113612],[-0.591710363290806,51.2666995090812],[-0.595585058116626,51.2635455388912],[-0.595823519525008,51.2636707573977],[-0.596683015004725,51.2630273152583],[-0.599064285575336,51.2581961892613],[-0.601269126396589,51.258412368144],[-0.600832952139077,51.2563513874348],[-0.602285023674893,51.2555837392774],[-0.602938350958458,51.2541194186447],[-0.603760755549538,51.2534619954296],[-0.602776846403576,51.2524017335045],[-0.6012361045944,51.2518913570496],[-0.601800761734572,51.2512758382643],[-0.60280762827621,51.2514318008775],[-0.603078014531386,51.2508325152028],[-0.602708584443789,51.2506329277201],[-0.602605936448239,51.2487243624586],[-0.604640534259604,51.2485381955996],[-0.606241845142842,51.2487956168676],[-0.606856887845306,51.249261528508],[-0.608001494911065,51.2489352415182],[-0.610095489349959,51.2497263678871],[-0.610577817374172,51.2491277859443],[-0.611173210835021,51.2493884677066],[-0.611730452135101,51.2487260427656],[-0.613762817501989,51.2494704311851],[-0.617072457182099,51.2462794497743],[-0.618872317743352,51.2439716317015],[-0.610642239220043,51.2431295672977],[-0.61839615182702,51.2412142465895],[-0.618233504635363,51.2409498193061],[-0.621843269253885,51.240341281273],[-0.628171837435401,51.2384877322135],[-0.627622765465261,51.2369103108952],[-0.628155948680676,51.2368059937153],[-0.629161242451518,51.2367206938881],[-0.629470003748234,51.2378528099647],[-0.639356277223495,51.2369171000798],[-0.63915485327338,51.238159304904],[-0.648048802653631,51.2398918788137],[-0.647991012678253,51.2418623070652],[-0.649818886417867,51.2418690420451],[-0.650634764529273,51.2434421813351],[-0.653233837699002,51.2475632497434],[-0.654008257181577,51.2512074569678],[-0.651541043423829,51.2508049510418],[-0.649501664262984,51.2508164973632],[-0.649907150427481,51.2519153110179],[-0.649294512071198,51.252039531669],[-0.649831407911518,51.2535206103515],[-0.648618571012935,51.2537341202205],[-0.649175732286913,51.2551640877087],[-0.648411351297497,51.2556190090562],[-0.648637998623492,51.2559428105907],[-0.650302159899612,51.2560987426022],[-0.65072364547646,51.257986029975],[-0.651795978892804,51.2580134998387],[-0.651984707709833,51.2588140392661],[-0.654656983156531,51.259350183911],[-0.647666684458377,51.2638440468837],[-0.644312646228467,51.2653099654056],[-0.644086563762087,51.2661016632005],[-0.644481971863476,51.266913961411],[-0.643127623590799,51.2672862940824],[-0.642602547465282,51.2678519541464],[-0.640385372841009,51.2681838379389],[-0.640171185415159,51.268538949174],[-0.639590453715589,51.268435033094],[-0.639011355809542,51.2687064399837],[-0.636723902190171,51.2681600362799],[-0.636121096711715,51.2682825046925],[-0.635794674005927,51.2680204761323],[-0.634098268637272,51.2686333595054],[-0.63313477904083,51.2685429719866],[-0.632559960104131,51.2709130038226],[-0.630342835626425,51.2728249783999],[-0.6304359259712,51.273697452417],[-0.63137578257812,51.2748054590296],[-0.63242321602397,51.2751153621666],[-0.633119290250369,51.2770214026539],[-0.63204466118887,51.2780124009733],[-0.62904962223781,51.2787813255758],[-0.628187225034049,51.2784195271317],[-0.626711720619425,51.2787106655782],[-0.626355672501995,51.2779556377921],[-0.625796868539671,51.2778960347697],[-0.6261215622936,51.2772982347263],[-0.624780525000333,51.2769776277003],[-0.624312862039248,51.2771286464259],[-0.623990834940174,51.2774764475657],[-0.624589675082152,51.278481737368],[-0.62446345856591,51.279319714086],[-0.624111274529696,51.2795661073258],[-0.623351759868187,51.2794609524172],[-0.623160410426896,51.2806931167939],[-0.621035567288441,51.281294079841],[-0.620889272873488,51.2817266645263],[-0.618602944921064,51.2830396581109],[-0.618172659721204,51.282709856694],[-0.616450307460951,51.2833352526894],[-0.615398031248814,51.282803896881],[-0.614912363838752,51.2833107591866],[-0.613822935853383,51.2827259082012],[-0.612543072388327,51.2827538865486],[-0.611650484585673,51.2821551676884],[-0.609063290659003,51.2836397032253],[-0.607203518575775,51.2839709735181],[-0.606996323208099,51.2837535535792],[-0.605608410145298,51.2837954522429],[-0.604967156544672,51.2841844493156],[-0.603143248236796,51.2839899837047],[-0.603224763550072,51.2847526891349],[-0.602814082767238,51.2850075985697],[-0.603577891802793,51.2853080877591],[-0.603518432323113,51.2856625769745],[-0.602328300418858,51.2862257084766],[-0.60188797042771,51.2859452600665],[-0.601547330651788,51.2862152487237],[-0.60085183638255,51.2860770637471],[-0.59466085145695,51.2839930886983],[-0.589919211093409,51.2820134988841],[-0.582203727476826,51.2769695409178],[-0.569880385417316,51.2733950667347],[-0.568472852947213,51.2732456724465],[-0.566365983000704,51.2723773083081],[-0.563553586894198,51.2704957761068],[-0.561727473716867,51.2702575543826],[-0.559634290141691,51.26948275035],[-0.559803550409451,51.2702600061593],[-0.559141639709304,51.2703849629628],[-0.558322400910122,51.2699477313208],[-0.557728761047049,51.2708235176525],[-0.558282277612578,51.2712314054984],[-0.554926672823931,51.2708510518677],[-0.554384360037108,51.2705121692712],[-0.554379425410965,51.2693889054808],[-0.553479431189844,51.2691380503846],[-0.553250018977009,51.2683168704151],[-0.550993560360722,51.2688321441046],[-0.550038369042171,51.2682822662286],[-0.550072267334994,51.2680338545114],[-0.551543324261506,51.267713047494],[-0.550731194788179,51.2669529959212]]],[[[-0.532807908163665,51.1376479750142],[-0.532647651068454,51.1367952306337],[-0.53321497221961,51.1350883807755],[-0.530451278989409,51.1346598331586],[-0.529778030819813,51.133355535128],[-0.529241913878308,51.1332228428591],[-0.525311636236238,51.1337956544128],[-0.522435722634426,51.1346064985934],[-0.519180358147158,51.1344510656493],[-0.515742805038315,51.1351197813841],[-0.51508633051949,51.1344630805487],[-0.512250327550781,51.1333128044064],[-0.511909210938889,51.1330764295828],[-0.512703182841508,51.1329651619899],[-0.513940477882686,51.1313298496789],[-0.514962755317246,51.1309183194268],[-0.515913024964213,51.1295868949139],[-0.515921865000791,51.128328926262],[-0.516749488376059,51.1280543477846],[-0.516130334870905,51.1276661211212],[-0.516816572676695,51.1273870513945],[-0.516154808672963,51.1264973531657],[-0.515011127140697,51.1263327024011],[-0.514457664154547,51.12558731309],[-0.51382497619634,51.1254426252182],[-0.513689560247009,51.125832964767],[-0.512059586106623,51.1251009376553],[-0.511334668657154,51.125293182628],[-0.510566372651995,51.1246097675119],[-0.510790872653879,51.124025478622],[-0.509540165488002,51.1237694199393],[-0.51042058631011,51.1236762603287],[-0.510765606036584,51.1233452310843],[-0.507992136856483,51.1206759435211],[-0.507073016962371,51.1208638871481],[-0.507022040250463,51.1204495082222],[-0.505865742873805,51.1200606613888],[-0.5052126073565,51.1206845047459],[-0.504047828402409,51.1198944804517],[-0.503968643502651,51.1204860992021],[-0.503599980195217,51.1204867777592],[-0.503575194385027,51.1201050973572],[-0.502329259003259,51.1199246292698],[-0.501097099674393,51.1205131637259],[-0.500644451785332,51.1197996551083],[-0.500108858405646,51.1200112487648],[-0.499849899551993,51.1197129599258],[-0.499260556051679,51.1200417199884],[-0.499132882041368,51.1198369040162],[-0.497823080676536,51.1199081908474],[-0.496139482300385,51.1205376214663],[-0.49527585514982,51.1205534828386],[-0.495811834113787,51.1198445806427],[-0.497090774082772,51.1199293485176],[-0.496128629147549,51.1180986279946],[-0.494508401066694,51.1171704033588],[-0.49530995692895,51.1156754039289],[-0.496193234489209,51.115225389539],[-0.492707585955618,51.1138496093391],[-0.492452118399593,51.1133994141568],[-0.492955441738206,51.1113204486693],[-0.494518526340896,51.108502467746],[-0.497743844576132,51.1056905347473],[-0.499122665916502,51.1029420315392],[-0.498415724326703,51.0984356597207],[-0.498389831397008,51.0945979872633],[-0.496759253861491,51.0946787279103],[-0.498065978791447,51.0930452464566],[-0.497721179474955,51.0916091976362],[-0.500184063772288,51.0902918790601],[-0.501640696505333,51.0902439215389],[-0.502305431089421,51.0893819835057],[-0.503337727616484,51.0889391987906],[-0.50302196747733,51.0885484844634],[-0.506360823735175,51.0882656062292],[-0.50683530012716,51.0882977334574],[-0.506941780899357,51.0887612864999],[-0.508441305441129,51.0887102831051],[-0.511062389799528,51.0897040996937],[-0.512889714205439,51.089851491366],[-0.513309070681639,51.0894655589377],[-0.515285468115336,51.0902640894048],[-0.515230844215187,51.0905880381122],[-0.517010686813396,51.0907490568416],[-0.517210299755937,51.0910240831947],[-0.518385700217377,51.0910191912827],[-0.518512958953391,51.0907465071521],[-0.519982417035333,51.0908368986509],[-0.520898517125349,51.0910143125945],[-0.521236496406833,51.0914275819338],[-0.523170681584605,51.0916066990854],[-0.524137322444859,51.0899021057504],[-0.525661439587987,51.0899339083348],[-0.526945499266467,51.0896056632028],[-0.527287745002856,51.0909275010461],[-0.526042980043258,51.0913632294744],[-0.526388223010758,51.0918667207004],[-0.528821072294015,51.092018704091],[-0.531263704439512,51.0928074532471],[-0.531123644137651,51.0922697823748],[-0.531455708580137,51.0922424844281],[-0.532423153308618,51.0931709148687],[-0.53497929663322,51.0935789214135],[-0.535595296317322,51.0930650206312],[-0.53658143072477,51.0907293772929],[-0.535854587636734,51.0897787274479],[-0.536128979260979,51.0887757927889],[-0.534487690752933,51.0869396475723],[-0.532618410024846,51.0860906377168],[-0.535124238220014,51.0840959974301],[-0.535523150105076,51.0831756290376],[-0.537317420973872,51.08354970509],[-0.537548680989947,51.0827369138058],[-0.538610225709667,51.0830748287421],[-0.539181493590813,51.0820280439358],[-0.539485119823149,51.0822701693492],[-0.54124644557309,51.082239032496],[-0.54134155564707,51.0832096366385],[-0.547640888390319,51.0834832560695],[-0.549991112759414,51.08325162876],[-0.553113214683114,51.0840430694884],[-0.5561352805262,51.0843375629727],[-0.556550349666233,51.0846259712209],[-0.558474103170976,51.0829986651138],[-0.561675877315542,51.0835291567289],[-0.561712409067733,51.083778635133],[-0.563057100122247,51.0836962830874],[-0.566509591958542,51.0843834568012],[-0.568124386068299,51.0848951950527],[-0.568570536992246,51.0854762110949],[-0.569757198466838,51.0857478588162],[-0.577592603888771,51.0866537658028],[-0.587125297687217,51.0845848708592],[-0.588264864276904,51.0841564672751],[-0.590545880440182,51.0819854451922],[-0.594137630140818,51.0802458867616],[-0.597757732738964,51.0796994490585],[-0.596545776534574,51.0818100735486],[-0.596039199138294,51.0856241126233],[-0.593453608321886,51.0916571906151],[-0.593138887316847,51.0939225384677],[-0.592244026983081,51.0951189477159],[-0.592516904135875,51.0996967059473],[-0.591908717076915,51.1024507919935],[-0.591235215854067,51.1026339338412],[-0.590718970696666,51.1058808600059],[-0.591363258924215,51.1059731573049],[-0.590209694586255,51.108697170025],[-0.588215319563847,51.1118457267128],[-0.588317097242256,51.1124116974987],[-0.58747565318516,51.1134189674886],[-0.587067360940842,51.1153311870382],[-0.585656332465326,51.1153123258508],[-0.585274669873035,51.1159740667762],[-0.587228587106871,51.1175894032024],[-0.587643518852355,51.1186024979679],[-0.587520044888619,51.1207325443136],[-0.586214369842982,51.1226420969665],[-0.586803579216233,51.1230484962483],[-0.587355700575381,51.1229841267698],[-0.587092630730628,51.1245668972088],[-0.584867475666754,51.1241607560051],[-0.583362510183856,51.1275345931326],[-0.581815940951336,51.1292262184208],[-0.581584224591927,51.131099286912],[-0.582363852120054,51.1312965328881],[-0.583065860947201,51.1319426212312],[-0.582112012372949,51.1333150364726],[-0.579926422921496,51.1348705194469],[-0.582506487239248,51.1363295825706],[-0.583452164598296,51.1373302324252],[-0.586089474076555,51.1389872987321],[-0.588708371757216,51.1396412302299],[-0.589155443843853,51.1400755754957],[-0.590891147433625,51.1423930513424],[-0.591800858196874,51.1482140030561],[-0.591080695579096,51.1483784450475],[-0.591126343509699,51.1489473494423],[-0.589353740710781,51.1486552905789],[-0.584969003750755,51.1491103550003],[-0.581458710131152,51.1489312188049],[-0.579220871594492,51.1496864918578],[-0.577687770943264,51.149790140866],[-0.578293171398838,51.150610473522],[-0.578220287356446,51.1512606546803],[-0.575976788210424,51.1518223278281],[-0.57688254135314,51.15189546471],[-0.577000199189071,51.1522062450217],[-0.576103044593092,51.1530190101759],[-0.575072894368483,51.1528077918078],[-0.574048690914423,51.1529589387639],[-0.573817113861209,51.1544911779434],[-0.575258578514804,51.1555096038522],[-0.575216508029433,51.1565972550062],[-0.573556726289319,51.1576507206349],[-0.570829386169931,51.1560356362399],[-0.571829621352512,51.1558310969556],[-0.571909352422639,51.1552377352891],[-0.57374635149484,51.1531675118811],[-0.573845983520332,51.1527613845855],[-0.572837859844206,51.1513273124366],[-0.569567686863567,51.1517019300177],[-0.568579752728826,51.150912931646],[-0.567548331406355,51.1512519119125],[-0.566793262412885,51.1504702357623],[-0.568087962482862,51.1498016687817],[-0.565435484455672,51.1495309330198],[-0.565514499566344,51.1492405310156],[-0.560421471550106,51.1491518994469],[-0.56070177637011,51.1480905571279],[-0.560253333266992,51.1476624139147],[-0.5571582052795,51.147836541893],[-0.55374271252634,51.1476045906732],[-0.554167974140989,51.1462096399019],[-0.553108043974574,51.1438018477957],[-0.55392245441977,51.1436347199908],[-0.553790523525197,51.1412195088218],[-0.551450581974443,51.1392013143241],[-0.552915365580541,51.1384380073048],[-0.54839632890914,51.1347579132611],[-0.549258017050631,51.1332110478947],[-0.546464307280124,51.1282250108226],[-0.54604211598088,51.1277440042066],[-0.543807741814675,51.1270372831501],[-0.542221064108303,51.1250508298145],[-0.541014992004182,51.12523178986],[-0.541236235021252,51.1272363976748],[-0.539824223540432,51.1273320661006],[-0.540205217769986,51.127891694608],[-0.538373281934898,51.1282959538437],[-0.536418219940174,51.1297436621633],[-0.537541806013855,51.131412352161],[-0.537827438004478,51.1330040378909],[-0.536329295145089,51.1342793504485],[-0.537206089726224,51.1349845328089],[-0.537664822643741,51.1362555370372],[-0.538247995308104,51.1364822735405],[-0.538125707002476,51.1371866507871],[-0.535912749716614,51.1375996733382],[-0.532807908163665,51.1376479750142]]],[[[-0.479389749495173,51.1774230254374],[-0.479678724911429,51.1752469267719],[-0.481517711098525,51.171045097359],[-0.481009593928466,51.170399124048],[-0.481839489186146,51.1696536476889],[-0.486110009833794,51.1702872297922],[-0.486072029182917,51.1709683684971],[-0.487125043654803,51.171573719458],[-0.487682854481204,51.1711393367529],[-0.487373040504985,51.1705940367775],[-0.488917992805829,51.1695860735747],[-0.489834364415875,51.1705223580894],[-0.491384387091259,51.1703661498452],[-0.491448013571106,51.1699955897997],[-0.493492727034269,51.1694931395359],[-0.494127486422848,51.1690183636902],[-0.497168685337129,51.1645701502582],[-0.50049313489592,51.1645966268516],[-0.500764492434037,51.1655353458637],[-0.501053602332007,51.1654860081393],[-0.501663506868172,51.1641431478911],[-0.505014234425004,51.1635781034889],[-0.505538044308067,51.1637025658058],[-0.50801215403855,51.1617117319822],[-0.508664407768717,51.1623324540976],[-0.509441343364739,51.1624547316637],[-0.510065130328702,51.16338173572],[-0.516610704289596,51.1629522989711],[-0.519589829137553,51.1616573449819],[-0.520977357642241,51.1619644659961],[-0.520876030802014,51.1615081069242],[-0.52009215237649,51.1612006217199],[-0.521087773386245,51.1608821970052],[-0.521182076453556,51.1605695452879],[-0.520349774548287,51.1605230604752],[-0.519996940062146,51.1599746077739],[-0.52181889337688,51.1596631218101],[-0.522013910361276,51.1587959747587],[-0.521562473369641,51.1587354304684],[-0.521821778687887,51.1583177912821],[-0.520889695532406,51.1579930653203],[-0.521461931780997,51.1570920301042],[-0.520481597170738,51.1572963867567],[-0.520260808740605,51.1569554771218],[-0.520215735121461,51.1564882307262],[-0.520686796895299,51.1564689263354],[-0.520740051300841,51.1558320223539],[-0.521275745019243,51.1556679838682],[-0.521018383992459,51.1545936496156],[-0.520130306389937,51.1545986905545],[-0.520216852083069,51.1541707783531],[-0.518678121075634,51.1535928387748],[-0.518687188155421,51.1530885185928],[-0.517956473877335,51.1525504661138],[-0.519668208623504,51.1521450196223],[-0.522102071343229,51.1506596142795],[-0.525545957133747,51.1496923170533],[-0.526344170200123,51.1480188890826],[-0.52776080652478,51.1467247110356],[-0.530325941246354,51.1463559195382],[-0.531030194189756,51.1455634777884],[-0.530862442907606,51.1449471675481],[-0.53210665955875,51.1443476842026],[-0.531102002339459,51.142534803506],[-0.531146902410987,51.1416136122471],[-0.534266133329428,51.1411194475689],[-0.532807908163665,51.1376479750142],[-0.535912749716614,51.1375996733382],[-0.538125707002476,51.1371866507871],[-0.538247995308104,51.1364822735405],[-0.537664822643741,51.1362555370372],[-0.537206089726224,51.1349845328089],[-0.536329295145089,51.1342793504485],[-0.537827438004478,51.1330040378909],[-0.537541806013855,51.131412352161],[-0.536418219940174,51.1297436621633],[-0.538373281934898,51.1282959538437],[-0.540205217769986,51.127891694608],[-0.539824223540432,51.1273320661006],[-0.541236235021252,51.1272363976748],[-0.541014992004182,51.12523178986],[-0.542221064108303,51.1250508298145],[-0.543807741814675,51.1270372831501],[-0.54604211598088,51.1277440042066],[-0.546464307280124,51.1282250108226],[-0.549258017050631,51.1332110478947],[-0.54839632890914,51.1347579132611],[-0.552915365580541,51.1384380073048],[-0.551450581974443,51.1392013143241],[-0.553790523525197,51.1412195088218],[-0.55392245441977,51.1436347199908],[-0.553108043974574,51.1438018477957],[-0.554167974140989,51.1462096399019],[-0.55374271252634,51.1476045906732],[-0.5571582052795,51.147836541893],[-0.560253333266992,51.1476624139147],[-0.56070177637011,51.1480905571279],[-0.560421471550106,51.1491518994469],[-0.565514499566344,51.1492405310156],[-0.565435484455672,51.1495309330198],[-0.568087962482862,51.1498016687817],[-0.566793262412885,51.1504702357623],[-0.567548331406355,51.1512519119125],[-0.568579752728826,51.150912931646],[-0.569567686863567,51.1517019300177],[-0.572837859844206,51.1513273124366],[-0.573845983520332,51.1527613845855],[-0.57374635149484,51.1531675118811],[-0.571909352422639,51.1552377352891],[-0.571829621352512,51.1558310969556],[-0.570829386169931,51.1560356362399],[-0.573556726289319,51.1576507206349],[-0.575216508029433,51.1565972550062],[-0.575258578514804,51.1555096038522],[-0.573817113861209,51.1544911779434],[-0.574048690914423,51.1529589387639],[-0.575072894368483,51.1528077918078],[-0.576103044593092,51.1530190101759],[-0.577000199189071,51.1522062450217],[-0.57688254135314,51.15189546471],[-0.575976788210424,51.1518223278281],[-0.578220287356446,51.1512606546803],[-0.578293171398838,51.150610473522],[-0.577687770943264,51.149790140866],[-0.579220871594492,51.1496864918578],[-0.581458710131152,51.1489312188049],[-0.584969003750755,51.1491103550003],[-0.589353740710781,51.1486552905789],[-0.591126343509699,51.1489473494423],[-0.591080695579096,51.1483784450475],[-0.591800858196874,51.1482140030561],[-0.590891147433625,51.1423930513424],[-0.589155443843853,51.1400755754957],[-0.588708371757216,51.1396412302299],[-0.586089474076555,51.1389872987321],[-0.583452164598296,51.1373302324252],[-0.582506487239248,51.1363295825706],[-0.579926422921496,51.1348705194469],[-0.582112012372949,51.1333150364726],[-0.583065860947201,51.1319426212312],[-0.582363852120054,51.1312965328881],[-0.581584224591927,51.131099286912],[-0.581815940951336,51.1292262184208],[-0.583362510183856,51.1275345931326],[-0.584867475666754,51.1241607560051],[-0.587092630730628,51.1245668972088],[-0.588547902056262,51.1245610957245],[-0.590448118771459,51.1253636873886],[-0.591882290831823,51.126465487218],[-0.593276204949814,51.1261648261781],[-0.596345284968515,51.1245938234432],[-0.59887760625144,51.1220334978903],[-0.597368703146508,51.1204205513081],[-0.599374264804462,51.120895129989],[-0.599706598225221,51.1213787809178],[-0.599266011307076,51.1219005641245],[-0.60014341624403,51.1219137712408],[-0.600606970780371,51.1225101402184],[-0.600826056004776,51.12227733401],[-0.60254511586501,51.1225137195153],[-0.602951619065663,51.122254193018],[-0.606311416649534,51.1221107531359],[-0.607635338362399,51.1223583594261],[-0.607749276361533,51.1226564746507],[-0.608346457997523,51.1225655646334],[-0.608940181407409,51.1228374648468],[-0.608810890448904,51.123274499122],[-0.609874758703876,51.1233941666479],[-0.611535077409309,51.1229705580982],[-0.611504473780567,51.1225610280767],[-0.612145772235017,51.1225713405631],[-0.613373197009622,51.1218089382828],[-0.614900940370187,51.1214674315422],[-0.615700182004061,51.1214996494115],[-0.61598943881435,51.1218142204221],[-0.616410816439694,51.1215323419535],[-0.617612084410942,51.1217876458694],[-0.618596579040079,51.1216214079838],[-0.618831780953323,51.121314479544],[-0.619854946038257,51.1212839377932],[-0.622446527753953,51.1233684278932],[-0.625397183529874,51.1223779956465],[-0.629732507735672,51.1277345542639],[-0.632448246213819,51.1276910368588],[-0.632369280535911,51.1290614591165],[-0.630791801312156,51.1294368510906],[-0.632879554203718,51.1319162894205],[-0.637552420240187,51.1341794101071],[-0.634053224652838,51.1354002610805],[-0.633687029538376,51.1371558749816],[-0.631934583597275,51.1404464201349],[-0.630150158216877,51.1470332733788],[-0.629526831777499,51.1470322640633],[-0.62994627089447,51.1482709637662],[-0.628842575303462,51.1495232825551],[-0.629187834905924,51.1501774850961],[-0.628693888556411,51.1512121953505],[-0.625758137302233,51.153774775653],[-0.624266048429692,51.1568291250634],[-0.630360163388121,51.1579634877947],[-0.632349052378552,51.1592322144939],[-0.628924065127139,51.1634798381255],[-0.626798829200516,51.1648244565833],[-0.627466852835363,51.1660301208793],[-0.631702314355614,51.1689681463692],[-0.632226366749034,51.1697242303561],[-0.63194148054759,51.170795580094],[-0.632307811790834,51.1711784371291],[-0.629256750013511,51.1743126444341],[-0.628818816697701,51.174072726414],[-0.626763341424285,51.1722403100675],[-0.624080907278265,51.1717213495466],[-0.623237584966907,51.1713139760967],[-0.622742362253696,51.1704574156733],[-0.620028315360108,51.1698525877434],[-0.616694173351413,51.1705632584385],[-0.615826652403806,51.1701554580897],[-0.61459283217879,51.1724735958712],[-0.611603372259118,51.1721791561982],[-0.610702594443839,51.173213377213],[-0.609711480403827,51.1734920719647],[-0.608339825034971,51.1734344104117],[-0.608150845081058,51.1744860648882],[-0.600020970116954,51.1742011756492],[-0.596620537163517,51.17590135843],[-0.59659668068818,51.1763103010566],[-0.601380388769607,51.1778306233114],[-0.603547116896421,51.1799886794005],[-0.606242238194803,51.180095435378],[-0.607214283725728,51.1823075090589],[-0.606082880712176,51.1825323605415],[-0.606707387664019,51.1828428540647],[-0.603944174255109,51.183942120481],[-0.602976715069811,51.1837605705645],[-0.602093427563546,51.1847203054538],[-0.598953089911301,51.1840901353402],[-0.598453159439771,51.1848197989025],[-0.599091159778342,51.1861641763039],[-0.597550086407523,51.1870885692547],[-0.592267237043004,51.1885332381516],[-0.590723730879638,51.1898752215323],[-0.591403178317342,51.1901675712483],[-0.59084677647002,51.1904829865846],[-0.588323293780542,51.1901772300829],[-0.586776125164075,51.1895272849418],[-0.586233412651657,51.1898651438225],[-0.587196983361373,51.190739190577],[-0.584913892836894,51.1904283456668],[-0.584717496578891,51.1908153328465],[-0.583630845205747,51.1907824085958],[-0.582687332456901,51.1897260668005],[-0.581692379724897,51.1897355901193],[-0.582028010902388,51.1890607247785],[-0.581582141214101,51.1887145063881],[-0.57709690403849,51.1881681187839],[-0.576240370366911,51.1890318095569],[-0.576127262461692,51.1897309442133],[-0.578375458119227,51.1898688533558],[-0.577579345674683,51.1926947018477],[-0.574437200455048,51.1929756223023],[-0.574437824610008,51.1962480458214],[-0.574993153929072,51.1968510158518],[-0.57378899893572,51.1983166324805],[-0.57088365664275,51.1993684291302],[-0.569573066420406,51.2004512463154],[-0.565868858291762,51.1999422654451],[-0.562346527100891,51.2016774582679],[-0.560790081518842,51.2006808432371],[-0.560011209509072,51.2008267907317],[-0.559113121397976,51.2001107330966],[-0.558129996137771,51.200149868609],[-0.557399836483229,51.1996507281347],[-0.55555854676358,51.1992584319464],[-0.553439532928206,51.2008311540792],[-0.552848653418623,51.2004569615121],[-0.552038866027579,51.2014037649948],[-0.550294372489106,51.2061788512549],[-0.547599840180778,51.2096032167309],[-0.544273325997744,51.2103513970131],[-0.543895981827152,51.2116038737525],[-0.542637219984847,51.2120198227583],[-0.537051595508393,51.2125769414098],[-0.535054036130505,51.21316976291],[-0.533659209696371,51.2131343159936],[-0.532445111045568,51.2134482267915],[-0.530665475034383,51.2133557750628],[-0.529266643389259,51.2116898617913],[-0.527711412583976,51.2113888260585],[-0.526835302146564,51.2089614293951],[-0.524656447893981,51.2094510949225],[-0.524270175267528,51.2084147852558],[-0.519823510000061,51.2080142151546],[-0.516718280931978,51.2067653625409],[-0.511698060538193,51.2066215224693],[-0.508552807265061,51.2054862936888],[-0.505650492347259,51.2049645591381],[-0.506527399043709,51.2009077028781],[-0.503607358879582,51.2000678858208],[-0.502762495577598,51.1993149971514],[-0.503217628341391,51.19873763971],[-0.505636899165713,51.1978432056136],[-0.507155591396372,51.1962025280264],[-0.504962212983764,51.1925717569611],[-0.504439326649324,51.1903789301887],[-0.504754427819806,51.1893964630201],[-0.504420701947323,51.1876376706721],[-0.505342574276898,51.1836026913653],[-0.501098458170885,51.1835378278286],[-0.498331113949569,51.1838257231663],[-0.495234270056435,51.1831492480171],[-0.494803632763547,51.184421582169],[-0.493844132340875,51.1843145406702],[-0.491595433604796,51.1835887215608],[-0.491807205520043,51.1821826017555],[-0.490348652835107,51.1817150907249],[-0.490154075028328,51.180008486864],[-0.489330004012467,51.1796137879184],[-0.488570935362873,51.1781481112546],[-0.487335311441851,51.1782193473722],[-0.485049390399548,51.178994664197],[-0.483079966786552,51.1788872460645],[-0.481565645338878,51.1786041898116],[-0.479389749495173,51.1774230254374]]],[[[-0.632448246213819,51.1276910368588],[-0.629732507735672,51.1277345542639],[-0.625397183529874,51.1223779956465],[-0.622446527753953,51.1233684278932],[-0.619854946038257,51.1212839377932],[-0.618831780953323,51.121314479544],[-0.618596579040079,51.1216214079838],[-0.617612084410942,51.1217876458694],[-0.616410816439694,51.1215323419535],[-0.61598943881435,51.1218142204221],[-0.615700182004061,51.1214996494115],[-0.614900940370187,51.1214674315422],[-0.613373197009622,51.1218089382828],[-0.612145772235017,51.1225713405631],[-0.611504473780567,51.1225610280767],[-0.611535077409309,51.1229705580982],[-0.609874758703876,51.1233941666479],[-0.608810890448904,51.123274499122],[-0.608940181407409,51.1228374648468],[-0.608346457997523,51.1225655646334],[-0.607749276361533,51.1226564746507],[-0.607635338362399,51.1223583594261],[-0.606311416649534,51.1221107531359],[-0.602951619065663,51.122254193018],[-0.60254511586501,51.1225137195153],[-0.600826056004776,51.12227733401],[-0.600606970780371,51.1225101402184],[-0.60014341624403,51.1219137712408],[-0.599266011307076,51.1219005641245],[-0.599706598225221,51.1213787809178],[-0.599374264804462,51.120895129989],[-0.597368703146508,51.1204205513081],[-0.59887760625144,51.1220334978903],[-0.596345284968515,51.1245938234432],[-0.593276204949814,51.1261648261781],[-0.591882290831823,51.126465487218],[-0.590448118771459,51.1253636873886],[-0.588547902056262,51.1245610957245],[-0.587092630730628,51.1245668972088],[-0.587355700575381,51.1229841267698],[-0.586803579216233,51.1230484962483],[-0.586214369842982,51.1226420969665],[-0.587520044888619,51.1207325443136],[-0.587643518852355,51.1186024979679],[-0.587228587106871,51.1175894032024],[-0.585274669873035,51.1159740667762],[-0.585656332465326,51.1153123258508],[-0.587067360940842,51.1153311870382],[-0.58747565318516,51.1134189674886],[-0.588317097242256,51.1124116974987],[-0.588215319563847,51.1118457267128],[-0.590209694586255,51.108697170025],[-0.591363258924215,51.1059731573049],[-0.590718970696666,51.1058808600059],[-0.591235215854067,51.1026339338412],[-0.591908717076915,51.1024507919935],[-0.592516904135875,51.0996967059473],[-0.592244026983081,51.0951189477159],[-0.593138887316847,51.0939225384677],[-0.593453608321886,51.0916571906151],[-0.596039199138294,51.0856241126233],[-0.596545776534574,51.0818100735486],[-0.597757732738964,51.0796994490585],[-0.600994819125083,51.0796278097687],[-0.603893191135555,51.0800327888832],[-0.605218370314534,51.0805972594445],[-0.607594298656924,51.0823696309575],[-0.610698521024164,51.0830016309764],[-0.615193340968668,51.0847150105757],[-0.620947781550304,51.0881360209928],[-0.624663835522591,51.0880436026115],[-0.628685682631414,51.0889792650777],[-0.629623298284864,51.0889480077342],[-0.631138562035898,51.0883605465885],[-0.633793826252951,51.0865311407408],[-0.637872051324696,51.0853068951338],[-0.642634069445694,51.084430824031],[-0.645938193400898,51.0843653705441],[-0.648159054761458,51.0833834392264],[-0.650253556564976,51.0835379501004],[-0.654268766307415,51.0833829870284],[-0.657617740933169,51.0822139482121],[-0.663974824970759,51.0816994653605],[-0.665757699946514,51.0806593148932],[-0.666366808997849,51.0796194874442],[-0.666761928283253,51.0796329850051],[-0.669060472312222,51.0773930220116],[-0.672542767059212,51.0772275420708],[-0.675571350761329,51.0764498916102],[-0.678807755149431,51.0763434713473],[-0.682472442492267,51.0753300017409],[-0.6874249802526,51.0755142300777],[-0.687894996866442,51.0761031434993],[-0.687091995266964,51.0792577859943],[-0.687639643205305,51.0800328573528],[-0.685962856573095,51.0815715951897],[-0.687251884125194,51.0821840852656],[-0.689277237031127,51.0839216569597],[-0.686453196000227,51.0852307961323],[-0.685458833633064,51.0860604863034],[-0.685290297413687,51.086715056233],[-0.686935703614794,51.0868450894218],[-0.686231584582298,51.088062819998],[-0.685799664545047,51.0882405631305],[-0.685395427306368,51.0878403677155],[-0.684472211011286,51.0883254405753],[-0.685763170989914,51.0893246376767],[-0.683366652060004,51.0907985983877],[-0.680185868631083,51.0910747841754],[-0.680350650026952,51.0914075715459],[-0.674709247548173,51.0928833201746],[-0.679974571260736,51.096040868573],[-0.678786151784435,51.096849409444],[-0.677922787987855,51.0967253876141],[-0.677973027878741,51.097416573947],[-0.683314526276055,51.099223252527],[-0.681291711454895,51.0998425304925],[-0.680643395993918,51.1005393197147],[-0.680254831541816,51.1004423380128],[-0.679046680216334,51.1023908472929],[-0.680408252167827,51.1035348138739],[-0.685484076550623,51.106427273481],[-0.680498526347256,51.1076921508762],[-0.677185977834691,51.1099379315784],[-0.675152550945455,51.1103619143349],[-0.674607034426692,51.1110022953935],[-0.673010981150261,51.1117152778826],[-0.672277120399729,51.1117986542417],[-0.672067961908203,51.11156703796],[-0.67188950667602,51.1117645912703],[-0.671288352434521,51.1114547176924],[-0.670773738153902,51.1119147364681],[-0.670256158244536,51.1118288475845],[-0.670391639750844,51.1121361357579],[-0.669872222378845,51.1121634991061],[-0.669433428345503,51.1126692336674],[-0.66999164028424,51.113030770294],[-0.669092616511772,51.1140412774134],[-0.667403345776791,51.1146587242506],[-0.666998412125579,51.1151279717876],[-0.66653690378508,51.1150777608955],[-0.664395107010351,51.1188508631221],[-0.664091340764436,51.1186810807686],[-0.66351641474386,51.1188983628618],[-0.66322436721143,51.1192169548614],[-0.663574268043435,51.1194700640856],[-0.663234680595261,51.1197989014641],[-0.662463713254743,51.1197298565074],[-0.662319760665487,51.1202111500539],[-0.661905076126654,51.1200229234807],[-0.660219736117809,51.1204442329729],[-0.660076795542318,51.1207429503435],[-0.659369188667251,51.1208536015337],[-0.659243795398312,51.1213844613318],[-0.658017988153349,51.1215736715141],[-0.658219829849152,51.1218089169281],[-0.65726792657045,51.1222098288022],[-0.657550850824947,51.122358802211],[-0.656864754016751,51.1223644141971],[-0.656705242855457,51.1227420507471],[-0.65585757070821,51.1230497540964],[-0.656181432353671,51.123412264741],[-0.654429463356869,51.1251367368329],[-0.651990053348396,51.1252857709179],[-0.651594605873682,51.1247803810141],[-0.651315059734369,51.1250540512735],[-0.65075108634721,51.1249387641319],[-0.650834774276836,51.1245207042828],[-0.650314140987972,51.1248312346571],[-0.649668093040937,51.124686137419],[-0.649297792162474,51.1251827851506],[-0.648586418606408,51.1251727671458],[-0.648828933985298,51.1260730434547],[-0.649573939098218,51.1263972896057],[-0.649369931164569,51.1268759879506],[-0.650610143755938,51.127278854113],[-0.650076167209203,51.12887965078],[-0.650594860328746,51.1292767920326],[-0.652401371883672,51.1295691977106],[-0.653359024605758,51.1317788908506],[-0.650297654903276,51.1321177026337],[-0.64944298261784,51.1325610219823],[-0.646261120487324,51.1314460660671],[-0.64334924892057,51.1310238664108],[-0.64369151994018,51.1301681211041],[-0.643400630996591,51.12780324726],[-0.639958827351758,51.1276239209056],[-0.637451558871138,51.12716042158],[-0.634550195350137,51.1272650228501],[-0.633819452632735,51.128055074285],[-0.632448246213819,51.1276910368588]]],[[[-0.457074965999099,51.1748861717611],[-0.457678894612428,51.1728979351297],[-0.458244314126552,51.1728915388193],[-0.458444045159249,51.1725387791662],[-0.459347617951612,51.1729838597671],[-0.460091857697433,51.1729645215911],[-0.46111941798924,51.172332456204],[-0.463840159642716,51.1719869213693],[-0.463722817084304,51.1692060074185],[-0.462604349855247,51.1687073276492],[-0.461511295385136,51.1671227423672],[-0.463797053051457,51.1667855171904],[-0.464515352893304,51.1643988394357],[-0.464189218020679,51.1638397079896],[-0.464672509986001,51.1635420980019],[-0.463836227139003,51.1597820560805],[-0.462016534293147,51.1582500677339],[-0.461903996413283,51.1576775506712],[-0.46379078163836,51.1549047090503],[-0.463392165716646,51.1514040315375],[-0.460208601176296,51.1517677147927],[-0.458943428340288,51.1490991377818],[-0.459013922089009,51.1481395580322],[-0.454493057267528,51.148738263954],[-0.454439869744632,51.1478032130337],[-0.454787507727843,51.1477115214889],[-0.453901902733822,51.1455460443848],[-0.451748926208732,51.14579725119],[-0.451115555193102,51.1433626878012],[-0.450702774805204,51.1429255133769],[-0.449644553050101,51.14301946337],[-0.45032022495056,51.1426524482695],[-0.451142012606719,51.1413773777473],[-0.45213680909591,51.1384724239636],[-0.450499880507484,51.1357871377295],[-0.450038462798587,51.1309527521841],[-0.450945766459818,51.1304900004679],[-0.450948983945239,51.1300942947846],[-0.454968343473964,51.1266808904734],[-0.45602871788932,51.1282428917597],[-0.459556860260134,51.1302892255435],[-0.461654071032957,51.1306386801832],[-0.468247561893498,51.1308154167986],[-0.471560586460303,51.1305019271994],[-0.474166901229881,51.1311837958014],[-0.479902555453494,51.1339465923928],[-0.480390516537737,51.1345002310568],[-0.480924434912479,51.1374791743725],[-0.481803083812424,51.1386965073315],[-0.484427203455045,51.1403990486673],[-0.487670590963876,51.1407820333679],[-0.486723957385797,51.1477493958018],[-0.487010631708843,51.1484798598576],[-0.487486126748435,51.1484563421936],[-0.487369347918861,51.1505834257455],[-0.488744324830445,51.1513017088623],[-0.48868262928452,51.1520105028725],[-0.489839201648255,51.1534624224562],[-0.492685036781904,51.1527060170198],[-0.493447665655676,51.1541851878828],[-0.490176571951294,51.1546025896192],[-0.490086459262471,51.1560527924856],[-0.491920695898656,51.1572509221853],[-0.498189807493444,51.1576094555588],[-0.497306582994229,51.1593984738694],[-0.500399914417664,51.1600613615203],[-0.501551880213754,51.159772165966],[-0.502262944914091,51.1599421949429],[-0.502019773921507,51.1611342270243],[-0.504796902457208,51.1610564789561],[-0.506393398892479,51.1613961110306],[-0.507603638897798,51.1610329834566],[-0.508287563279849,51.1615560296594],[-0.50801215403855,51.1617117319822],[-0.505538044308067,51.1637025658058],[-0.505014234425004,51.1635781034889],[-0.501663506868172,51.1641431478911],[-0.501053602332007,51.1654860081393],[-0.500764492434037,51.1655353458637],[-0.50049313489592,51.1645966268516],[-0.497168685337129,51.1645701502582],[-0.494127486422848,51.1690183636902],[-0.493492727034269,51.1694931395359],[-0.491448013571106,51.1699955897997],[-0.491384387091259,51.1703661498452],[-0.489834364415875,51.1705223580894],[-0.488917992805829,51.1695860735747],[-0.487373040504985,51.1705940367775],[-0.487682854481204,51.1711393367529],[-0.487125043654803,51.171573719458],[-0.486072029182917,51.1709683684971],[-0.486110009833794,51.1702872297922],[-0.481839489186146,51.1696536476889],[-0.481009593928466,51.170399124048],[-0.481517711098525,51.171045097359],[-0.479678724911429,51.1752469267719],[-0.479389749495173,51.1774230254374],[-0.475765675948058,51.1780341309962],[-0.475585692798809,51.178458911277],[-0.475067089063896,51.1785673183666],[-0.467600011970996,51.1795209827218],[-0.466023045016894,51.1778933154374],[-0.464349287132154,51.1771123131381],[-0.460802843423919,51.1771934616533],[-0.459447503815887,51.177422945268],[-0.459036987669521,51.177936365677],[-0.45760015416695,51.1763616720973],[-0.457074965999099,51.1748861717611]]],[[[-0.50801215403855,51.1617117319822],[-0.508287563279849,51.1615560296594],[-0.507603638897798,51.1610329834566],[-0.506393398892479,51.1613961110306],[-0.504796902457208,51.1610564789561],[-0.502019773921507,51.1611342270243],[-0.502262944914091,51.1599421949429],[-0.501551880213754,51.159772165966],[-0.500399914417664,51.1600613615203],[-0.497306582994229,51.1593984738694],[-0.498189807493444,51.1576094555588],[-0.491920695898656,51.1572509221853],[-0.490086459262471,51.1560527924856],[-0.490176571951294,51.1546025896192],[-0.493447665655676,51.1541851878828],[-0.492685036781904,51.1527060170198],[-0.489839201648255,51.1534624224562],[-0.48868262928452,51.1520105028725],[-0.488744324830445,51.1513017088623],[-0.487369347918861,51.1505834257455],[-0.487486126748435,51.1484563421936],[-0.487010631708843,51.1484798598576],[-0.486723957385797,51.1477493958018],[-0.487670590963876,51.1407820333679],[-0.484427203455045,51.1403990486673],[-0.481803083812424,51.1386965073315],[-0.480924434912479,51.1374791743725],[-0.480390516537737,51.1345002310568],[-0.479902555453494,51.1339465923928],[-0.474166901229881,51.1311837958014],[-0.471560586460303,51.1305019271994],[-0.468247561893498,51.1308154167986],[-0.461654071032957,51.1306386801832],[-0.459556860260134,51.1302892255435],[-0.45602871788932,51.1282428917597],[-0.454968343473964,51.1266808904734],[-0.454057792012311,51.1237928461169],[-0.456205562110461,51.1183473309132],[-0.455368072098593,51.1167238662643],[-0.454927488640848,51.1130750685289],[-0.452457119310093,51.1086512215706],[-0.452433511736761,51.1041805897702],[-0.450472087333825,51.1002675644504],[-0.451181049221141,51.0996445827188],[-0.452029331688643,51.0994768588533],[-0.454244643867739,51.1003190255281],[-0.456847205558173,51.1005532212342],[-0.460744826393996,51.0990366987855],[-0.470275141918642,51.0984827204813],[-0.474462928982629,51.0969179157602],[-0.475966966814597,51.0968261966355],[-0.478849854772596,51.0972630146228],[-0.483009206198784,51.0961620096493],[-0.488450158174447,51.097310688759],[-0.489221985123776,51.0960724523185],[-0.490411324149568,51.0959630745259],[-0.490823189349194,51.0944086672868],[-0.492109150908277,51.094442697917],[-0.495495796814569,51.0933899994256],[-0.496101951763703,51.0923536564102],[-0.497721179474955,51.0916091976362],[-0.498065978791447,51.0930452464566],[-0.496759253861491,51.0946787279103],[-0.498389831397008,51.0945979872633],[-0.498415724326703,51.0984356597207],[-0.499122665916502,51.1029420315392],[-0.497743844576132,51.1056905347473],[-0.494518526340896,51.108502467746],[-0.492955441738206,51.1113204486693],[-0.492452118399593,51.1133994141568],[-0.492707585955618,51.1138496093391],[-0.496193234489209,51.115225389539],[-0.49530995692895,51.1156754039289],[-0.494508401066694,51.1171704033588],[-0.496128629147549,51.1180986279946],[-0.497090774082772,51.1199293485176],[-0.495811834113787,51.1198445806427],[-0.49527585514982,51.1205534828386],[-0.496139482300385,51.1205376214663],[-0.497823080676536,51.1199081908474],[-0.499132882041368,51.1198369040162],[-0.499260556051679,51.1200417199884],[-0.499849899551993,51.1197129599258],[-0.500108858405646,51.1200112487648],[-0.500644451785332,51.1197996551083],[-0.501097099674393,51.1205131637259],[-0.502329259003259,51.1199246292698],[-0.503575194385027,51.1201050973572],[-0.503599980195217,51.1204867777592],[-0.503968643502651,51.1204860992021],[-0.504047828402409,51.1198944804517],[-0.5052126073565,51.1206845047459],[-0.505865742873805,51.1200606613888],[-0.507022040250463,51.1204495082222],[-0.507073016962371,51.1208638871481],[-0.507992136856483,51.1206759435211],[-0.510765606036584,51.1233452310843],[-0.51042058631011,51.1236762603287],[-0.509540165488002,51.1237694199393],[-0.510790872653879,51.124025478622],[-0.510566372651995,51.1246097675119],[-0.511334668657154,51.125293182628],[-0.512059586106623,51.1251009376553],[-0.513689560247009,51.125832964767],[-0.51382497619634,51.1254426252182],[-0.514457664154547,51.12558731309],[-0.515011127140697,51.1263327024011],[-0.516154808672963,51.1264973531657],[-0.516816572676695,51.1273870513945],[-0.516130334870905,51.1276661211212],[-0.516749488376059,51.1280543477846],[-0.515921865000791,51.128328926262],[-0.515913024964213,51.1295868949139],[-0.514962755317246,51.1309183194268],[-0.513940477882686,51.1313298496789],[-0.512703182841508,51.1329651619899],[-0.511909210938889,51.1330764295828],[-0.512250327550781,51.1333128044064],[-0.51508633051949,51.1344630805487],[-0.515742805038315,51.1351197813841],[-0.519180358147158,51.1344510656493],[-0.522435722634426,51.1346064985934],[-0.525311636236238,51.1337956544128],[-0.529241913878308,51.1332228428591],[-0.529778030819813,51.133355535128],[-0.530451278989409,51.1346598331586],[-0.53321497221961,51.1350883807755],[-0.532647651068454,51.1367952306337],[-0.532807908163665,51.1376479750142],[-0.534266133329428,51.1411194475689],[-0.531146902410987,51.1416136122471],[-0.531102002339459,51.142534803506],[-0.53210665955875,51.1443476842026],[-0.530862442907606,51.1449471675481],[-0.531030194189756,51.1455634777884],[-0.530325941246354,51.1463559195382],[-0.52776080652478,51.1467247110356],[-0.526344170200123,51.1480188890826],[-0.525545957133747,51.1496923170533],[-0.522102071343229,51.1506596142795],[-0.519668208623504,51.1521450196223],[-0.517956473877335,51.1525504661138],[-0.518687188155421,51.1530885185928],[-0.518678121075634,51.1535928387748],[-0.520216852083069,51.1541707783531],[-0.520130306389937,51.1545986905545],[-0.521018383992459,51.1545936496156],[-0.521275745019243,51.1556679838682],[-0.520740051300841,51.1558320223539],[-0.520686796895299,51.1564689263354],[-0.520215735121461,51.1564882307262],[-0.520260808740605,51.1569554771218],[-0.520481597170738,51.1572963867567],[-0.521461931780997,51.1570920301042],[-0.520889695532406,51.1579930653203],[-0.521821778687887,51.1583177912821],[-0.521562473369641,51.1587354304684],[-0.522013910361276,51.1587959747587],[-0.52181889337688,51.1596631218101],[-0.519996940062146,51.1599746077739],[-0.520349774548287,51.1605230604752],[-0.521182076453556,51.1605695452879],[-0.521087773386245,51.1608821970052],[-0.52009215237649,51.1612006217199],[-0.520876030802014,51.1615081069242],[-0.520977357642241,51.1619644659961],[-0.519589829137553,51.1616573449819],[-0.516610704289596,51.1629522989711],[-0.510065130328702,51.16338173572],[-0.509441343364739,51.1624547316637],[-0.508664407768717,51.1623324540976],[-0.50801215403855,51.1617117319822]]],[[[-0.653165283890989,51.181646039545],[-0.655353311945105,51.1807953940035],[-0.656793134428503,51.1808263220745],[-0.657490658106355,51.1815420333228],[-0.657041758173366,51.1819738909353],[-0.660199076511582,51.1817907397288],[-0.660474728316334,51.1822524837157],[-0.661587663954844,51.1823092755286],[-0.663706194977966,51.1834639169683],[-0.664224064248457,51.1846047462457],[-0.664201368029908,51.1860360743964],[-0.664936257591223,51.1866002338676],[-0.671999687947233,51.1868865136198],[-0.672354965079833,51.1859769708632],[-0.673610592770435,51.184702481814],[-0.673601821505699,51.1840621061153],[-0.675205311834219,51.1823285519186],[-0.677127590612897,51.1820040981162],[-0.678227580985114,51.1807638497468],[-0.681027240393306,51.1789690202868],[-0.680133449410078,51.1777988516882],[-0.679929445372271,51.1766266635995],[-0.67839605594395,51.1747136891646],[-0.679154458118146,51.1718508090508],[-0.678340046352021,51.171566420325],[-0.677716119054028,51.1707743497371],[-0.682451413478971,51.1694986889109],[-0.682935262466679,51.1686300279599],[-0.684915862482792,51.1676918999948],[-0.68747593253053,51.1680039385089],[-0.690704911972759,51.1676255975369],[-0.695324188136384,51.1579065639236],[-0.699082268368162,51.1604025573375],[-0.701230312160521,51.1604021589911],[-0.703695092077196,51.1665571773827],[-0.715558516263514,51.1657663175814],[-0.716003640986066,51.1625032067708],[-0.71810715392253,51.1583824651835],[-0.722013402001084,51.1592849459733],[-0.726269763166798,51.1618160735276],[-0.727451773985842,51.1629349958731],[-0.734974787544557,51.165226116629],[-0.741989110360111,51.169581427167],[-0.744401047351761,51.1713627514242],[-0.74594883082816,51.1735240321446],[-0.742041729668403,51.1788003340123],[-0.742129964580717,51.179342665585],[-0.73979835786749,51.1804335948421],[-0.739532679120969,51.1802049913237],[-0.737739919282839,51.1804194887234],[-0.737370067251042,51.1796600609352],[-0.736553624111244,51.1794840286203],[-0.733262153110265,51.1806642447315],[-0.733224450379554,51.1813130996008],[-0.732145714949926,51.1821457589069],[-0.73073819638643,51.1866142929447],[-0.729795854756885,51.1877928205287],[-0.72703860604578,51.1888770742514],[-0.725955288167336,51.1884093027025],[-0.725996587681625,51.189300039673],[-0.724831201019279,51.1891129325338],[-0.724135536458257,51.1894857163152],[-0.723573413633404,51.1904615693885],[-0.723800462108786,51.1909433970562],[-0.723292818848292,51.1916545456958],[-0.723749022974955,51.192238664811],[-0.731642049228366,51.1968612632389],[-0.719968624375146,51.2003878458092],[-0.718709066894235,51.1996123285395],[-0.718571475106671,51.2007529185796],[-0.713166796896589,51.2020847124119],[-0.708914672651133,51.2030397128978],[-0.70656060909044,51.2027106522901],[-0.70317878245622,51.1964079077308],[-0.703789863723296,51.19461264251],[-0.702400424999023,51.192472901242],[-0.701940029900119,51.192305025764],[-0.700353337559209,51.192718695775],[-0.700414945890679,51.1919319827623],[-0.699540861092772,51.1927453580393],[-0.698883046343369,51.191939323796],[-0.696968268393547,51.1919386934282],[-0.696196137381422,51.1920676776782],[-0.696129778681935,51.1926518300146],[-0.695599191993737,51.1911882396461],[-0.694517053509387,51.1912352315143],[-0.694521125965425,51.1920358759942],[-0.693685993121592,51.1917072771852],[-0.693795097545058,51.1912574233886],[-0.693055860683681,51.1909076968207],[-0.69122743272644,51.1910041135933],[-0.691291599653208,51.1901475602521],[-0.688265668318996,51.1895571643933],[-0.688402367528846,51.1886531708327],[-0.685486610628368,51.189910979711],[-0.685278722740621,51.1915354184024],[-0.684692626258458,51.1916133608187],[-0.684846858529166,51.1924801902278],[-0.682990180939548,51.1946447199679],[-0.682561852714263,51.1945571876442],[-0.681385480917947,51.1953109686726],[-0.679531729091955,51.1952711789346],[-0.679540298817639,51.1955743323445],[-0.676187338860263,51.1952118033939],[-0.670960241360836,51.19602214589],[-0.669279906600376,51.1968689702668],[-0.667381228761943,51.1991801052843],[-0.666100816791183,51.199260804454],[-0.663407226571203,51.200246202034],[-0.663118213531337,51.1987564775793],[-0.660881626652978,51.1958199016806],[-0.660659870278979,51.1932150056561],[-0.65844158993096,51.1906805373857],[-0.656816078959818,51.1873344053253],[-0.652318441879736,51.1834555566964],[-0.650398731965995,51.1831447226578],[-0.653165283890989,51.181646039545]]],[[[-0.418568646347191,51.173293611284],[-0.418441916813657,51.172219347499],[-0.41619086587296,51.1686070269374],[-0.416623829359624,51.1670770050285],[-0.415140078305247,51.1586540631522],[-0.415637619868785,51.1574881230086],[-0.416338866627444,51.1573492804493],[-0.41549321440675,51.1563611350599],[-0.415969554288745,51.1549800410912],[-0.414839390522801,51.1523208953902],[-0.414561033572722,51.1501768276251],[-0.415114487356484,51.145037705921],[-0.414836391571465,51.142470109507],[-0.415331967233268,51.1401063759873],[-0.415949828584662,51.1391345427103],[-0.415708568263379,51.13753596213],[-0.416324490227244,51.1324012701004],[-0.415309827152514,51.132187944716],[-0.415108742720854,51.1315898872909],[-0.415931870214573,51.1314696911133],[-0.415820544810091,51.1311309598406],[-0.41372051288288,51.1281394107801],[-0.413236600134928,51.1263288679207],[-0.413304640752447,51.1254260027474],[-0.416991380033883,51.1247223964409],[-0.417880208081656,51.1216705518061],[-0.418584853947043,51.1109453812278],[-0.418207227210455,51.1093710272261],[-0.417286874324924,51.1091283376793],[-0.417419600773618,51.1089274417275],[-0.418935855740565,51.1091724992124],[-0.419521859906094,51.108020039172],[-0.419797507032437,51.1067647713755],[-0.419197682354686,51.1051906183192],[-0.421107216013212,51.1042492268843],[-0.42158070901142,51.1035613592618],[-0.426532268604946,51.1024878547359],[-0.428123262148561,51.1013994945719],[-0.433049188635358,51.1006931592461],[-0.435548374691235,51.0996887859637],[-0.437243694047118,51.0982069383778],[-0.438436290445316,51.0979081227921],[-0.441214075510823,51.0977402101605],[-0.441433326596922,51.0980174246953],[-0.442503690062925,51.0981278832574],[-0.44234269754934,51.099092459654],[-0.438827121166527,51.1002973754429],[-0.439966304197015,51.1008279005704],[-0.439536933323944,51.101065807336],[-0.43947148854798,51.1019920978239],[-0.440065261864854,51.1020450612327],[-0.440181903124709,51.1027821989201],[-0.441195905267579,51.1032516161105],[-0.441058418852935,51.1017363664072],[-0.443794187906565,51.1010829868637],[-0.444849660158165,51.0995926023984],[-0.446102426481211,51.1006149726518],[-0.450472087333825,51.1002675644504],[-0.452433511736761,51.1041805897702],[-0.452457119310093,51.1086512215706],[-0.454927488640848,51.1130750685289],[-0.455368072098593,51.1167238662643],[-0.456205562110461,51.1183473309132],[-0.454057792012311,51.1237928461169],[-0.454968343473964,51.1266808904734],[-0.450948983945239,51.1300942947846],[-0.450945766459818,51.1304900004679],[-0.450038462798587,51.1309527521841],[-0.450499880507484,51.1357871377295],[-0.45213680909591,51.1384724239636],[-0.451142012606719,51.1413773777473],[-0.45032022495056,51.1426524482695],[-0.449644553050101,51.14301946337],[-0.450702774805204,51.1429255133769],[-0.451115555193102,51.1433626878012],[-0.451748926208732,51.14579725119],[-0.453901902733822,51.1455460443848],[-0.454787507727843,51.1477115214889],[-0.454439869744632,51.1478032130337],[-0.454493057267528,51.148738263954],[-0.459013922089009,51.1481395580322],[-0.458943428340288,51.1490991377818],[-0.460208601176296,51.1517677147927],[-0.463392165716646,51.1514040315375],[-0.46379078163836,51.1549047090503],[-0.461903996413283,51.1576775506712],[-0.462016534293147,51.1582500677339],[-0.463836227139003,51.1597820560805],[-0.464672509986001,51.1635420980019],[-0.464189218020679,51.1638397079896],[-0.464515352893304,51.1643988394357],[-0.463797053051457,51.1667855171904],[-0.461511295385136,51.1671227423672],[-0.462604349855247,51.1687073276492],[-0.463722817084304,51.1692060074185],[-0.463840159642716,51.1719869213693],[-0.46111941798924,51.172332456204],[-0.460091857697433,51.1729645215911],[-0.459347617951612,51.1729838597671],[-0.458444045159249,51.1725387791662],[-0.458244314126552,51.1728915388193],[-0.457678894612428,51.1728979351297],[-0.457074965999099,51.1748861717611],[-0.456370840510915,51.1756313724627],[-0.447315476555928,51.180663261998],[-0.447551160914823,51.1818888724039],[-0.443905881368202,51.1835539384233],[-0.443283456227756,51.1831715576978],[-0.442918686266278,51.1833384666071],[-0.437335382476706,51.1795322788773],[-0.437107412820752,51.1798257272482],[-0.435731977537485,51.1795354927288],[-0.434095526378892,51.1796061381555],[-0.432941006502527,51.1790927475506],[-0.431605101956703,51.1779172900447],[-0.4313067846205,51.1759070798577],[-0.429532957347438,51.1740321254614],[-0.427823944965538,51.1758174343734],[-0.425913537320694,51.1744666648577],[-0.42531198729461,51.1746511044732],[-0.422353991107652,51.1735509205549],[-0.419421880778864,51.1735349061116],[-0.418568646347191,51.173293611284]]],[[[-0.755501832856785,51.202451962716],[-0.754274144455466,51.2016916436648],[-0.753437946525643,51.2004282666009],[-0.755019143124737,51.1978939124183],[-0.756873021472421,51.1980925306323],[-0.758304110997172,51.1989494677037],[-0.76300734466724,51.2004479519061],[-0.765643018133728,51.2007996144963],[-0.766876402032941,51.2006003676678],[-0.766459407142608,51.1983685113183],[-0.764714935249096,51.1977170245564],[-0.763301101854269,51.1966355071842],[-0.763118881390542,51.1954231624583],[-0.763494259647071,51.1946592016262],[-0.777727680117785,51.1877064001407],[-0.786227802694641,51.1852383301566],[-0.7936832839494,51.1823605262778],[-0.792787402141552,51.1816022334467],[-0.792948676590266,51.1811766913643],[-0.793673891630537,51.1812956495273],[-0.793791565540557,51.180732199126],[-0.795571817574273,51.1800005068823],[-0.795366169636193,51.1797664452193],[-0.796242579241964,51.178797892646],[-0.799586140741428,51.1795112744094],[-0.80073853328225,51.1809753467921],[-0.800157784029602,51.1826267933663],[-0.801286618241699,51.1834557407972],[-0.801823108551754,51.1864953727546],[-0.80319150512179,51.187974216255],[-0.803819953565978,51.188242825848],[-0.804459869553545,51.1878297757674],[-0.805764266894422,51.1887518844708],[-0.806019167924784,51.1906847461624],[-0.807268371312367,51.1915481897533],[-0.807310810691127,51.19123433161],[-0.807790284924146,51.1914496030084],[-0.80760507840556,51.1918408934627],[-0.80877677754122,51.1919124816035],[-0.808662873011239,51.1924117507434],[-0.809339824585287,51.1929284132593],[-0.811328899029175,51.1924404268147],[-0.812663661821554,51.1937698432041],[-0.81308990214065,51.1947548096369],[-0.813899729549063,51.1941602516829],[-0.815011467650107,51.1944997485177],[-0.815080381400305,51.1948766060631],[-0.81259502164486,51.195077566501],[-0.812619907308446,51.1955018190953],[-0.810784776051994,51.1963783875029],[-0.809858198624865,51.1961225941394],[-0.809633409077943,51.196286262129],[-0.810346231566419,51.1968410026211],[-0.808530699747312,51.1981196133699],[-0.806349492108105,51.1991051740588],[-0.80674288631724,51.1994904728475],[-0.806104615387626,51.1993872001184],[-0.802987535810035,51.2007902506888],[-0.802480700290441,51.2001780544446],[-0.802103966226986,51.2003050885934],[-0.801097408046607,51.1996219097383],[-0.798122825233076,51.200701639734],[-0.797903697554565,51.2003783557241],[-0.796857370723044,51.2005420943001],[-0.796776467671113,51.2009027503942],[-0.796244502329131,51.2001121801614],[-0.794116568685384,51.2005884892263],[-0.794980196715559,51.2024903251796],[-0.794170699732083,51.2027391875711],[-0.794352377076947,51.2030180423756],[-0.793552993410523,51.2034306229056],[-0.793860616203104,51.2038716976602],[-0.792051443718578,51.2043593471831],[-0.792366920470144,51.2048292759769],[-0.790216388638056,51.205396979451],[-0.788479993753012,51.2081360253408],[-0.787736027735388,51.2079450504437],[-0.78757916151476,51.2082509726443],[-0.785584597226169,51.2070657182524],[-0.77983284718968,51.205105739021],[-0.779030075199132,51.205747520671],[-0.775766981565759,51.2040974627073],[-0.774660099904643,51.2062143495391],[-0.773905476098849,51.206764003949],[-0.775989275324727,51.2077012779657],[-0.774728029811424,51.2087320851102],[-0.770659082635177,51.2077209027272],[-0.769214476916672,51.2086427427337],[-0.768006179946707,51.2075122953856],[-0.76650871060753,51.2071934613234],[-0.764892197253347,51.206082858864],[-0.75659113640931,51.2031415754229],[-0.755501832856785,51.202451962716]]],[[[-0.778633682958682,51.2220140953137],[-0.77870256490912,51.2212700021855],[-0.780016070815826,51.2195944156886],[-0.779263774581861,51.2183577293865],[-0.790345484394975,51.2157253933109],[-0.792556629581283,51.2145009636228],[-0.794068280219488,51.2128673419296],[-0.795923687848237,51.2106715892105],[-0.797473083327175,51.2096147500798],[-0.804409701942918,51.2081867377585],[-0.805142268424926,51.2084751228271],[-0.80697924679905,51.2079359395771],[-0.805127664836707,51.2089140300869],[-0.80628238274867,51.2102408833312],[-0.80752920494268,51.2098188087683],[-0.809070275998864,51.2110779817033],[-0.80812607518429,51.2114075373917],[-0.807508210309571,51.2119377700363],[-0.807821565511953,51.2121253586205],[-0.807177008710341,51.2123987788913],[-0.806914136247594,51.2129316048241],[-0.807712009434191,51.2129159085747],[-0.808207388722408,51.2133987302025],[-0.806837492182168,51.2138860838052],[-0.807305211947192,51.2144460825992],[-0.802676711902961,51.2158806239749],[-0.803200938935789,51.2165975941906],[-0.802727916392173,51.2167394489877],[-0.803751569277644,51.2184053691051],[-0.803361404974369,51.2184897101179],[-0.803421970919525,51.2192419786182],[-0.802749588501012,51.2195219617369],[-0.80201400278855,51.2193399768748],[-0.799541491801115,51.2174414532497],[-0.796973515622886,51.2187388504624],[-0.790756757108224,51.2206333158101],[-0.786856950670553,51.2223446387274],[-0.788014369693086,51.2241317921138],[-0.783969446225704,51.2246262401377],[-0.782992759227465,51.2254310337483],[-0.78085389124463,51.2234315174065],[-0.778633682958682,51.2220140953137]]],[[[-0.788479993753012,51.2081360253408],[-0.790216388638056,51.205396979451],[-0.792366920470144,51.2048292759769],[-0.792051443718578,51.2043593471831],[-0.793860616203104,51.2038716976602],[-0.793552993410523,51.2034306229056],[-0.794352377076947,51.2030180423756],[-0.794170699732083,51.2027391875711],[-0.794980196715559,51.2024903251796],[-0.794116568685384,51.2005884892263],[-0.796244502329131,51.2001121801614],[-0.796776467671113,51.2009027503942],[-0.796857370723044,51.2005420943001],[-0.797903697554565,51.2003783557241],[-0.798122825233076,51.200701639734],[-0.801097408046607,51.1996219097383],[-0.802103966226986,51.2003050885934],[-0.802480700290441,51.2001780544446],[-0.802987535810035,51.2007902506888],[-0.806104615387626,51.1993872001184],[-0.80674288631724,51.1994904728475],[-0.806349492108105,51.1991051740588],[-0.808530699747312,51.1981196133699],[-0.810346231566419,51.1968410026211],[-0.809633409077943,51.196286262129],[-0.809858198624865,51.1961225941394],[-0.810784776051994,51.1963783875029],[-0.812619907308446,51.1955018190953],[-0.81259502164486,51.195077566501],[-0.815080381400305,51.1948766060631],[-0.81574821224941,51.1956703813232],[-0.814347607518629,51.1959379483741],[-0.814809037926065,51.1965851439282],[-0.815377732481348,51.1964537678737],[-0.815974178972306,51.1972785803501],[-0.813350172725296,51.1982187163589],[-0.813982526034397,51.1988465188352],[-0.812965885921637,51.1993055739665],[-0.813733441580546,51.1997927074149],[-0.814561331732018,51.1995474917082],[-0.815439238316087,51.2009241229219],[-0.8131174105321,51.2015444514652],[-0.81420217919368,51.2030599271586],[-0.814169278727839,51.204117085487],[-0.812344588248562,51.204605790207],[-0.809285794530604,51.2060423121074],[-0.809635340756548,51.2069748044972],[-0.804409701942918,51.2081867377585],[-0.797473083327175,51.2096147500798],[-0.795923687848237,51.2106715892105],[-0.794068280219488,51.2128673419296],[-0.793535314112234,51.2125338602381],[-0.793879643924281,51.2120140695455],[-0.793408126237693,51.2118025582449],[-0.792855866269935,51.21231128793],[-0.791756401099295,51.2120715268239],[-0.791268119194501,51.2114055166165],[-0.791826052211656,51.2111203307989],[-0.791162692219108,51.2106570926985],[-0.790600862476829,51.2108918317316],[-0.790244341695091,51.2106197622715],[-0.790704889991051,51.2104428469985],[-0.788479993753012,51.2081360253408]]],[[[-0.786900528289122,51.2418650981706],[-0.78678237703722,51.2406443235395],[-0.787808355693798,51.2409028315485],[-0.789383961001085,51.2403670081388],[-0.791549195946472,51.2391962367772],[-0.791371408142801,51.2389404024044],[-0.792475423160989,51.2382530892012],[-0.791485730122892,51.237831826395],[-0.791313299554944,51.2383077985067],[-0.790474548520311,51.238496621514],[-0.7905324443697,51.2381085574738],[-0.787329989273073,51.2383404294308],[-0.788058984823382,51.2372298636885],[-0.787946053713597,51.2367308731324],[-0.788692408652697,51.2364622644317],[-0.785626033837904,51.2354321413648],[-0.786067101800664,51.23272279917],[-0.785064249329492,51.2321660754902],[-0.784592346506884,51.2297971420897],[-0.784915733197642,51.229637676186],[-0.784540879999841,51.2293942884317],[-0.784781769760401,51.2275729558225],[-0.782992759227465,51.2254310337483],[-0.783969446225704,51.2246262401377],[-0.788014369693086,51.2241317921138],[-0.78966865771429,51.2247783941042],[-0.790405715050716,51.2257239367949],[-0.795355860611949,51.2243785098112],[-0.795927165207096,51.2249877964681],[-0.796803125896901,51.2247315137582],[-0.796521683484738,51.22437612283],[-0.799874904307675,51.2250625179267],[-0.802604682751789,51.2240625751208],[-0.803674390391075,51.2240645280445],[-0.804794965844424,51.2267505816461],[-0.806970233562888,51.229432542976],[-0.807477260373001,51.2292091156873],[-0.807796738552631,51.2294205564768],[-0.804268305171943,51.2315568109726],[-0.804493052617357,51.2322794275858],[-0.805997512164152,51.2334885805812],[-0.805795805111691,51.2337773861995],[-0.804733211649433,51.2336875978947],[-0.80474835957598,51.2342909645033],[-0.805427110727109,51.2345135692994],[-0.805317690626275,51.235298793971],[-0.808584018449739,51.2356883900229],[-0.813264412676712,51.2352922236244],[-0.820797807161021,51.2354482761719],[-0.820778172016609,51.2392708257608],[-0.816254753314458,51.2393636864296],[-0.813657948178051,51.2403481138378],[-0.81343270601061,51.2415310488643],[-0.807569059612662,51.2429668067296],[-0.80621141787428,51.2447730293298],[-0.804749572959298,51.2450647466771],[-0.803457918041358,51.2415112855209],[-0.801740042684925,51.2390387624338],[-0.797410604409671,51.2395456046506],[-0.793047295362657,51.2416166212048],[-0.790231237024944,51.2424156824361],[-0.786900528289122,51.2418650981706]]],[[[-0.758721096594631,51.2338809757167],[-0.75210020932047,51.2319895554496],[-0.750254650960966,51.2310121627513],[-0.745540379663864,51.2304563892127],[-0.746303811215921,51.2290850720352],[-0.745651644712131,51.2276815895698],[-0.742278912437124,51.2283656540817],[-0.741583388090072,51.2255615045536],[-0.742369136707753,51.225477356115],[-0.741600976564765,51.2241795723291],[-0.744383145559525,51.2236168433041],[-0.748336015847959,51.2234954906549],[-0.748281267459733,51.2231891550481],[-0.747407745829262,51.2231375529107],[-0.747370284208213,51.2218763958304],[-0.746526208016372,51.2219545583553],[-0.746274047506875,51.2212747304665],[-0.742700054238766,51.2215796540011],[-0.74186353908996,51.2195485912452],[-0.74625520385579,51.2164863724725],[-0.746673226509335,51.2140874004576],[-0.747686885537034,51.214347350536],[-0.748335859129155,51.2107178686381],[-0.74677484898515,51.209178978601],[-0.747215200493024,51.2089232351283],[-0.749036547660619,51.2076212257429],[-0.7525917946227,51.2036205985613],[-0.755501832856785,51.202451962716],[-0.75659113640931,51.2031415754229],[-0.764892197253347,51.206082858864],[-0.76650871060753,51.2071934613234],[-0.768006179946707,51.2075122953856],[-0.769214476916672,51.2086427427337],[-0.770659082635177,51.2077209027272],[-0.774728029811424,51.2087320851102],[-0.775989275324727,51.2077012779657],[-0.773905476098849,51.206764003949],[-0.774660099904643,51.2062143495391],[-0.775766981565759,51.2040974627073],[-0.779030075199132,51.205747520671],[-0.77983284718968,51.205105739021],[-0.785584597226169,51.2070657182524],[-0.78757916151476,51.2082509726443],[-0.787736027735388,51.2079450504437],[-0.788479993753012,51.2081360253408],[-0.790704889991051,51.2104428469985],[-0.790244341695091,51.2106197622715],[-0.790600862476829,51.2108918317316],[-0.791162692219108,51.2106570926985],[-0.791826052211656,51.2111203307989],[-0.791268119194501,51.2114055166165],[-0.791756401099295,51.2120715268239],[-0.792855866269935,51.21231128793],[-0.793408126237693,51.2118025582449],[-0.793879643924281,51.2120140695455],[-0.793535314112234,51.2125338602381],[-0.794068280219488,51.2128673419296],[-0.792556629581283,51.2145009636228],[-0.790345484394975,51.2157253933109],[-0.779263774581861,51.2183577293865],[-0.780016070815826,51.2195944156886],[-0.77870256490912,51.2212700021855],[-0.778633682958682,51.2220140953137],[-0.778054580632232,51.222669987142],[-0.775575061099413,51.22365823415],[-0.773838909890915,51.2248296933856],[-0.771682679268591,51.2243401418982],[-0.769892891435004,51.2255645141661],[-0.769911802952299,51.2295363854136],[-0.767649683901415,51.2360692822558],[-0.761176126663798,51.2348925475055],[-0.759662273223168,51.2340375800451],[-0.758721096594631,51.2338809757167]]],[[[-0.788014369693086,51.2241317921138],[-0.786856950670553,51.2223446387274],[-0.790756757108224,51.2206333158101],[-0.796973515622886,51.2187388504624],[-0.799541491801115,51.2174414532497],[-0.80201400278855,51.2193399768748],[-0.802749588501012,51.2195219617369],[-0.803421970919525,51.2192419786182],[-0.803361404974369,51.2184897101179],[-0.803751569277644,51.2184053691051],[-0.802727916392173,51.2167394489877],[-0.803200938935789,51.2165975941906],[-0.802676711902961,51.2158806239749],[-0.807305211947192,51.2144460825992],[-0.806837492182168,51.2138860838052],[-0.808207388722408,51.2133987302025],[-0.807712009434191,51.2129159085747],[-0.806914136247594,51.2129316048241],[-0.807177008710341,51.2123987788913],[-0.807821565511953,51.2121253586205],[-0.807508210309571,51.2119377700363],[-0.80812607518429,51.2114075373917],[-0.809070275998864,51.2110779817033],[-0.80752920494268,51.2098188087683],[-0.80628238274867,51.2102408833312],[-0.805127664836707,51.2089140300869],[-0.80697924679905,51.2079359395771],[-0.805142268424926,51.2084751228271],[-0.804409701942918,51.2081867377585],[-0.809635340756548,51.2069748044972],[-0.816861262579131,51.2063772750802],[-0.818841603619491,51.2059089507244],[-0.827602651918821,51.2017228882216],[-0.834741767494969,51.1994139438157],[-0.839291933391315,51.1963351649245],[-0.842632686380077,51.1993492528505],[-0.843046574766431,51.1994001848061],[-0.843316503335447,51.1989082256305],[-0.843758599680951,51.1989116979969],[-0.845531498131086,51.2001342235191],[-0.845751450512665,51.2007874476678],[-0.843811729553658,51.2017089119986],[-0.845494113594384,51.2043818835419],[-0.847027432074871,51.2059832845476],[-0.846091333199228,51.2065513898029],[-0.847054664032564,51.2088522486591],[-0.84892972737272,51.2107327274308],[-0.846830205249435,51.2123669689189],[-0.843615484682734,51.2135736878105],[-0.842713353936506,51.2135791553155],[-0.842658518468925,51.2138764453165],[-0.84023338677254,51.2151274796215],[-0.839556086991418,51.2168975963407],[-0.836296160757958,51.2194692695185],[-0.834667010070049,51.2220258120272],[-0.833750621719964,51.2220051704445],[-0.833632788655051,51.2229571122174],[-0.832321891283937,51.2240511044974],[-0.829099799662045,51.2254048287809],[-0.828733158326911,51.2260261343745],[-0.82888583649353,51.2271759966466],[-0.828574787093766,51.2272430238425],[-0.828470054882975,51.2306812585194],[-0.827989362111472,51.2330854567524],[-0.826633225553006,51.2343667617307],[-0.823529904554623,51.2339498478008],[-0.823689934943211,51.2343012512228],[-0.820863635103588,51.2344778627074],[-0.820797807161021,51.2354482761719],[-0.813264412676712,51.2352922236244],[-0.808584018449739,51.2356883900229],[-0.805317690626275,51.235298793971],[-0.805427110727109,51.2345135692994],[-0.80474835957598,51.2342909645033],[-0.804733211649433,51.2336875978947],[-0.805795805111691,51.2337773861995],[-0.805997512164152,51.2334885805812],[-0.804493052617357,51.2322794275858],[-0.804268305171943,51.2315568109726],[-0.807796738552631,51.2294205564768],[-0.807477260373001,51.2292091156873],[-0.806970233562888,51.229432542976],[-0.804794965844424,51.2267505816461],[-0.803674390391075,51.2240645280445],[-0.802604682751789,51.2240625751208],[-0.799874904307675,51.2250625179267],[-0.796521683484738,51.22437612283],[-0.796803125896901,51.2247315137582],[-0.795927165207096,51.2249877964681],[-0.795355860611949,51.2243785098112],[-0.790405715050716,51.2257239367949],[-0.78966865771429,51.2247783941042],[-0.788014369693086,51.2241317921138]]],[[[-0.815080381400305,51.1948766060631],[-0.815011467650107,51.1944997485177],[-0.813899729549063,51.1941602516829],[-0.81308990214065,51.1947548096369],[-0.812663661821554,51.1937698432041],[-0.811328899029175,51.1924404268147],[-0.809339824585287,51.1929284132593],[-0.808662873011239,51.1924117507434],[-0.80877677754122,51.1919124816035],[-0.80760507840556,51.1918408934627],[-0.807790284924146,51.1914496030084],[-0.807310810691127,51.19123433161],[-0.807268371312367,51.1915481897533],[-0.806019167924784,51.1906847461624],[-0.805764266894422,51.1887518844708],[-0.804459869553545,51.1878297757674],[-0.803819953565978,51.188242825848],[-0.80319150512179,51.187974216255],[-0.801823108551754,51.1864953727546],[-0.801286618241699,51.1834557407972],[-0.800157784029602,51.1826267933663],[-0.80073853328225,51.1809753467921],[-0.799586140741428,51.1795112744094],[-0.796242579241964,51.178797892646],[-0.797235990876567,51.1781732362703],[-0.801395514452511,51.1778184881872],[-0.803090934529274,51.1768188091865],[-0.804880003348579,51.1764558377148],[-0.805785663389659,51.1766700622119],[-0.807159150249979,51.1758909790269],[-0.809375867272103,51.1754719769649],[-0.826555765189442,51.178564679059],[-0.825426514487194,51.1812321841467],[-0.827238587458908,51.1846651429259],[-0.828086163360991,51.1848496502655],[-0.828300148032185,51.1860054813075],[-0.830051608235311,51.1882640409316],[-0.834734195111835,51.1914824527462],[-0.835150618267636,51.1914812069301],[-0.83638355418211,51.1927596291512],[-0.83716276916509,51.1943230951035],[-0.838091618846699,51.194718984928],[-0.838107364569851,51.1952334589523],[-0.839291933391315,51.1963351649245],[-0.834741767494969,51.1994139438157],[-0.827602651918821,51.2017228882216],[-0.818841603619491,51.2059089507244],[-0.816861262579131,51.2063772750802],[-0.809635340756548,51.2069748044972],[-0.809285794530604,51.2060423121074],[-0.812344588248562,51.204605790207],[-0.814169278727839,51.204117085487],[-0.81420217919368,51.2030599271586],[-0.8131174105321,51.2015444514652],[-0.815439238316087,51.2009241229219],[-0.814561331732018,51.1995474917082],[-0.813733441580546,51.1997927074149],[-0.812965885921637,51.1993055739665],[-0.813982526034397,51.1988465188352],[-0.813350172725296,51.1982187163589],[-0.815974178972306,51.1972785803501],[-0.815377732481348,51.1964537678737],[-0.814809037926065,51.1965851439282],[-0.814347607518629,51.1959379483741],[-0.81574821224941,51.1956703813232],[-0.815080381400305,51.1948766060631]]],[[[-0.767694290919479,51.2360713464522],[-0.767649683901415,51.2360692822558],[-0.769911802952299,51.2295363854136],[-0.769892891435004,51.2255645141661],[-0.771682679268591,51.2243401418982],[-0.773838909890915,51.2248296933856],[-0.775575061099413,51.22365823415],[-0.778054580632232,51.222669987142],[-0.778633682958682,51.2220140953137],[-0.78085389124463,51.2234315174065],[-0.782992759227465,51.2254310337483],[-0.784781769760401,51.2275729558225],[-0.784540879999841,51.2293942884317],[-0.784915733197642,51.229637676186],[-0.784592346506884,51.2297971420897],[-0.785064249329492,51.2321660754902],[-0.786067101800664,51.23272279917],[-0.785626033837904,51.2354321413648],[-0.788692408652697,51.2364622644317],[-0.787946053713597,51.2367308731324],[-0.788058984823382,51.2372298636885],[-0.787329989273073,51.2383404294308],[-0.7905324443697,51.2381085574738],[-0.790474548520311,51.238496621514],[-0.791313299554944,51.2383077985067],[-0.791485730122892,51.237831826395],[-0.792475423160989,51.2382530892012],[-0.791371408142801,51.2389404024044],[-0.791549195946472,51.2391962367772],[-0.789383961001085,51.2403670081388],[-0.787808355693798,51.2409028315485],[-0.78678237703722,51.2406443235395],[-0.786900528289122,51.2418650981706],[-0.784424105826314,51.2420048113972],[-0.781933227211676,51.2416674265481],[-0.778057300734105,51.2421489128192],[-0.775904725480821,51.241934871859],[-0.771474605028727,51.2389969280581],[-0.77141060987124,51.2381199459869],[-0.769723765419152,51.2364327805017],[-0.767694290919479,51.2360713464522]]],[[[-0.594417496499636,51.2032892334421],[-0.601826008588878,51.1989422455873],[-0.602693725129794,51.1999772183372],[-0.601729491420264,51.2003245795738],[-0.602708342911238,51.2012022563685],[-0.603437495807869,51.2007384138792],[-0.604018558232324,51.2010300549339],[-0.604614481210782,51.2002708302479],[-0.606739227542199,51.1993259711226],[-0.607463773181394,51.1995245055926],[-0.608198857141691,51.1992613434243],[-0.608469210034696,51.1981931071043],[-0.609541935897396,51.1981279033389],[-0.610448960505191,51.1971046388991],[-0.609464900731023,51.1962695888606],[-0.608977301751687,51.1965491214036],[-0.608087557577513,51.1959862159186],[-0.608103383833644,51.1963872891881],[-0.607786489358407,51.1963450290338],[-0.607767488419132,51.1961016461197],[-0.606164396879502,51.1957869670088],[-0.606043042942143,51.195240936283],[-0.60556059300508,51.1952357241674],[-0.605583204090064,51.1947473427945],[-0.606282505901914,51.1946993858558],[-0.606528999905672,51.1942661879724],[-0.605998745198579,51.1939198632262],[-0.606544971292136,51.1934993198035],[-0.60630418583584,51.1926805630794],[-0.606658697708731,51.1926790029991],[-0.60676350838758,51.1922083548844],[-0.607304383250727,51.1922066133698],[-0.607321214328244,51.1916909127737],[-0.606887490556084,51.1915707332384],[-0.6072228923877,51.1914251819813],[-0.606567169333131,51.190921884003],[-0.606882428160368,51.1899111028365],[-0.60894431992687,51.187996293581],[-0.609878798210801,51.1884446447785],[-0.610311946636626,51.1877645591361],[-0.611948035824265,51.1883036195096],[-0.614886318130168,51.1879182672954],[-0.616603298395816,51.1880589768919],[-0.618115543428161,51.1888710199873],[-0.619791427755183,51.1892469132299],[-0.620631599263823,51.1899159773936],[-0.621977936260095,51.1902106381762],[-0.622873331324093,51.1897922767846],[-0.624776410551934,51.1907633995126],[-0.626262798712879,51.190778181625],[-0.626728696305959,51.1913797852496],[-0.628019629677202,51.1908923127297],[-0.629942044770917,51.1910272216429],[-0.629232200663948,51.1914915868918],[-0.630086440067483,51.1922201127163],[-0.629803019732213,51.1928157842609],[-0.632269673629511,51.1935622821421],[-0.637649207430806,51.1944666218935],[-0.637754759002919,51.1948185619362],[-0.63871635482769,51.1951642850718],[-0.636904040658162,51.1981233963237],[-0.634753713293512,51.1984703254465],[-0.635429830626615,51.2010881480911],[-0.635500955838864,51.2016154035073],[-0.633152469454056,51.2025204866917],[-0.629193880784094,51.2023401932349],[-0.628753678222179,51.2020858464072],[-0.628296333594024,51.20355615055],[-0.627726543018701,51.2036546737551],[-0.625830025274888,51.2038648456541],[-0.623645298940156,51.2022649964333],[-0.621259375962478,51.202880712727],[-0.618366215334994,51.2046100122691],[-0.618722016824158,51.2049631178862],[-0.617452654065996,51.2055254455422],[-0.617677667910056,51.2057565407426],[-0.616495696062509,51.2070293772406],[-0.614114278544194,51.2080541578042],[-0.613352263252274,51.2074947571777],[-0.610122338290397,51.2068862570532],[-0.6034702476264,51.2043610932557],[-0.600185962875312,51.2044710770457],[-0.594417496499636,51.2032892334421]]],[[[-0.60894431992687,51.187996293581],[-0.608132551044014,51.187760314271],[-0.606391845371346,51.1880183576408],[-0.60536327169109,51.1871545072735],[-0.603507832816111,51.1878000662532],[-0.602720785152481,51.188581109521],[-0.601465041319868,51.1873990555433],[-0.600801365324868,51.1876482933363],[-0.599091159778342,51.1861641763039],[-0.598453159439771,51.1848197989025],[-0.598953089911301,51.1840901353402],[-0.602093427563546,51.1847203054538],[-0.602976715069811,51.1837605705645],[-0.603944174255109,51.183942120481],[-0.606707387664019,51.1828428540647],[-0.607358033886188,51.1831905153074],[-0.608542579333681,51.184861018013],[-0.609483808090734,51.1848218653421],[-0.609503198800441,51.1854596642231],[-0.611049160925743,51.1846238921385],[-0.613702206386004,51.1847790834336],[-0.616991023622592,51.1843868821587],[-0.616787429059431,51.1841360968686],[-0.617827050538166,51.1836357032322],[-0.617266856891129,51.183085004937],[-0.617414303954639,51.1817441713127],[-0.619015808513115,51.1829744135171],[-0.621379604731779,51.1810518198045],[-0.62170440282351,51.1811931965548],[-0.622031033300719,51.1804614770417],[-0.622850347404497,51.1809117329516],[-0.624840452594853,51.1811537016452],[-0.625837507457793,51.1796690199408],[-0.626913239863247,51.1767329715506],[-0.627972604716208,51.1753299008229],[-0.627604866689977,51.1749996544688],[-0.628818816697701,51.174072726414],[-0.629256750013511,51.1743126444341],[-0.632307811790834,51.1711784371291],[-0.634056578512538,51.1713967405411],[-0.635612630808742,51.1733474214324],[-0.636262652925379,51.1732308488831],[-0.637229296777708,51.174846406247],[-0.636957811036884,51.1749332336865],[-0.640885338978632,51.178852130677],[-0.638301308279404,51.1803687756928],[-0.632837718267591,51.1828238953789],[-0.633323296788454,51.1835080723223],[-0.631127227903381,51.1840741010736],[-0.629942044770917,51.1910272216429],[-0.628019629677202,51.1908923127297],[-0.626728696305959,51.1913797852496],[-0.626262798712879,51.190778181625],[-0.624776410551934,51.1907633995126],[-0.622873331324093,51.1897922767846],[-0.621977936260095,51.1902106381762],[-0.620631599263823,51.1899159773936],[-0.619791427755183,51.1892469132299],[-0.618115543428161,51.1888710199873],[-0.616603298395816,51.1880589768919],[-0.614886318130168,51.1879182672954],[-0.611948035824265,51.1883036195096],[-0.610311946636626,51.1877645591361],[-0.609878798210801,51.1884446447785],[-0.60894431992687,51.187996293581]]],[[[-0.59084677647002,51.1904829865846],[-0.591403178317342,51.1901675712483],[-0.590723730879638,51.1898752215323],[-0.592267237043004,51.1885332381516],[-0.597550086407523,51.1870885692547],[-0.599091159778342,51.1861641763039],[-0.600801365324868,51.1876482933363],[-0.601465041319868,51.1873990555433],[-0.602720785152481,51.188581109521],[-0.603507832816111,51.1878000662532],[-0.60536327169109,51.1871545072735],[-0.606391845371346,51.1880183576408],[-0.608132551044014,51.187760314271],[-0.60894431992687,51.187996293581],[-0.606882428160368,51.1899111028365],[-0.606567169333131,51.190921884003],[-0.6072228923877,51.1914251819813],[-0.606887490556084,51.1915707332384],[-0.607321214328244,51.1916909127737],[-0.607304383250727,51.1922066133698],[-0.60676350838758,51.1922083548844],[-0.606658697708731,51.1926790029991],[-0.60630418583584,51.1926805630794],[-0.606544971292136,51.1934993198035],[-0.605998745198579,51.1939198632262],[-0.606528999905672,51.1942661879724],[-0.606282505901914,51.1946993858558],[-0.605583204090064,51.1947473427945],[-0.60556059300508,51.1952357241674],[-0.606043042942143,51.195240936283],[-0.606164396879502,51.1957869670088],[-0.607767488419132,51.1961016461197],[-0.607786489358407,51.1963450290338],[-0.608103383833644,51.1963872891881],[-0.608087557577513,51.1959862159186],[-0.608977301751687,51.1965491214036],[-0.609464900731023,51.1962695888606],[-0.610448960505191,51.1971046388991],[-0.609541935897396,51.1981279033389],[-0.608469210034696,51.1981931071043],[-0.608198857141691,51.1992613434243],[-0.607463773181394,51.1995245055926],[-0.606739227542199,51.1993259711226],[-0.604614481210782,51.2002708302479],[-0.604018558232324,51.2010300549339],[-0.603437495807869,51.2007384138792],[-0.602708342911238,51.2012022563685],[-0.601729491420264,51.2003245795738],[-0.602693725129794,51.1999772183372],[-0.601826008588878,51.1989422455873],[-0.594417496499636,51.2032892334421],[-0.592525053002494,51.2029022771498],[-0.591405275080847,51.2012247664041],[-0.590093329314832,51.2004670171632],[-0.588719893320707,51.2002194619589],[-0.588323491710226,51.1998558856362],[-0.586958732646832,51.1999104714774],[-0.584926908961277,51.1986628758623],[-0.585964349720664,51.1978768710031],[-0.588924883969389,51.1972012671874],[-0.587341887472181,51.1970607880121],[-0.587118844892491,51.1962902292587],[-0.587708453301414,51.195871095948],[-0.588728664506203,51.1954580480992],[-0.589488126121177,51.1962720235617],[-0.592018446537503,51.195008449169],[-0.593300970972543,51.1937810990247],[-0.593708701795467,51.1913364349449],[-0.592057835817841,51.1908746132583],[-0.591870860186362,51.1905531279691],[-0.59084677647002,51.1904829865846]]],[[[-0.606707387664019,51.1828428540647],[-0.606082880712176,51.1825323605415],[-0.607214283725728,51.1823075090589],[-0.606242238194803,51.180095435378],[-0.603547116896421,51.1799886794005],[-0.601380388769607,51.1778306233114],[-0.59659668068818,51.1763103010566],[-0.596620537163517,51.17590135843],[-0.600020970116954,51.1742011756492],[-0.608150845081058,51.1744860648882],[-0.608339825034971,51.1734344104117],[-0.609711480403827,51.1734920719647],[-0.610702594443839,51.173213377213],[-0.611603372259118,51.1721791561982],[-0.61459283217879,51.1724735958712],[-0.615826652403806,51.1701554580897],[-0.616694173351413,51.1705632584385],[-0.620028315360108,51.1698525877434],[-0.622742362253696,51.1704574156733],[-0.623237584966907,51.1713139760967],[-0.624080907278265,51.1717213495466],[-0.626763341424285,51.1722403100675],[-0.628818816697701,51.174072726414],[-0.627604866689977,51.1749996544688],[-0.627972604716208,51.1753299008229],[-0.626913239863247,51.1767329715506],[-0.625837507457793,51.1796690199408],[-0.624840452594853,51.1811537016452],[-0.622850347404497,51.1809117329516],[-0.622031033300719,51.1804614770417],[-0.62170440282351,51.1811931965548],[-0.621379604731779,51.1810518198045],[-0.619015808513115,51.1829744135171],[-0.617414303954639,51.1817441713127],[-0.617266856891129,51.183085004937],[-0.617827050538166,51.1836357032322],[-0.616787429059431,51.1841360968686],[-0.616991023622592,51.1843868821587],[-0.613702206386004,51.1847790834336],[-0.611049160925743,51.1846238921385],[-0.609503198800441,51.1854596642231],[-0.609483808090734,51.1848218653421],[-0.608542579333681,51.184861018013],[-0.607358033886188,51.1831905153074],[-0.606707387664019,51.1828428540647]]],[[[-0.70170804770141,51.1043933378959],[-0.701749536736203,51.1041860411044],[-0.69952288768367,51.1037737927265],[-0.70026130870318,51.1029582427629],[-0.698676220420491,51.1025369121296],[-0.698010805655827,51.1027354774695],[-0.69705033508119,51.1035727266723],[-0.695009857189275,51.1041093679762],[-0.690870499407686,51.1058778893313],[-0.690221806556976,51.1065405652905],[-0.687973026924401,51.1075674918466],[-0.686778572868193,51.1091872117793],[-0.684983184986066,51.1084242405006],[-0.685484076550623,51.106427273481],[-0.680408252167827,51.1035348138739],[-0.679046680216334,51.1023908472929],[-0.680254831541816,51.1004423380128],[-0.680643395993918,51.1005393197147],[-0.681291711454895,51.0998425304925],[-0.683314526276055,51.099223252527],[-0.677973027878741,51.097416573947],[-0.677922787987855,51.0967253876141],[-0.678786151784435,51.096849409444],[-0.679974571260736,51.096040868573],[-0.674709247548173,51.0928833201746],[-0.680350650026952,51.0914075715459],[-0.680185868631083,51.0910747841754],[-0.683366652060004,51.0907985983877],[-0.685763170989914,51.0893246376767],[-0.684472211011286,51.0883254405753],[-0.685395427306368,51.0878403677155],[-0.685799664545047,51.0882405631305],[-0.686231584582298,51.088062819998],[-0.686935703614794,51.0868450894218],[-0.685290297413687,51.086715056233],[-0.685458833633064,51.0860604863034],[-0.686453196000227,51.0852307961323],[-0.689277237031127,51.0839216569597],[-0.687251884125194,51.0821840852656],[-0.685962856573095,51.0815715951897],[-0.687639643205305,51.0800328573528],[-0.687091995266964,51.0792577859943],[-0.687894996866442,51.0761031434993],[-0.6874249802526,51.0755142300777],[-0.690566738558592,51.0738471261183],[-0.694350938742496,51.0729838173101],[-0.69461759235492,51.0724328155606],[-0.69593239543729,51.0723243055576],[-0.696752296390414,51.0714916858165],[-0.697227349950701,51.0716022497786],[-0.696906892553176,51.0727460998954],[-0.698626950410614,51.0730512141391],[-0.698128363945776,51.0737786400509],[-0.699989310698188,51.074656267351],[-0.700549987007654,51.0744849085279],[-0.701836522385309,51.0759343383263],[-0.704495784221406,51.0769040647128],[-0.7066824348474,51.0787609776476],[-0.708839061543419,51.078518589308],[-0.710605914592091,51.0779024890526],[-0.71080026540302,51.0782735942272],[-0.711866783098936,51.077857734553],[-0.712894601584675,51.0779355873274],[-0.713002320126456,51.0775518856617],[-0.714583919418682,51.0774015530289],[-0.718674915490288,51.0779045825016],[-0.720124150954044,51.0787751801021],[-0.722301010881513,51.0794158448267],[-0.72329032892475,51.0797953315199],[-0.722072506882981,51.0810571705242],[-0.723578517657088,51.0813330612085],[-0.72338514512045,51.0819527922047],[-0.725096120938206,51.0818792553188],[-0.727350214222174,51.0812113409785],[-0.728113117113517,51.0826755471988],[-0.727617765345581,51.0844439350467],[-0.723158173768771,51.085219573863],[-0.72368016709618,51.0859932283569],[-0.724691977457635,51.0856225151719],[-0.723874502151165,51.0862368862039],[-0.724714203346378,51.0868196364386],[-0.724807259031942,51.087398797898],[-0.721871559162988,51.0881168535129],[-0.725179132149343,51.0881026925519],[-0.727461043608304,51.0891210992935],[-0.7295830828444,51.0895802435588],[-0.730428722138971,51.0909778659428],[-0.729785832672878,51.0913505074661],[-0.73103016762588,51.0928993539933],[-0.731600172115166,51.0930480617144],[-0.731176838988867,51.0938280802496],[-0.731465106365187,51.0945150473975],[-0.731943653641935,51.094415150163],[-0.731945547369394,51.0950144377347],[-0.730191001677772,51.0959770193948],[-0.730818030537974,51.0959788359061],[-0.730354635880582,51.0961356426552],[-0.73119216998722,51.09646709176],[-0.731699019544602,51.097678972644],[-0.73073479980237,51.0977695997773],[-0.731073338713894,51.1005857924674],[-0.731786603034744,51.1007221170866],[-0.732146262134367,51.1004184659016],[-0.734233203830911,51.1001218140242],[-0.734801318886423,51.1000830952837],[-0.734541335395312,51.1005702304306],[-0.732618688744432,51.1017611615679],[-0.732701241047922,51.1031873538868],[-0.731099965619844,51.1044285579637],[-0.731231908846057,51.1057719141706],[-0.7291481506991,51.1069073873012],[-0.728567181053652,51.108824500148],[-0.72938741408362,51.1110052319905],[-0.729394865852618,51.1122975442415],[-0.730235171491624,51.1139019584621],[-0.722658785452709,51.1119876378058],[-0.714392513975305,51.1125140133751],[-0.713924798683423,51.1121222207975],[-0.714094658229299,51.1117652967578],[-0.712967758488102,51.1112439092201],[-0.708722405464084,51.1070211051655],[-0.705388773466284,51.1062433701919],[-0.70347393538714,51.1062662474071],[-0.70345494200525,51.1055682415881],[-0.70261183624762,51.1055291521189],[-0.701849688700676,51.105097197021],[-0.70170804770141,51.1043933378959]]],[[[-0.722301010881513,51.0794158448267],[-0.722860964755437,51.0778118256831],[-0.725188212015235,51.0781901440051],[-0.725683298506549,51.0785903078018],[-0.727563660159376,51.0790257456023],[-0.729875084393929,51.0800615842605],[-0.729943644694167,51.0805326847985],[-0.730607398458352,51.0808474290147],[-0.730920286785035,51.0825099403105],[-0.732266492956376,51.0837164841301],[-0.735107103546211,51.0838420472708],[-0.735579162808658,51.0847014733639],[-0.73634180019132,51.0844839782026],[-0.737794547177138,51.0851390382146],[-0.738406214068117,51.0849622423609],[-0.739039882866176,51.0852361710139],[-0.740921185324981,51.0851502713001],[-0.743929805207236,51.0855072590878],[-0.744991851179826,51.0853046995997],[-0.745739629120688,51.0844772776843],[-0.746860801132427,51.0851484488209],[-0.74906888392268,51.0855470674537],[-0.749168158026198,51.0858907407724],[-0.753474893729619,51.0864535011472],[-0.753588491670859,51.0866915895642],[-0.75472876142903,51.0866092579286],[-0.757395349519025,51.0877898435953],[-0.757504790133454,51.0888357032767],[-0.758574347600566,51.0901654601814],[-0.758262689013643,51.0903419510824],[-0.758565519648024,51.0908164267928],[-0.758900251643686,51.0908469512989],[-0.75855297311622,51.0920330074591],[-0.75530028203224,51.0948050912418],[-0.753368061405382,51.0943320319775],[-0.753209403122637,51.0946082326364],[-0.754182362087554,51.0957615695959],[-0.752629618814747,51.095876571962],[-0.753397268837131,51.0967996711112],[-0.752734164926929,51.0971984344792],[-0.751955202007602,51.0963722406641],[-0.751304772225528,51.0967668149894],[-0.749243046311149,51.0969328093511],[-0.746963335292637,51.0964182072223],[-0.74603458689453,51.0981040769744],[-0.744313752594274,51.0975980248444],[-0.743976620048855,51.0984130911215],[-0.743329897400904,51.0982482687442],[-0.742377789956313,51.0971283230511],[-0.74087491004444,51.0963107962557],[-0.739562573388092,51.0979057749181],[-0.739190719480865,51.0970999055708],[-0.73850283047473,51.0969508504917],[-0.736967063980635,51.0983114866423],[-0.734828457122468,51.0976052828538],[-0.734233203830911,51.1001218140242],[-0.732146262134367,51.1004184659016],[-0.731786603034744,51.1007221170866],[-0.731073338713894,51.1005857924674],[-0.73073479980237,51.0977695997773],[-0.731699019544602,51.097678972644],[-0.73119216998722,51.09646709176],[-0.730354635880582,51.0961356426552],[-0.730818030537974,51.0959788359061],[-0.730191001677772,51.0959770193948],[-0.731945547369394,51.0950144377347],[-0.731943653641935,51.094415150163],[-0.731465106365187,51.0945150473975],[-0.731176838988867,51.0938280802496],[-0.731600172115166,51.0930480617144],[-0.73103016762588,51.0928993539933],[-0.729785832672878,51.0913505074661],[-0.730428722138971,51.0909778659428],[-0.7295830828444,51.0895802435588],[-0.727461043608304,51.0891210992935],[-0.725179132149343,51.0881026925519],[-0.721871559162988,51.0881168535129],[-0.724807259031942,51.087398797898],[-0.724714203346378,51.0868196364386],[-0.723874502151165,51.0862368862039],[-0.724691977457635,51.0856225151719],[-0.72368016709618,51.0859932283569],[-0.723158173768771,51.085219573863],[-0.727617765345581,51.0844439350467],[-0.728113117113517,51.0826755471988],[-0.727350214222174,51.0812113409785],[-0.725096120938206,51.0818792553188],[-0.72338514512045,51.0819527922047],[-0.723578517657088,51.0813330612085],[-0.722072506882981,51.0810571705242],[-0.72329032892475,51.0797953315199],[-0.722301010881513,51.0794158448267]]],[[[-0.730235171491624,51.1139019584621],[-0.729394865852618,51.1122975442415],[-0.72938741408362,51.1110052319905],[-0.728567181053652,51.108824500148],[-0.7291481506991,51.1069073873012],[-0.731231908846057,51.1057719141706],[-0.731099965619844,51.1044285579637],[-0.732701241047922,51.1031873538868],[-0.732618688744432,51.1017611615679],[-0.734541335395312,51.1005702304306],[-0.734801318886423,51.1000830952837],[-0.734233203830911,51.1001218140242],[-0.734828457122468,51.0976052828538],[-0.736967063980635,51.0983114866423],[-0.73850283047473,51.0969508504917],[-0.739190719480865,51.0970999055708],[-0.739562573388092,51.0979057749181],[-0.74087491004444,51.0963107962557],[-0.742377789956313,51.0971283230511],[-0.743329897400904,51.0982482687442],[-0.743976620048855,51.0984130911215],[-0.744313752594274,51.0975980248444],[-0.74603458689453,51.0981040769744],[-0.746963335292637,51.0964182072223],[-0.749243046311149,51.0969328093511],[-0.751304772225528,51.0967668149894],[-0.751955202007602,51.0963722406641],[-0.752734164926929,51.0971984344792],[-0.753397268837131,51.0967996711112],[-0.752629618814747,51.095876571962],[-0.754182362087554,51.0957615695959],[-0.753209403122637,51.0946082326364],[-0.753368061405382,51.0943320319775],[-0.75530028203224,51.0948050912418],[-0.755157067215712,51.095333998871],[-0.754312848438548,51.09587627545],[-0.755852215892578,51.0985436561296],[-0.756240767891023,51.0983257372445],[-0.75799565728026,51.1006302955891],[-0.75850540279936,51.1005835686295],[-0.75862272217777,51.102337428954],[-0.759814788821551,51.1039076117533],[-0.761333875688553,51.1038248277318],[-0.763184088613762,51.1029001927844],[-0.765248479259245,51.1025047887139],[-0.767052628257245,51.1023906891609],[-0.768886626735593,51.103249962109],[-0.767801043145772,51.1034138293568],[-0.765755105461346,51.1028455584587],[-0.764912075311451,51.1029094736782],[-0.759864834477471,51.1048676520416],[-0.75628587819875,51.1045770069271],[-0.749272690128818,51.1032459057159],[-0.744587902767519,51.1064568268859],[-0.745646829412224,51.1064403173653],[-0.747592574736677,51.1077599868231],[-0.746828823269943,51.108476338317],[-0.74549512326378,51.1122043381444],[-0.748484770149645,51.1123802686428],[-0.749222655741541,51.1130949920717],[-0.750261753700703,51.113480292135],[-0.753143452456453,51.1131585530107],[-0.754124851683473,51.1137463481964],[-0.756246126796022,51.114183501691],[-0.758437851382024,51.1153201871123],[-0.760388287982798,51.1153862109155],[-0.761866097463134,51.1148964844078],[-0.764169158924667,51.115180925215],[-0.769171149731089,51.1170882665256],[-0.769514987443182,51.1188396175306],[-0.770671490931723,51.1209773898815],[-0.772420701370084,51.1217663574746],[-0.772631027895149,51.1223655008319],[-0.774115678283392,51.1230681220778],[-0.777733855813303,51.1268682798861],[-0.778888631628546,51.1274668514491],[-0.780659375393414,51.1277925473616],[-0.78087839586483,51.1280965523124],[-0.779596473135138,51.1290193152086],[-0.772945351699192,51.1304163327833],[-0.772692006120471,51.1319415417564],[-0.770241959364088,51.1321685042946],[-0.766961411433235,51.1319189940688],[-0.751690275066919,51.1334493950999],[-0.751300716247698,51.1344317209165],[-0.750266576149886,51.1343019113238],[-0.750037907064199,51.1349370467855],[-0.747407006241849,51.1351310345335],[-0.747421663030188,51.1357004470589],[-0.741408393106374,51.1367536109802],[-0.737701746360512,51.1367082556831],[-0.737269284312701,51.1384185457473],[-0.73625387594216,51.1389094042993],[-0.734319811845697,51.1390134462272],[-0.73378633210958,51.1388169893246],[-0.733875383774941,51.136131876739],[-0.732681355353239,51.1333815292417],[-0.732775098152327,51.1256667550604],[-0.733467433162522,51.1241797367093],[-0.733912920192329,51.120846431704],[-0.732185013559995,51.1171496547904],[-0.731621210952422,51.1165554991449],[-0.730867913122666,51.1163602402502],[-0.730235171491624,51.1139019584621]]],[[[-0.653165283890989,51.181646039545],[-0.652908612285114,51.1810739185523],[-0.651506996776669,51.1812052062219],[-0.650555872413511,51.1791331555873],[-0.648119784721682,51.1758370136818],[-0.640885338978632,51.178852130677],[-0.636957811036884,51.1749332336865],[-0.637229296777708,51.174846406247],[-0.636262652925379,51.1732308488831],[-0.635612630808742,51.1733474214324],[-0.634056578512538,51.1713967405411],[-0.632307811790834,51.1711784371291],[-0.63194148054759,51.170795580094],[-0.632226366749034,51.1697242303561],[-0.631702314355614,51.1689681463692],[-0.627466852835363,51.1660301208793],[-0.626798829200516,51.1648244565833],[-0.628924065127139,51.1634798381255],[-0.632349052378552,51.1592322144939],[-0.630360163388121,51.1579634877947],[-0.624266048429692,51.1568291250634],[-0.625758137302233,51.153774775653],[-0.628693888556411,51.1512121953505],[-0.629187834905924,51.1501774850961],[-0.628842575303462,51.1495232825551],[-0.62994627089447,51.1482709637662],[-0.629526831777499,51.1470322640633],[-0.630150158216877,51.1470332733788],[-0.631934583597275,51.1404464201349],[-0.633687029538376,51.1371558749816],[-0.634053224652838,51.1354002610805],[-0.637552420240187,51.1341794101071],[-0.632879554203718,51.1319162894205],[-0.630791801312156,51.1294368510906],[-0.632369280535911,51.1290614591165],[-0.632448246213819,51.1276910368588],[-0.633819452632735,51.128055074285],[-0.634550195350137,51.1272650228501],[-0.637451558871138,51.12716042158],[-0.639958827351758,51.1276239209056],[-0.643400630996591,51.12780324726],[-0.64369151994018,51.1301681211041],[-0.64334924892057,51.1310238664108],[-0.646261120487324,51.1314460660671],[-0.64944298261784,51.1325610219823],[-0.650297654903276,51.1321177026337],[-0.653359024605758,51.1317788908506],[-0.652401371883672,51.1295691977106],[-0.650594860328746,51.1292767920326],[-0.650076167209203,51.12887965078],[-0.650610143755938,51.127278854113],[-0.649369931164569,51.1268759879506],[-0.649573939098218,51.1263972896057],[-0.648828933985298,51.1260730434547],[-0.648586418606408,51.1251727671458],[-0.649297792162474,51.1251827851506],[-0.649668093040937,51.124686137419],[-0.650314140987972,51.1248312346571],[-0.650834774276836,51.1245207042828],[-0.65075108634721,51.1249387641319],[-0.651315059734369,51.1250540512735],[-0.651594605873682,51.1247803810141],[-0.651990053348396,51.1252857709179],[-0.654429463356869,51.1251367368329],[-0.656181432353671,51.123412264741],[-0.65585757070821,51.1230497540964],[-0.656705242855457,51.1227420507471],[-0.656864754016751,51.1223644141971],[-0.657550850824947,51.122358802211],[-0.65726792657045,51.1222098288022],[-0.658219829849152,51.1218089169281],[-0.658017988153349,51.1215736715141],[-0.659243795398312,51.1213844613318],[-0.659369188667251,51.1208536015337],[-0.660076795542318,51.1207429503435],[-0.660219736117809,51.1204442329729],[-0.661905076126654,51.1200229234807],[-0.662319760665487,51.1202111500539],[-0.662463713254743,51.1197298565074],[-0.663234680595261,51.1197989014641],[-0.663574268043435,51.1194700640856],[-0.66322436721143,51.1192169548614],[-0.66351641474386,51.1188983628618],[-0.664091340764436,51.1186810807686],[-0.664395107010351,51.1188508631221],[-0.66653690378508,51.1150777608955],[-0.666998412125579,51.1151279717876],[-0.667403345776791,51.1146587242506],[-0.669092616511772,51.1140412774134],[-0.66999164028424,51.113030770294],[-0.669433428345503,51.1126692336674],[-0.669872222378845,51.1121634991061],[-0.670391639750844,51.1121361357579],[-0.670256158244536,51.1118288475845],[-0.670773738153902,51.1119147364681],[-0.671288352434521,51.1114547176924],[-0.67188950667602,51.1117645912703],[-0.672067961908203,51.11156703796],[-0.672277120399729,51.1117986542417],[-0.673010981150261,51.1117152778826],[-0.674607034426692,51.1110022953935],[-0.675152550945455,51.1103619143349],[-0.677185977834691,51.1099379315784],[-0.680498526347256,51.1076921508762],[-0.685484076550623,51.106427273481],[-0.684983184986066,51.1084242405006],[-0.686778572868193,51.1091872117793],[-0.687973026924401,51.1075674918466],[-0.690221806556976,51.1065405652905],[-0.690870499407686,51.1058778893313],[-0.695009857189275,51.1041093679762],[-0.69705033508119,51.1035727266723],[-0.698010805655827,51.1027354774695],[-0.698676220420491,51.1025369121296],[-0.70026130870318,51.1029582427629],[-0.69952288768367,51.1037737927265],[-0.701749536736203,51.1041860411044],[-0.70170804770141,51.1043933378959],[-0.700023952141899,51.1045986018908],[-0.699690056008519,51.1051955113715],[-0.694772715857247,51.1073584597665],[-0.700921249941608,51.1089743130807],[-0.703034287996603,51.110648800635],[-0.706507215831923,51.110902060039],[-0.709141323303763,51.111831276706],[-0.70816498176109,51.1128789828917],[-0.707288700559732,51.1129475259398],[-0.705890848263791,51.1145048677349],[-0.705894503819483,51.1168842572958],[-0.704752758578284,51.1190892699979],[-0.704585390606984,51.1203229067609],[-0.705078155824533,51.1223229619983],[-0.704039216349206,51.124881500167],[-0.702756869557954,51.1261765901574],[-0.698798120359449,51.1269501199705],[-0.692015851956116,51.1292746096521],[-0.689168618334492,51.1298956042913],[-0.684239240302449,51.130205462321],[-0.681826639214134,51.1309642359712],[-0.68245372707035,51.1338866053695],[-0.68013657753412,51.1342490753135],[-0.679930626913095,51.1338546086314],[-0.678804844456866,51.1342349633923],[-0.68005891993556,51.1359738447821],[-0.677981670738776,51.1375888464005],[-0.676075637664888,51.1378101278556],[-0.67588312244385,51.1380966188743],[-0.679132629574954,51.1395856716331],[-0.683473441413643,51.1437739160789],[-0.683741278807694,51.1443120254407],[-0.683144536734496,51.1445840030978],[-0.683021994104759,51.1468335801825],[-0.684546937795127,51.1471511032133],[-0.684318026072344,51.1495243581548],[-0.687987070459051,51.1501707979943],[-0.687684581579746,51.1515099948661],[-0.689029214705547,51.1519441984261],[-0.687330748197537,51.1523432769657],[-0.686363189843501,51.152929538718],[-0.687101762128796,51.1538622914069],[-0.685416295261971,51.156366714909],[-0.685333946236507,51.1573028335011],[-0.6835675940345,51.1565068422454],[-0.682898977156742,51.1569373133424],[-0.684616244879984,51.1580501154021],[-0.685961215901405,51.1600401014967],[-0.686354597490701,51.161751297806],[-0.685677873024665,51.1626151086067],[-0.686769640332033,51.1634564433189],[-0.686238877493474,51.1642167110862],[-0.687341017375389,51.166153514748],[-0.68747593253053,51.1680039385089],[-0.684915862482792,51.1676918999948],[-0.682935262466679,51.1686300279599],[-0.682451413478971,51.1694986889109],[-0.677716119054028,51.1707743497371],[-0.678340046352021,51.171566420325],[-0.679154458118146,51.1718508090508],[-0.67839605594395,51.1747136891646],[-0.679929445372271,51.1766266635995],[-0.680133449410078,51.1777988516882],[-0.681027240393306,51.1789690202868],[-0.678227580985114,51.1807638497468],[-0.677127590612897,51.1820040981162],[-0.675205311834219,51.1823285519186],[-0.673601821505699,51.1840621061153],[-0.673610592770435,51.184702481814],[-0.672354965079833,51.1859769708632],[-0.671999687947233,51.1868865136198],[-0.664936257591223,51.1866002338676],[-0.664201368029908,51.1860360743964],[-0.664224064248457,51.1846047462457],[-0.663706194977966,51.1834639169683],[-0.661587663954844,51.1823092755286],[-0.660474728316334,51.1822524837157],[-0.660199076511582,51.1817907397288],[-0.657041758173366,51.1819738909353],[-0.657490658106355,51.1815420333228],[-0.656793134428503,51.1808263220745],[-0.655353311945105,51.1807953940035],[-0.653165283890989,51.181646039545]]],[[[-0.731642049228366,51.1968612632389],[-0.723749022974955,51.192238664811],[-0.723292818848292,51.1916545456958],[-0.723800462108786,51.1909433970562],[-0.723573413633404,51.1904615693885],[-0.724135536458257,51.1894857163152],[-0.724831201019279,51.1891129325338],[-0.725996587681625,51.189300039673],[-0.725955288167336,51.1884093027025],[-0.72703860604578,51.1888770742514],[-0.729795854756885,51.1877928205287],[-0.73073819638643,51.1866142929447],[-0.732145714949926,51.1821457589069],[-0.733224450379554,51.1813130996008],[-0.733262153110265,51.1806642447315],[-0.736553624111244,51.1794840286203],[-0.737370067251042,51.1796600609352],[-0.737739919282839,51.1804194887234],[-0.739532679120969,51.1802049913237],[-0.73979835786749,51.1804335948421],[-0.742129964580717,51.179342665585],[-0.742041729668403,51.1788003340123],[-0.74594883082816,51.1735240321446],[-0.744401047351761,51.1713627514242],[-0.741989110360111,51.169581427167],[-0.734974787544557,51.165226116629],[-0.727451773985842,51.1629349958731],[-0.726269763166798,51.1618160735276],[-0.722013402001084,51.1592849459733],[-0.71810715392253,51.1583824651835],[-0.716003640986066,51.1625032067708],[-0.715558516263514,51.1657663175814],[-0.703695092077196,51.1665571773827],[-0.701230312160521,51.1604021589911],[-0.699082268368162,51.1604025573375],[-0.695324188136384,51.1579065639236],[-0.690704911972759,51.1676255975369],[-0.68747593253053,51.1680039385089],[-0.687341017375389,51.166153514748],[-0.686238877493474,51.1642167110862],[-0.686769640332033,51.1634564433189],[-0.685677873024665,51.1626151086067],[-0.686354597490701,51.161751297806],[-0.685961215901405,51.1600401014967],[-0.684616244879984,51.1580501154021],[-0.682898977156742,51.1569373133424],[-0.6835675940345,51.1565068422454],[-0.685333946236507,51.1573028335011],[-0.685416295261971,51.156366714909],[-0.687101762128796,51.1538622914069],[-0.686363189843501,51.152929538718],[-0.687330748197537,51.1523432769657],[-0.689029214705547,51.1519441984261],[-0.687684581579746,51.1515099948661],[-0.687987070459051,51.1501707979943],[-0.684318026072344,51.1495243581548],[-0.684546937795127,51.1471511032133],[-0.683021994104759,51.1468335801825],[-0.683144536734496,51.1445840030978],[-0.683741278807694,51.1443120254407],[-0.683473441413643,51.1437739160789],[-0.679132629574954,51.1395856716331],[-0.67588312244385,51.1380966188743],[-0.676075637664888,51.1378101278556],[-0.677981670738776,51.1375888464005],[-0.68005891993556,51.1359738447821],[-0.678804844456866,51.1342349633923],[-0.679930626913095,51.1338546086314],[-0.68013657753412,51.1342490753135],[-0.68245372707035,51.1338866053695],[-0.681826639214134,51.1309642359712],[-0.684239240302449,51.130205462321],[-0.689168618334492,51.1298956042913],[-0.692015851956116,51.1292746096521],[-0.698798120359449,51.1269501199705],[-0.702756869557954,51.1261765901574],[-0.704039216349206,51.124881500167],[-0.705078155824533,51.1223229619983],[-0.704585390606984,51.1203229067609],[-0.704752758578284,51.1190892699979],[-0.705894503819483,51.1168842572958],[-0.705890848263791,51.1145048677349],[-0.707288700559732,51.1129475259398],[-0.70816498176109,51.1128789828917],[-0.709141323303763,51.111831276706],[-0.706507215831923,51.110902060039],[-0.703034287996603,51.110648800635],[-0.700921249941608,51.1089743130807],[-0.694772715857247,51.1073584597665],[-0.699690056008519,51.1051955113715],[-0.700023952141899,51.1045986018908],[-0.70170804770141,51.1043933378959],[-0.701849688700676,51.105097197021],[-0.70261183624762,51.1055291521189],[-0.70345494200525,51.1055682415881],[-0.70347393538714,51.1062662474071],[-0.705388773466284,51.1062433701919],[-0.708722405464084,51.1070211051655],[-0.712967758488102,51.1112439092201],[-0.714094658229299,51.1117652967578],[-0.713924798683423,51.1121222207975],[-0.714392513975305,51.1125140133751],[-0.722658785452709,51.1119876378058],[-0.730235171491624,51.1139019584621],[-0.730867913122666,51.1163602402502],[-0.731621210952422,51.1165554991449],[-0.732185013559995,51.1171496547904],[-0.733912920192329,51.120846431704],[-0.733467433162522,51.1241797367093],[-0.732775098152327,51.1256667550604],[-0.732681355353239,51.1333815292417],[-0.733875383774941,51.136131876739],[-0.73378633210958,51.1388169893246],[-0.734319811845697,51.1390134462272],[-0.73625387594216,51.1389094042993],[-0.737269284312701,51.1384185457473],[-0.737701746360512,51.1367082556831],[-0.741408393106374,51.1367536109802],[-0.747421663030188,51.1357004470589],[-0.747407006241849,51.1351310345335],[-0.750037907064199,51.1349370467855],[-0.750266576149886,51.1343019113238],[-0.751300716247698,51.1344317209165],[-0.751690275066919,51.1334493950999],[-0.766961411433235,51.1319189940688],[-0.770241959364088,51.1321685042946],[-0.772692006120471,51.1319415417564],[-0.772945351699192,51.1304163327833],[-0.779596473135138,51.1290193152086],[-0.78087839586483,51.1280965523124],[-0.782380722374422,51.1285230484686],[-0.783007158258917,51.1293696676422],[-0.782716924240006,51.1300321034845],[-0.78056332783392,51.1312581101791],[-0.78089710864195,51.1328032951727],[-0.780556159257879,51.1344833464928],[-0.781052812702169,51.1352176517365],[-0.781892843120385,51.1356192974661],[-0.784809406166578,51.1361317483403],[-0.786945937551773,51.1375533757667],[-0.78956170059484,51.1383346224049],[-0.791102898718987,51.1392354381834],[-0.792534552360943,51.1437940380965],[-0.793785428066986,51.1447879575378],[-0.793497471325929,51.1453596155989],[-0.794533750822549,51.148041476913],[-0.794395940028727,51.1497590869143],[-0.795260630585166,51.1497715973943],[-0.796929679978136,51.1508636729415],[-0.799101764262648,51.1513905799455],[-0.798374665057856,51.1525376625063],[-0.802296446935697,51.152687069435],[-0.803417065696195,51.1530366589527],[-0.803381816863577,51.1541765950525],[-0.804287313877534,51.1550538179518],[-0.804775474923084,51.1550502618283],[-0.804700413985953,51.15535434402],[-0.80548901424477,51.1553273323089],[-0.80537356937252,51.1549358734545],[-0.805949996539476,51.1546081358481],[-0.806848001725566,51.1545794445695],[-0.806921409120347,51.1538535546499],[-0.80716253665038,51.1540659385156],[-0.807838583573422,51.153877784094],[-0.80802691011877,51.1541162099207],[-0.808178391625308,51.1537754054471],[-0.809615836290496,51.153515505076],[-0.811053736574067,51.1526861795522],[-0.810987368656513,51.1524254382856],[-0.81357579064574,51.1518864577585],[-0.812528861769341,51.1512342962007],[-0.815613238894298,51.1501573327723],[-0.816796777453076,51.1495157329464],[-0.816910074669074,51.1489819985008],[-0.817925602680857,51.1488318422005],[-0.817409635987285,51.1485117027684],[-0.817788379067897,51.1480636539912],[-0.817367734948183,51.1477566182045],[-0.8233300924384,51.1463947762431],[-0.824802770838446,51.1475672087844],[-0.825913854184312,51.146313560556],[-0.825913990590582,51.1457388436703],[-0.828350704768299,51.1452806556147],[-0.832327071055372,51.1477529406549],[-0.833178927207485,51.1479898579471],[-0.834182386405469,51.1476005966228],[-0.833807352160526,51.1497584260394],[-0.830921555826142,51.1557213679943],[-0.831302430939952,51.1590992197279],[-0.830457911843748,51.1612237469629],[-0.831249575176358,51.1612478451836],[-0.830024172015479,51.1624846622826],[-0.830372917028831,51.1627201844575],[-0.829156869484535,51.1678202734574],[-0.827118573400791,51.1745910790025],[-0.827729333444503,51.1770243243142],[-0.827591958468967,51.1775903959678],[-0.826807781917411,51.1775392901099],[-0.826555765189442,51.178564679059],[-0.809375867272103,51.1754719769649],[-0.807159150249979,51.1758909790269],[-0.805785663389659,51.1766700622119],[-0.804880003348579,51.1764558377148],[-0.803090934529274,51.1768188091865],[-0.801395514452511,51.1778184881872],[-0.797235990876567,51.1781732362703],[-0.796242579241964,51.178797892646],[-0.795366169636193,51.1797664452193],[-0.795571817574273,51.1800005068823],[-0.793791565540557,51.180732199126],[-0.793673891630537,51.1812956495273],[-0.792948676590266,51.1811766913643],[-0.792787402141552,51.1816022334467],[-0.7936832839494,51.1823605262778],[-0.786227802694641,51.1852383301566],[-0.777727680117785,51.1877064001407],[-0.763494259647071,51.1946592016262],[-0.763118881390542,51.1954231624583],[-0.763301101854269,51.1966355071842],[-0.764714935249096,51.1977170245564],[-0.766459407142608,51.1983685113183],[-0.766876402032941,51.2006003676678],[-0.765643018133728,51.2007996144963],[-0.76300734466724,51.2004479519061],[-0.758304110997172,51.1989494677037],[-0.756873021472421,51.1980925306323],[-0.755019143124737,51.1978939124183],[-0.753437946525643,51.2004282666009],[-0.754274144455466,51.2016916436648],[-0.755501832856785,51.202451962716],[-0.7525917946227,51.2036205985613],[-0.749036547660619,51.2076212257429],[-0.747215200493024,51.2089232351283],[-0.745888264658602,51.2068419734084],[-0.742212626348339,51.2056632037705],[-0.731642049228366,51.1968612632389]]]]}}]}