{"type": "FeatureCollection", "features": [{"type": "Feature", "properties": {"reference": "E07000245", "name": "West Suffolk"}, "geometry": {"type": "MultiPolygon", "coordinates": [[[[0.715573984473064, 52.2517233452674], [0.714703936568931, 52.249886729239], [0.712094329866576, 52.2484899021501], [0.712069712617213, 52.2467639276371], [0.714027275952687, 52.2463349530586], [0.717021794346064, 52.2463586238476], [0.71709688514241, 52.2458613610736], [0.720872834472713, 52.2466106802401], [0.719851955482135, 52.2458968509349], [0.720117242876772, 52.2452037085092], [0.723014598194947, 52.2427312685736], [0.723296458239525, 52.2421186424223], [0.725004498600001, 52.2414730495229], [0.72513463536702, 52.2411094341305], [0.727909558163178, 52.2397314066325], [0.729419081545884, 52.2377629800539], [0.729020825110671, 52.2366627975588], [0.725497002167109, 52.2362677389643], [0.724314544389594, 52.2347545593409], [0.716921634157616, 52.2366365196351], [0.714076961337633, 52.2377258705539], [0.712717851727645, 52.238605658907], [0.711662393653436, 52.2409635117787], [0.707446734342882, 52.2410098771649], [0.703840552191976, 52.2405943828411], [0.697249701255964, 52.2404445301511], [0.697008723471734, 52.2436955058946], [0.701417601475869, 52.2440781560383], [0.701655039191857, 52.2445222194585], [0.704097903767456, 52.2443342240297], [0.703662972419547, 52.2475263504657], [0.707016784329762, 52.247571050563], [0.708450600017049, 52.2496934231892], [0.711126857192824, 52.2504542484299], [0.712762178156367, 52.2514350373126], [0.714761561105395, 52.2519260792354], [0.715573984473064, 52.2517233452674]]], [[[0.856918467510222, 52.3969648480638], [0.856136481026211, 52.3968758685063], [0.854496902039349, 52.3880501119507], [0.853144407468858, 52.3850135374609], [0.857002779150365, 52.383744885427], [0.865130771729773, 52.379963367743], [0.869905578573346, 52.3784032398426], [0.871210192848314, 52.3781035338016], [0.871550068061059, 52.3783821586214], [0.876455736477148, 52.3769867031926], [0.87661147288688, 52.3774163427873], [0.879162287661799, 52.3768713228105], [0.879303224393839, 52.37709534784], [0.885173923131917, 52.3762416830281], [0.887095709093668, 52.3761470809748], [0.887373042238651, 52.3766376584846], [0.889670004673726, 52.3763026971073], [0.889548346755784, 52.3760592432225], [0.894773247201945, 52.375222689079], [0.894770333559304, 52.3749520563044], [0.898177718574246, 52.3747479453469], [0.902126376643756, 52.3728488485409], [0.905278006384042, 52.3737884793818], [0.907643406715696, 52.3717473219617], [0.907085010771842, 52.3715499560853], [0.907253977281329, 52.371162780015], [0.903270263925938, 52.3685665967412], [0.900168919397277, 52.3673567654061], [0.900387835047957, 52.3671124429308], [0.899212705969303, 52.366008787051], [0.897089252758438, 52.3649709206905], [0.895312342528286, 52.3634437362977], [0.893193199437341, 52.3644875896147], [0.892994155765117, 52.3640716174931], [0.892642198921967, 52.3641944165513], [0.889379487347427, 52.3621906268492], [0.887950662693223, 52.3634594311844], [0.886948301691663, 52.363225816074], [0.886371844286452, 52.36373627127], [0.884864492334691, 52.3632137949552], [0.878076309726254, 52.3641662419387], [0.878056889986357, 52.3629166731215], [0.877000758469041, 52.361199591057], [0.874598994826857, 52.3585034646036], [0.870045844441529, 52.3549494851111], [0.867489751511415, 52.3559846117777], [0.869406103197901, 52.3574758932203], [0.865847744180073, 52.3599814458842], [0.857671821199768, 52.3588423070446], [0.859927658080567, 52.3516921680425], [0.862700665291255, 52.3411256633171], [0.862401083696098, 52.3396922080847], [0.859445017386035, 52.3397296731621], [0.85831394609171, 52.3395618779647], [0.858388877153561, 52.3391976587897], [0.859417424576171, 52.3355917685407], [0.860758998341747, 52.33579302202], [0.862078474050157, 52.3319902501378], [0.861778362507588, 52.3317305056885], [0.862075087124043, 52.3306180156437], [0.86280764782269, 52.3293241369938], [0.862533828449585, 52.3292201921443], [0.863392039472161, 52.327848552075], [0.863721042936644, 52.3278982023068], [0.865017681378188, 52.3252478849488], [0.865048754474235, 52.3234593333939], [0.866019004788306, 52.3215759704277], [0.86470468552555, 52.3214270669442], [0.864811434239283, 52.3211034191386], [0.867260875585523, 52.3180861094249], [0.867758383106755, 52.3180406706137], [0.86261593349265, 52.3167409858691], [0.865096630412005, 52.3149333785841], [0.865210730008377, 52.3143829856717], [0.864503673966315, 52.3136374624256], [0.858696776353467, 52.3104417698512], [0.857476571427674, 52.3111565814717], [0.8572618670106, 52.3109899653658], [0.85431144160189, 52.3115874721282], [0.853619297665402, 52.3108181487167], [0.850676153275258, 52.3111869343873], [0.84911543751494, 52.3110573835534], [0.848586531101371, 52.3114568358115], [0.846201641353703, 52.3119973368521], [0.841055921397636, 52.3124117701335], [0.840940503384665, 52.3118470576189], [0.839556081801078, 52.3120862502862], [0.83631095440038, 52.313310926318], [0.836866433847136, 52.3145862993375], [0.83483632571423, 52.3145739276483], [0.835263774717747, 52.3152021777791], [0.834892899750154, 52.3157578947344], [0.830418402388115, 52.3173400753553], [0.826185091951737, 52.3182670971698], [0.828725300584728, 52.3197369172604], [0.82934165096326, 52.3205558991198], [0.830410221673784, 52.3206436012356], [0.832115812963321, 52.3217438887924], [0.836404864299116, 52.3217074597611], [0.836307105529982, 52.3222448414274], [0.837550398991121, 52.3218354721146], [0.839027248949685, 52.3226435620946], [0.838223850003766, 52.3236431271799], [0.834390885146715, 52.3228268795683], [0.830914894827003, 52.3256676067503], [0.832071220401724, 52.3271111829018], [0.830558480481647, 52.3275323442838], [0.83176481217959, 52.3280132725235], [0.833050288998367, 52.3275714773725], [0.839133852573296, 52.3282725326126], [0.838529250373416, 52.3316676081396], [0.839545188454064, 52.3345335454383], [0.83770510995722, 52.3355337362567], [0.835092842332705, 52.3355713154208], [0.833437587488725, 52.3350300858964], [0.832471711259831, 52.3341593406225], [0.831654321142561, 52.334210412658], [0.831232754582889, 52.3345973115733], [0.827612835026421, 52.332807199539], [0.827071510079403, 52.3315692158194], [0.825054176495591, 52.3308027773588], [0.823697147990679, 52.329664307576], [0.819973579583779, 52.3286328052232], [0.819380549348858, 52.3289085930301], [0.819464960194519, 52.3299597310329], [0.818636913587037, 52.3298193794338], [0.816605850231807, 52.3301493430299], [0.816908739898346, 52.3297886978047], [0.815416163824088, 52.3287055120626], [0.814055765441492, 52.3291732659014], [0.813339284480032, 52.3284772082148], [0.81352457530651, 52.3267478637416], [0.814697763941357, 52.3258295665185], [0.811870973130752, 52.3254850613937], [0.80938030971701, 52.3244210661007], [0.809152786045926, 52.3250910631874], [0.807689826744727, 52.3239388338548], [0.807962163166087, 52.3237659418233], [0.804275476308129, 52.3221215252894], [0.802248887075946, 52.3227748873394], [0.795577951720955, 52.3260950030684], [0.789242712848322, 52.3299148567973], [0.793357748570692, 52.3316234197367], [0.792355900774014, 52.3332667618619], [0.790693429599936, 52.3328357692808], [0.789426522324349, 52.3348180797096], [0.786382771799453, 52.3340625503543], [0.783527752944236, 52.3384843247925], [0.780880908614454, 52.3383713731757], [0.780510188770914, 52.3386867679037], [0.780699879095826, 52.3392308086449], [0.781616689353715, 52.3391471821963], [0.782121189739868, 52.340588603724], [0.792730974808542, 52.3408039469887], [0.794443416257157, 52.3438848917571], [0.791832071467608, 52.342638210189], [0.787707451739936, 52.3413984254406], [0.784014513839003, 52.3414190216906], [0.770105508290165, 52.3427074612453], [0.763721050716458, 52.3436196108666], [0.749260556252446, 52.3469023165784], [0.743118884263876, 52.3473411564029], [0.73842734532611, 52.3484904028686], [0.719975293823497, 52.3490452258706], [0.709065219513408, 52.3506884734678], [0.694685537358711, 52.3559583904814], [0.68945490338934, 52.3558401748853], [0.688846965386484, 52.3555635908399], [0.683562509947957, 52.3556593829785], [0.674652260002287, 52.3569774720648], [0.675717724531904, 52.3612185999982], [0.682193393569657, 52.3643873093972], [0.691191054357601, 52.3699245098381], [0.693171614032466, 52.3718110941239], [0.700796707688831, 52.3811540642328], [0.705962244329226, 52.3888002879917], [0.708781556935527, 52.3922383770064], [0.712437775135009, 52.3946230577081], [0.716033214765215, 52.3940206798974], [0.722219180411557, 52.3936921755752], [0.733344300618682, 52.3953886709159], [0.735259774227761, 52.3953407229529], [0.737589057243696, 52.3951383199089], [0.738613421273942, 52.3930930399736], [0.740997385105675, 52.3922337376362], [0.741124094334925, 52.3926651117645], [0.74181671846246, 52.392694073348], [0.740854284320404, 52.3912280792984], [0.74138967077757, 52.3901641765904], [0.741261289086258, 52.3894937881488], [0.740562964713354, 52.3889453219535], [0.740965880481952, 52.3881895161234], [0.743397647856217, 52.3873947761125], [0.7446368461579, 52.3859522769027], [0.744877653177997, 52.384905347225], [0.746744379931602, 52.3838197145608], [0.746910119575384, 52.3833643728916], [0.749844254038387, 52.3829264995804], [0.750484516593876, 52.3830609141949], [0.750868322938937, 52.3835609077853], [0.751232189609665, 52.3834085877921], [0.752540999071222, 52.3840597216756], [0.754310400509901, 52.384272075813], [0.759136014498303, 52.3864983946248], [0.760700361950002, 52.3867666889556], [0.762438199517791, 52.3881172778033], [0.762680710306861, 52.3889658514347], [0.765966099968042, 52.3903574969495], [0.767300864942339, 52.3904071488173], [0.768146496490466, 52.3900150518808], [0.770295554217107, 52.3898055469496], [0.772569065277564, 52.3866793565598], [0.773434776952172, 52.3863272047518], [0.775254180016242, 52.3869589192996], [0.777353642135538, 52.3867575505513], [0.779549229228012, 52.387268875088], [0.783761413214567, 52.3862605036965], [0.78592750034585, 52.3864891240222], [0.786571756646114, 52.387221286186], [0.787901838953351, 52.3876170297277], [0.791999996951447, 52.3898592311831], [0.794852878277761, 52.391114684884], [0.796130910187299, 52.3912417708673], [0.800724775667285, 52.3897840519017], [0.803657120134435, 52.3892504205027], [0.804388928381653, 52.3895019502709], [0.808172226111564, 52.3895244610068], [0.812783661947562, 52.3909183890443], [0.81481225694104, 52.3934168583929], [0.816015271883283, 52.3935402199758], [0.81660517601578, 52.393963180384], [0.818340355199978, 52.393672681538], [0.81969682710937, 52.3938283064469], [0.820499180667447, 52.3934098942493], [0.821045945641365, 52.3936612477802], [0.823137555530054, 52.3937281655965], [0.824387730758669, 52.3945670268521], [0.827646247273715, 52.3949054356338], [0.829383289657144, 52.3961381487421], [0.829865930121489, 52.3972939015256], [0.833131884125683, 52.3989143706827], [0.834256775733842, 52.3991691668559], [0.835286732644813, 52.3999826914043], [0.838157330429311, 52.4007643321389], [0.840911023894679, 52.4008458240752], [0.849458587767992, 52.3995839645218], [0.855439154002353, 52.3994413298553], [0.857107292704528, 52.3980906506324], [0.856918467510222, 52.3969648480638]]], [[[0.85696423475848, 52.3967406887], [0.856872706927221, 52.395186207843], [0.859707798035158, 52.3934242739115], [0.861806140774143, 52.392979596423], [0.863458041362611, 52.3912928824962], [0.866872972281114, 52.3903459066283], [0.868688058300205, 52.3904780627191], [0.872335710497841, 52.3899020665011], [0.874846179515838, 52.3899219216506], [0.880942244669727, 52.3917581687694], [0.887151510555052, 52.3908817870287], [0.88975415177274, 52.3909404295306], [0.892061598122944, 52.3905282255042], [0.892925925089822, 52.3895417442512], [0.892515962832568, 52.3890490326129], [0.893458204430508, 52.3884648631183], [0.894529118686924, 52.3881418537123], [0.897440572384864, 52.3882493991749], [0.899012581713892, 52.3874752313], [0.899592972707449, 52.3875625814099], [0.900736175907522, 52.3866387919028], [0.901810549474897, 52.3863903421718], [0.903156981816463, 52.3866612329812], [0.904927781891684, 52.3857831136791], [0.907015492432501, 52.386330710729], [0.90771502937923, 52.386217297175], [0.90921243652625, 52.3875104940544], [0.910086418866911, 52.3873000787108], [0.910429275558786, 52.3875749243961], [0.9111115745515, 52.3874664111597], [0.911005012903675, 52.3879024712522], [0.913118174408361, 52.3887676908366], [0.913554246054023, 52.3885582461512], [0.914053763681273, 52.3888669793276], [0.914807273601907, 52.38863612378], [0.915818667350664, 52.3889735762586], [0.917454247768334, 52.388699353262], [0.918960627271261, 52.3888735130992], [0.919992297297483, 52.389361560693], [0.920382429546618, 52.3889246858818], [0.920718247149161, 52.3891816954889], [0.921576112779573, 52.3888834846895], [0.921329141450833, 52.3895721561298], [0.922331587808366, 52.389505108313], [0.922945942446451, 52.3900394149458], [0.923390607736307, 52.3893386555515], [0.923979469005795, 52.3896190636563], [0.924204863852904, 52.389160180883], [0.92527189725694, 52.3892911896336], [0.925299476307364, 52.3888192206658], [0.927212866491315, 52.3882808529945], [0.928510884782528, 52.3882819494292], [0.930187167430076, 52.3888428499993], [0.930537548387705, 52.3883518271759], [0.931101309895354, 52.3886724771336], [0.93108813892996, 52.3882561506491], [0.931728495996957, 52.3883839724111], [0.931488187753179, 52.3879293056259], [0.9327972603485, 52.3879675020648], [0.933659365141612, 52.3873207125274], [0.935412800360763, 52.3871846184003], [0.93626773196565, 52.3866409592396], [0.936788761032995, 52.3866916799729], [0.936541853935527, 52.3852218831173], [0.937377137263947, 52.3842757137005], [0.940331975412108, 52.3829368674226], [0.940032732070223, 52.3825035948527], [0.940651525630923, 52.382415368962], [0.940472985043087, 52.3822048480035], [0.941631276287462, 52.3810677276268], [0.941579411688259, 52.3799931630914], [0.942160927366398, 52.3789717129328], [0.94362641315796, 52.3781747389942], [0.945136870774794, 52.377893284721], [0.945400041874101, 52.3774030207983], [0.946540052434531, 52.3768898148587], [0.946960186189951, 52.3759826985922], [0.948305834136613, 52.375778297716], [0.948906826784755, 52.3762866417391], [0.949650894070921, 52.3761835524342], [0.950923577265716, 52.3750922725083], [0.952903909657147, 52.3748498787889], [0.953535772390214, 52.3744096002677], [0.954103216058112, 52.3745015307161], [0.953800440477198, 52.3738468506088], [0.954697259430943, 52.3736553061332], [0.954582641290852, 52.3728182638257], [0.955336834254138, 52.3728461483517], [0.957014194855532, 52.3719129204224], [0.96317624447583, 52.3716028620635], [0.965303803785056, 52.3703965834412], [0.967471013134576, 52.3701127875422], [0.967213842676258, 52.3688395072779], [0.966610909856661, 52.3687017707868], [0.966629404806609, 52.3671029238039], [0.967050463054777, 52.3668420583633], [0.967209632848935, 52.3657205430271], [0.964718586224468, 52.3641034371031], [0.959191207903008, 52.361707476789], [0.953707458146551, 52.3570097925477], [0.953153538076917, 52.3560333037565], [0.955096733624716, 52.3556019270387], [0.956005976148244, 52.3544013981886], [0.956152457002665, 52.3514990866973], [0.956958997476212, 52.3508561884859], [0.957963685084337, 52.3507552951788], [0.957378150634189, 52.3478621392093], [0.957982243839959, 52.3474083069293], [0.957696434534306, 52.3457225554707], [0.956745172482446, 52.3454714588443], [0.95566014652864, 52.3417177277397], [0.957480388624336, 52.3407430282999], [0.957304491183799, 52.3403526499946], [0.955830981564815, 52.3393309065531], [0.95508105542425, 52.3381454542832], [0.952888158471768, 52.3371400492251], [0.953230639555254, 52.3368607673493], [0.946620683576086, 52.3364566662832], [0.940578769483103, 52.3355173871914], [0.937940897747568, 52.3347017098957], [0.936115982823758, 52.3353218077518], [0.932697456863843, 52.3357296503315], [0.933191614777795, 52.3341462393249], [0.932222424210777, 52.3329436219217], [0.932271482193785, 52.3319981027107], [0.931431989997829, 52.3304019665032], [0.928508914384227, 52.3279509970595], [0.927782123623823, 52.3283242512135], [0.926852135750734, 52.3283347278339], [0.925692630903407, 52.3273355620778], [0.925139884050098, 52.3255865378503], [0.926119744278134, 52.3233525914491], [0.926214050636736, 52.3214238940265], [0.926809519543636, 52.3200835305897], [0.925940557280928, 52.3192794546658], [0.921684228032667, 52.3193174702661], [0.916138012591756, 52.3216112475001], [0.908638126024649, 52.3231056952696], [0.905704606295613, 52.3251042832436], [0.904080024772393, 52.3255561216279], [0.902107837899533, 52.3276038632212], [0.901639631732288, 52.3311721461885], [0.898244990536738, 52.3361694153223], [0.897065288062315, 52.3368755351669], [0.89654690059052, 52.3378622010971], [0.895039901804375, 52.3389980755027], [0.891206449781525, 52.3404176529837], [0.886776871971021, 52.3409594549389], [0.875190807383674, 52.3453070036915], [0.867914048154694, 52.3484480187122], [0.865353981408522, 52.3504391520348], [0.863808810702919, 52.3501412016354], [0.861680677714457, 52.3522756150777], [0.859927658080567, 52.3516921680425], [0.857671821199768, 52.3588423070446], [0.865847744180073, 52.3599814458842], [0.869406103197901, 52.3574758932203], [0.867489751511415, 52.3559846117777], [0.870045844441529, 52.3549494851111], [0.874598994826857, 52.3585034646036], [0.877000758469041, 52.361199591057], [0.878056889986357, 52.3629166731215], [0.878076309726254, 52.3641662419387], [0.884864492334691, 52.3632137949552], [0.886371844286452, 52.36373627127], [0.886948301691663, 52.363225816074], [0.887950662693223, 52.3634594311844], [0.889379487347427, 52.3621906268492], [0.892642198921967, 52.3641944165513], [0.892994155765117, 52.3640716174931], [0.893193199437341, 52.3644875896147], [0.895312342528286, 52.3634437362977], [0.897089252758438, 52.3649709206905], [0.899212705969303, 52.366008787051], [0.900387835047957, 52.3671124429308], [0.900168919397277, 52.3673567654061], [0.903270263925938, 52.3685665967412], [0.907253977281329, 52.371162780015], [0.907085010771842, 52.3715499560853], [0.907643406715696, 52.3717473219617], [0.905278006384042, 52.3737884793818], [0.902126376643756, 52.3728488485409], [0.898177718574246, 52.3747479453469], [0.894770333559304, 52.3749520563044], [0.894773247201945, 52.375222689079], [0.889548346755784, 52.3760592432225], [0.889670004673726, 52.3763026971073], [0.887373042238651, 52.3766376584846], [0.887095709093668, 52.3761470809748], [0.885173923131917, 52.3762416830281], [0.879303224393839, 52.37709534784], [0.879162287661799, 52.3768713228105], [0.87661147288688, 52.3774163427873], [0.876455736477148, 52.3769867031926], [0.871550068061059, 52.3783821586214], [0.871210192848314, 52.3781035338016], [0.869905578573346, 52.3784032398426], [0.865130771729773, 52.379963367743], [0.857002779150365, 52.383744885427], [0.853144407468858, 52.3850135374609], [0.854496902039349, 52.3880501119507], [0.856136481026211, 52.3968758685063], [0.856918467510222, 52.3969648480638], [0.85696423475848, 52.3967406887]]], [[[0.595095706032236, 52.2646140432018], [0.610386818374646, 52.2637097237715], [0.622719210771152, 52.2622134887075], [0.638657701147066, 52.2596540572746], [0.645564242287299, 52.258811401003], [0.651649055426151, 52.2582000546527], [0.664863441086318, 52.2574509775086], [0.673255492617056, 52.2569571978252], [0.685238506242692, 52.2573263082778], [0.682756731331798, 52.2539618634285], [0.682497577052574, 52.2536494076778], [0.679025105755177, 52.254407243751], [0.675824602448733, 52.254647083239], [0.675616316380171, 52.2515511474945], [0.673898383663341, 52.2489326572921], [0.679179517090274, 52.2485080039246], [0.678200992938262, 52.2447136725459], [0.676682972734938, 52.2449036508575], [0.66254033597912, 52.2404098309657], [0.660959131285793, 52.2395659988045], [0.658522796429519, 52.2405660490559], [0.65497843163449, 52.2408212533932], [0.651810607227927, 52.2414734337891], [0.652548715474203, 52.2389146164469], [0.651959932085425, 52.236628355973], [0.648110740329121, 52.2322013740677], [0.643039893892456, 52.2286927079267], [0.631267964678083, 52.2275448908805], [0.627158834969551, 52.2259818195132], [0.624298774952975, 52.2255085751327], [0.618513470732, 52.2237737947876], [0.616118274804127, 52.2221866603598], [0.613091715644158, 52.2208148426217], [0.608222305116444, 52.220573672596], [0.607378114296368, 52.2200095839738], [0.606987134952563, 52.2215083546437], [0.603709151364902, 52.2214395895448], [0.604356639410532, 52.222222015056], [0.599365439864281, 52.2215758191625], [0.599300042286695, 52.2231141421657], [0.597466444446375, 52.2225069533936], [0.595369437354295, 52.222352613492], [0.593219785600648, 52.2225769842686], [0.592860240569776, 52.2230408718875], [0.588843356479161, 52.2230832201646], [0.586572885368146, 52.2233965180935], [0.583372172669893, 52.220902691672], [0.583784503866694, 52.2195312729065], [0.583386606414603, 52.2173681944902], [0.580097964606197, 52.2160498764596], [0.573789815648974, 52.2192208995123], [0.570465492742293, 52.2187538587813], [0.56711671008443, 52.2172503118265], [0.562159733691117, 52.2181215189968], [0.561310370472566, 52.220867537947], [0.56298834865831, 52.2209686494993], [0.562977219582888, 52.221207224717], [0.560421446736008, 52.2211943919546], [0.560383909305264, 52.2218912375692], [0.557627712434619, 52.222111947407], [0.556828059605908, 52.224224657082], [0.55508894030003, 52.2240693864956], [0.553950808097746, 52.2259362441411], [0.555793453550402, 52.2263514218378], [0.558187639026993, 52.2273687303638], [0.558214617390319, 52.228423947316], [0.556663733510908, 52.2290096480756], [0.55634831468758, 52.2300704858685], [0.554987091416962, 52.2305181012686], [0.554043225290357, 52.2312192680713], [0.554078230774514, 52.2315997807825], [0.554948120820358, 52.2321861633097], [0.556219852996665, 52.2324751611249], [0.557039804480655, 52.2333117265418], [0.559972159473563, 52.2343587835159], [0.559382159613822, 52.2365027757553], [0.558115343126021, 52.2382128323733], [0.555819557696394, 52.2391474714995], [0.558986997957159, 52.2425931478582], [0.556903740815628, 52.2439170550933], [0.560336183879429, 52.2453426402366], [0.5624307616284, 52.2459455475533], [0.562772165398316, 52.2457681321467], [0.563552714328025, 52.2462206433559], [0.563961429829666, 52.2459914167669], [0.566688702540974, 52.2476056442902], [0.561921428499179, 52.251345907836], [0.560742541923148, 52.2546888396667], [0.561187855583646, 52.2580190890971], [0.56326911030512, 52.2628542696467], [0.562937066298269, 52.2658389073017], [0.56840751556279, 52.2658494462453], [0.574138678222971, 52.2651473287346], [0.588526282022879, 52.2644800429009], [0.589446857898756, 52.2644842112925], [0.589392761838393, 52.2648873461892], [0.595095706032236, 52.2646140432018]]], [[[0.631088918268217, 52.4503444577745], [0.629468944510737, 52.4482877820726], [0.629075139777606, 52.447430585353], [0.629874089690944, 52.4471824619883], [0.628396911822789, 52.4449643323293], [0.632075769526826, 52.4438267558167], [0.632241211156487, 52.4435180404976], [0.630966308110502, 52.4431628839909], [0.631521026894186, 52.4415875901865], [0.630863221057287, 52.4410547618866], [0.629892951040394, 52.4406880549961], [0.627239375643346, 52.4405266747068], [0.627371799512766, 52.4402548051582], [0.624342286855912, 52.4396188981095], [0.622626697118347, 52.4412988239566], [0.619287580337135, 52.4425502474702], [0.618220281999871, 52.4419202265522], [0.615823635019676, 52.4433495867855], [0.618709753891586, 52.445149687017], [0.615051271035924, 52.4450292011145], [0.615575525685562, 52.4463250957355], [0.614367613993412, 52.4480226790915], [0.615055047116789, 52.449097681521], [0.6157271878075, 52.4489805666769], [0.619006223420553, 52.4495547965193], [0.621829488468267, 52.451270928902], [0.621908434758247, 52.4516584625468], [0.619380478554758, 52.4527247165723], [0.62029142329913, 52.4543461958173], [0.622060131932227, 52.4543859344273], [0.622621024976368, 52.4536687522552], [0.629787109166092, 52.4540536071254], [0.629315185112155, 52.4524544475926], [0.627952434956103, 52.4511205875992], [0.6271783440411, 52.4509021896881], [0.628943506639153, 52.4500689110809], [0.631088918268217, 52.4503444577745]]], [[[0.705559039855581, 52.4525865226378], [0.706476558561518, 52.4525574098368], [0.707516868328307, 52.4519423195831], [0.709116624813842, 52.4516320239726], [0.713390062862333, 52.4500458154648], [0.714855318505668, 52.4498956307891], [0.715807988388347, 52.4493325691263], [0.71680176770212, 52.4497010094454], [0.71888154582526, 52.449630626625], [0.717551996064957, 52.4467189762346], [0.714849603349823, 52.4445140224506], [0.705056844043568, 52.4383087185433], [0.696149274369629, 52.4332802917101], [0.691342831643151, 52.427734881892], [0.690115189045397, 52.426799539653], [0.68481186723374, 52.4249091144723], [0.683154666116183, 52.4225691354986], [0.680610976193436, 52.4209857599082], [0.673820034386085, 52.4153215170734], [0.67217969400467, 52.4128010368307], [0.66925007391677, 52.4128520269518], [0.659737118716832, 52.4113902364351], [0.657864137242904, 52.4115681983788], [0.645273753744313, 52.410321899857], [0.641681321743371, 52.4149235933192], [0.634326262408601, 52.4266863276506], [0.631055950950098, 52.4323911994271], [0.627371799512766, 52.4402548051582], [0.627239375643346, 52.4405266747068], [0.629892951040394, 52.4406880549961], [0.630863221057287, 52.4410547618866], [0.631521026894186, 52.4415875901865], [0.630966308110502, 52.4431628839909], [0.632241211156487, 52.4435180404976], [0.632075769526826, 52.4438267558167], [0.628396911822789, 52.4449643323293], [0.629874089690944, 52.4471824619883], [0.629075139777606, 52.447430585353], [0.629468944510737, 52.4482877820726], [0.631088918268217, 52.4503444577745], [0.633547611158801, 52.4503701640382], [0.636117391400938, 52.4513803535696], [0.638681090291238, 52.4510299953987], [0.642220464658503, 52.4510471325591], [0.642974016582442, 52.452278461341], [0.645213189992785, 52.4525557068922], [0.645482695718812, 52.4536314768798], [0.646737823179796, 52.4535480790127], [0.647202759038657, 52.4529090911512], [0.649346756631894, 52.4545057062145], [0.649323250797606, 52.454906220742], [0.648473429695559, 52.4552980023601], [0.649857784326644, 52.4556378330993], [0.65133470307365, 52.4568713182369], [0.654797892622478, 52.4573639074845], [0.656355188707459, 52.4572415196393], [0.656650442495379, 52.4581407942315], [0.658225685247645, 52.4587510512201], [0.658809097084211, 52.4594672291095], [0.660665184822435, 52.4601511735129], [0.66342994654071, 52.4620666600349], [0.666306671108423, 52.4625416468679], [0.668327061614058, 52.4620827577365], [0.671975401855735, 52.4603097879982], [0.672615713131119, 52.4589472578853], [0.678399595293431, 52.4547291791052], [0.681504475679587, 52.4541750902501], [0.68397338808772, 52.453164952711], [0.694471179719132, 52.4510170218806], [0.696928673955164, 52.4513710230353], [0.701156898519947, 52.4513374231048], [0.705559039855581, 52.4525865226378]]], [[[0.582501080763578, 52.4518613696135], [0.586315781650999, 52.4522078004079], [0.586943747195435, 52.4525258800622], [0.586849807422492, 52.4529316693321], [0.588544562323269, 52.4536021269905], [0.591447172014665, 52.4539958158337], [0.593233191705344, 52.4536290763168], [0.59551624821842, 52.4542726521348], [0.597100642160181, 52.4542626833364], [0.598578490861361, 52.4539580136032], [0.599593416874616, 52.4532735887842], [0.600880470363018, 52.4533362860858], [0.605079733512153, 52.4527407961731], [0.609479182139827, 52.4527158846696], [0.609368927311372, 52.4519962497479], [0.608480337260608, 52.4516283047957], [0.609860060864107, 52.4503191338371], [0.615055047116789, 52.449097681521], [0.614367613993412, 52.4480226790915], [0.615575525685562, 52.4463250957355], [0.615051271035924, 52.4450292011145], [0.618709753891586, 52.445149687017], [0.615823635019676, 52.4433495867855], [0.618220281999871, 52.4419202265522], [0.619287580337135, 52.4425502474702], [0.622626697118347, 52.4412988239566], [0.624342286855912, 52.4396188981095], [0.627371799512766, 52.4402548051582], [0.631055950950098, 52.4323911994271], [0.634326262408601, 52.4266863276506], [0.641681321743371, 52.4149235933192], [0.645273753744313, 52.410321899857], [0.637673790051377, 52.4105115187074], [0.637118013560986, 52.4088611541058], [0.635296474108869, 52.4062013801602], [0.630805027101876, 52.4034409153676], [0.634099246169163, 52.4029862895469], [0.63504921327567, 52.4023464275561], [0.636518041080818, 52.4006949457281], [0.636489892849919, 52.3993359287144], [0.635677550547154, 52.3975195466187], [0.635335971639473, 52.3976108600547], [0.628775753187683, 52.3918891538112], [0.615507856301909, 52.3940101032635], [0.608174055158918, 52.3960003497106], [0.603202714065782, 52.3967783647891], [0.601283465581992, 52.3974086406439], [0.593583444648547, 52.4016287928004], [0.585227784694976, 52.4051158614926], [0.571908595101188, 52.4080003845009], [0.561489557588848, 52.4118904103049], [0.556875985218276, 52.4130245110591], [0.555172314161995, 52.4182751489982], [0.550136965702704, 52.4278393966175], [0.556069495399189, 52.4306441586711], [0.557275654868361, 52.431502929318], [0.557254659582627, 52.4321289853849], [0.548104079822273, 52.4333746114845], [0.539201875200599, 52.4341981075563], [0.54521816030246, 52.4470976215377], [0.544533483000673, 52.4516225774969], [0.547821257749342, 52.4520381118589], [0.549035090679157, 52.4532789756326], [0.549518878803956, 52.454572425957], [0.554821216225092, 52.4560280654102], [0.559152385863312, 52.4558598047947], [0.563151753916485, 52.4534764735107], [0.563394267119236, 52.4536735782011], [0.565796964710596, 52.4533292127204], [0.567958344882081, 52.4534666777775], [0.572259579818196, 52.4519820181214], [0.577950938829697, 52.4525315989983], [0.582501080763578, 52.4518613696135]]], [[[0.55508894030003, 52.2240693864956], [0.556828059605908, 52.224224657082], [0.557627712434619, 52.222111947407], [0.560383909305264, 52.2218912375692], [0.560421446736008, 52.2211943919546], [0.562977219582888, 52.221207224717], [0.56298834865831, 52.2209686494993], [0.561310370472566, 52.220867537947], [0.562159733691117, 52.2181215189968], [0.56711671008443, 52.2172503118265], [0.570465492742293, 52.2187538587813], [0.573789815648974, 52.2192208995123], [0.580097964606197, 52.2160498764596], [0.583386606414603, 52.2173681944902], [0.583784503866694, 52.2195312729065], [0.583372172669893, 52.220902691672], [0.586572885368146, 52.2233965180935], [0.588843356479161, 52.2230832201646], [0.592860240569776, 52.2230408718875], [0.593219785600648, 52.2225769842686], [0.595369437354295, 52.222352613492], [0.597466444446375, 52.2225069533936], [0.599300042286695, 52.2231141421657], [0.599365439864281, 52.2215758191625], [0.604356639410532, 52.222222015056], [0.603709151364902, 52.2214395895448], [0.606987134952563, 52.2215083546437], [0.607378114296368, 52.2200095839738], [0.608222305116444, 52.220573672596], [0.613091715644158, 52.2208148426217], [0.616118274804127, 52.2221866603598], [0.618513470732, 52.2237737947876], [0.624298774952975, 52.2255085751327], [0.627158834969551, 52.2259818195132], [0.631267964678083, 52.2275448908805], [0.643039893892456, 52.2286927079267], [0.64299838671245, 52.2264166800044], [0.643824952744061, 52.2246527014056], [0.643852626056773, 52.2228022389705], [0.643302079026676, 52.2213001612417], [0.642144912711773, 52.2202082302157], [0.638851360920271, 52.2191111418919], [0.640166949704482, 52.217371214671], [0.637537860719386, 52.2128347268024], [0.637673588889722, 52.2114934868515], [0.636918347612978, 52.2100607757115], [0.640792714578571, 52.20810448462], [0.642986265464167, 52.2080436700887], [0.64387819983934, 52.2062295758705], [0.647444812595659, 52.2066640093707], [0.6512771244848, 52.2066687380419], [0.655317790713426, 52.2051829992335], [0.656492485832275, 52.2044362439889], [0.657063809979566, 52.2047884736557], [0.657670025318634, 52.2042532871137], [0.654427340299256, 52.2030385277107], [0.649756646710571, 52.2005499213833], [0.651642042415593, 52.1976064620038], [0.653273177223596, 52.1979897195531], [0.654241135432109, 52.1966981456992], [0.652159383586848, 52.1959725238523], [0.645883195582024, 52.1956583908177], [0.644555861059543, 52.1950164015476], [0.643177802503719, 52.1925086026549], [0.640890324484043, 52.1925005063224], [0.639628593542471, 52.1916312441987], [0.639066397134799, 52.1918228224837], [0.636000907285857, 52.1915271737789], [0.63837442231352, 52.1905649107663], [0.64319794045126, 52.1892473536248], [0.643399832539077, 52.1884819757663], [0.645284267470832, 52.1879146015638], [0.645720950386205, 52.1870144926454], [0.649394409849795, 52.1853339998928], [0.649524569396815, 52.1847680999666], [0.651254409119187, 52.1853182736544], [0.654013825975474, 52.184363196522], [0.65415458501189, 52.1839985264402], [0.651635756358159, 52.1836873905483], [0.6505880037074, 52.1831174004029], [0.651498951296812, 52.1822479640346], [0.651630078816033, 52.1812063604649], [0.653574689033295, 52.1816320073981], [0.655661390753916, 52.1811700063547], [0.655343457084055, 52.1790092774233], [0.655002836014096, 52.1783991315664], [0.65195670574753, 52.176816568531], [0.650289815144941, 52.1765151880392], [0.648911561583534, 52.1755938932988], [0.645557565257838, 52.1745099640566], [0.644553191006983, 52.1731451323728], [0.639728874787833, 52.1712590661447], [0.639041303103843, 52.1692824951885], [0.639874960155097, 52.1676183918323], [0.639948509234849, 52.1660079815991], [0.63637717498242, 52.1619591830018], [0.6335673557988, 52.1609783165366], [0.63265329468491, 52.1600580441505], [0.631291988126122, 52.1597116226333], [0.629524606264146, 52.1596197658025], [0.627771326567444, 52.1614528773376], [0.627509541376128, 52.162272614399], [0.6243178694719, 52.1637336030041], [0.622308161564281, 52.163762819321], [0.620332486109991, 52.1634206432051], [0.61997084918451, 52.1615291687741], [0.618906862349693, 52.16206602278], [0.61755484159565, 52.1644820522087], [0.614009310639538, 52.1640842081936], [0.613538895827903, 52.164827918831], [0.612136893980653, 52.1649170615866], [0.612293022974566, 52.1672697688957], [0.610225082573991, 52.167183876961], [0.609483650187913, 52.1664771511743], [0.603862213721577, 52.1667132722792], [0.599354501963798, 52.165475436123], [0.596733969164729, 52.163090642911], [0.592868804777734, 52.1608465340702], [0.590671074904143, 52.1607194198768], [0.589543650483735, 52.1630104485935], [0.587560125802858, 52.1637050458729], [0.584112052054019, 52.1646402691272], [0.579869566670709, 52.1649139117996], [0.576814888070525, 52.1676992306462], [0.576689702632029, 52.170871957387], [0.579566727860374, 52.1705977285359], [0.58323578235498, 52.1708924454594], [0.583281565863229, 52.1716325188564], [0.582556791798021, 52.17267894912], [0.583589415781518, 52.1752543793762], [0.583173495108878, 52.1753713695822], [0.581829662174369, 52.1779530526648], [0.58386032353424, 52.1794715815692], [0.586026671493829, 52.1840572209868], [0.585806316498466, 52.1934452822317], [0.583844554344599, 52.1940835887826], [0.582536875569028, 52.1955556098871], [0.580058765547551, 52.1960495285801], [0.578805314866297, 52.1996759393233], [0.575029492295957, 52.2015488150255], [0.573527924824216, 52.2017524759843], [0.57263060862475, 52.2004824631718], [0.571271458542689, 52.1995012094114], [0.570808830926397, 52.198535565102], [0.570901654114307, 52.1964166754962], [0.567762558689832, 52.1957538312476], [0.561128162396338, 52.1954573993271], [0.55590243754278, 52.1963251938317], [0.552276864404039, 52.1973074834541], [0.548269957794958, 52.1947484037447], [0.545879379473418, 52.1939384733552], [0.544035310252715, 52.1914467442793], [0.548137566515862, 52.1908221940332], [0.547333141577979, 52.1888305778925], [0.54559993522299, 52.1869974557968], [0.542937946895302, 52.1824990083751], [0.540774497274197, 52.1813243884695], [0.539336049656769, 52.1791080633423], [0.536902374419886, 52.177162255805], [0.536599496254552, 52.1760041704061], [0.535248644764922, 52.1751663801562], [0.533588920034626, 52.1756111884411], [0.530553452010195, 52.175681767255], [0.529085685167828, 52.1764695268361], [0.527649690714162, 52.1765272982857], [0.526426019088455, 52.1769268048513], [0.523865311601458, 52.1798557230965], [0.520649318846113, 52.182172682401], [0.517241454885506, 52.1820565993299], [0.517356689675993, 52.1805469519085], [0.514848260692999, 52.1762219633987], [0.513577257391878, 52.1769775408128], [0.512698728957699, 52.176987283405], [0.511936161822677, 52.1776276273592], [0.506858757864943, 52.1792635867681], [0.503916261428206, 52.1795364998697], [0.501454553686484, 52.1802965541282], [0.499949658808737, 52.1811890081998], [0.497275199740972, 52.1815235831836], [0.493964683725541, 52.1814956854858], [0.494575573688818, 52.1841535127955], [0.493847366755581, 52.1845781490189], [0.495055746597225, 52.1855174781897], [0.494623067325718, 52.1865976195694], [0.494975275012035, 52.1887331212954], [0.495790012395037, 52.1888597148059], [0.49566654215476, 52.1895287607452], [0.496821433894122, 52.1898244404632], [0.496830209944059, 52.1913142646902], [0.499160872312771, 52.1921443835397], [0.500653436909534, 52.1932935270605], [0.499771775710798, 52.1945586254721], [0.502555616997777, 52.1960265888665], [0.50134976274676, 52.1973048694204], [0.500691879943598, 52.1974716533814], [0.501701465418053, 52.1990320813902], [0.502133339040739, 52.2030472449153], [0.50289108241292, 52.2040032929331], [0.504041718128862, 52.2042267271174], [0.503017555584938, 52.2070304979567], [0.506699247714519, 52.2085241274051], [0.507374406758074, 52.2123524200639], [0.508672943407599, 52.212327512982], [0.508650473280145, 52.2139808598946], [0.51282087575082, 52.2136889306465], [0.512540361638524, 52.2184504878088], [0.513138763553534, 52.2229577471528], [0.512950152290822, 52.2252161894442], [0.514484042486228, 52.2267794075271], [0.513229063967352, 52.228100171566], [0.507359884562927, 52.2300029048681], [0.500986501037529, 52.2353957804307], [0.494890700539826, 52.2392880539741], [0.499108281875417, 52.2417681773816], [0.498832231356221, 52.2423770610873], [0.499235801770817, 52.2429348662544], [0.498632199671402, 52.24365617071], [0.497765792340899, 52.2436084164518], [0.496029512442902, 52.2441976548728], [0.494831499836674, 52.2441772154972], [0.492034459846229, 52.2451888906226], [0.492059360063367, 52.2455077791152], [0.491497785818827, 52.2457083890165], [0.491754622538961, 52.2466657953663], [0.491058992778585, 52.2469973762995], [0.493482163912849, 52.248413425757], [0.504626784114807, 52.2440008506184], [0.503353340672093, 52.2424579471222], [0.504298709105154, 52.2419232461326], [0.502529794097568, 52.2405422035692], [0.504674139523287, 52.2385961444734], [0.506865185499224, 52.2376716802158], [0.510024880764501, 52.2393788288262], [0.513403513661889, 52.2402537402118], [0.515552486615021, 52.2421845111058], [0.516623883311277, 52.2417362320057], [0.517666778518872, 52.2405597061197], [0.519884952528667, 52.2405902395881], [0.520724280052509, 52.2401633340431], [0.521971025521125, 52.2383425935296], [0.524140709510016, 52.2394899684116], [0.525393360693132, 52.2407326489621], [0.527508675489021, 52.243757977524], [0.527769114674596, 52.2455103686404], [0.532100964385639, 52.243924911029], [0.533731306961619, 52.242957923754], [0.535308346924104, 52.2413474705669], [0.533811855131294, 52.2398974521935], [0.53584115205908, 52.238912250933], [0.5328226510182, 52.2350248334131], [0.534148184878423, 52.2328242094792], [0.538161649702224, 52.2299013064841], [0.538925936706834, 52.2298263215444], [0.542204532423924, 52.228358359852], [0.544765677513832, 52.2269061396748], [0.552501547456323, 52.2259493876656], [0.553292461987838, 52.2238873869651], [0.55508894030003, 52.2240693864956]]], [[[0.628662984074795, 52.1246653230971], [0.630960488299092, 52.1225290081235], [0.631827105508862, 52.1223846105922], [0.634362390485472, 52.1230609594305], [0.63582758833993, 52.1229597938239], [0.635995034310244, 52.1222312554108], [0.634963943223892, 52.1211473374326], [0.6363282788281, 52.1194117426034], [0.633988531727107, 52.1181592007021], [0.633847523281459, 52.116880878659], [0.632675374601027, 52.1152353090001], [0.634950729633919, 52.1153768609872], [0.635703745534376, 52.1143483402664], [0.637286710916061, 52.1146618479503], [0.637978430108729, 52.1135141217627], [0.638611170967016, 52.1101033923499], [0.642393240139368, 52.1102380210957], [0.643377651900532, 52.1090783885861], [0.642597475898615, 52.1089995984261], [0.643125102960096, 52.1073510545794], [0.643535493125735, 52.1074489258694], [0.646816373568894, 52.1026997928293], [0.647814448992618, 52.1030074114229], [0.648641542461951, 52.1021542396276], [0.650546462522479, 52.1012039996393], [0.648846794965429, 52.1006639499979], [0.649323697264531, 52.0995444334091], [0.651255839445035, 52.0998939524346], [0.652922147424785, 52.0976073014651], [0.65318886224476, 52.0965895971639], [0.653767100297475, 52.0966161351383], [0.653528357872323, 52.0953723725649], [0.655265981032687, 52.0908996536909], [0.654721646805591, 52.0892795960412], [0.654777690769789, 52.0876182294564], [0.653952830424649, 52.0875675825955], [0.654147057058391, 52.0861675166088], [0.656535917241648, 52.0862026927191], [0.656900901436426, 52.0854416861726], [0.654650681136369, 52.0850551931439], [0.65294812476949, 52.0834477931403], [0.651936868290085, 52.0831333124208], [0.647209287186146, 52.0843484624677], [0.646544884603473, 52.0851340962301], [0.645670668210267, 52.0852112820589], [0.645265215143483, 52.0848966315693], [0.644149902945674, 52.0851697820074], [0.643744688066857, 52.0856071257632], [0.642334190643017, 52.0855667256392], [0.641695447659897, 52.0862942001599], [0.63787720858067, 52.0861586793682], [0.637112648547395, 52.086667534394], [0.63440580608941, 52.0862579160482], [0.632539950961438, 52.0845432571303], [0.632478383276977, 52.0832990859155], [0.632941677533283, 52.0828624616915], [0.631767888869126, 52.0818670627888], [0.628280418114536, 52.0817371547143], [0.626746812719424, 52.0810249203658], [0.626200619141879, 52.0803985827598], [0.626760426808456, 52.0798402236479], [0.625654785937158, 52.0792560298959], [0.624209254953775, 52.079346144828], [0.624027892491271, 52.0790238233925], [0.622550223846261, 52.0792851429602], [0.620151192593372, 52.0787881303825], [0.620350918186242, 52.0769904637464], [0.619340673550977, 52.0765522068572], [0.618199807201311, 52.0769663324803], [0.618126217143676, 52.0775542279999], [0.617128821130643, 52.0778192871337], [0.615671981911632, 52.0776481191761], [0.615278922512799, 52.0781371645513], [0.612252640166296, 52.0787954026604], [0.611277030178609, 52.0793620955215], [0.609159543796796, 52.0799285261167], [0.609398714165315, 52.0803102927387], [0.608726492021281, 52.0806643039164], [0.607445648737734, 52.0809194081396], [0.606180297525587, 52.0802602837205], [0.605507594212437, 52.0802532151926], [0.604362970220801, 52.079493691297], [0.603295172858937, 52.0769767443902], [0.602688538033119, 52.0770583114637], [0.600057966849061, 52.0756653516252], [0.598398245280585, 52.0752803655507], [0.596256956827643, 52.0763100354472], [0.595034028540875, 52.0762131281903], [0.595598777002642, 52.0759507783364], [0.595281731740521, 52.0750015278245], [0.595764865202692, 52.0750154413198], [0.595999837486122, 52.07461331332], [0.594760003265999, 52.0741814250576], [0.594190543214217, 52.0748000902866], [0.593416811140611, 52.0746546105323], [0.593101490489731, 52.0750254958639], [0.591284021846826, 52.0746207551854], [0.589677349563567, 52.0752650702489], [0.589397262593599, 52.0745839752813], [0.588569182197913, 52.0747144848461], [0.587837780901896, 52.0743277096206], [0.585885025527379, 52.074463225827], [0.584824551508348, 52.0741635445355], [0.584295193904953, 52.0755137604652], [0.58200345991392, 52.0758516638829], [0.58255766348757, 52.0744857172199], [0.578973485254211, 52.0735345787942], [0.578133365467861, 52.0739550322478], [0.577335628383161, 52.0731615810694], [0.576779127584891, 52.0736137732789], [0.576206005378957, 52.0728734997287], [0.576281163674842, 52.0711640040433], [0.571744212894695, 52.0690490259534], [0.568355089391721, 52.0697070201381], [0.567808216756995, 52.0695680353712], [0.567436961412549, 52.0702153379859], [0.566696206153233, 52.0704990999947], [0.566924529836862, 52.0709836103277], [0.565059188843103, 52.0713272791097], [0.56490544079112, 52.0710028351783], [0.56236784035377, 52.0707725150258], [0.561523062150093, 52.07113135004], [0.558493221455787, 52.0700463523532], [0.5567274938067, 52.0697827841105], [0.555111924544905, 52.0691385940264], [0.555410264469354, 52.0687111697141], [0.556007664885442, 52.068703609434], [0.555740634355712, 52.0683718992777], [0.553425372875568, 52.068865346382], [0.551421973504044, 52.0688028928728], [0.551270729367234, 52.0680245095714], [0.55015142831926, 52.0672245430257], [0.550316855423955, 52.0662260763524], [0.549440702101881, 52.0651647147016], [0.549670418642246, 52.0640729492197], [0.551718964736878, 52.062795226198], [0.551515697941357, 52.0620377463707], [0.550981352486311, 52.0616963427372], [0.550349530611771, 52.0622141628724], [0.548639954914363, 52.0618977288577], [0.54827543294885, 52.0621474322586], [0.547608910800313, 52.061997813015], [0.546714415314007, 52.0614443886178], [0.546366514893362, 52.0597720278479], [0.543181556593408, 52.0585499621283], [0.542699394792632, 52.0578745599446], [0.541413226087723, 52.057686024593], [0.538551455822983, 52.0578817973515], [0.537657452834081, 52.0581720131539], [0.537082097794335, 52.0587640917649], [0.53730013828905, 52.0589919543405], [0.534338730712958, 52.059735367552], [0.53005797680178, 52.059386753246], [0.524987939998982, 52.0571294932629], [0.52324331726482, 52.0567770185225], [0.519338767204623, 52.0573120122587], [0.518402268440557, 52.0577045207339], [0.518342393065819, 52.0583670546995], [0.517301449820563, 52.058812146907], [0.51658729796277, 52.058518312291], [0.515818885424024, 52.0586188949369], [0.514792836776546, 52.059293052725], [0.513328468367831, 52.0590239325183], [0.513161177109713, 52.0597024166024], [0.511130139957494, 52.0598640617926], [0.509051141254493, 52.058148321763], [0.509208368117806, 52.0575694082428], [0.506557019933839, 52.0563344559158], [0.50611412611588, 52.0554059084192], [0.504588680951365, 52.0544752003561], [0.500488121231356, 52.0538464732773], [0.500501575003409, 52.0562014000701], [0.500128794111638, 52.0566850817739], [0.498402362105836, 52.057142538935], [0.495000704952267, 52.0574610389264], [0.494689264922212, 52.0581034316601], [0.493250531040025, 52.0584890912436], [0.493225697170263, 52.0587773991108], [0.492398835381557, 52.0587292603089], [0.492122780809646, 52.0594050556644], [0.491332335653879, 52.0592788244256], [0.490103665027444, 52.0599558693743], [0.487726773039501, 52.0624665299345], [0.487286988886438, 52.0639766497515], [0.489287816542957, 52.0655855559278], [0.489468659344309, 52.0664225057454], [0.490246440499062, 52.067079624576], [0.489874012362048, 52.0674130280034], [0.487146025281093, 52.0696271035271], [0.484139360285653, 52.070323604647], [0.482985054045023, 52.0724792274311], [0.481027838427878, 52.0722632387026], [0.47546750332044, 52.0735222752344], [0.475835798726237, 52.0744542793551], [0.476438657948381, 52.0752194412632], [0.475783076348198, 52.0770866310881], [0.477549046120931, 52.0789586746455], [0.476348667571829, 52.0795783342335], [0.473702182885297, 52.0801276529052], [0.472756468219526, 52.0807904760345], [0.472087135984393, 52.0829924551526], [0.474053210938267, 52.0843639219123], [0.472507625813034, 52.0854243020525], [0.473108628299061, 52.0860501796275], [0.47033345802287, 52.0881083501155], [0.468926675668576, 52.0897834905655], [0.46417541176494, 52.0895043374098], [0.466215868749355, 52.0902638623565], [0.467854582418239, 52.0914156452965], [0.466976368361847, 52.0926444755136], [0.46827680118635, 52.0935102529929], [0.473203185141873, 52.0935671041939], [0.480079368839142, 52.0947957979022], [0.478537471516218, 52.0965602069117], [0.480620485971334, 52.0971018342976], [0.482706604802326, 52.1001173036095], [0.481010440321309, 52.1012339172913], [0.479897907665988, 52.1014219401391], [0.480263143500472, 52.1021606273873], [0.482041347131915, 52.1030990030738], [0.482518889518572, 52.1028110569769], [0.485414904883661, 52.104364233383], [0.487455997741373, 52.1039866503277], [0.488730961520629, 52.105536183592], [0.48639955960789, 52.1063650201908], [0.484855548424159, 52.1057294214534], [0.481843454482723, 52.1096597700539], [0.482635979611472, 52.1112789494212], [0.48251706981738, 52.1114774416417], [0.481769687856964, 52.1113016860508], [0.480975512222239, 52.1128354180468], [0.481414816212614, 52.113301037684], [0.480994447803956, 52.1135428226171], [0.483199240260678, 52.1157616760463], [0.482073764360627, 52.1165380415777], [0.482522161110351, 52.1167741238981], [0.482527113148874, 52.1175977966653], [0.481621480416977, 52.1188092406481], [0.480922320935604, 52.1207655789393], [0.481267551593388, 52.1209587961722], [0.480343441644538, 52.1216788507727], [0.48009376758645, 52.1235770890144], [0.484275806171095, 52.1234044422526], [0.484125722633228, 52.1243833157912], [0.48877257710657, 52.1248959282327], [0.491414764190661, 52.1255100735265], [0.494179968301637, 52.1264921300797], [0.496014565974142, 52.1281816654253], [0.497134983618151, 52.1286732549588], [0.50168274556918, 52.1301190613627], [0.509603318380265, 52.1320332775836], [0.50852124785722, 52.1340509603763], [0.508714593751882, 52.1370485462819], [0.509303191190253, 52.138836367726], [0.514114620932344, 52.1393093436344], [0.515889469776127, 52.1400447872825], [0.517106293641032, 52.1420044424241], [0.517097377833745, 52.1452680391927], [0.519558634561585, 52.1477243953022], [0.522929245185236, 52.1541342320548], [0.523867901427521, 52.1549611794451], [0.527639144883867, 52.151688973419], [0.527477482678509, 52.1508634052286], [0.529828321284478, 52.1503424620941], [0.530629177576589, 52.1496679001914], [0.533272055751708, 52.1506702913964], [0.533488709579116, 52.152251498282], [0.536458337234112, 52.1514497082938], [0.537266609850651, 52.1528072117866], [0.537917486226956, 52.1526611003426], [0.538573754452722, 52.1535529875052], [0.537980302614145, 52.1545187205631], [0.540609105766755, 52.1558076846357], [0.544950381225002, 52.1558471537844], [0.547280164725527, 52.1562702213531], [0.549008220593219, 52.1559462862695], [0.550299597049532, 52.1562551554087], [0.551494581786213, 52.1556067511011], [0.554387540560306, 52.1557098855207], [0.557995761127812, 52.1529214837544], [0.560408701605583, 52.1525268807072], [0.558336737677527, 52.1500772272933], [0.558407295815427, 52.1481458671573], [0.561083265118761, 52.1476516973165], [0.563504414212209, 52.1463626088155], [0.562074363294617, 52.1427875328266], [0.560399373601526, 52.1404948043868], [0.561000250234425, 52.1388927450093], [0.560890350805295, 52.1357287807663], [0.559431457589802, 52.1355670599538], [0.558140236056372, 52.1346849875582], [0.555859400811736, 52.1342570440383], [0.555558216689592, 52.1339487308923], [0.555647173058807, 52.1335114989355], [0.556788413726742, 52.1338168011367], [0.560669016782602, 52.1329637909484], [0.561678550649204, 52.1322476492157], [0.561600873304732, 52.1283455125344], [0.566705596391008, 52.12790542086], [0.566816528687468, 52.1293787537926], [0.567693783392838, 52.1292859426384], [0.568106056554878, 52.1284271222613], [0.568989073791544, 52.1284348667061], [0.568328353647628, 52.1306650757551], [0.568691577322518, 52.1309098831293], [0.569912475983948, 52.130009172359], [0.571814468169009, 52.1303049457061], [0.571744016559159, 52.1309602510668], [0.572204164101436, 52.1312370972828], [0.571209055773681, 52.132353261153], [0.57279317823723, 52.1342818272881], [0.574149739400936, 52.1335544138795], [0.574220214454465, 52.1330798108518], [0.575828073765923, 52.1331383021932], [0.576064076658187, 52.1335054334885], [0.579197235103781, 52.134822721332], [0.579712176436039, 52.1343259022395], [0.579339754285036, 52.1326864997738], [0.579246736736293, 52.1324673746406], [0.578483620332292, 52.1326638607221], [0.578457497077444, 52.131604215229], [0.57756716237385, 52.129696527167], [0.579838922196017, 52.1294373063141], [0.579797789721723, 52.1289525533213], [0.581895218292936, 52.1290649837975], [0.584515967362837, 52.1286272048692], [0.585426260499786, 52.1304939393153], [0.586175472766218, 52.1303102042589], [0.586381067435431, 52.1308084280277], [0.586802827058939, 52.1309762842291], [0.586992757311053, 52.1307734352155], [0.589374961933507, 52.1319387869865], [0.589447209949291, 52.1309677881853], [0.589855188698185, 52.1308229874701], [0.588411328775366, 52.1290803802979], [0.588188825612717, 52.1292489751518], [0.586233353042494, 52.1288881221538], [0.586344547104788, 52.1285385722103], [0.585685635424605, 52.1284378548813], [0.584109884663705, 52.1271639553217], [0.584337127923732, 52.1275060880064], [0.581753943622476, 52.1283154152805], [0.579786982975044, 52.1259330628168], [0.580650519045675, 52.1257315839753], [0.581800943323372, 52.1259690156491], [0.584808180647654, 52.1272628285989], [0.584891471187891, 52.1264310270895], [0.586406324181165, 52.1262997335509], [0.586700716968847, 52.1247474974462], [0.588901142067231, 52.1248754273217], [0.591394187469509, 52.1233485272725], [0.600283039036065, 52.1227005843164], [0.602249305694211, 52.1217956719946], [0.602591933681724, 52.1220839763715], [0.604202558492431, 52.1217453529711], [0.603921212296753, 52.121303764114], [0.607053277989651, 52.1206005606521], [0.608483483119269, 52.1206246665768], [0.606675176409933, 52.1231331914882], [0.608601314533592, 52.1235932336297], [0.613544699378558, 52.1239073751557], [0.613624336078572, 52.1225962768528], [0.614736959132169, 52.1221120278061], [0.616665024725016, 52.1238255761677], [0.617718454474732, 52.1243003372679], [0.617810326108262, 52.1254197355699], [0.619646650808815, 52.1250195857068], [0.62202723411633, 52.1254916631395], [0.622810110705717, 52.1262287434071], [0.623008524542602, 52.12730337296], [0.625972647371434, 52.1267930550798], [0.627594249976698, 52.1250707761466], [0.628662984074795, 52.1246653230971]]], [[[0.74026375664903, 52.2524716444516], [0.737900000610252, 52.2518696936453], [0.732036559914418, 52.2512834946304], [0.728229559787128, 52.2495819623389], [0.727294500662252, 52.24871867024], [0.727180297932247, 52.2461862448802], [0.727982029768146, 52.2440651591363], [0.729975252478706, 52.2410972661736], [0.72946825048688, 52.2408086295902], [0.732984278437334, 52.2392172296618], [0.73116877626138, 52.2370536081623], [0.729020825110671, 52.2366627975588], [0.729419081545884, 52.2377629800539], [0.727909558163178, 52.2397314066325], [0.72513463536702, 52.2411094341305], [0.725004498600001, 52.2414730495229], [0.723296458239525, 52.2421186424223], [0.723014598194947, 52.2427312685736], [0.720117242876772, 52.2452037085092], [0.719851955482135, 52.2458968509349], [0.720872834472713, 52.2466106802401], [0.71709688514241, 52.2458613610736], [0.717021794346064, 52.2463586238476], [0.714027275952687, 52.2463349530586], [0.712069712617213, 52.2467639276371], [0.712094329866576, 52.2484899021501], [0.714703936568931, 52.249886729239], [0.715573984473064, 52.2517233452674], [0.717299305879404, 52.2520769887275], [0.717808210240531, 52.2524690256673], [0.717860135213139, 52.2544193678694], [0.717110517500418, 52.2549581604171], [0.717674953467627, 52.2558489648161], [0.714336612915384, 52.2558943295916], [0.713938209685304, 52.2562101534298], [0.713718619302641, 52.2577017563451], [0.714330464557464, 52.2587937659651], [0.715397514851054, 52.2586532433167], [0.716056159576971, 52.2591435292086], [0.717310380807043, 52.2593547036153], [0.717215071125562, 52.2597859231069], [0.71887134650069, 52.2598610591902], [0.721336377200591, 52.2605794946479], [0.724352428545914, 52.2609595269501], [0.72518083614191, 52.2621541273124], [0.730348661392439, 52.2579881531866], [0.734161778963045, 52.2561170048053], [0.740221941672379, 52.2542852891887], [0.74026375664903, 52.2524716444516]]], [[[0.409547153241636, 52.26903529617], [0.403541898131281, 52.2688429622583], [0.397224302635256, 52.2682673232067], [0.386070753775312, 52.2661741237856], [0.382089401574442, 52.2649704788306], [0.383090004072446, 52.2624198383296], [0.381047167566508, 52.2618089899908], [0.38031774690371, 52.2623319198115], [0.377647535431475, 52.2628523834447], [0.377038061944526, 52.262472614327], [0.37435104924595, 52.2602615455998], [0.366000715577289, 52.251358703044], [0.361549960487104, 52.2482493348516], [0.358284341464911, 52.2466743881717], [0.356875313247111, 52.2461271078693], [0.356664169929234, 52.246288638793], [0.356022686172786, 52.2467762323243], [0.360955086815676, 52.2493481618905], [0.360826621641215, 52.2495580876442], [0.358103841515771, 52.2524565455006], [0.350322056129163, 52.2586937774011], [0.342755198935115, 52.2634851655918], [0.344721752664491, 52.2645603607156], [0.339943777893116, 52.2677478531284], [0.344100204549279, 52.2697294046353], [0.342456904978317, 52.270009123214], [0.346371538769418, 52.2719578958683], [0.349275417985955, 52.2738577730212], [0.355241041288966, 52.2793362539126], [0.355482523385929, 52.2798761881442], [0.35251044677171, 52.2822849348699], [0.350532111122308, 52.2829491138474], [0.3530834692581, 52.2850690270211], [0.359172356266337, 52.2891375542479], [0.358578228452558, 52.2901964782345], [0.360598601003226, 52.2935346649801], [0.358708603042107, 52.297358068589], [0.360700937995585, 52.2978081522765], [0.368809434943591, 52.2965034026805], [0.370870553961894, 52.2948256300553], [0.376259753808007, 52.2935619928903], [0.37786942403728, 52.2912518707401], [0.378433360949717, 52.291814144782], [0.378727307904612, 52.2935230978324], [0.38061760033615, 52.2935497297632], [0.380762976468608, 52.2930045394984], [0.382723057789948, 52.2932662503857], [0.386301777174726, 52.2899702737437], [0.38553643173684, 52.2896440384526], [0.385944092217765, 52.2858779216603], [0.385362779142747, 52.2829977639047], [0.393438542728503, 52.2811725851622], [0.393481571239544, 52.2808560837876], [0.395354187741072, 52.2804547417976], [0.394726759007203, 52.2788835048576], [0.403836918127882, 52.2744606642369], [0.409547153241636, 52.26903529617]]], [[[0.450496571384842, 52.0789760889755], [0.449533863469128, 52.0748339196059], [0.450496902195177, 52.0728595149226], [0.449640866460136, 52.0732966409139], [0.447252767989507, 52.0721646145516], [0.446539173161175, 52.072544641657], [0.442752127905033, 52.0743867889851], [0.443388045441079, 52.0748599395012], [0.439067804032938, 52.0773487374779], [0.437871178805145, 52.0789723977342], [0.433106138036433, 52.0778973895332], [0.431268051737129, 52.0787785516413], [0.431943509213189, 52.0800085213206], [0.431131845751546, 52.0832071247918], [0.431976669609111, 52.084297505166], [0.434540049295832, 52.0858050762444], [0.434841343736213, 52.0860044263476], [0.436532250930589, 52.0846580000513], [0.438231956630298, 52.0859355375899], [0.449786544563179, 52.079736163969], [0.450496571384842, 52.0789760889755]]], [[[0.46417541176494, 52.0895043374098], [0.468926675668576, 52.0897834905655], [0.47033345802287, 52.0881083501155], [0.473108628299061, 52.0860501796275], [0.472507625813034, 52.0854243020525], [0.474053210938267, 52.0843639219123], [0.472087135984393, 52.0829924551526], [0.472756468219526, 52.0807904760345], [0.473702182885297, 52.0801276529052], [0.476348667571829, 52.0795783342335], [0.477549046120931, 52.0789586746455], [0.475783076348198, 52.0770866310881], [0.476438657948381, 52.0752194412632], [0.475835798726237, 52.0744542793551], [0.474720971664192, 52.0751934904529], [0.470794333669131, 52.0734629257698], [0.469871324751986, 52.0743473960952], [0.470214994100892, 52.0759198715196], [0.466566517790969, 52.0784097779696], [0.463400950841358, 52.0823083113095], [0.461497452003745, 52.0833534655255], [0.460069626783337, 52.0833086353173], [0.458562596909016, 52.0844385445147], [0.454431561974071, 52.0830652594256], [0.457568119574465, 52.0809655157401], [0.455136108408582, 52.07967575022], [0.454838631556333, 52.0790981162877], [0.455238392130876, 52.0788720991561], [0.453324093654861, 52.0773743972317], [0.45269211267444, 52.0773771875072], [0.450496571384842, 52.0789760889755], [0.449786544563179, 52.079736163969], [0.438231956630298, 52.0859355375899], [0.445367044753723, 52.0911666659377], [0.446432005764274, 52.0911256879925], [0.449418592354631, 52.0922390408256], [0.449949987517577, 52.0919195459606], [0.450845991351869, 52.0925510937007], [0.4498808003588, 52.0931062524291], [0.449901392768172, 52.0940158134769], [0.453246802550293, 52.0949039759509], [0.455542450901816, 52.0934245817284], [0.458153035342129, 52.0929754180413], [0.460459879304519, 52.0930558568277], [0.460666509676127, 52.0906027869682], [0.46130989508825, 52.0909922975609], [0.464096084230622, 52.0898144505394], [0.46417541176494, 52.0895043374098]]], [[[0.445367044753723, 52.0911666659377], [0.438231956630298, 52.0859355375899], [0.436532250930589, 52.0846580000513], [0.434841343736213, 52.0860044263476], [0.434540049295832, 52.0858050762444], [0.433644715059918, 52.0863182096677], [0.434085186861072, 52.0865789955359], [0.433485823424732, 52.087105305042], [0.432931942491318, 52.0867747770342], [0.431274206898857, 52.0881138238473], [0.428872758076167, 52.0888512839437], [0.429087756083605, 52.0894361658734], [0.424498214186316, 52.091439642367], [0.422880050930998, 52.0924881462295], [0.420657771156083, 52.0930947648406], [0.420735390512247, 52.0937296399622], [0.424652561471859, 52.0970297456714], [0.429638751496584, 52.0963532224584], [0.430999788903918, 52.0981455525831], [0.432262114830746, 52.0989566430957], [0.433299125897216, 52.0980505367861], [0.434048015412184, 52.0986642980243], [0.437022687563781, 52.097682971624], [0.437285673538919, 52.0979102416468], [0.437826071266121, 52.0977148823509], [0.437502636319321, 52.097300740545], [0.438315038031717, 52.0969637990362], [0.43795336360148, 52.0966232700074], [0.439679730755633, 52.0961016332256], [0.441230220793647, 52.0961622774518], [0.447800246687175, 52.0946200191523], [0.448950192606635, 52.0934691022758], [0.448052789337595, 52.0925722686015], [0.445367044753723, 52.0911666659377]]], [[[0.434540049295832, 52.0858050762444], [0.431976669609111, 52.084297505166], [0.431131845751546, 52.0832071247918], [0.431943509213189, 52.0800085213206], [0.431268051737129, 52.0787785516413], [0.433106138036433, 52.0778973895332], [0.437871178805145, 52.0789723977342], [0.439067804032938, 52.0773487374779], [0.443388045441079, 52.0748599395012], [0.442752127905033, 52.0743867889851], [0.446539173161175, 52.072544641657], [0.446098835822873, 52.0721174840831], [0.442306253105972, 52.0717186767565], [0.441234174551884, 52.0718083150615], [0.441230745516766, 52.0722526785273], [0.438125661814097, 52.0723124632264], [0.437058607832251, 52.0702967428918], [0.435380110674729, 52.0690832521949], [0.431069939090798, 52.068391721237], [0.428989258984246, 52.0683662088845], [0.428794413852777, 52.0676778061327], [0.427297741094344, 52.0678741492759], [0.426138141850627, 52.0676929621478], [0.424564803998916, 52.067014043294], [0.422970633846658, 52.0668894122253], [0.420657669703564, 52.0660755082655], [0.418785082773732, 52.0649053237824], [0.414582241084861, 52.065077815763], [0.409698003662152, 52.0642785046339], [0.40626694376932, 52.0653467814563], [0.404638263575799, 52.0655023795221], [0.403325940154948, 52.0662512337394], [0.406202792404954, 52.069174551043], [0.405707989572457, 52.0693608587408], [0.40709249057185, 52.0707939303858], [0.401970994550909, 52.0724865287604], [0.403908388337556, 52.0740791793125], [0.411016043350421, 52.0774694017319], [0.415014925510838, 52.0741618242622], [0.423056022380098, 52.076988361849], [0.422075044047804, 52.077512941673], [0.421904736136196, 52.0782540890371], [0.422377689287024, 52.0786814136251], [0.420558986476013, 52.0799916950093], [0.420343801443434, 52.0805541590068], [0.417851877682317, 52.0802281556959], [0.416555929639377, 52.0827961510724], [0.421414369763424, 52.083975417943], [0.420518153576975, 52.0854269803787], [0.419876560158088, 52.0857629918588], [0.423368968455577, 52.0863284703689], [0.421020953765194, 52.0870198631247], [0.422836137163725, 52.0879845518195], [0.425087576476475, 52.089782195022], [0.423868725084577, 52.0903095131012], [0.424498214186316, 52.091439642367], [0.429087756083605, 52.0894361658734], [0.428872758076167, 52.0888512839437], [0.431274206898857, 52.0881138238473], [0.432931942491318, 52.0867747770342], [0.433485823424732, 52.087105305042], [0.434085186861072, 52.0865789955359], [0.433644715059918, 52.0863182096677], [0.434540049295832, 52.0858050762444]]], [[[0.466566517790969, 52.0784097779696], [0.465384304766012, 52.076616705098], [0.46242445770828, 52.0762491807269], [0.458113734573041, 52.0762573338454], [0.458036395174304, 52.0748763163471], [0.458695135806279, 52.0748598777052], [0.459752828628526, 52.0739376364422], [0.460781595834523, 52.0737902623357], [0.460219909931262, 52.0730025363311], [0.461899908117474, 52.072353251129], [0.455967563065386, 52.0708331576065], [0.456063711326826, 52.0713086671082], [0.453798411437425, 52.071113051231], [0.453618425016356, 52.06812905901], [0.452729877620368, 52.0680240850382], [0.452728132202638, 52.0693844493483], [0.451876942577238, 52.0693891218409], [0.451805631582148, 52.0678800093489], [0.449644030961678, 52.0675759531533], [0.447008572921028, 52.06780894082], [0.446762741743043, 52.0684714121156], [0.447392178650867, 52.0690974537987], [0.447264404744914, 52.0695893105859], [0.446764524287436, 52.0688402560116], [0.443945997000853, 52.0685309391615], [0.444255119165225, 52.0701697436281], [0.446098835822873, 52.0721174840831], [0.446539173161175, 52.072544641657], [0.447252767989507, 52.0721646145516], [0.449640866460136, 52.0732966409139], [0.450496902195177, 52.0728595149226], [0.449533863469128, 52.0748339196059], [0.450496571384842, 52.0789760889755], [0.45269211267444, 52.0773771875072], [0.453324093654861, 52.0773743972317], [0.455238392130876, 52.0788720991561], [0.454838631556333, 52.0790981162877], [0.455136108408582, 52.07967575022], [0.457568119574465, 52.0809655157401], [0.454431561974071, 52.0830652594256], [0.458562596909016, 52.0844385445147], [0.460069626783337, 52.0833086353173], [0.461497452003745, 52.0833534655255], [0.463400950841358, 52.0823083113095], [0.466566517790969, 52.0784097779696]]], [[[0.424498214186316, 52.091439642367], [0.423868725084577, 52.0903095131012], [0.425087576476475, 52.089782195022], [0.422836137163725, 52.0879845518195], [0.421020953765194, 52.0870198631247], [0.423368968455577, 52.0863284703689], [0.419876560158088, 52.0857629918588], [0.420518153576975, 52.0854269803787], [0.421414369763424, 52.083975417943], [0.416555929639377, 52.0827961510724], [0.417851877682317, 52.0802281556959], [0.420343801443434, 52.0805541590068], [0.420558986476013, 52.0799916950093], [0.422377689287024, 52.0786814136251], [0.421904736136196, 52.0782540890371], [0.422075044047804, 52.077512941673], [0.423056022380098, 52.076988361849], [0.415014925510838, 52.0741618242622], [0.411016043350421, 52.0774694017319], [0.403908388337556, 52.0740791793125], [0.401970994550909, 52.0724865287604], [0.400893493780425, 52.0730192140367], [0.400908405983744, 52.0740324548884], [0.403678920058755, 52.0751314763233], [0.401663298855965, 52.076432448872], [0.402996004828195, 52.0782029494337], [0.400605031043884, 52.0801248669219], [0.400236443183077, 52.0810352542684], [0.400619961188218, 52.0815192929115], [0.399965560229294, 52.0818626505373], [0.400521127304867, 52.082287535665], [0.401020757149378, 52.0820246434072], [0.401711119606896, 52.0825951136579], [0.399507894275503, 52.0841588822393], [0.400496082308303, 52.0846207169201], [0.402721124719761, 52.0844396176776], [0.403144106755922, 52.0856567086877], [0.401984175704762, 52.0892522312161], [0.403209228563438, 52.0892299505478], [0.405642317615608, 52.0900903769088], [0.41039377689291, 52.0924397527218], [0.418900203147468, 52.0925374783789], [0.420657771156083, 52.0930947648406], [0.422880050930998, 52.0924881462295], [0.424498214186316, 52.091439642367]]], [[[0.678200992938262, 52.2447136725459], [0.68217854304187, 52.2425765155451], [0.681141028649302, 52.241793486549], [0.682853620488278, 52.2382240577824], [0.683037958099863, 52.2360094609788], [0.684606918208237, 52.2358685037771], [0.687456970056064, 52.2324934152752], [0.688489791869133, 52.2324492079749], [0.690472520657875, 52.23040931986], [0.700611551450925, 52.2308206664368], [0.699037731606257, 52.2282469524658], [0.702883481890899, 52.2280797940301], [0.702558430281841, 52.2261042292803], [0.703467739026925, 52.2255978238911], [0.703634033606755, 52.2247441508076], [0.704594361358655, 52.2240647601469], [0.705381955496672, 52.2223758337416], [0.707722050658723, 52.2228833269776], [0.710116059151497, 52.2227131868816], [0.71338385872122, 52.2243378025384], [0.715660525041602, 52.2261073150742], [0.71676580452776, 52.2264380473355], [0.719419741231673, 52.2264451781485], [0.718044819852344, 52.223954351715], [0.719726751790504, 52.2236106898908], [0.721486744336166, 52.2268407934976], [0.724502484274262, 52.2273511938965], [0.727515099475181, 52.2283588545855], [0.727867967576645, 52.2279028741355], [0.731999851756053, 52.2283198256508], [0.736475347176286, 52.2235360473382], [0.740087209797286, 52.2198630056564], [0.742443548554455, 52.2181589316238], [0.743583185444425, 52.2186666333861], [0.74565130625064, 52.2179665107955], [0.746776307376543, 52.2170257149559], [0.747706140869646, 52.2151532845549], [0.748197096316658, 52.2152317488114], [0.748092399093447, 52.2142710444428], [0.749983832981825, 52.212373505265], [0.755463832400618, 52.2122114821362], [0.758773805941089, 52.2126584524237], [0.761737279822925, 52.2123328019261], [0.767377459518666, 52.2123480835652], [0.774204143292767, 52.21093862568], [0.77450734727128, 52.2114576176643], [0.775904292659728, 52.2108052415615], [0.773481005247628, 52.2063800987059], [0.772913377164235, 52.2045519351232], [0.772976981622039, 52.2029406840702], [0.771728663451022, 52.2000985386826], [0.773597672038137, 52.1999808674756], [0.773385275659817, 52.1992259477606], [0.775130137389728, 52.1979150932155], [0.775802778580574, 52.1977640414497], [0.776005636668832, 52.1969336712688], [0.775165397753899, 52.1954030307162], [0.775425304622752, 52.1949014501199], [0.773105732566636, 52.1957931971682], [0.772010245047652, 52.1954754183521], [0.772903749050308, 52.1937250977825], [0.774772533746136, 52.1925983385945], [0.773951938698505, 52.1919449700473], [0.77137142282916, 52.1912061026631], [0.771100356355394, 52.1882582862312], [0.768341891605218, 52.1882529322839], [0.764815405734517, 52.1877322033585], [0.766401889229706, 52.1907544670208], [0.764115092184392, 52.1913260169109], [0.762574095965901, 52.1912533316011], [0.761148840412994, 52.1901922031268], [0.757747994645516, 52.1889345185414], [0.758025598586392, 52.1875566227338], [0.762542815583619, 52.1866199247295], [0.758449027115053, 52.183218349537], [0.754275087188748, 52.1826980631771], [0.753594672776475, 52.1820349893641], [0.750271023200165, 52.1827024888928], [0.749371281975186, 52.1824896224236], [0.748758084766937, 52.1828896944852], [0.747637101874752, 52.1864447457021], [0.746847322574209, 52.187421791988], [0.744289535371202, 52.1874201025065], [0.740154558499135, 52.1889650421911], [0.738092645352172, 52.1886765903842], [0.73852310823896, 52.1873949894186], [0.737528829135429, 52.1870970200332], [0.737934067753607, 52.185524626279], [0.737647629815237, 52.185099643022], [0.736639101263686, 52.185116752606], [0.735689040620989, 52.1863240011779], [0.734899860793793, 52.1865779410894], [0.734202025034701, 52.1847570275242], [0.732622184812902, 52.183692892749], [0.732149665119116, 52.182161539205], [0.730905230601027, 52.1810725343055], [0.729221279217796, 52.1806026113538], [0.730437294314344, 52.1786329583111], [0.727338849211723, 52.1782010615038], [0.717480890804871, 52.1783000751498], [0.715966559090524, 52.1776888783534], [0.715964178048222, 52.1792806909581], [0.715384164743166, 52.1792455011759], [0.714935551417926, 52.1772845887172], [0.713891720239594, 52.1774138147477], [0.710616348978233, 52.178565698189], [0.707496401304449, 52.1790762295761], [0.705996502999673, 52.1798634423718], [0.704122435417214, 52.1802715534927], [0.703340695367773, 52.181076667203], [0.703286323949093, 52.1821480314552], [0.704448803494585, 52.1843804098134], [0.702918642938998, 52.1853957476412], [0.702104878044073, 52.1855739415399], [0.701458893290796, 52.1832061390918], [0.700358010038945, 52.1833341553839], [0.700801425782381, 52.1850740365053], [0.70050104892425, 52.1864181797478], [0.700118207533462, 52.1852191886763], [0.699559799418996, 52.1852994266366], [0.699957450118704, 52.1863326087355], [0.69880732534459, 52.1863301700091], [0.697420520853754, 52.1876865730321], [0.699362986996003, 52.1884982507682], [0.697495650269422, 52.1896279728442], [0.696768858296341, 52.190625730122], [0.698124561055663, 52.1912179382632], [0.696090365464654, 52.1920351569754], [0.697146488676537, 52.1926333250125], [0.696544260074199, 52.194311698675], [0.694469195732625, 52.1946738771645], [0.695222742052641, 52.1963167655131], [0.695444714095502, 52.1993288399259], [0.694834571808446, 52.1993553718387], [0.690329610927804, 52.2032797765084], [0.690361552414207, 52.2043896799999], [0.687426317745081, 52.2045258368634], [0.687299125451646, 52.204867769429], [0.686257713939984, 52.2050740475583], [0.681713660790304, 52.2054894982183], [0.683848693448423, 52.2077291074345], [0.682790341662747, 52.2077965285514], [0.681438861115168, 52.20535725396], [0.679396748178601, 52.2051829719271], [0.677697163793203, 52.2056415368415], [0.676577679565302, 52.2054753950344], [0.674838950089122, 52.2056915943147], [0.674048695024371, 52.2040377533423], [0.673216928816321, 52.203932540107], [0.672773358866685, 52.2046871738715], [0.670751384130631, 52.2053597802115], [0.66786773606151, 52.2054798776552], [0.667139569400897, 52.2049063979218], [0.667591102396462, 52.2043575748397], [0.66641331772267, 52.2040703517611], [0.665006999812237, 52.2031947377841], [0.663301557411093, 52.2041927973481], [0.663683014531682, 52.2053100444088], [0.663109057463052, 52.205378833858], [0.662703759083899, 52.2062261810165], [0.658993295323113, 52.2051763236912], [0.657670025318634, 52.2042532871137], [0.657063809979566, 52.2047884736557], [0.656492485832275, 52.2044362439889], [0.655317790713426, 52.2051829992335], [0.6512771244848, 52.2066687380419], [0.647444812595659, 52.2066640093707], [0.64387819983934, 52.2062295758705], [0.642986265464167, 52.2080436700887], [0.640792714578571, 52.20810448462], [0.636918347612978, 52.2100607757115], [0.637673588889722, 52.2114934868515], [0.637537860719386, 52.2128347268024], [0.640166949704482, 52.217371214671], [0.638851360920271, 52.2191111418919], [0.642144912711773, 52.2202082302157], [0.643302079026676, 52.2213001612417], [0.643852626056773, 52.2228022389705], [0.643824952744061, 52.2246527014056], [0.64299838671245, 52.2264166800044], [0.643039893892456, 52.2286927079267], [0.648110740329121, 52.2322013740677], [0.651959932085425, 52.236628355973], [0.652548715474203, 52.2389146164469], [0.651810607227927, 52.2414734337891], [0.65497843163449, 52.2408212533932], [0.658522796429519, 52.2405660490559], [0.660959131285793, 52.2395659988045], [0.66254033597912, 52.2404098309657], [0.676682972734938, 52.2449036508575], [0.678200992938262, 52.2447136725459]]], [[[0.858696776353467, 52.3104417698512], [0.858078405304287, 52.3101123080556], [0.85856810297381, 52.3097892835439], [0.857997405934421, 52.3091294288351], [0.861294823150541, 52.3070449927035], [0.860561703128581, 52.3050050633302], [0.861363971034744, 52.3048426683051], [0.861216114887504, 52.3013667693146], [0.864196615873257, 52.3009078032297], [0.866294073691152, 52.2978378365451], [0.866794554686679, 52.297864343559], [0.868686916408385, 52.29575538083], [0.869003336588526, 52.2934588504536], [0.863625897492072, 52.2932674589299], [0.85966394313062, 52.2919641941642], [0.855262071442523, 52.2915464087198], [0.855556912783441, 52.2863493421586], [0.852699721204052, 52.2861827791513], [0.849787790460355, 52.2853438911609], [0.842899141642723, 52.2847806735101], [0.841302579309452, 52.2852361024201], [0.840396425512638, 52.2859710700682], [0.840786430777671, 52.286063937764], [0.840467269692157, 52.2864594944536], [0.840966054931689, 52.2869528189285], [0.842392675066158, 52.287360941441], [0.841103709513932, 52.2884162956462], [0.841281733993774, 52.2886773100212], [0.842270524346027, 52.2886758095958], [0.841892883770088, 52.2889780797151], [0.842392023569604, 52.2891143599199], [0.842837095752657, 52.2912710912971], [0.842442514647616, 52.2915449927679], [0.843110283662428, 52.2919641821575], [0.842180292997741, 52.2921223739382], [0.842047852189695, 52.2926651562984], [0.841324502827386, 52.2931418532311], [0.840541653086324, 52.2931474732911], [0.84023104255829, 52.293656769103], [0.834139609620736, 52.294206698276], [0.833823934795729, 52.2945919922109], [0.829746335526146, 52.2959245798243], [0.828445273020452, 52.295933189354], [0.825909644407621, 52.29651552586], [0.822950057758046, 52.2965908372433], [0.814868007220239, 52.299596012135], [0.80806833962243, 52.3009600784398], [0.805093035967971, 52.2998520812489], [0.80557454775706, 52.2995238984294], [0.804946655293554, 52.2991979784363], [0.786918808073983, 52.2992345640434], [0.788965916986006, 52.3032333835931], [0.793327630262174, 52.3095064617641], [0.795284065602133, 52.3091678714473], [0.797116100942055, 52.3113457810226], [0.795014994836119, 52.312114069589], [0.799320220688567, 52.3172092475162], [0.801503456290673, 52.3189677159632], [0.801168583405005, 52.3192193964414], [0.802779154530538, 52.3206695643605], [0.80327915184406, 52.3204535180412], [0.805165435403705, 52.3218530539209], [0.804275476308129, 52.3221215252894], [0.807962163166087, 52.3237659418233], [0.807689826744727, 52.3239388338548], [0.809152786045926, 52.3250910631874], [0.80938030971701, 52.3244210661007], [0.811870973130752, 52.3254850613937], [0.814697763941357, 52.3258295665185], [0.81352457530651, 52.3267478637416], [0.813339284480032, 52.3284772082148], [0.814055765441492, 52.3291732659014], [0.815416163824088, 52.3287055120626], [0.816908739898346, 52.3297886978047], [0.816605850231807, 52.3301493430299], [0.818636913587037, 52.3298193794338], [0.819464960194519, 52.3299597310329], [0.819380549348858, 52.3289085930301], [0.819973579583779, 52.3286328052232], [0.823697147990679, 52.329664307576], [0.825054176495591, 52.3308027773588], [0.827071510079403, 52.3315692158194], [0.827612835026421, 52.332807199539], [0.831232754582889, 52.3345973115733], [0.831654321142561, 52.334210412658], [0.832471711259831, 52.3341593406225], [0.833437587488725, 52.3350300858964], [0.835092842332705, 52.3355713154208], [0.83770510995722, 52.3355337362567], [0.839545188454064, 52.3345335454383], [0.838529250373416, 52.3316676081396], [0.839133852573296, 52.3282725326126], [0.833050288998367, 52.3275714773725], [0.83176481217959, 52.3280132725235], [0.830558480481647, 52.3275323442838], [0.832071220401724, 52.3271111829018], [0.830914894827003, 52.3256676067503], [0.834390885146715, 52.3228268795683], [0.838223850003766, 52.3236431271799], [0.839027248949685, 52.3226435620946], [0.837550398991121, 52.3218354721146], [0.836307105529982, 52.3222448414274], [0.836404864299116, 52.3217074597611], [0.832115812963321, 52.3217438887924], [0.830410221673784, 52.3206436012356], [0.82934165096326, 52.3205558991198], [0.828725300584728, 52.3197369172604], [0.826185091951737, 52.3182670971698], [0.830418402388115, 52.3173400753553], [0.834892899750154, 52.3157578947344], [0.835263774717747, 52.3152021777791], [0.83483632571423, 52.3145739276483], [0.836866433847136, 52.3145862993375], [0.83631095440038, 52.313310926318], [0.839556081801078, 52.3120862502862], [0.840940503384665, 52.3118470576189], [0.841055921397636, 52.3124117701335], [0.846201641353703, 52.3119973368521], [0.848586531101371, 52.3114568358115], [0.84911543751494, 52.3110573835534], [0.850676153275258, 52.3111869343873], [0.853619297665402, 52.3108181487167], [0.85431144160189, 52.3115874721282], [0.8572618670106, 52.3109899653658], [0.857476571427674, 52.3111565814717], [0.858696776353467, 52.3104417698512]]], [[[0.596413140634917, 52.2825983356945], [0.596172838322937, 52.2807832201617], [0.594728234181884, 52.2787752661188], [0.594744109436613, 52.2761351145738], [0.596221990934918, 52.2727703742277], [0.595095706032236, 52.2646140432018], [0.589392761838393, 52.2648873461892], [0.589446857898756, 52.2644842112925], [0.588526282022879, 52.2644800429009], [0.574138678222971, 52.2651473287346], [0.56840751556279, 52.2658494462453], [0.562937066298269, 52.2658389073017], [0.56326911030512, 52.2628542696467], [0.561187855583646, 52.2580190890971], [0.560742541923148, 52.2546888396667], [0.561921428499179, 52.251345907836], [0.566688702540974, 52.2476056442902], [0.563961429829666, 52.2459914167669], [0.563552714328025, 52.2462206433559], [0.562772165398316, 52.2457681321467], [0.5624307616284, 52.2459455475533], [0.560336183879429, 52.2453426402366], [0.556903740815628, 52.2439170550933], [0.558986997957159, 52.2425931478582], [0.555819557696394, 52.2391474714995], [0.558115343126021, 52.2382128323733], [0.559382159613822, 52.2365027757553], [0.559972159473563, 52.2343587835159], [0.557039804480655, 52.2333117265418], [0.556219852996665, 52.2324751611249], [0.554948120820358, 52.2321861633097], [0.554078230774514, 52.2315997807825], [0.554043225290357, 52.2312192680713], [0.554987091416962, 52.2305181012686], [0.55634831468758, 52.2300704858685], [0.556663733510908, 52.2290096480756], [0.558214617390319, 52.228423947316], [0.558187639026993, 52.2273687303638], [0.555793453550402, 52.2263514218378], [0.553950808097746, 52.2259362441411], [0.55508894030003, 52.2240693864956], [0.553292461987838, 52.2238873869651], [0.552501547456323, 52.2259493876656], [0.544765677513832, 52.2269061396748], [0.542204532423924, 52.228358359852], [0.538925936706834, 52.2298263215444], [0.538161649702224, 52.2299013064841], [0.534148184878423, 52.2328242094792], [0.5328226510182, 52.2350248334131], [0.53584115205908, 52.238912250933], [0.533811855131294, 52.2398974521935], [0.535308346924104, 52.2413474705669], [0.533731306961619, 52.242957923754], [0.532100964385639, 52.243924911029], [0.527769114674596, 52.2455103686404], [0.527508675489021, 52.243757977524], [0.525393360693132, 52.2407326489621], [0.524140709510016, 52.2394899684116], [0.521971025521125, 52.2383425935296], [0.520724280052509, 52.2401633340431], [0.519884952528667, 52.2405902395881], [0.517666778518872, 52.2405597061197], [0.516623883311277, 52.2417362320057], [0.515552486615021, 52.2421845111058], [0.513403513661889, 52.2402537402118], [0.510024880764501, 52.2393788288262], [0.506865185499224, 52.2376716802158], [0.504674139523287, 52.2385961444734], [0.502529794097568, 52.2405422035692], [0.504298709105154, 52.2419232461326], [0.503353340672093, 52.2424579471222], [0.504626784114807, 52.2440008506184], [0.493482163912849, 52.248413425757], [0.491058992778585, 52.2469973762995], [0.491754622538961, 52.2466657953663], [0.491497785818827, 52.2457083890165], [0.492059360063367, 52.2455077791152], [0.492034459846229, 52.2451888906226], [0.494831499836674, 52.2441772154972], [0.496029512442902, 52.2441976548728], [0.497765792340899, 52.2436084164518], [0.498632199671402, 52.24365617071], [0.499235801770817, 52.2429348662544], [0.498832231356221, 52.2423770610873], [0.499108281875417, 52.2417681773816], [0.494890700539826, 52.2392880539741], [0.492739379881918, 52.2379800049759], [0.491749062321404, 52.2388846117357], [0.490017041169291, 52.2376694199837], [0.48936249001763, 52.2380940963725], [0.489757540294037, 52.2383611112937], [0.489368713874398, 52.2385114855962], [0.48606080868845, 52.2364460510716], [0.484163949741335, 52.234821314276], [0.485735013476127, 52.2340994955029], [0.483019617421448, 52.2322157032809], [0.481765520426287, 52.2323758975213], [0.476101983558971, 52.2339900828101], [0.476721554832029, 52.234435335514], [0.477966204902367, 52.2344880683503], [0.471819199496419, 52.2403450024276], [0.471542112322267, 52.2402537777839], [0.470728515011985, 52.2409623340656], [0.465165467339814, 52.2401850114846], [0.45929951643172, 52.2439814328802], [0.455581863899552, 52.2475796163355], [0.453344581122476, 52.2475450327919], [0.450358365077582, 52.243350113796], [0.449208781641659, 52.2436388014784], [0.446001432351296, 52.2435820425284], [0.446177627760081, 52.2429529768744], [0.443349672534494, 52.242612399396], [0.433998374311163, 52.2496253684929], [0.432209550846485, 52.2515338216828], [0.429862798233819, 52.2514350464189], [0.42696480396438, 52.2536027671157], [0.424198050649824, 52.2558764310225], [0.424882036887145, 52.2564284360926], [0.425243685569132, 52.256251230319], [0.453800891052992, 52.2636941083116], [0.459545529369914, 52.2656463720185], [0.494089098975912, 52.2719836523041], [0.495199049596111, 52.2723203486573], [0.495946335416495, 52.273343010585], [0.497591836332812, 52.2732493980359], [0.497799984507823, 52.2728997702563], [0.498852649660747, 52.2730145394587], [0.49867634718064, 52.2740189620749], [0.498337307575097, 52.2741290123079], [0.498147306004981, 52.273721983687], [0.497942203416483, 52.2743683016522], [0.496182476917782, 52.2753049568703], [0.497012439480571, 52.2757757900821], [0.496490641921172, 52.2759392488945], [0.495079274581508, 52.2756851015974], [0.495892943035249, 52.2768419676565], [0.496418129127023, 52.2771456021185], [0.496953433033437, 52.2769561394373], [0.496940864637655, 52.2777185225908], [0.498171108740791, 52.2782699971677], [0.496685540322052, 52.2786744332062], [0.496784439221577, 52.2802410888968], [0.4958344375791, 52.2804038874088], [0.496643043435231, 52.2805426311078], [0.496295835978646, 52.2807848578831], [0.496733363768745, 52.2810592303638], [0.497396147860818, 52.2807033160966], [0.497996830983132, 52.2812012939605], [0.497810078674441, 52.2815383285451], [0.498541348507352, 52.2816988388176], [0.497697601733597, 52.2818951936921], [0.500280880339354, 52.2829161112193], [0.499994623320002, 52.2834180213009], [0.499421562813987, 52.2837245698678], [0.499154759022459, 52.2834753694811], [0.498944118060048, 52.2837630927868], [0.499211997235777, 52.2846958830092], [0.500522633836893, 52.2846398057161], [0.500970452158995, 52.2849056718282], [0.504706342735338, 52.2847299858137], [0.504568517787182, 52.2864726008444], [0.517492441371462, 52.2808983472709], [0.518075643278375, 52.2831169567817], [0.523738954182683, 52.2824591505173], [0.524502249990174, 52.2810040709917], [0.540561072488937, 52.2835120345402], [0.540215898450634, 52.2866803533748], [0.544805088815081, 52.2852892967654], [0.545945761806499, 52.2786875034145], [0.557194879311375, 52.282427121556], [0.563313012420357, 52.2853681207634], [0.564708005186674, 52.2827875232693], [0.56520294487887, 52.2807193057268], [0.568854933954147, 52.2786605402068], [0.570827862604792, 52.2781473146633], [0.576234785845814, 52.2840382955892], [0.579875651908503, 52.2868418017341], [0.583220769326142, 52.2881094230569], [0.583010876489279, 52.2886104480526], [0.586136607979832, 52.2901597731852], [0.590550092467631, 52.2913300608685], [0.593128107406422, 52.2890684573981], [0.593867925720043, 52.2878507663755], [0.593173682781967, 52.2877140870663], [0.595271959914208, 52.2846570242338], [0.596626660756181, 52.2834377690897], [0.596413140634917, 52.2825983356945]]], [[[0.544533483000673, 52.4516225774969], [0.54521816030246, 52.4470976215377], [0.539201875200599, 52.4341981075563], [0.548104079822273, 52.4333746114845], [0.557254659582627, 52.4321289853849], [0.557275654868361, 52.431502929318], [0.556069495399189, 52.4306441586711], [0.550136965702704, 52.4278393966175], [0.555172314161995, 52.4182751489982], [0.556875985218276, 52.4130245110591], [0.561489557588848, 52.4118904103049], [0.571908595101188, 52.4080003845009], [0.585227784694976, 52.4051158614926], [0.593583444648547, 52.4016287928004], [0.601283465581992, 52.3974086406439], [0.603202714065782, 52.3967783647891], [0.608174055158918, 52.3960003497106], [0.615507856301909, 52.3940101032635], [0.628775753187683, 52.3918891538112], [0.635335971639473, 52.3976108600547], [0.635677550547154, 52.3975195466187], [0.636489892849919, 52.3993359287144], [0.636518041080818, 52.4006949457281], [0.63504921327567, 52.4023464275561], [0.634099246169163, 52.4029862895469], [0.630805027101876, 52.4034409153676], [0.635296474108869, 52.4062013801602], [0.637118013560986, 52.4088611541058], [0.637673790051377, 52.4105115187074], [0.645273753744313, 52.410321899857], [0.657864137242904, 52.4115681983788], [0.659737118716832, 52.4113902364351], [0.66925007391677, 52.4128520269518], [0.67217969400467, 52.4128010368307], [0.668541006504316, 52.4090575240639], [0.671795835583723, 52.4051923255232], [0.673381935503329, 52.4042081174748], [0.680897583724035, 52.4006313563963], [0.686010593654489, 52.3986750229724], [0.694656528935123, 52.3968240359556], [0.702543460390889, 52.3964143741782], [0.708184148681077, 52.3960479019581], [0.712437775135009, 52.3946230577081], [0.708781556935527, 52.3922383770064], [0.705962244329226, 52.3888002879917], [0.700796707688831, 52.3811540642328], [0.693171614032466, 52.3718110941239], [0.691191054357601, 52.3699245098381], [0.682193393569657, 52.3643873093972], [0.675717724531904, 52.3612185999982], [0.669475778774979, 52.358454208863], [0.666919698503784, 52.3590560151362], [0.662099820898705, 52.3592159591649], [0.658630063870498, 52.3597464684168], [0.652024605273306, 52.3613624566661], [0.647561477274378, 52.3632934616378], [0.633425740057566, 52.3656120704975], [0.629743683773879, 52.3667138119678], [0.624851728681851, 52.3674574604859], [0.618113565212595, 52.3632887153555], [0.612490246331327, 52.3620895039522], [0.608526010996539, 52.3622696882048], [0.60686247370232, 52.3620563922095], [0.599575955152649, 52.3600642027313], [0.588274789004045, 52.357472394494], [0.583831482107428, 52.356735205183], [0.582131218140835, 52.3569207102332], [0.580148296921351, 52.3554550734098], [0.569696347282827, 52.3539555712042], [0.565946891170113, 52.3568706450616], [0.563529079358032, 52.3562607448573], [0.563138263775901, 52.3568344892353], [0.560983639587203, 52.3563915723138], [0.559300412870689, 52.3585760698718], [0.554993688474348, 52.3576456689816], [0.547780914512107, 52.3547232234522], [0.543885172619217, 52.3536704363091], [0.541277982135306, 52.3535831151605], [0.539633381592435, 52.3541427359113], [0.537100430834628, 52.3537672282472], [0.535803251166303, 52.3549376522117], [0.536823496068216, 52.356748313514], [0.536423479956758, 52.357652185629], [0.53603759137886, 52.3578564136024], [0.535453587720952, 52.357470763694], [0.534429328213109, 52.357468459734], [0.533612564892945, 52.3579432406814], [0.534484342031117, 52.3581989914637], [0.534418967481077, 52.3599955482016], [0.534953594128277, 52.3614067682933], [0.534551830644095, 52.3630564116924], [0.5322369220672, 52.365490021408], [0.525929103084904, 52.3686916966303], [0.522277258534038, 52.3705844770917], [0.520323144398774, 52.3753031027528], [0.519854784288656, 52.3800331720673], [0.520748268024195, 52.3915647181911], [0.514580305930204, 52.399963751692], [0.511471227465824, 52.4002370400006], [0.51132446411103, 52.4005876755473], [0.510496295976924, 52.4007878527437], [0.50965085764415, 52.4005513055468], [0.50213648505387, 52.3958655732515], [0.494661117852961, 52.3933537070547], [0.483354661622194, 52.396181689599], [0.478690000680949, 52.4027864050263], [0.478285083971062, 52.4040079759255], [0.474196413659354, 52.4047977130111], [0.468959667087356, 52.4038039038691], [0.466854085616654, 52.4024027653851], [0.462330012877778, 52.4006024218197], [0.45861323915325, 52.3986916248342], [0.452620737410651, 52.3991596249071], [0.448931662774473, 52.4001587331903], [0.443930854082615, 52.4025615389448], [0.440336301564218, 52.4194567770876], [0.438942946803678, 52.4281090542217], [0.438274504009006, 52.4282317073294], [0.436169172408157, 52.4299080798494], [0.432413865997829, 52.4311714948095], [0.425313414692045, 52.4303272432038], [0.423207624813538, 52.4339655551211], [0.425337522623707, 52.4341431194049], [0.428000021697248, 52.4350722104181], [0.429297962734167, 52.4364525830394], [0.430731371580686, 52.4374385614138], [0.43118183199323, 52.4384319319245], [0.433606142599639, 52.4390366925545], [0.436068252741533, 52.4402776339534], [0.439071477203204, 52.4406934779992], [0.440024641309525, 52.4421017776801], [0.439168213969464, 52.4435431855907], [0.440992583185975, 52.4448148047684], [0.444372391644071, 52.4455246104731], [0.445437119649996, 52.4473745962458], [0.44933945933915, 52.4458413121793], [0.449891259530069, 52.4477052088625], [0.451412197347813, 52.4477810524361], [0.452871511937553, 52.4463471911426], [0.456994048740915, 52.4449531371164], [0.45804532299419, 52.4455976109267], [0.459330694264363, 52.4472186180072], [0.466826592443393, 52.4459414042035], [0.467289689530169, 52.4452744092583], [0.469719265740229, 52.4461417911457], [0.473345947948377, 52.4459229136145], [0.475584812865606, 52.4467195290667], [0.478135555610431, 52.4455978163567], [0.480932359600605, 52.4469203710647], [0.483267780652393, 52.4471536986459], [0.485380090956504, 52.4477369722802], [0.493394502208652, 52.4479577707382], [0.49609502480142, 52.4473315778316], [0.498116150258709, 52.4481989071662], [0.499960073676853, 52.4499981306318], [0.500977044856371, 52.4502938698543], [0.503456684598076, 52.4500621755068], [0.507962381273818, 52.4506188944324], [0.511118607854097, 52.4496756933738], [0.513630334624643, 52.4492722497416], [0.515492655321534, 52.4504806821462], [0.516288591676332, 52.4506069942402], [0.520500500370349, 52.4494652786552], [0.52291743390498, 52.4483083986676], [0.523765051554111, 52.4482113572978], [0.526857681351764, 52.4498204861725], [0.52819307900953, 52.4528574242729], [0.530440504122755, 52.4536331389556], [0.53185347455866, 52.4534266448033], [0.533549907010466, 52.4516961582825], [0.537661686211245, 52.4511997460682], [0.540622758076885, 52.4503511371495], [0.542688456808815, 52.4503642915843], [0.544533483000673, 52.4516225774969]]], [[[0.510662373391725, 52.3474015234699], [0.507726198779771, 52.3500690299023], [0.508165670854403, 52.3501453556072], [0.508045426409307, 52.3506914069654], [0.511994010736337, 52.3510871114209], [0.515080459640783, 52.3574088878144], [0.515170174694033, 52.3574972425555], [0.521008621305695, 52.3549490531964], [0.521003789465928, 52.354125886759], [0.527523764082027, 52.3526436807952], [0.52795187422836, 52.3498313183925], [0.524445996946976, 52.3495304870483], [0.524330831499758, 52.3488776684138], [0.52280766682091, 52.3487767360522], [0.523230976338314, 52.3479414002807], [0.522905640557406, 52.3474678820752], [0.519347091136803, 52.3470295441254], [0.518498782442222, 52.3466257962827], [0.512850323664143, 52.3467240431726], [0.512717603681661, 52.3475133285255], [0.510762476758145, 52.347702400132], [0.510662373391725, 52.3474015234699]]], [[[0.569696347282827, 52.3539555712042], [0.5649269143449, 52.3517471621888], [0.564910114506678, 52.3489949045359], [0.564015452807218, 52.345893017261], [0.564003467239378, 52.343578636518], [0.562499488665404, 52.3383397783384], [0.561456676281592, 52.3373678219741], [0.559352715783026, 52.3368540630293], [0.555631025876612, 52.3364687750717], [0.548954699205118, 52.3372380156855], [0.542888952352609, 52.3373957191201], [0.541741305327626, 52.3398070902021], [0.535212503796189, 52.34049955208], [0.527105780196215, 52.3405580928288], [0.520990649698, 52.3379452057096], [0.51562226691918, 52.3389849901941], [0.513180124804549, 52.3405251574835], [0.512524578084803, 52.3389842967451], [0.509735883823811, 52.3382432920013], [0.509403411945097, 52.3391397241091], [0.50778630847573, 52.3394744784096], [0.508223578780959, 52.3401865063667], [0.508048482084456, 52.340936358528], [0.508921982639048, 52.3417495839604], [0.508064409467687, 52.3426162819022], [0.508423839890576, 52.3426113494195], [0.5085733495895, 52.3434551696186], [0.509088906906119, 52.3435340567977], [0.509049779539415, 52.3438958427571], [0.508543915874816, 52.3439130581494], [0.508664760088856, 52.3444652868028], [0.51088896352018, 52.3445867063745], [0.510662373391725, 52.3474015234699], [0.510762476758145, 52.347702400132], [0.512717603681661, 52.3475133285255], [0.512850323664143, 52.3467240431726], [0.518498782442222, 52.3466257962827], [0.519347091136803, 52.3470295441254], [0.522905640557406, 52.3474678820752], [0.523230976338314, 52.3479414002807], [0.52280766682091, 52.3487767360522], [0.524330831499758, 52.3488776684138], [0.524445996946976, 52.3495304870483], [0.52795187422836, 52.3498313183925], [0.527523764082027, 52.3526436807952], [0.521003789465928, 52.354125886759], [0.521008621305695, 52.3549490531964], [0.515170174694033, 52.3574972425555], [0.514491539325341, 52.3614378798362], [0.519281981641326, 52.3616038293015], [0.520846868873466, 52.3622583541527], [0.522736299199203, 52.3623970176657], [0.524391386334562, 52.3631133987265], [0.522639464688872, 52.3651830472492], [0.526120644801995, 52.3659782642651], [0.525661048416173, 52.3673189399336], [0.524664024991161, 52.3678168840581], [0.525929103084904, 52.3686916966303], [0.5322369220672, 52.365490021408], [0.534551830644095, 52.3630564116924], [0.534953594128277, 52.3614067682933], [0.534418967481077, 52.3599955482016], [0.534484342031117, 52.3581989914637], [0.533612564892945, 52.3579432406814], [0.534429328213109, 52.357468459734], [0.535453587720952, 52.357470763694], [0.53603759137886, 52.3578564136024], [0.536423479956758, 52.357652185629], [0.536823496068216, 52.356748313514], [0.535803251166303, 52.3549376522117], [0.537100430834628, 52.3537672282472], [0.539633381592435, 52.3541427359113], [0.541277982135306, 52.3535831151605], [0.543885172619217, 52.3536704363091], [0.547780914512107, 52.3547232234522], [0.554993688474348, 52.3576456689816], [0.559300412870689, 52.3585760698718], [0.560983639587203, 52.3563915723138], [0.563138263775901, 52.3568344892353], [0.563529079358032, 52.3562607448573], [0.565946891170113, 52.3568706450616], [0.569696347282827, 52.3539555712042]]], [[[0.510662373391725, 52.3474015234699], [0.51088896352018, 52.3445867063745], [0.508664760088856, 52.3444652868028], [0.508543915874816, 52.3439130581494], [0.509049779539415, 52.3438958427571], [0.509088906906119, 52.3435340567977], [0.5085733495895, 52.3434551696186], [0.508423839890576, 52.3426113494195], [0.508064409467687, 52.3426162819022], [0.508921982639048, 52.3417495839604], [0.508048482084456, 52.340936358528], [0.508223578780959, 52.3401865063667], [0.50778630847573, 52.3394744784096], [0.502666652970293, 52.3401062743267], [0.49856476884216, 52.3413567343619], [0.497309464350079, 52.3405487453773], [0.494773570991003, 52.340644560863], [0.494011917788155, 52.3392416861295], [0.492591940549831, 52.3390522055526], [0.491860296775756, 52.3381297305005], [0.49065722827471, 52.3382217076055], [0.489564185347179, 52.3377878799441], [0.487422140193899, 52.3394596907326], [0.485181532438945, 52.3391929994456], [0.482922040074225, 52.3403951412025], [0.48133618161162, 52.340364623715], [0.480562970278437, 52.34131696011], [0.478186889271543, 52.341148268972], [0.478060434808231, 52.3418028582344], [0.47906270393052, 52.3425812963469], [0.482250955427274, 52.3416250151699], [0.484578615732709, 52.3414258817692], [0.487640222879945, 52.3424028501823], [0.488232686418455, 52.3443524847962], [0.482617068749381, 52.3450425148755], [0.484925677902667, 52.3522247281845], [0.487060329340878, 52.3513255311641], [0.491001776701091, 52.3568879096075], [0.499699672102617, 52.3544229364508], [0.50030748160201, 52.3566833214771], [0.501684517800239, 52.3559195364104], [0.501761242840586, 52.3561867059363], [0.505046439978381, 52.3557412538331], [0.506129223791273, 52.3568648532759], [0.508640243103928, 52.3570642804771], [0.510248870617021, 52.3568124810147], [0.510415691524319, 52.3571919921039], [0.515080459640783, 52.3574088878144], [0.511994010736337, 52.3510871114209], [0.508045426409307, 52.3506914069654], [0.508165670854403, 52.3501453556072], [0.507726198779771, 52.3500690299023], [0.510662373391725, 52.3474015234699]]], [[[0.682756731331798, 52.2539618634285], [0.687153632935185, 52.2529589247472], [0.690490433501283, 52.2527461493901], [0.694322644252422, 52.2529977364207], [0.698876475018166, 52.2537695953268], [0.695652728151621, 52.2482759142117], [0.703662972419547, 52.2475263504657], [0.704097903767456, 52.2443342240297], [0.701655039191857, 52.2445222194585], [0.701417601475869, 52.2440781560383], [0.697008723471734, 52.2436955058946], [0.697249701255964, 52.2404445301511], [0.692595733186392, 52.2400570304809], [0.690146870296007, 52.2402099585939], [0.689910429305894, 52.2395696675737], [0.688831419010492, 52.2397498717436], [0.688619390794196, 52.2395370485269], [0.68217854304187, 52.2425765155451], [0.678200992938262, 52.2447136725459], [0.679179517090274, 52.2485080039246], [0.673898383663341, 52.2489326572921], [0.675616316380171, 52.2515511474945], [0.675824602448733, 52.254647083239], [0.679025105755177, 52.254407243751], [0.682497577052574, 52.2536494076778], [0.682756731331798, 52.2539618634285]]], [[[0.424198050649824, 52.2558764310225], [0.42696480396438, 52.2536027671157], [0.414517804147287, 52.2478611370065], [0.417360940723082, 52.2462616644572], [0.420931141958656, 52.2427103011589], [0.420676496567244, 52.2419619209414], [0.421231385015127, 52.2409065408816], [0.421140071154231, 52.2402519734203], [0.420752768811655, 52.2401880007901], [0.421381541903111, 52.2399799290627], [0.421335031399158, 52.2396913201039], [0.415271873942215, 52.2381187402749], [0.411507578602692, 52.2401174138738], [0.408781165666098, 52.2390676098823], [0.407233223246999, 52.2399756360153], [0.406364945548601, 52.2400875651934], [0.40335439199479, 52.242859215774], [0.405533978180023, 52.243771498669], [0.4040392850019, 52.244818948269], [0.403357645623927, 52.2451828256022], [0.40220643796489, 52.2448835635644], [0.399473139848806, 52.2451447316483], [0.395685962113711, 52.2474816964573], [0.398087690576877, 52.2488053495088], [0.399145723928688, 52.2498384537068], [0.399707720886949, 52.2501910666999], [0.400232618815874, 52.2496936899901], [0.402495514558537, 52.2504199446291], [0.402294667874306, 52.2506951841353], [0.407250727186519, 52.2517107388003], [0.408027139173876, 52.253183809257], [0.412726505224321, 52.2523385670849], [0.413763659918514, 52.2540749018446], [0.418229042587946, 52.2515457821199], [0.419121281969331, 52.2521556115931], [0.418328112223524, 52.2571301669693], [0.419626953677378, 52.2597600596405], [0.424198050649824, 52.2558764310225]]], [[[0.419626953677378, 52.2597600596405], [0.418328112223524, 52.2571301669693], [0.419121281969331, 52.2521556115931], [0.418229042587946, 52.2515457821199], [0.413763659918514, 52.2540749018446], [0.412726505224321, 52.2523385670849], [0.408027139173876, 52.253183809257], [0.407250727186519, 52.2517107388003], [0.402294667874306, 52.2506951841353], [0.402495514558537, 52.2504199446291], [0.400232618815874, 52.2496936899901], [0.399707720886949, 52.2501910666999], [0.399145723928688, 52.2498384537068], [0.393895400969656, 52.2534022649142], [0.384136346146805, 52.2589339723744], [0.381047167566508, 52.2618089899908], [0.383090004072446, 52.2624198383296], [0.382089401574442, 52.2649704788306], [0.386070753775312, 52.2661741237856], [0.397224302635256, 52.2682673232067], [0.403541898131281, 52.2688429622583], [0.409547153241636, 52.26903529617], [0.419626953677378, 52.2597600596405]]], [[[0.381047167566508, 52.2618089899908], [0.384136346146805, 52.2589339723744], [0.393895400969656, 52.2534022649142], [0.399145723928688, 52.2498384537068], [0.398087690576877, 52.2488053495088], [0.395685962113711, 52.2474816964573], [0.399473139848806, 52.2451447316483], [0.40220643796489, 52.2448835635644], [0.403357645623927, 52.2451828256022], [0.4040392850019, 52.244818948269], [0.405533978180023, 52.243771498669], [0.40335439199479, 52.242859215774], [0.406364945548601, 52.2400875651934], [0.407233223246999, 52.2399756360153], [0.408781165666098, 52.2390676098823], [0.398768841789176, 52.2333216598164], [0.394878423540945, 52.2307230856746], [0.384609114446796, 52.2340628308507], [0.371248919207141, 52.2265901694376], [0.369413314148212, 52.2275127832184], [0.370131540921739, 52.2278173225852], [0.369628261645026, 52.2282329840751], [0.368969138321329, 52.227806397803], [0.35742293324045, 52.2341583278316], [0.342684099441605, 52.2423433452495], [0.346312787299196, 52.2436263587338], [0.35141030292019, 52.2447020252419], [0.356664169929234, 52.246288638793], [0.356875313247111, 52.2461271078693], [0.358284341464911, 52.2466743881717], [0.361549960487104, 52.2482493348516], [0.366000715577289, 52.251358703044], [0.37435104924595, 52.2602615455998], [0.377038061944526, 52.262472614327], [0.377647535431475, 52.2628523834447], [0.38031774690371, 52.2623319198115], [0.381047167566508, 52.2618089899908]]], [[[0.804275476308129, 52.3221215252894], [0.805165435403705, 52.3218530539209], [0.80327915184406, 52.3204535180412], [0.802779154530538, 52.3206695643605], [0.801168583405005, 52.3192193964414], [0.801503456290673, 52.3189677159632], [0.799320220688567, 52.3172092475162], [0.795014994836119, 52.312114069589], [0.797116100942055, 52.3113457810226], [0.795284065602133, 52.3091678714473], [0.793327630262174, 52.3095064617641], [0.788965916986006, 52.3032333835931], [0.786918808073983, 52.2992345640434], [0.804946655293554, 52.2991979784363], [0.80557454775706, 52.2995238984294], [0.805093035967971, 52.2998520812489], [0.80806833962243, 52.3009600784398], [0.814868007220239, 52.299596012135], [0.822950057758046, 52.2965908372433], [0.825909644407621, 52.29651552586], [0.828445273020452, 52.295933189354], [0.829746335526146, 52.2959245798243], [0.833823934795729, 52.2945919922109], [0.834139609620736, 52.294206698276], [0.84023104255829, 52.293656769103], [0.840541653086324, 52.2931474732911], [0.841324502827386, 52.2931418532311], [0.842047852189695, 52.2926651562984], [0.842180292997741, 52.2921223739382], [0.843110283662428, 52.2919641821575], [0.842442514647616, 52.2915449927679], [0.842837095752657, 52.2912710912971], [0.842392023569604, 52.2891143599199], [0.841892883770088, 52.2889780797151], [0.842270524346027, 52.2886758095958], [0.841281733993774, 52.2886773100212], [0.841103709513932, 52.2884162956462], [0.842392675066158, 52.287360941441], [0.840966054931689, 52.2869528189285], [0.840467269692157, 52.2864594944536], [0.840786430777671, 52.286063937764], [0.840396425512638, 52.2859710700682], [0.841302579309452, 52.2852361024201], [0.842899141642723, 52.2847806735101], [0.84389806729914, 52.2844427492755], [0.845985222378629, 52.2827106606087], [0.848429998776065, 52.2823513156625], [0.849045695568523, 52.2819605579732], [0.849101895284407, 52.280094904086], [0.850465622452349, 52.2784288300086], [0.853683205672364, 52.2770704586554], [0.854212490304109, 52.2762266562384], [0.853888271842515, 52.275220079987], [0.854440097216298, 52.2751599852444], [0.8527943891622, 52.2717247959617], [0.854119023727534, 52.2704382172051], [0.855509432173535, 52.2697642718499], [0.856327415806795, 52.2684422725822], [0.853560333012755, 52.2675136691704], [0.852059610000599, 52.2654859580528], [0.849567987158764, 52.2648042326015], [0.842593533173584, 52.268027345455], [0.840184344235583, 52.2663191343425], [0.842501948403009, 52.2639853829976], [0.844646200416432, 52.2632267866251], [0.845706902740246, 52.2623270554771], [0.84595752897326, 52.2617778872816], [0.843865439503035, 52.2598002972533], [0.84191909983292, 52.2601196885423], [0.836931448583956, 52.2619763160018], [0.836243587503381, 52.2631385236944], [0.833059978075036, 52.2648157670008], [0.825826214074469, 52.2665153377127], [0.822980091686965, 52.2662686844179], [0.820708906478559, 52.2664902998022], [0.817711030855781, 52.2643819590256], [0.812990023413422, 52.2651016169182], [0.809416669265289, 52.267051014176], [0.803767537402717, 52.2659838471911], [0.80160378054401, 52.2659093602267], [0.798631950031395, 52.2665265809808], [0.797742033860314, 52.2685945562356], [0.802486288121014, 52.2694658412909], [0.802947447486276, 52.2706411040701], [0.800830547872643, 52.2708954407321], [0.796668441556642, 52.2708448893163], [0.797067052699366, 52.2726817407897], [0.793067930215845, 52.2725210252463], [0.791787857161102, 52.2720953099142], [0.789649884882706, 52.2719930213205], [0.787297928473163, 52.2729434179159], [0.786303127240521, 52.2737465666485], [0.786382938192476, 52.2782206424401], [0.787014474727709, 52.2820691678815], [0.786727122776101, 52.2842190393671], [0.784815080130241, 52.2885214791149], [0.780895425360843, 52.2934414671079], [0.779534527155597, 52.2945211905055], [0.774469390201636, 52.293363331253], [0.766600048604701, 52.2901045631434], [0.764008057098408, 52.288423279877], [0.761152241457661, 52.2872131030091], [0.760157304234245, 52.2870134078503], [0.758579502971159, 52.2875574493233], [0.753927682058849, 52.2793286172772], [0.746847025466538, 52.2803884412151], [0.74598843674694, 52.2791898435722], [0.739355259544926, 52.2798277496504], [0.731751596610515, 52.2800210474034], [0.726563776404531, 52.2798226323757], [0.716641157606374, 52.2786575182747], [0.717127153758865, 52.284803805228], [0.712379907838182, 52.2840730845472], [0.710394576161816, 52.2865953664488], [0.708446787220403, 52.2862290253731], [0.707984105184397, 52.2912397559778], [0.702440661891332, 52.2922199640464], [0.703039935797036, 52.2938488944494], [0.705886172768597, 52.2931112920624], [0.707778165069725, 52.292222573928], [0.710610715207066, 52.2916072045908], [0.715548304736782, 52.2915930351809], [0.718912568505401, 52.2924302038896], [0.718661744057602, 52.2932686745551], [0.719837705757536, 52.2936706133683], [0.719717608550197, 52.2945583087891], [0.723257778154565, 52.2949344099428], [0.724885138325742, 52.296261972272], [0.725167009694209, 52.3012573918322], [0.722620137937394, 52.3012046657492], [0.722281597024951, 52.3017583706645], [0.722091899168944, 52.3031611165121], [0.723052306481987, 52.3085788126546], [0.724223506830021, 52.3100914100294], [0.729833091046485, 52.3215655485151], [0.731921668021009, 52.3284274725429], [0.732350534071582, 52.328454411442], [0.733891203922219, 52.337918119235], [0.737980471110563, 52.3465511915055], [0.73842734532611, 52.3484904028686], [0.743118884263876, 52.3473411564029], [0.749260556252446, 52.3469023165784], [0.763721050716458, 52.3436196108666], [0.770105508290165, 52.3427074612453], [0.784014513839003, 52.3414190216906], [0.787707451739936, 52.3413984254406], [0.791832071467608, 52.342638210189], [0.794443416257157, 52.3438848917571], [0.792730974808542, 52.3408039469887], [0.782121189739868, 52.340588603724], [0.781616689353715, 52.3391471821963], [0.780699879095826, 52.3392308086449], [0.780510188770914, 52.3386867679037], [0.780880908614454, 52.3383713731757], [0.783527752944236, 52.3384843247925], [0.786382771799453, 52.3340625503543], [0.789426522324349, 52.3348180797096], [0.790693429599936, 52.3328357692808], [0.792355900774014, 52.3332667618619], [0.793357748570692, 52.3316234197367], [0.789242712848322, 52.3299148567973], [0.795577951720955, 52.3260950030684], [0.802248887075946, 52.3227748873394], [0.804275476308129, 52.3221215252894]]], [[[0.675717724531904, 52.3612185999982], [0.674652260002287, 52.3569774720648], [0.683562509947957, 52.3556593829785], [0.688846965386484, 52.3555635908399], [0.68945490338934, 52.3558401748853], [0.694685537358711, 52.3559583904814], [0.709065219513408, 52.3506884734678], [0.719975293823497, 52.3490452258706], [0.73842734532611, 52.3484904028686], [0.737980471110563, 52.3465511915055], [0.733891203922219, 52.337918119235], [0.732350534071582, 52.328454411442], [0.731921668021009, 52.3284274725429], [0.729833091046485, 52.3215655485151], [0.724223506830021, 52.3100914100294], [0.723052306481987, 52.3085788126546], [0.722091899168944, 52.3031611165121], [0.722281597024951, 52.3017583706645], [0.722620137937394, 52.3012046657492], [0.725167009694209, 52.3012573918322], [0.724885138325742, 52.296261972272], [0.723257778154565, 52.2949344099428], [0.719717608550197, 52.2945583087891], [0.719837705757536, 52.2936706133683], [0.718661744057602, 52.2932686745551], [0.718912568505401, 52.2924302038896], [0.715548304736782, 52.2915930351809], [0.710610715207066, 52.2916072045908], [0.707778165069725, 52.292222573928], [0.705886172768597, 52.2931112920624], [0.703039935797036, 52.2938488944494], [0.702440661891332, 52.2922199640464], [0.695814761748039, 52.2933343074461], [0.696464567081267, 52.2925367203306], [0.695847069278408, 52.2926130527143], [0.695070796429561, 52.2934801610899], [0.69169346956164, 52.2934204215864], [0.687683975302866, 52.2926234359443], [0.686667439536654, 52.2920923357689], [0.685433423577203, 52.2900315263438], [0.683843825927739, 52.2888278355748], [0.682651072051122, 52.2884304175556], [0.681073248431626, 52.2884815422264], [0.680866563040551, 52.2881904522759], [0.68139981489797, 52.2879148344039], [0.68355101798842, 52.2876465024161], [0.684586271714015, 52.2877929749315], [0.685452120965249, 52.2873415648919], [0.685670949701298, 52.2866198735227], [0.683902933075838, 52.2857525874206], [0.683932945580676, 52.2852303136023], [0.684482711926556, 52.2848898184145], [0.680483214717157, 52.2823042592821], [0.677121882466201, 52.2761160576793], [0.676626491167241, 52.2755337492445], [0.675976293275976, 52.2755215208532], [0.675614645357726, 52.2743857925394], [0.673352500507537, 52.2745540135001], [0.670536536626596, 52.2687283158472], [0.670222596384406, 52.2661625820202], [0.668686576196799, 52.2641855782317], [0.668120416062815, 52.262518550964], [0.66645661585599, 52.2605831560266], [0.664863441086318, 52.2574509775086], [0.651649055426151, 52.2582000546527], [0.645564242287299, 52.258811401003], [0.638657701147066, 52.2596540572746], [0.622719210771152, 52.2622134887075], [0.610386818374646, 52.2637097237715], [0.595095706032236, 52.2646140432018], [0.596221990934918, 52.2727703742277], [0.594744109436613, 52.2761351145738], [0.594728234181884, 52.2787752661188], [0.596172838322937, 52.2807832201617], [0.596413140634917, 52.2825983356945], [0.600949448936596, 52.283146484872], [0.600334007080929, 52.286083538528], [0.598346370612937, 52.2914356929374], [0.59639312892387, 52.2940460628933], [0.594427222638435, 52.2980514880039], [0.589549060041737, 52.2960434981108], [0.589855162836403, 52.2970412452], [0.588553697944543, 52.2983665181298], [0.588006270376674, 52.2998443510951], [0.588670153880731, 52.3022758176494], [0.589967106560548, 52.304366066077], [0.590975621750483, 52.3050066875047], [0.591568103829306, 52.3063353651663], [0.596540309829359, 52.3098024863768], [0.600172638804324, 52.3118484720527], [0.601447141352869, 52.3131405248496], [0.60220894288744, 52.3146974760176], [0.600759517996497, 52.3151025872456], [0.600796126490546, 52.3153266264013], [0.601551158022964, 52.3161904059444], [0.601721294657435, 52.3177891605547], [0.602562549341636, 52.3185728205106], [0.601727215533066, 52.3190902699382], [0.600618136615484, 52.3190706459072], [0.59970109693803, 52.3199739417283], [0.599368775310718, 52.3206889640269], [0.600144705915037, 52.3220090840777], [0.598471089443364, 52.3221484950154], [0.597389707658318, 52.3227289537832], [0.597664225644594, 52.3235564861017], [0.597311303472716, 52.3238960748859], [0.595133147505178, 52.3248935866632], [0.593938200869763, 52.3244387720557], [0.593215635125048, 52.3247567987265], [0.592783590848364, 52.3256250251435], [0.587589875121088, 52.3255303517686], [0.585906735126801, 52.3260383885318], [0.58410044740158, 52.3249368003898], [0.582360829583788, 52.3248785637992], [0.580671797937346, 52.3251861743101], [0.578995526731691, 52.3257884487212], [0.577581316105531, 52.327818367635], [0.576124155607672, 52.3283034414485], [0.574789548462879, 52.3292821708846], [0.572758340845509, 52.3294612835399], [0.5715089958741, 52.3303428226124], [0.566694447066573, 52.3317092139805], [0.562968779070403, 52.3320859786753], [0.561276258003284, 52.3319589821214], [0.558868286497933, 52.332709073547], [0.548536209612016, 52.3342228816607], [0.545735670082252, 52.3350979510412], [0.5444852933756, 52.3351554585305], [0.54352205622915, 52.3348425837963], [0.542888952352609, 52.3373957191201], [0.548954699205118, 52.3372380156855], [0.555631025876612, 52.3364687750717], [0.559352715783026, 52.3368540630293], [0.561456676281592, 52.3373678219741], [0.562499488665404, 52.3383397783384], [0.564003467239378, 52.343578636518], [0.564015452807218, 52.345893017261], [0.564910114506678, 52.3489949045359], [0.5649269143449, 52.3517471621888], [0.569696347282827, 52.3539555712042], [0.580148296921351, 52.3554550734098], [0.582131218140835, 52.3569207102332], [0.583831482107428, 52.356735205183], [0.588274789004045, 52.357472394494], [0.599575955152649, 52.3600642027313], [0.60686247370232, 52.3620563922095], [0.608526010996539, 52.3622696882048], [0.612490246331327, 52.3620895039522], [0.618113565212595, 52.3632887153555], [0.624851728681851, 52.3674574604859], [0.629743683773879, 52.3667138119678], [0.633425740057566, 52.3656120704975], [0.647561477274378, 52.3632934616378], [0.652024605273306, 52.3613624566661], [0.658630063870498, 52.3597464684168], [0.662099820898705, 52.3592159591649], [0.666919698503784, 52.3590560151362], [0.669475778774979, 52.358454208863], [0.675717724531904, 52.3612185999982]]], [[[0.698876475018166, 52.2537695953268], [0.694322644252422, 52.2529977364207], [0.690490433501283, 52.2527461493901], [0.687153632935185, 52.2529589247472], [0.682756731331798, 52.2539618634285], [0.685238506242692, 52.2573263082778], [0.686105198815479, 52.25736052398], [0.690334514756139, 52.2599053481784], [0.689981103556598, 52.2601193728028], [0.687422636936764, 52.259130833262], [0.685662885699815, 52.2599371413602], [0.687499154877209, 52.2609061169197], [0.681372835120935, 52.2644960381775], [0.682160201545399, 52.2652300040776], [0.684240097393417, 52.2657402058392], [0.687768991628051, 52.26575617841], [0.689593116825198, 52.2661561370624], [0.691782932693495, 52.2673175702428], [0.694917872081753, 52.2697523711462], [0.697349048700347, 52.2705637799899], [0.702147284195079, 52.2686185500763], [0.705741030680775, 52.2704409372374], [0.706556911979832, 52.2687484996069], [0.698197562588282, 52.2644534007143], [0.697201083785188, 52.2633206491575], [0.697566702552031, 52.2630595838912], [0.697234517819429, 52.2628965456934], [0.701231342982084, 52.2599774796718], [0.703932044345891, 52.2601277491671], [0.70466180564352, 52.2591417198535], [0.701829405328726, 52.2585213581227], [0.698876475018166, 52.2537695953268]]], [[[0.74499798357592, 52.2374228487057], [0.746307438271307, 52.2346701226942], [0.745472438330893, 52.2345267526418], [0.74617227918354, 52.2327901278075], [0.746668644029243, 52.2329062287645], [0.747357426014829, 52.2321060336919], [0.74323839080798, 52.2313385949108], [0.745579305026831, 52.2290682265012], [0.74529314469246, 52.2287025957264], [0.740344939842179, 52.2276629719233], [0.741377941869005, 52.2270049505656], [0.74133354952797, 52.2265941292519], [0.740009836002119, 52.2266195043866], [0.736475347176286, 52.2235360473382], [0.731999851756053, 52.2283198256508], [0.727867967576645, 52.2279028741355], [0.727515099475181, 52.2283588545855], [0.724502484274262, 52.2273511938965], [0.721486744336166, 52.2268407934976], [0.719726751790504, 52.2236106898908], [0.718044819852344, 52.223954351715], [0.719419741231673, 52.2264451781485], [0.71676580452776, 52.2264380473355], [0.715660525041602, 52.2261073150742], [0.71338385872122, 52.2243378025384], [0.710116059151497, 52.2227131868816], [0.707722050658723, 52.2228833269776], [0.705381955496672, 52.2223758337416], [0.704594361358655, 52.2240647601469], [0.703634033606755, 52.2247441508076], [0.703467739026925, 52.2255978238911], [0.702558430281841, 52.2261042292803], [0.702883481890899, 52.2280797940301], [0.699037731606257, 52.2282469524658], [0.700611551450925, 52.2308206664368], [0.700882192065292, 52.2334440685421], [0.704342189757688, 52.2345140537898], [0.707630537184623, 52.2339620555521], [0.708939164397363, 52.2345992833826], [0.711445878668921, 52.2341296331046], [0.711650259454001, 52.2351935223968], [0.712791698734057, 52.2360281483424], [0.712717851727645, 52.238605658907], [0.714076961337633, 52.2377258705539], [0.716921634157616, 52.2366365196351], [0.724314544389594, 52.2347545593409], [0.725497002167109, 52.2362677389643], [0.729020825110671, 52.2366627975588], [0.73116877626138, 52.2370536081623], [0.732984278437334, 52.2392172296618], [0.735838195472517, 52.2385809450883], [0.74499798357592, 52.2374228487057]]], [[[0.925940557280928, 52.3192794546658], [0.927541472258718, 52.316432026498], [0.930127192899145, 52.3143219109765], [0.931124424011021, 52.3128689596825], [0.925136378413371, 52.3117368951056], [0.918545416781451, 52.3113379855594], [0.919472208890956, 52.3094129766074], [0.91681398399953, 52.3081018698607], [0.90873112346849, 52.3061303652394], [0.904577333062411, 52.3055878479878], [0.908185152525583, 52.3034871489866], [0.909014080784547, 52.3044722436215], [0.911335927338663, 52.3034805854586], [0.911678398793756, 52.3020601412268], [0.90891910453025, 52.3015921567495], [0.903160538478831, 52.3038456021716], [0.903350067112205, 52.3018102959695], [0.902839696408706, 52.3007813658163], [0.900152148105162, 52.298915693568], [0.899454334793465, 52.2989903805557], [0.898313288722414, 52.2997118617343], [0.8959346905114, 52.2999932020325], [0.892884676642584, 52.300102143968], [0.889686919073845, 52.2997218426684], [0.882935334353623, 52.3001369362848], [0.882865683621427, 52.2981843335579], [0.883625168340625, 52.2982692677527], [0.884649012667838, 52.2974123475801], [0.885726503227714, 52.2974237755541], [0.885634292258514, 52.2960968464462], [0.886874707641033, 52.2959082837012], [0.887356563307841, 52.2927190995619], [0.883785077209273, 52.2927848206913], [0.882510240768282, 52.2931181338301], [0.879599862997826, 52.2934059261052], [0.880339379963873, 52.2953088335789], [0.880022843918924, 52.296014412528], [0.876989163034922, 52.2958267535419], [0.876889741895084, 52.2975522384784], [0.8743290070936, 52.2982818991653], [0.874078791356834, 52.299492200329], [0.866794554686679, 52.297864343559], [0.866294073691152, 52.2978378365451], [0.864196615873257, 52.3009078032297], [0.861216114887504, 52.3013667693146], [0.861363971034744, 52.3048426683051], [0.860561703128581, 52.3050050633302], [0.861294823150541, 52.3070449927035], [0.857997405934421, 52.3091294288351], [0.85856810297381, 52.3097892835439], [0.858078405304287, 52.3101123080556], [0.858696776353467, 52.3104417698512], [0.864503673966315, 52.3136374624256], [0.865210730008377, 52.3143829856717], [0.865096630412005, 52.3149333785841], [0.86261593349265, 52.3167409858691], [0.867758383106755, 52.3180406706137], [0.867260875585523, 52.3180861094249], [0.864811434239283, 52.3211034191386], [0.86470468552555, 52.3214270669442], [0.866019004788306, 52.3215759704277], [0.865048754474235, 52.3234593333939], [0.865017681378188, 52.3252478849488], [0.863721042936644, 52.3278982023068], [0.863392039472161, 52.327848552075], [0.862533828449585, 52.3292201921443], [0.86280764782269, 52.3293241369938], [0.862075087124043, 52.3306180156437], [0.861778362507588, 52.3317305056885], [0.862078474050157, 52.3319902501378], [0.860758998341747, 52.33579302202], [0.859417424576171, 52.3355917685407], [0.858388877153561, 52.3391976587897], [0.85831394609171, 52.3395618779647], [0.859445017386035, 52.3397296731621], [0.862401083696098, 52.3396922080847], [0.862700665291255, 52.3411256633171], [0.859927658080567, 52.3516921680425], [0.861680677714457, 52.3522756150777], [0.863808810702919, 52.3501412016354], [0.865353981408522, 52.3504391520348], [0.867914048154694, 52.3484480187122], [0.875190807383674, 52.3453070036915], [0.886776871971021, 52.3409594549389], [0.891206449781525, 52.3404176529837], [0.895039901804375, 52.3389980755027], [0.89654690059052, 52.3378622010971], [0.897065288062315, 52.3368755351669], [0.898244990536738, 52.3361694153223], [0.901639631732288, 52.3311721461885], [0.902107837899533, 52.3276038632212], [0.904080024772393, 52.3255561216279], [0.905704606295613, 52.3251042832436], [0.908638126024649, 52.3231056952696], [0.916138012591756, 52.3216112475001], [0.921684228032667, 52.3193174702661], [0.925940557280928, 52.3192794546658]]], [[[0.80160378054401, 52.2659093602267], [0.799441153937247, 52.2647133242947], [0.800831644150839, 52.2636586474004], [0.798993669237594, 52.2623560024459], [0.802185552613962, 52.2581443311036], [0.798224846859304, 52.2561995150868], [0.797580855297455, 52.2512298739149], [0.801053281702603, 52.2511070492778], [0.804043984723946, 52.2501565624469], [0.806280890621681, 52.2498920179273], [0.763851018292329, 52.2515866581568], [0.740788132254899, 52.2524159709655], [0.740608310933017, 52.2526620817232], [0.74026375664903, 52.2524716444516], [0.740221941672379, 52.2542852891887], [0.734161778963045, 52.2561170048053], [0.730348661392439, 52.2579881531866], [0.72518083614191, 52.2621541273124], [0.724352428545914, 52.2609595269501], [0.721336377200591, 52.2605794946479], [0.71887134650069, 52.2598610591902], [0.717215071125562, 52.2597859231069], [0.717310380807043, 52.2593547036153], [0.716056159576971, 52.2591435292086], [0.715397514851054, 52.2586532433167], [0.714330464557464, 52.2587937659651], [0.714249478438348, 52.2603244540666], [0.711918918264846, 52.2615912034327], [0.709341602813308, 52.2643168684316], [0.709464746651766, 52.2653751800267], [0.708686807408667, 52.2667284717573], [0.70856591486649, 52.2681827515373], [0.709015109105309, 52.2687471118453], [0.707430766971396, 52.2713464577302], [0.705741030680775, 52.2704409372374], [0.702147284195079, 52.2686185500763], [0.697349048700347, 52.2705637799899], [0.694917872081753, 52.2697523711462], [0.691782932693495, 52.2673175702428], [0.689593116825198, 52.2661561370624], [0.687768991628051, 52.26575617841], [0.684240097393417, 52.2657402058392], [0.682160201545399, 52.2652300040776], [0.681372835120935, 52.2644960381775], [0.687499154877209, 52.2609061169197], [0.685662885699815, 52.2599371413602], [0.687422636936764, 52.259130833262], [0.689981103556598, 52.2601193728028], [0.690334514756139, 52.2599053481784], [0.686105198815479, 52.25736052398], [0.685238506242692, 52.2573263082778], [0.673255492617056, 52.2569571978252], [0.664863441086318, 52.2574509775086], [0.66645661585599, 52.2605831560266], [0.668120416062815, 52.262518550964], [0.668686576196799, 52.2641855782317], [0.670222596384406, 52.2661625820202], [0.670536536626596, 52.2687283158472], [0.673352500507537, 52.2745540135001], [0.675614645357726, 52.2743857925394], [0.675976293275976, 52.2755215208532], [0.676626491167241, 52.2755337492445], [0.677121882466201, 52.2761160576793], [0.680483214717157, 52.2823042592821], [0.684482711926556, 52.2848898184145], [0.683932945580676, 52.2852303136023], [0.683902933075838, 52.2857525874206], [0.685670949701298, 52.2866198735227], [0.685452120965249, 52.2873415648919], [0.684586271714015, 52.2877929749315], [0.68355101798842, 52.2876465024161], [0.68139981489797, 52.2879148344039], [0.680866563040551, 52.2881904522759], [0.681073248431626, 52.2884815422264], [0.682651072051122, 52.2884304175556], [0.683843825927739, 52.2888278355748], [0.685433423577203, 52.2900315263438], [0.686667439536654, 52.2920923357689], [0.687683975302866, 52.2926234359443], [0.69169346956164, 52.2934204215864], [0.695070796429561, 52.2934801610899], [0.695847069278408, 52.2926130527143], [0.696464567081267, 52.2925367203306], [0.695814761748039, 52.2933343074461], [0.702440661891332, 52.2922199640464], [0.707984105184397, 52.2912397559778], [0.708446787220403, 52.2862290253731], [0.710394576161816, 52.2865953664488], [0.712379907838182, 52.2840730845472], [0.717127153758865, 52.284803805228], [0.716641157606374, 52.2786575182747], [0.726563776404531, 52.2798226323757], [0.731751596610515, 52.2800210474034], [0.739355259544926, 52.2798277496504], [0.74598843674694, 52.2791898435722], [0.746847025466538, 52.2803884412151], [0.753927682058849, 52.2793286172772], [0.758579502971159, 52.2875574493233], [0.760157304234245, 52.2870134078503], [0.761152241457661, 52.2872131030091], [0.764008057098408, 52.288423279877], [0.766600048604701, 52.2901045631434], [0.774469390201636, 52.293363331253], [0.779534527155597, 52.2945211905055], [0.780895425360843, 52.2934414671079], [0.784815080130241, 52.2885214791149], [0.786727122776101, 52.2842190393671], [0.787014474727709, 52.2820691678815], [0.786382938192476, 52.2782206424401], [0.786303127240521, 52.2737465666485], [0.787297928473163, 52.2729434179159], [0.789649884882706, 52.2719930213205], [0.791787857161102, 52.2720953099142], [0.793067930215845, 52.2725210252463], [0.797067052699366, 52.2726817407897], [0.796668441556642, 52.2708448893163], [0.800830547872643, 52.2708954407321], [0.802947447486276, 52.2706411040701], [0.802486288121014, 52.2694658412909], [0.797742033860314, 52.2685945562356], [0.798631950031395, 52.2665265809808], [0.80160378054401, 52.2659093602267]]], [[[0.525929103084904, 52.3686916966303], [0.524664024991161, 52.3678168840581], [0.525661048416173, 52.3673189399336], [0.526120644801995, 52.3659782642651], [0.522639464688872, 52.3651830472492], [0.524391386334562, 52.3631133987265], [0.522736299199203, 52.3623970176657], [0.520846868873466, 52.3622583541527], [0.519281981641326, 52.3616038293015], [0.514491539325341, 52.3614378798362], [0.515170174694033, 52.3574972425555], [0.515080459640783, 52.3574088878144], [0.510415691524319, 52.3571919921039], [0.510248870617021, 52.3568124810147], [0.508640243103928, 52.3570642804771], [0.506129223791273, 52.3568648532759], [0.505046439978381, 52.3557412538331], [0.501761242840586, 52.3561867059363], [0.501684517800239, 52.3559195364104], [0.50030748160201, 52.3566833214771], [0.499699672102617, 52.3544229364508], [0.491001776701091, 52.3568879096075], [0.487060329340878, 52.3513255311641], [0.484925677902667, 52.3522247281845], [0.482617068749381, 52.3450425148755], [0.488232686418455, 52.3443524847962], [0.487640222879945, 52.3424028501823], [0.484578615732709, 52.3414258817692], [0.482250955427274, 52.3416250151699], [0.47906270393052, 52.3425812963469], [0.478060434808231, 52.3418028582344], [0.477655156847328, 52.3424048593599], [0.475689016648606, 52.3427949560119], [0.473716744738354, 52.3443640629684], [0.472302816720901, 52.344707482961], [0.469216202166409, 52.344912252463], [0.467852234118347, 52.3446493851081], [0.465795050810873, 52.3455169525638], [0.463754016213501, 52.3452241173217], [0.460065737242287, 52.3457271659514], [0.459147761518848, 52.3456689627646], [0.45826823283862, 52.3449004816158], [0.456836397165586, 52.3451352273814], [0.455183673715804, 52.3448269802046], [0.452460122564095, 52.3454644560064], [0.451172078618989, 52.3473696792531], [0.449412923219619, 52.3473423320025], [0.447963791574199, 52.3481429643806], [0.446319073278039, 52.3480071267473], [0.445705856021271, 52.3492158186346], [0.443803407037847, 52.3486661789605], [0.442570138660837, 52.3488134391469], [0.440854518328742, 52.3491128905414], [0.437300443926878, 52.3506007090531], [0.435444625028726, 52.352182964645], [0.432972390365282, 52.3522222140275], [0.431369639651024, 52.3527471260755], [0.429529475987442, 52.3528515050369], [0.42752166267697, 52.3537039162072], [0.425131231486134, 52.3521001607712], [0.422641727344674, 52.3523616842244], [0.420808083334265, 52.3520225116108], [0.420053117982932, 52.3521548445521], [0.419558385593383, 52.3525606135974], [0.419568080117723, 52.3536539210019], [0.420532187872544, 52.3558444684449], [0.418761172984987, 52.3567080577509], [0.419224796208912, 52.3579359056723], [0.415596863727032, 52.3597896404883], [0.409956640029228, 52.3601907761778], [0.407691561003436, 52.3615120476696], [0.40732801428618, 52.3630921965876], [0.400210124929239, 52.3728663494078], [0.389106361822597, 52.3873741251713], [0.384605883970026, 52.3922516292732], [0.382085581540506, 52.3962733452683], [0.374777423612123, 52.4097288643797], [0.417653692770375, 52.4281300070601], [0.425313414692045, 52.4303272432038], [0.432413865997829, 52.4311714948095], [0.436169172408157, 52.4299080798494], [0.438274504009006, 52.4282317073294], [0.438942946803678, 52.4281090542217], [0.440336301564218, 52.4194567770876], [0.443930854082615, 52.4025615389448], [0.448931662774473, 52.4001587331903], [0.452620737410651, 52.3991596249071], [0.45861323915325, 52.3986916248342], [0.462330012877778, 52.4006024218197], [0.466854085616654, 52.4024027653851], [0.468959667087356, 52.4038039038691], [0.474196413659354, 52.4047977130111], [0.478285083971062, 52.4040079759255], [0.478690000680949, 52.4027864050263], [0.483354661622194, 52.396181689599], [0.494661117852961, 52.3933537070547], [0.50213648505387, 52.3958655732515], [0.50965085764415, 52.4005513055468], [0.510496295976924, 52.4007878527437], [0.51132446411103, 52.4005876755473], [0.511471227465824, 52.4002370400006], [0.514580305930204, 52.399963751692], [0.520748268024195, 52.3915647181911], [0.519854784288656, 52.3800331720673], [0.520323144398774, 52.3753031027528], [0.522277258534038, 52.3705844770917], [0.525929103084904, 52.3686916966303]]], [[[0.714330464557464, 52.2587937659651], [0.713718619302641, 52.2577017563451], [0.713938209685304, 52.2562101534298], [0.714336612915384, 52.2558943295916], [0.717674953467627, 52.2558489648161], [0.717110517500418, 52.2549581604171], [0.717860135213139, 52.2544193678694], [0.717808210240531, 52.2524690256673], [0.717299305879404, 52.2520769887275], [0.715573984473064, 52.2517233452674], [0.714761561105395, 52.2519260792354], [0.712762178156367, 52.2514350373126], [0.711126857192824, 52.2504542484299], [0.708450600017049, 52.2496934231892], [0.707016784329762, 52.247571050563], [0.703662972419547, 52.2475263504657], [0.695652728151621, 52.2482759142117], [0.698876475018166, 52.2537695953268], [0.701829405328726, 52.2585213581227], [0.70466180564352, 52.2591417198535], [0.703932044345891, 52.2601277491671], [0.701231342982084, 52.2599774796718], [0.697234517819429, 52.2628965456934], [0.697566702552031, 52.2630595838912], [0.697201083785188, 52.2633206491575], [0.698197562588282, 52.2644534007143], [0.706556911979832, 52.2687484996069], [0.705741030680775, 52.2704409372374], [0.707430766971396, 52.2713464577302], [0.709015109105309, 52.2687471118453], [0.70856591486649, 52.2681827515373], [0.708686807408667, 52.2667284717573], [0.709464746651766, 52.2653751800267], [0.709341602813308, 52.2643168684316], [0.711918918264846, 52.2615912034327], [0.714249478438348, 52.2603244540666], [0.714330464557464, 52.2587937659651]]], [[[0.697249701255964, 52.2404445301511], [0.703840552191976, 52.2405943828411], [0.707446734342882, 52.2410098771649], [0.711662393653436, 52.2409635117787], [0.712717851727645, 52.238605658907], [0.712791698734057, 52.2360281483424], [0.711650259454001, 52.2351935223968], [0.711445878668921, 52.2341296331046], [0.708939164397363, 52.2345992833826], [0.707630537184623, 52.2339620555521], [0.704342189757688, 52.2345140537898], [0.700882192065292, 52.2334440685421], [0.700611551450925, 52.2308206664368], [0.690472520657875, 52.23040931986], [0.688489791869133, 52.2324492079749], [0.687456970056064, 52.2324934152752], [0.684606918208237, 52.2358685037771], [0.683037958099863, 52.2360094609788], [0.682853620488278, 52.2382240577824], [0.681141028649302, 52.241793486549], [0.68217854304187, 52.2425765155451], [0.688619390794196, 52.2395370485269], [0.688831419010492, 52.2397498717436], [0.689910429305894, 52.2395696675737], [0.690146870296007, 52.2402099585939], [0.692595733186392, 52.2400570304809], [0.697249701255964, 52.2404445301511]]], [[[0.703340695367773, 52.181076667203], [0.698145008443463, 52.181307846303], [0.694232001980498, 52.1800069364634], [0.695863824269002, 52.1776009330723], [0.695184876976622, 52.1769680622514], [0.695739896019445, 52.17560006646], [0.69315603043953, 52.1754433348543], [0.695019974630806, 52.1730804937231], [0.69649765385567, 52.1731843562902], [0.695520977896538, 52.1724152560342], [0.696186708294372, 52.172105059096], [0.696124228598607, 52.1710003909358], [0.697186629607394, 52.1706216904544], [0.697329014215173, 52.1701229690184], [0.694468008420268, 52.1690309486011], [0.6943981355839, 52.1687447609812], [0.695060956221273, 52.1689436760701], [0.695034025962454, 52.1682329657747], [0.694503565789361, 52.1672711522516], [0.693469822376419, 52.1666463778728], [0.692186064832631, 52.1671343018115], [0.690871752398863, 52.1663414055693], [0.692554526560735, 52.1658740540887], [0.692947223667493, 52.1654505347011], [0.692606722816147, 52.1644384318921], [0.693040564750088, 52.1624446832144], [0.691699971569074, 52.1575813323767], [0.688961316446209, 52.1578227430788], [0.687988582082422, 52.1586651267172], [0.687018100738122, 52.1586971406245], [0.686182223243948, 52.1593106380378], [0.685242965392375, 52.1588904253758], [0.684861657605757, 52.1578253809391], [0.68204382747357, 52.1559973945483], [0.68152995815619, 52.1560360551118], [0.677086795225395, 52.1574248048202], [0.674253897078467, 52.1567310128749], [0.674131524003369, 52.1573480155509], [0.676737923180601, 52.1575334179818], [0.676708008219447, 52.1580332475892], [0.675540272518002, 52.1592603327831], [0.673470237686698, 52.1592434532796], [0.66832018194623, 52.1580902066358], [0.666913851120013, 52.1581436892682], [0.664178256283924, 52.1576802999996], [0.664239523697845, 52.1563569574203], [0.663713102095421, 52.1563310865621], [0.663090461795837, 52.1586608218807], [0.663418470833305, 52.1607010764791], [0.661147523783768, 52.1605266755153], [0.65785435060717, 52.1612583115447], [0.656281678793542, 52.1610005609993], [0.653599967949358, 52.161518629017], [0.64990926503092, 52.1604109966227], [0.645374242363174, 52.1601772551926], [0.645382139442888, 52.1591276188743], [0.644615645029578, 52.1582841443361], [0.646375621215116, 52.1569451934385], [0.645610763162828, 52.1563768871691], [0.644689605978264, 52.156349891303], [0.644205065239968, 52.1557492200418], [0.641387250313516, 52.1562845244723], [0.640182372279874, 52.152924692477], [0.639709148174818, 52.1529820328925], [0.638878744525326, 52.1509547383653], [0.637540788959107, 52.1502327896152], [0.639128798614177, 52.1487818262808], [0.637931881044168, 52.1480693197032], [0.639586873239019, 52.1469127218737], [0.640261774897023, 52.1458184090736], [0.638491048626106, 52.1449435312154], [0.638606562977071, 52.1446225069665], [0.637784719239691, 52.1439736244273], [0.636791751273102, 52.1440138090631], [0.634614388739773, 52.1432810259668], [0.63406294810037, 52.1434714422046], [0.633373556298847, 52.1424903457036], [0.6337199261506, 52.1413756403306], [0.636307504995704, 52.140172108215], [0.638016674331542, 52.1378829985764], [0.63610855362177, 52.136136072992], [0.636892444020209, 52.1360699985357], [0.637945108124314, 52.1354097635765], [0.637207727063583, 52.1333930244894], [0.636330140138058, 52.1324387393029], [0.635211081578991, 52.1326408631739], [0.634345155046781, 52.1322303915388], [0.632838483987003, 52.1305688500138], [0.626916651404469, 52.1310004061713], [0.626894823946383, 52.1289910400544], [0.628754600176033, 52.128737329015], [0.629537516300426, 52.1278629223155], [0.633352456643501, 52.1277129535255], [0.630796856566227, 52.1273401851172], [0.63068133561184, 52.1254282043507], [0.628662984074795, 52.1246653230971], [0.627594249976698, 52.1250707761466], [0.625972647371434, 52.1267930550798], [0.623008524542602, 52.12730337296], [0.622810110705717, 52.1262287434071], [0.62202723411633, 52.1254916631395], [0.619646650808815, 52.1250195857068], [0.617810326108262, 52.1254197355699], [0.617718454474732, 52.1243003372679], [0.616665024725016, 52.1238255761677], [0.614736959132169, 52.1221120278061], [0.613624336078572, 52.1225962768528], [0.613544699378558, 52.1239073751557], [0.608601314533592, 52.1235932336297], [0.606675176409933, 52.1231331914882], [0.608483483119269, 52.1206246665768], [0.607053277989651, 52.1206005606521], [0.603921212296753, 52.121303764114], [0.604202558492431, 52.1217453529711], [0.602591933681724, 52.1220839763715], [0.602249305694211, 52.1217956719946], [0.600283039036065, 52.1227005843164], [0.591394187469509, 52.1233485272725], [0.588901142067231, 52.1248754273217], [0.586700716968847, 52.1247474974462], [0.586406324181165, 52.1262997335509], [0.584891471187891, 52.1264310270895], [0.584808180647654, 52.1272628285989], [0.581800943323372, 52.1259690156491], [0.580650519045675, 52.1257315839753], [0.579786982975044, 52.1259330628168], [0.581753943622476, 52.1283154152805], [0.584337127923732, 52.1275060880064], [0.584109884663705, 52.1271639553217], [0.585685635424605, 52.1284378548813], [0.586344547104788, 52.1285385722103], [0.586233353042494, 52.1288881221538], [0.588188825612717, 52.1292489751518], [0.588411328775366, 52.1290803802979], [0.589855188698185, 52.1308229874701], [0.589447209949291, 52.1309677881853], [0.589374961933507, 52.1319387869865], [0.586992757311053, 52.1307734352155], [0.586802827058939, 52.1309762842291], [0.586381067435431, 52.1308084280277], [0.586175472766218, 52.1303102042589], [0.585426260499786, 52.1304939393153], [0.584515967362837, 52.1286272048692], [0.581895218292936, 52.1290649837975], [0.579797789721723, 52.1289525533213], [0.579838922196017, 52.1294373063141], [0.57756716237385, 52.129696527167], [0.578457497077444, 52.131604215229], [0.578483620332292, 52.1326638607221], [0.579246736736293, 52.1324673746406], [0.579339754285036, 52.1326864997738], [0.579712176436039, 52.1343259022395], [0.579197235103781, 52.134822721332], [0.576064076658187, 52.1335054334885], [0.575828073765923, 52.1331383021932], [0.574220214454465, 52.1330798108518], [0.574149739400936, 52.1335544138795], [0.57279317823723, 52.1342818272881], [0.571209055773681, 52.132353261153], [0.572204164101436, 52.1312370972828], [0.571744016559159, 52.1309602510668], [0.571814468169009, 52.1303049457061], [0.569912475983948, 52.130009172359], [0.568691577322518, 52.1309098831293], [0.568328353647628, 52.1306650757551], [0.568989073791544, 52.1284348667061], [0.568106056554878, 52.1284271222613], [0.567693783392838, 52.1292859426384], [0.566816528687468, 52.1293787537926], [0.566705596391008, 52.12790542086], [0.561600873304732, 52.1283455125344], [0.561678550649204, 52.1322476492157], [0.560669016782602, 52.1329637909484], [0.556788413726742, 52.1338168011367], [0.555647173058807, 52.1335114989355], [0.555558216689592, 52.1339487308923], [0.555859400811736, 52.1342570440383], [0.558140236056372, 52.1346849875582], [0.559431457589802, 52.1355670599538], [0.560890350805295, 52.1357287807663], [0.561000250234425, 52.1388927450093], [0.560399373601526, 52.1404948043868], [0.562074363294617, 52.1427875328266], [0.563504414212209, 52.1463626088155], [0.561083265118761, 52.1476516973165], [0.558407295815427, 52.1481458671573], [0.558336737677527, 52.1500772272933], [0.560408701605583, 52.1525268807072], [0.557995761127812, 52.1529214837544], [0.554387540560306, 52.1557098855207], [0.551494581786213, 52.1556067511011], [0.550299597049532, 52.1562551554087], [0.549008220593219, 52.1559462862695], [0.547280164725527, 52.1562702213531], [0.544950381225002, 52.1558471537844], [0.540609105766755, 52.1558076846357], [0.537980302614145, 52.1545187205631], [0.538573754452722, 52.1535529875052], [0.537917486226956, 52.1526611003426], [0.537266609850651, 52.1528072117866], [0.536458337234112, 52.1514497082938], [0.533488709579116, 52.152251498282], [0.533272055751708, 52.1506702913964], [0.530629177576589, 52.1496679001914], [0.529828321284478, 52.1503424620941], [0.527477482678509, 52.1508634052286], [0.527639144883867, 52.151688973419], [0.523867901427521, 52.1549611794451], [0.523681124233713, 52.1554589160027], [0.524398354843314, 52.1563536217093], [0.527997631804927, 52.1584383162851], [0.528348688081604, 52.159523351798], [0.526358419569574, 52.1613007632056], [0.527627240073078, 52.1623526380959], [0.529061627238884, 52.161834512058], [0.530326806944161, 52.1623297686926], [0.529735721984292, 52.1630213902675], [0.529784960418506, 52.1639151173902], [0.530771186298227, 52.1651367347803], [0.531235069991095, 52.1670242219889], [0.532548199263073, 52.1681039639783], [0.532644255716072, 52.1702583593086], [0.533363217871868, 52.1709955683546], [0.534892190274366, 52.1717262436317], [0.535248644764922, 52.1751663801562], [0.536599496254552, 52.1760041704061], [0.536902374419886, 52.177162255805], [0.539336049656769, 52.1791080633423], [0.540774497274197, 52.1813243884695], [0.542937946895302, 52.1824990083751], [0.54559993522299, 52.1869974557968], [0.547333141577979, 52.1888305778925], [0.548137566515862, 52.1908221940332], [0.544035310252715, 52.1914467442793], [0.545879379473418, 52.1939384733552], [0.548269957794958, 52.1947484037447], [0.552276864404039, 52.1973074834541], [0.55590243754278, 52.1963251938317], [0.561128162396338, 52.1954573993271], [0.567762558689832, 52.1957538312476], [0.570901654114307, 52.1964166754962], [0.570808830926397, 52.198535565102], [0.571271458542689, 52.1995012094114], [0.57263060862475, 52.2004824631718], [0.573527924824216, 52.2017524759843], [0.575029492295957, 52.2015488150255], [0.578805314866297, 52.1996759393233], [0.580058765547551, 52.1960495285801], [0.582536875569028, 52.1955556098871], [0.583844554344599, 52.1940835887826], [0.585806316498466, 52.1934452822317], [0.586026671493829, 52.1840572209868], [0.58386032353424, 52.1794715815692], [0.581829662174369, 52.1779530526648], [0.583173495108878, 52.1753713695822], [0.583589415781518, 52.1752543793762], [0.582556791798021, 52.17267894912], [0.583281565863229, 52.1716325188564], [0.58323578235498, 52.1708924454594], [0.579566727860374, 52.1705977285359], [0.576689702632029, 52.170871957387], [0.576814888070525, 52.1676992306462], [0.579869566670709, 52.1649139117996], [0.584112052054019, 52.1646402691272], [0.587560125802858, 52.1637050458729], [0.589543650483735, 52.1630104485935], [0.590671074904143, 52.1607194198768], [0.592868804777734, 52.1608465340702], [0.596733969164729, 52.163090642911], [0.599354501963798, 52.165475436123], [0.603862213721577, 52.1667132722792], [0.609483650187913, 52.1664771511743], [0.610225082573991, 52.167183876961], [0.612293022974566, 52.1672697688957], [0.612136893980653, 52.1649170615866], [0.613538895827903, 52.164827918831], [0.614009310639538, 52.1640842081936], [0.61755484159565, 52.1644820522087], [0.618906862349693, 52.16206602278], [0.61997084918451, 52.1615291687741], [0.620332486109991, 52.1634206432051], [0.622308161564281, 52.163762819321], [0.6243178694719, 52.1637336030041], [0.627509541376128, 52.162272614399], [0.627771326567444, 52.1614528773376], [0.629524606264146, 52.1596197658025], [0.631291988126122, 52.1597116226333], [0.63265329468491, 52.1600580441505], [0.6335673557988, 52.1609783165366], [0.63637717498242, 52.1619591830018], [0.639948509234849, 52.1660079815991], [0.639874960155097, 52.1676183918323], [0.639041303103843, 52.1692824951885], [0.639728874787833, 52.1712590661447], [0.644553191006983, 52.1731451323728], [0.645557565257838, 52.1745099640566], [0.648911561583534, 52.1755938932988], [0.650289815144941, 52.1765151880392], [0.65195670574753, 52.176816568531], [0.655002836014096, 52.1783991315664], [0.655343457084055, 52.1790092774233], [0.655661390753916, 52.1811700063547], [0.653574689033295, 52.1816320073981], [0.651630078816033, 52.1812063604649], [0.651498951296812, 52.1822479640346], [0.6505880037074, 52.1831174004029], [0.651635756358159, 52.1836873905483], [0.65415458501189, 52.1839985264402], [0.654013825975474, 52.184363196522], [0.651254409119187, 52.1853182736544], [0.649524569396815, 52.1847680999666], [0.649394409849795, 52.1853339998928], [0.645720950386205, 52.1870144926454], [0.645284267470832, 52.1879146015638], [0.643399832539077, 52.1884819757663], [0.64319794045126, 52.1892473536248], [0.63837442231352, 52.1905649107663], [0.636000907285857, 52.1915271737789], [0.639066397134799, 52.1918228224837], [0.639628593542471, 52.1916312441987], [0.640890324484043, 52.1925005063224], [0.643177802503719, 52.1925086026549], [0.644555861059543, 52.1950164015476], [0.645883195582024, 52.1956583908177], [0.652159383586848, 52.1959725238523], [0.654241135432109, 52.1966981456992], [0.653273177223596, 52.1979897195531], [0.651642042415593, 52.1976064620038], [0.649756646710571, 52.2005499213833], [0.654427340299256, 52.2030385277107], [0.657670025318634, 52.2042532871137], [0.658993295323113, 52.2051763236912], [0.662703759083899, 52.2062261810165], [0.663109057463052, 52.205378833858], [0.663683014531682, 52.2053100444088], [0.663301557411093, 52.2041927973481], [0.665006999812237, 52.2031947377841], [0.66641331772267, 52.2040703517611], [0.667591102396462, 52.2043575748397], [0.667139569400897, 52.2049063979218], [0.66786773606151, 52.2054798776552], [0.670751384130631, 52.2053597802115], [0.672773358866685, 52.2046871738715], [0.673216928816321, 52.203932540107], [0.674048695024371, 52.2040377533423], [0.674838950089122, 52.2056915943147], [0.676577679565302, 52.2054753950344], [0.677697163793203, 52.2056415368415], [0.679396748178601, 52.2051829719271], [0.681438861115168, 52.20535725396], [0.682790341662747, 52.2077965285514], [0.683848693448423, 52.2077291074345], [0.681713660790304, 52.2054894982183], [0.686257713939984, 52.2050740475583], [0.687299125451646, 52.204867769429], [0.687426317745081, 52.2045258368634], [0.690361552414207, 52.2043896799999], [0.690329610927804, 52.2032797765084], [0.694834571808446, 52.1993553718387], [0.695444714095502, 52.1993288399259], [0.695222742052641, 52.1963167655131], [0.694469195732625, 52.1946738771645], [0.696544260074199, 52.194311698675], [0.697146488676537, 52.1926333250125], [0.696090365464654, 52.1920351569754], [0.698124561055663, 52.1912179382632], [0.696768858296341, 52.190625730122], [0.697495650269422, 52.1896279728442], [0.699362986996003, 52.1884982507682], [0.697420520853754, 52.1876865730321], [0.69880732534459, 52.1863301700091], [0.699957450118704, 52.1863326087355], [0.699559799418996, 52.1852994266366], [0.700118207533462, 52.1852191886763], [0.70050104892425, 52.1864181797478], [0.700801425782381, 52.1850740365053], [0.700358010038945, 52.1833341553839], [0.701458893290796, 52.1832061390918], [0.702104878044073, 52.1855739415399], [0.702918642938998, 52.1853957476412], [0.704448803494585, 52.1843804098134], [0.703286323949093, 52.1821480314552], [0.703340695367773, 52.181076667203]]], [[[0.535248644764922, 52.1751663801562], [0.534892190274366, 52.1717262436317], [0.533363217871868, 52.1709955683546], [0.532644255716072, 52.1702583593086], [0.532548199263073, 52.1681039639783], [0.531235069991095, 52.1670242219889], [0.530771186298227, 52.1651367347803], [0.529784960418506, 52.1639151173902], [0.529735721984292, 52.1630213902675], [0.530326806944161, 52.1623297686926], [0.529061627238884, 52.161834512058], [0.527627240073078, 52.1623526380959], [0.526358419569574, 52.1613007632056], [0.528348688081604, 52.159523351798], [0.527997631804927, 52.1584383162851], [0.524398354843314, 52.1563536217093], [0.523681124233713, 52.1554589160027], [0.523867901427521, 52.1549611794451], [0.522929245185236, 52.1541342320548], [0.519558634561585, 52.1477243953022], [0.517097377833745, 52.1452680391927], [0.517106293641032, 52.1420044424241], [0.515889469776127, 52.1400447872825], [0.514114620932344, 52.1393093436344], [0.509303191190253, 52.138836367726], [0.508714593751882, 52.1370485462819], [0.50852124785722, 52.1340509603763], [0.509603318380265, 52.1320332775836], [0.50168274556918, 52.1301190613627], [0.497134983618151, 52.1286732549588], [0.496014565974142, 52.1281816654253], [0.494179968301637, 52.1264921300797], [0.491414764190661, 52.1255100735265], [0.48877257710657, 52.1248959282327], [0.484125722633228, 52.1243833157912], [0.484275806171095, 52.1234044422526], [0.48009376758645, 52.1235770890144], [0.480343441644538, 52.1216788507727], [0.481267551593388, 52.1209587961722], [0.480922320935604, 52.1207655789393], [0.481621480416977, 52.1188092406481], [0.482527113148874, 52.1175977966653], [0.482522161110351, 52.1167741238981], [0.482073764360627, 52.1165380415777], [0.483199240260678, 52.1157616760463], [0.480994447803956, 52.1135428226171], [0.481414816212614, 52.113301037684], [0.480975512222239, 52.1128354180468], [0.481769687856964, 52.1113016860508], [0.48251706981738, 52.1114774416417], [0.482635979611472, 52.1112789494212], [0.481843454482723, 52.1096597700539], [0.484855548424159, 52.1057294214534], [0.48639955960789, 52.1063650201908], [0.488730961520629, 52.105536183592], [0.487455997741373, 52.1039866503277], [0.485414904883661, 52.104364233383], [0.482518889518572, 52.1028110569769], [0.482041347131915, 52.1030990030738], [0.480263143500472, 52.1021606273873], [0.479897907665988, 52.1014219401391], [0.481010440321309, 52.1012339172913], [0.482706604802326, 52.1001173036095], [0.480620485971334, 52.0971018342976], [0.478537471516218, 52.0965602069117], [0.480079368839142, 52.0947957979022], [0.473203185141873, 52.0935671041939], [0.46827680118635, 52.0935102529929], [0.466976368361847, 52.0926444755136], [0.467854582418239, 52.0914156452965], [0.466215868749355, 52.0902638623565], [0.46417541176494, 52.0895043374098], [0.464096084230622, 52.0898144505394], [0.46130989508825, 52.0909922975609], [0.460666509676127, 52.0906027869682], [0.460459879304519, 52.0930558568277], [0.458153035342129, 52.0929754180413], [0.455542450901816, 52.0934245817284], [0.453246802550293, 52.0949039759509], [0.449901392768172, 52.0940158134769], [0.4498808003588, 52.0931062524291], [0.450845991351869, 52.0925510937007], [0.449949987517577, 52.0919195459606], [0.449418592354631, 52.0922390408256], [0.446432005764274, 52.0911256879925], [0.445367044753723, 52.0911666659377], [0.448052789337595, 52.0925722686015], [0.448950192606635, 52.0934691022758], [0.447800246687175, 52.0946200191523], [0.441230220793647, 52.0961622774518], [0.439679730755633, 52.0961016332256], [0.43795336360148, 52.0966232700074], [0.438315038031717, 52.0969637990362], [0.437502636319321, 52.097300740545], [0.437826071266121, 52.0977148823509], [0.437285673538919, 52.0979102416468], [0.437022687563781, 52.097682971624], [0.434048015412184, 52.0986642980243], [0.433299125897216, 52.0980505367861], [0.432262114830746, 52.0989566430957], [0.430999788903918, 52.0981455525831], [0.429638751496584, 52.0963532224584], [0.424652561471859, 52.0970297456714], [0.420735390512247, 52.0937296399622], [0.420657771156083, 52.0930947648406], [0.418900203147468, 52.0925374783789], [0.41039377689291, 52.0924397527218], [0.405642317615608, 52.0900903769088], [0.403209228563438, 52.0892299505478], [0.401984175704762, 52.0892522312161], [0.403144106755922, 52.0856567086877], [0.402721124719761, 52.0844396176776], [0.400496082308303, 52.0846207169201], [0.399507894275503, 52.0841588822393], [0.397182526909403, 52.0830119618982], [0.395357820675064, 52.0840715189257], [0.394180399345528, 52.0843535560774], [0.393382068661379, 52.0865082580132], [0.393873882922702, 52.0881699827617], [0.39085001303949, 52.088483190029], [0.390833155115899, 52.0890141292933], [0.392477121054553, 52.0950193398184], [0.392721846278383, 52.0953093367972], [0.394666876491647, 52.0948795666412], [0.394996785207166, 52.0959681287178], [0.392371772059917, 52.0960780879393], [0.389192989698371, 52.09713805485], [0.386864308159335, 52.0973049029718], [0.386300675054192, 52.097685900864], [0.388212172373414, 52.0982631804925], [0.388687744065407, 52.0992121573607], [0.385920147369895, 52.0995550979023], [0.384004196672457, 52.1007269853245], [0.382586858676669, 52.101147707355], [0.381803808187178, 52.1027012934274], [0.383694787349013, 52.1054093570327], [0.385231101202958, 52.1066147716903], [0.385494316679366, 52.1103396168643], [0.388581603944096, 52.113532494671], [0.388169575973492, 52.1144031748006], [0.389322860109506, 52.1162206146529], [0.389589786598814, 52.1174705808696], [0.398340479646194, 52.1187919572557], [0.39522809751776, 52.1196736144444], [0.394880008565626, 52.1215465860933], [0.396362622756329, 52.1223590996879], [0.405795610105703, 52.1227649821995], [0.407340355965294, 52.1231012323179], [0.409010868237771, 52.1240356147358], [0.409441912329792, 52.1258514936489], [0.40777782573935, 52.1261940896815], [0.406955774110031, 52.1268132996218], [0.406538849868591, 52.1279177543416], [0.405559246119288, 52.1282441297138], [0.404674366793549, 52.1292553381455], [0.4068845591148, 52.1309322498586], [0.409929050078239, 52.1344157929595], [0.411888001536449, 52.1340032557204], [0.413677984570922, 52.1341691390549], [0.417486382150141, 52.1331624284228], [0.419362533367013, 52.1373243557818], [0.419129713011405, 52.1381222914529], [0.419668720528826, 52.1396113068983], [0.418583760243872, 52.1424456311201], [0.41845301033023, 52.1455363293258], [0.419689280174751, 52.1467708415092], [0.419457038685739, 52.1506317380895], [0.419788342651095, 52.1528326407728], [0.420886391436469, 52.1556392009221], [0.420477105634729, 52.1567455634217], [0.417276418385201, 52.1593066833021], [0.421838050228226, 52.1603794623003], [0.426163010319243, 52.1599200840927], [0.427119761526052, 52.1603859505206], [0.430640552148034, 52.1594969594792], [0.435915802809098, 52.1594950929118], [0.438186262513415, 52.1607206259891], [0.438279198907904, 52.1630369726215], [0.437074985544768, 52.1642021642248], [0.43870617882601, 52.1657115876634], [0.439665023682185, 52.1656773708887], [0.441095096990657, 52.1649805356217], [0.444360807336481, 52.1647464850642], [0.443553793120485, 52.1664583760995], [0.443303719309823, 52.1685938364847], [0.444521523510037, 52.1710861234965], [0.444820144384132, 52.1709566329317], [0.446589530955988, 52.1717703669843], [0.452244935675451, 52.1732020216015], [0.454718161659942, 52.1725106340225], [0.457028651274281, 52.1712107326227], [0.458012056206089, 52.1710726985078], [0.460930440721457, 52.1713786169181], [0.463623320964175, 52.1704660076678], [0.46828254913371, 52.1676531334614], [0.469455157652992, 52.1663012641169], [0.470731332783535, 52.1632590533639], [0.472456964247493, 52.1639924562396], [0.474455616146732, 52.1658578323473], [0.476908462960906, 52.1674819640564], [0.478615370122431, 52.1675474246728], [0.479263863386821, 52.1659653501457], [0.481715953789459, 52.1663013897212], [0.48243580297375, 52.1656756280923], [0.48593008867089, 52.1651648776303], [0.48745061066489, 52.1645033125542], [0.488332080175501, 52.1646825745861], [0.489730655664453, 52.1656628862021], [0.491332842084376, 52.1651020314098], [0.492667197592865, 52.1674173367457], [0.489789125590118, 52.1680456255126], [0.488762883097318, 52.1691544649699], [0.487464957425403, 52.1697969631089], [0.488304199362327, 52.1713813827965], [0.491256759846372, 52.1719874830428], [0.491084081128073, 52.17429149992], [0.493221549806036, 52.1755843788064], [0.493031693070297, 52.1761900065119], [0.494171385369377, 52.1781828954388], [0.493163758542861, 52.1810656466709], [0.493297370253275, 52.1813865508636], [0.493964683725541, 52.1814956854858], [0.497275199740972, 52.1815235831836], [0.499949658808737, 52.1811890081998], [0.501454553686484, 52.1802965541282], [0.503916261428206, 52.1795364998697], [0.506858757864943, 52.1792635867681], [0.511936161822677, 52.1776276273592], [0.512698728957699, 52.176987283405], [0.513577257391878, 52.1769775408128], [0.514848260692999, 52.1762219633987], [0.517356689675993, 52.1805469519085], [0.517241454885506, 52.1820565993299], [0.520649318846113, 52.182172682401], [0.523865311601458, 52.1798557230965], [0.526426019088455, 52.1769268048513], [0.527649690714162, 52.1765272982857], [0.529085685167828, 52.1764695268361], [0.530553452010195, 52.175681767255], [0.533588920034626, 52.1756111884411], [0.535248644764922, 52.1751663801562]]], [[[0.540215898450634, 52.2866803533748], [0.540561072488937, 52.2835120345402], [0.524502249990174, 52.2810040709917], [0.523738954182683, 52.2824591505173], [0.518075643278375, 52.2831169567817], [0.517492441371462, 52.2808983472709], [0.504568517787182, 52.2864726008444], [0.501282260526472, 52.2893174564211], [0.496251721120678, 52.2911894200628], [0.488561656918448, 52.2961160692628], [0.486004789306867, 52.295211778063], [0.485450760790543, 52.2952679541041], [0.485311045194641, 52.2963116863144], [0.485808496396986, 52.2967771877843], [0.485229314713567, 52.2970894398664], [0.485476365206828, 52.2974673004006], [0.483965172896491, 52.298244633734], [0.482501245688753, 52.2997123666749], [0.48153293264862, 52.2997345181801], [0.480898465411995, 52.3000347170778], [0.48096578144645, 52.3004515133862], [0.480006886871351, 52.3005624537884], [0.480101683565521, 52.3010253309237], [0.479372971962713, 52.3010829762421], [0.479659734700218, 52.3013061975198], [0.479144234464473, 52.3018467058667], [0.477327246724829, 52.3019603527771], [0.476968993686393, 52.3021721038783], [0.477312934371901, 52.3024526480973], [0.476678194189591, 52.3023687139532], [0.476199606592667, 52.3027825758344], [0.476508274824252, 52.3031600615738], [0.474110294652236, 52.3039827360399], [0.473929762734114, 52.3036124490569], [0.473542018899408, 52.3038687818976], [0.473843053867838, 52.3042419388554], [0.47294076501781, 52.3039121030175], [0.483020094681053, 52.3133869928285], [0.488648098390077, 52.3093537353179], [0.49407389235545, 52.3111959234663], [0.497430917705234, 52.3126931440744], [0.502382443135857, 52.3164999059914], [0.503696855899095, 52.3104960035158], [0.508183199881699, 52.3109004282631], [0.51351583503934, 52.3122361033663], [0.51372245066167, 52.3115322671017], [0.521398201228803, 52.3124241699871], [0.523296044746483, 52.3153887565064], [0.532068562771995, 52.3186297444651], [0.533647822319609, 52.318237246791], [0.535029059692431, 52.3158269872679], [0.534277406155714, 52.3128405624993], [0.534400814751554, 52.3116886360856], [0.537749908455148, 52.3032131391129], [0.538862913150547, 52.3032584341447], [0.539534008997871, 52.3012198155324], [0.537792170431916, 52.3011556817952], [0.537743807790783, 52.3008491739207], [0.540215898450634, 52.2866803533748]]], [[[0.478060434808231, 52.3418028582344], [0.478186889271543, 52.341148268972], [0.480562970278437, 52.34131696011], [0.48133618161162, 52.340364623715], [0.482922040074225, 52.3403951412025], [0.485181532438945, 52.3391929994456], [0.487422140193899, 52.3394596907326], [0.489564185347179, 52.3377878799441], [0.49065722827471, 52.3382217076055], [0.491860296775756, 52.3381297305005], [0.492591940549831, 52.3390522055526], [0.494011917788155, 52.3392416861295], [0.494773570991003, 52.340644560863], [0.497309464350079, 52.3405487453773], [0.49856476884216, 52.3413567343619], [0.502666652970293, 52.3401062743267], [0.50778630847573, 52.3394744784096], [0.509403411945097, 52.3391397241091], [0.509735883823811, 52.3382432920013], [0.512524578084803, 52.3389842967451], [0.513180124804549, 52.3405251574835], [0.51562226691918, 52.3389849901941], [0.520990649698, 52.3379452057096], [0.527105780196215, 52.3405580928288], [0.535212503796189, 52.34049955208], [0.541741305327626, 52.3398070902021], [0.542888952352609, 52.3373957191201], [0.54352205622915, 52.3348425837963], [0.5444852933756, 52.3351554585305], [0.545735670082252, 52.3350979510412], [0.548536209612016, 52.3342228816607], [0.558868286497933, 52.332709073547], [0.561276258003284, 52.3319589821214], [0.562968779070403, 52.3320859786753], [0.566694447066573, 52.3317092139805], [0.5715089958741, 52.3303428226124], [0.572758340845509, 52.3294612835399], [0.574789548462879, 52.3292821708846], [0.576124155607672, 52.3283034414485], [0.577581316105531, 52.327818367635], [0.578995526731691, 52.3257884487212], [0.580671797937346, 52.3251861743101], [0.582360829583788, 52.3248785637992], [0.58410044740158, 52.3249368003898], [0.585906735126801, 52.3260383885318], [0.587589875121088, 52.3255303517686], [0.592783590848364, 52.3256250251435], [0.593215635125048, 52.3247567987265], [0.593938200869763, 52.3244387720557], [0.595133147505178, 52.3248935866632], [0.597311303472716, 52.3238960748859], [0.597664225644594, 52.3235564861017], [0.597389707658318, 52.3227289537832], [0.598471089443364, 52.3221484950154], [0.600144705915037, 52.3220090840777], [0.599368775310718, 52.3206889640269], [0.59970109693803, 52.3199739417283], [0.600618136615484, 52.3190706459072], [0.601727215533066, 52.3190902699382], [0.602562549341636, 52.3185728205106], [0.601721294657435, 52.3177891605547], [0.601551158022964, 52.3161904059444], [0.600796126490546, 52.3153266264013], [0.600759517996497, 52.3151025872456], [0.60220894288744, 52.3146974760176], [0.601447141352869, 52.3131405248496], [0.600172638804324, 52.3118484720527], [0.596540309829359, 52.3098024863768], [0.591568103829306, 52.3063353651663], [0.590975621750483, 52.3050066875047], [0.589967106560548, 52.304366066077], [0.588670153880731, 52.3022758176494], [0.588006270376674, 52.2998443510951], [0.588553697944543, 52.2983665181298], [0.589855162836403, 52.2970412452], [0.589549060041737, 52.2960434981108], [0.594427222638435, 52.2980514880039], [0.59639312892387, 52.2940460628933], [0.598346370612937, 52.2914356929374], [0.600334007080929, 52.286083538528], [0.600949448936596, 52.283146484872], [0.596413140634917, 52.2825983356945], [0.596626660756181, 52.2834377690897], [0.595271959914208, 52.2846570242338], [0.593173682781967, 52.2877140870663], [0.593867925720043, 52.2878507663755], [0.593128107406422, 52.2890684573981], [0.590550092467631, 52.2913300608685], [0.586136607979832, 52.2901597731852], [0.583010876489279, 52.2886104480526], [0.583220769326142, 52.2881094230569], [0.579875651908503, 52.2868418017341], [0.576234785845814, 52.2840382955892], [0.570827862604792, 52.2781473146633], [0.568854933954147, 52.2786605402068], [0.56520294487887, 52.2807193057268], [0.564708005186674, 52.2827875232693], [0.563313012420357, 52.2853681207634], [0.557194879311375, 52.282427121556], [0.545945761806499, 52.2786875034145], [0.544805088815081, 52.2852892967654], [0.540215898450634, 52.2866803533748], [0.537743807790783, 52.3008491739207], [0.537792170431916, 52.3011556817952], [0.539534008997871, 52.3012198155324], [0.538862913150547, 52.3032584341447], [0.537749908455148, 52.3032131391129], [0.534400814751554, 52.3116886360856], [0.534277406155714, 52.3128405624993], [0.535029059692431, 52.3158269872679], [0.533647822319609, 52.318237246791], [0.532068562771995, 52.3186297444651], [0.523296044746483, 52.3153887565064], [0.521398201228803, 52.3124241699871], [0.51372245066167, 52.3115322671017], [0.51351583503934, 52.3122361033663], [0.508183199881699, 52.3109004282631], [0.503696855899095, 52.3104960035158], [0.502382443135857, 52.3164999059914], [0.497430917705234, 52.3126931440744], [0.49407389235545, 52.3111959234663], [0.488648098390077, 52.3093537353179], [0.483020094681053, 52.3133869928285], [0.47294076501781, 52.3039121030175], [0.472354301609061, 52.3041400663162], [0.472605002785482, 52.3044261791929], [0.471468700983169, 52.3044373791723], [0.471305456124264, 52.304218655928], [0.470355514987548, 52.30483563823], [0.471120147891608, 52.3048562285405], [0.471046678390054, 52.3055522522889], [0.469356507610683, 52.3070776571451], [0.468317477575881, 52.3073862433018], [0.467907910952465, 52.3071969357688], [0.467276261610714, 52.3077101492451], [0.466290533152141, 52.3079249185804], [0.464553868354813, 52.3078236248804], [0.46209292186592, 52.308814646693], [0.461419727551149, 52.3109281048476], [0.460422818322812, 52.3116547823245], [0.460353156948509, 52.3125257927586], [0.459663259971745, 52.3129144190944], [0.459002319014842, 52.3142174990548], [0.458992784682233, 52.3154822891099], [0.45750008160979, 52.3162957257737], [0.454083088725202, 52.3164881105856], [0.453616286235326, 52.3168305161658], [0.452964549741002, 52.3165871696443], [0.452475245431752, 52.31721029063], [0.450982895048125, 52.3166252805546], [0.449494534459188, 52.3166705305878], [0.447989232372403, 52.3169130776417], [0.446622831657797, 52.3176256823304], [0.44565368966003, 52.3176664261396], [0.442805358123491, 52.317157025675], [0.441625965404738, 52.3172155676196], [0.441950816082535, 52.3168266996991], [0.441134567028961, 52.3164731008755], [0.438830671615468, 52.316815638787], [0.431376631558306, 52.315825429636], [0.429880870657007, 52.3189548110888], [0.428961538824835, 52.3239880175163], [0.424188661743469, 52.3292291294186], [0.429935158661788, 52.3312747852801], [0.431758975811713, 52.3325818736526], [0.435010575827818, 52.334035762532], [0.436276280019055, 52.333526778896], [0.436050822198469, 52.3346250731399], [0.43660060686524, 52.3349063441422], [0.435777156657381, 52.3357812822471], [0.436164171894669, 52.3359159196524], [0.437293876459326, 52.3351699948108], [0.437604103389423, 52.3353017156318], [0.436858585704843, 52.3371375898266], [0.437711683499627, 52.3377282284768], [0.437365164774046, 52.3386162649349], [0.437977938380691, 52.3390434340113], [0.438212190461171, 52.3404731418708], [0.440306562281809, 52.3420241423128], [0.440974317263203, 52.3435629590794], [0.440761794977805, 52.3443189274372], [0.441455236162696, 52.344683804268], [0.441459310938016, 52.3458852725124], [0.442461280980846, 52.3469163019762], [0.442570138660837, 52.3488134391469], [0.443803407037847, 52.3486661789605], [0.445705856021271, 52.3492158186346], [0.446319073278039, 52.3480071267473], [0.447963791574199, 52.3481429643806], [0.449412923219619, 52.3473423320025], [0.451172078618989, 52.3473696792531], [0.452460122564095, 52.3454644560064], [0.455183673715804, 52.3448269802046], [0.456836397165586, 52.3451352273814], [0.45826823283862, 52.3449004816158], [0.459147761518848, 52.3456689627646], [0.460065737242287, 52.3457271659514], [0.463754016213501, 52.3452241173217], [0.465795050810873, 52.3455169525638], [0.467852234118347, 52.3446493851081], [0.469216202166409, 52.344912252463], [0.472302816720901, 52.344707482961], [0.473716744738354, 52.3443640629684], [0.475689016648606, 52.3427949560119], [0.477655156847328, 52.3424048593599], [0.478060434808231, 52.3418028582344]]], [[[0.763851018292329, 52.2515866581568], [0.76300110092225, 52.2429875160654], [0.762241108063404, 52.242694376964], [0.757631715032369, 52.2430888013967], [0.75606863884158, 52.2399237025588], [0.756084960083464, 52.2390762393103], [0.755035742110513, 52.23767440474], [0.75497859159349, 52.2364072056645], [0.74499798357592, 52.2374228487057], [0.735838195472517, 52.2385809450883], [0.732984278437334, 52.2392172296618], [0.72946825048688, 52.2408086295902], [0.729975252478706, 52.2410972661736], [0.727982029768146, 52.2440651591363], [0.727180297932247, 52.2461862448802], [0.727294500662252, 52.24871867024], [0.728229559787128, 52.2495819623389], [0.732036559914418, 52.2512834946304], [0.737900000610252, 52.2518696936453], [0.74026375664903, 52.2524716444516], [0.740608310933017, 52.2526620817232], [0.740788132254899, 52.2524159709655], [0.763851018292329, 52.2515866581568]]], [[[0.806280890621681, 52.2498920179273], [0.807770382405417, 52.2493951820784], [0.806681105310407, 52.2464389512339], [0.813426337219317, 52.2459950343897], [0.813589392803627, 52.2438039651963], [0.81692258633514, 52.2414248936538], [0.821397743108582, 52.2415346587984], [0.824973736207359, 52.2403358007205], [0.827129607743654, 52.2389675854587], [0.824162668501121, 52.2388677176172], [0.819951684914359, 52.2333791433219], [0.82185568735759, 52.2299828516718], [0.820914680954213, 52.2293704394782], [0.822774582033614, 52.2279148945409], [0.821719168478268, 52.2248952323155], [0.820832328207264, 52.2235214523181], [0.821974369051666, 52.2232638956618], [0.820635277871502, 52.2227689791799], [0.819805862939592, 52.2213273904169], [0.817125337685198, 52.213285903344], [0.814208079116961, 52.2070432591719], [0.815154767126503, 52.2039099392022], [0.818809222521945, 52.2020294173549], [0.819919372956833, 52.2001674601524], [0.819415761704844, 52.1989869885501], [0.821355168136672, 52.1989900679755], [0.824500932824581, 52.199666581942], [0.825352544539667, 52.1994555873901], [0.826416576953464, 52.2002169547679], [0.827593978332069, 52.1986140369952], [0.829283565823024, 52.1976328393208], [0.830257027064517, 52.1990403410239], [0.831914904096336, 52.1989654892245], [0.832106099287737, 52.1976928652243], [0.829776144736463, 52.197323345614], [0.830083394197844, 52.1968375847634], [0.831907309910772, 52.1971436366468], [0.832037765316146, 52.1976296830223], [0.832638384975545, 52.1976152616779], [0.832556407977277, 52.1986506097915], [0.83634634814413, 52.1982960285777], [0.83596275669389, 52.1972350995133], [0.836692984505743, 52.1967983987176], [0.835359192711198, 52.1958250463386], [0.837226362310402, 52.1956830520918], [0.837230232438154, 52.1952152674081], [0.838129471220416, 52.1953411706425], [0.838054861070403, 52.1945829891133], [0.836041548334008, 52.1926808089522], [0.836042460025505, 52.1901213386191], [0.83467944199108, 52.1879930276136], [0.833345256381796, 52.1868244780202], [0.832728875852717, 52.1868410806187], [0.833349801094063, 52.1846875684155], [0.836273784434032, 52.1821694135795], [0.830123326215138, 52.1802828496516], [0.829861705615858, 52.1792495423344], [0.826997190873296, 52.17931733948], [0.82457202653242, 52.1797153782249], [0.822494316232032, 52.174558929781], [0.817242119241512, 52.1723697003998], [0.814169470353268, 52.1707325998636], [0.809606383188856, 52.172084164967], [0.807684234298738, 52.172150709671], [0.804731717533124, 52.173649924006], [0.800067316650645, 52.1744460178868], [0.79840103634113, 52.1743731834384], [0.79662377928339, 52.1752111843092], [0.795467033871664, 52.1751478034075], [0.793078522206743, 52.1756406143899], [0.792185757831363, 52.1762642099928], [0.789401547534002, 52.1767474325755], [0.786919173100123, 52.1778942410312], [0.782234351862454, 52.1776253572711], [0.779667638309977, 52.1767910512582], [0.777133497196149, 52.1765476784712], [0.777332413092046, 52.1757022017329], [0.776494894540199, 52.1745150341712], [0.768688900604055, 52.1749998135502], [0.768515113000794, 52.1742735951311], [0.76505033772657, 52.1739034627749], [0.762902384755386, 52.16355601729], [0.761600385552811, 52.1617647692627], [0.762051448059478, 52.160455514377], [0.761542544383184, 52.157938412356], [0.759086646932209, 52.1575219200835], [0.75689887397459, 52.1595273528559], [0.755363809884311, 52.1595091970319], [0.753006953740487, 52.160012147939], [0.749869520835759, 52.1591446761064], [0.747605673097897, 52.1595904179519], [0.743119822428121, 52.1596921510171], [0.741992150973894, 52.1593307967292], [0.740907513957925, 52.1606680792622], [0.742263082286387, 52.1618353550087], [0.741808498413585, 52.1650492265162], [0.739497900625326, 52.1653583410334], [0.738101817992561, 52.166129957548], [0.738715577047589, 52.1684800159248], [0.738336234404334, 52.1699708103722], [0.734417090703016, 52.1686471839059], [0.73286926756552, 52.1676839517839], [0.733003671845801, 52.1670378399321], [0.732054830263175, 52.1664932468665], [0.732922650054468, 52.1652141177728], [0.732775944536443, 52.164754330061], [0.731205560145236, 52.1661190479467], [0.729829455139779, 52.1657146984347], [0.72902645319035, 52.1676721658299], [0.728161963580242, 52.1680996178151], [0.726427680190445, 52.1666459684609], [0.726843789717376, 52.1659870563653], [0.723494205912905, 52.1649726709432], [0.722798767349338, 52.1651038991307], [0.722301550091993, 52.1662304656197], [0.721256038921884, 52.1674542852851], [0.720629001485253, 52.1676756250365], [0.720099737682955, 52.168902806205], [0.720285788870567, 52.1700567535578], [0.71967889812699, 52.1702749265195], [0.720377589927297, 52.1712983743051], [0.719603007366644, 52.1715473875744], [0.720038805448513, 52.1722900150366], [0.719890339908574, 52.17390866371], [0.719708113133875, 52.1741340315477], [0.716635973257472, 52.1743667723254], [0.715699902133849, 52.1751850689157], [0.715966559090524, 52.1776888783534], [0.717480890804871, 52.1783000751498], [0.727338849211723, 52.1782010615038], [0.730437294314344, 52.1786329583111], [0.729221279217796, 52.1806026113538], [0.730905230601027, 52.1810725343055], [0.732149665119116, 52.182161539205], [0.732622184812902, 52.183692892749], [0.734202025034701, 52.1847570275242], [0.734899860793793, 52.1865779410894], [0.735689040620989, 52.1863240011779], [0.736639101263686, 52.185116752606], [0.737647629815237, 52.185099643022], [0.737934067753607, 52.185524626279], [0.737528829135429, 52.1870970200332], [0.73852310823896, 52.1873949894186], [0.738092645352172, 52.1886765903842], [0.740154558499135, 52.1889650421911], [0.744289535371202, 52.1874201025065], [0.746847322574209, 52.187421791988], [0.747637101874752, 52.1864447457021], [0.748758084766937, 52.1828896944852], [0.749371281975186, 52.1824896224236], [0.750271023200165, 52.1827024888928], [0.753594672776475, 52.1820349893641], [0.754275087188748, 52.1826980631771], [0.758449027115053, 52.183218349537], [0.762542815583619, 52.1866199247295], [0.758025598586392, 52.1875566227338], [0.757747994645516, 52.1889345185414], [0.761148840412994, 52.1901922031268], [0.762574095965901, 52.1912533316011], [0.764115092184392, 52.1913260169109], [0.766401889229706, 52.1907544670208], [0.764815405734517, 52.1877322033585], [0.768341891605218, 52.1882529322839], [0.771100356355394, 52.1882582862312], [0.77137142282916, 52.1912061026631], [0.773951938698505, 52.1919449700473], [0.774772533746136, 52.1925983385945], [0.772903749050308, 52.1937250977825], [0.772010245047652, 52.1954754183521], [0.773105732566636, 52.1957931971682], [0.775425304622752, 52.1949014501199], [0.775165397753899, 52.1954030307162], [0.776005636668832, 52.1969336712688], [0.775802778580574, 52.1977640414497], [0.775130137389728, 52.1979150932155], [0.773385275659817, 52.1992259477606], [0.773597672038137, 52.1999808674756], [0.771728663451022, 52.2000985386826], [0.772976981622039, 52.2029406840702], [0.772913377164235, 52.2045519351232], [0.773481005247628, 52.2063800987059], [0.775904292659728, 52.2108052415615], [0.77450734727128, 52.2114576176643], [0.774204143292767, 52.21093862568], [0.767377459518666, 52.2123480835652], [0.761737279822925, 52.2123328019261], [0.758773805941089, 52.2126584524237], [0.755463832400618, 52.2122114821362], [0.749983832981825, 52.212373505265], [0.748092399093447, 52.2142710444428], [0.748197096316658, 52.2152317488114], [0.747706140869646, 52.2151532845549], [0.746776307376543, 52.2170257149559], [0.74565130625064, 52.2179665107955], [0.743583185444425, 52.2186666333861], [0.742443548554455, 52.2181589316238], [0.740087209797286, 52.2198630056564], [0.736475347176286, 52.2235360473382], [0.740009836002119, 52.2266195043866], [0.74133354952797, 52.2265941292519], [0.741377941869005, 52.2270049505656], [0.740344939842179, 52.2276629719233], [0.74529314469246, 52.2287025957264], [0.745579305026831, 52.2290682265012], [0.74323839080798, 52.2313385949108], [0.747357426014829, 52.2321060336919], [0.746668644029243, 52.2329062287645], [0.74617227918354, 52.2327901278075], [0.745472438330893, 52.2345267526418], [0.746307438271307, 52.2346701226942], [0.74499798357592, 52.2374228487057], [0.75497859159349, 52.2364072056645], [0.755035742110513, 52.23767440474], [0.756084960083464, 52.2390762393103], [0.75606863884158, 52.2399237025588], [0.757631715032369, 52.2430888013967], [0.762241108063404, 52.242694376964], [0.76300110092225, 52.2429875160654], [0.763851018292329, 52.2515866581568], [0.806280890621681, 52.2498920179273]]]]}}]}